,actual_label,predicted_label,prob_class_A,prob_class_B,prob_class_C
0,C,C,0.10672138,0.15187538,0.7414033
1,B,B,0.2959405,0.62116355,0.08289598
2,B,B,0.14694498,0.6954276,0.1576275
3,B,B,0.09530279,0.8531806,0.051516663
4,B,B,0.048016936,0.9306169,0.021366153
5,A,A,0.9711818,0.006792655,0.02202548
6,C,C,0.3442075,0.06548685,0.5903056
7,A,A,0.8610433,0.014274351,0.1246824
8,B,B,0.06746013,0.7635015,0.16903839
9,B,B,0.017890465,0.974957,0.0071525006
10,B,B,0.043894026,0.69957507,0.25653088
11,A,A,0.9731203,0.00400238,0.022877384
12,B,B,0.10643931,0.7029684,0.19059232
13,B,B,0.02556439,0.9582401,0.016195605
14,C,C,0.35587102,0.05431088,0.5898181
15,C,C,0.08718631,0.0774739,0.83533984
16,B,B,0.02881745,0.89499056,0.07619194
17,A,A,0.97691965,0.0036107854,0.01946957
18,B,A,0.8107685,0.04575825,0.14347331
19,C,C,0.17935136,0.25505066,0.565598
20,B,B,0.015585169,0.97411454,0.010300313
21,B,B,0.02025732,0.95918596,0.020556714
22,A,A,0.95027244,0.018053941,0.031673554
23,B,B,0.13218191,0.80011916,0.06769895
24,B,B,0.040215496,0.9248307,0.034953788
25,A,A,0.97373533,0.0050129094,0.02125177
26,B,B,0.031805992,0.8848633,0.08333059
27,A,A,0.9329322,0.01985724,0.047210507
28,B,B,0.06534036,0.89754564,0.037113976
29,B,B,0.05051923,0.74782825,0.20165245
30,B,B,0.057297383,0.5481205,0.3945821
31,C,A,0.9480562,0.0067031733,0.045240596
32,B,B,0.02724422,0.7939443,0.17881152
33,A,A,0.6837473,0.16077527,0.15547752
34,A,A,0.943967,0.009974386,0.04605857
35,B,B,0.11467688,0.83845246,0.04687067
36,B,B,0.019455073,0.932089,0.048455898
37,A,A,0.9514717,0.009136523,0.039391827
38,B,B,0.07835021,0.86491907,0.056730688
39,A,A,0.9678983,0.0042289263,0.027872805
40,C,C,0.041291047,0.21355103,0.74515796
41,C,C,0.35516536,0.041709807,0.6031248
42,A,A,0.9627665,0.003821299,0.033412214
43,A,A,0.91102797,0.021804875,0.067167155
44,C,C,0.13694099,0.20811689,0.6549421
45,C,B,0.041165207,0.5439487,0.41488606
46,B,B,0.10534971,0.4532043,0.44144595
47,A,A,0.90746117,0.033040594,0.05949827
48,B,B,0.049964257,0.9261067,0.023929028
49,A,A,0.96852195,0.0050669466,0.026411116
50,C,C,0.123177595,0.12713735,0.7496851
51,C,C,0.053006515,0.44784257,0.49915093
52,B,B,0.026419453,0.9555598,0.01802084
53,A,A,0.96209985,0.014323977,0.023576202
54,A,A,0.98577917,0.0028375238,0.011383408
55,B,B,0.09657927,0.832799,0.0706218
56,C,C,0.28666848,0.30304444,0.41028708
57,B,B,0.170085,0.71711326,0.11280174
58,C,A,0.44765568,0.4169971,0.13534722
59,C,C,0.11629619,0.15946119,0.7242426
60,B,B,0.010116549,0.95877254,0.031110821
61,C,B,0.035952516,0.8718319,0.09221551
62,C,C,0.036522426,0.33664975,0.6268278
63,B,B,0.09956288,0.85334647,0.04709064
64,A,A,0.7592817,0.07586769,0.16485053
65,B,B,0.019850094,0.96695197,0.013197924
66,B,B,0.010831874,0.97469306,0.014474985
67,C,A,0.52431476,0.10506253,0.37062266
68,C,C,0.20283484,0.08999407,0.70717114
69,C,C,0.40171158,0.0733598,0.5249286
70,A,C,0.26126638,0.34894267,0.389791
71,B,B,0.08715609,0.86679524,0.04604858
72,A,A,0.9468346,0.014791822,0.038373545
73,A,A,0.6197992,0.15437587,0.22582492
74,A,B,0.3732688,0.4812538,0.14547741
75,C,C,0.4597013,0.06230744,0.47799125
76,B,B,0.20511526,0.7141375,0.08074727
77,C,C,0.07070776,0.050643917,0.8786484
78,A,A,0.9819933,0.0015911189,0.016415639
79,C,C,0.13813809,0.10073547,0.7611265
80,B,B,0.15083411,0.7904274,0.058738522
81,C,C,0.19248222,0.16053806,0.6469797
82,C,B,0.3120281,0.57609135,0.11188062
83,C,C,0.078968406,0.045011286,0.8760204
84,C,C,0.23453535,0.0441745,0.72129023
85,C,C,0.04655155,0.043883592,0.9095648
86,B,B,0.050318345,0.9296661,0.020015541
87,B,B,0.0800852,0.89021546,0.0296993
88,A,A,0.90205127,0.022144582,0.07580413
89,A,A,0.8056923,0.048565675,0.14574206
90,C,C,0.08814295,0.201558,0.7102991
91,C,A,0.75252855,0.036629625,0.21084183
92,C,C,0.18776198,0.04515052,0.7670875
93,C,C,0.0399385,0.06423706,0.8958245
94,A,A,0.8976106,0.025166214,0.07722319
95,A,A,0.9341261,0.0076306574,0.05824321
96,B,B,0.005657281,0.98713106,0.007211674
97,A,C,0.48143363,0.036988445,0.48157793
98,A,A,0.9618744,0.008615804,0.029509831
99,B,B,0.055097766,0.90419036,0.04071195
100,C,B,0.14886664,0.49491748,0.3562158
101,C,C,0.081447355,0.20198059,0.71657205
102,B,B,0.053503,0.9242235,0.022273557
103,C,C,0.15188581,0.049004827,0.79910934
104,C,C,0.032109782,0.036616985,0.9312733
105,C,C,0.07166645,0.19856168,0.72977185
106,A,A,0.9596104,0.0068832063,0.033506352
107,C,B,0.17898083,0.45794195,0.36307722
108,C,B,0.042694915,0.5348347,0.42247042
109,A,A,0.9406883,0.014851769,0.04445984
110,B,B,0.019113401,0.96733,0.01355663
111,B,B,0.019081624,0.9612845,0.019633813
112,B,B,0.08119297,0.72569656,0.19311053
113,C,A,0.49526837,0.053794876,0.4509367
114,C,C,0.18951991,0.0334508,0.77702934
115,B,B,0.08921745,0.87481296,0.035969567
116,A,A,0.8970872,0.018077368,0.084835425
117,B,B,0.042747602,0.8298176,0.12743469
118,B,B,0.020928038,0.95369256,0.025379496
119,B,B,0.06856195,0.85671633,0.07472174
120,A,A,0.97812927,0.005412799,0.016457872
121,B,B,0.031200448,0.94295543,0.025844106
122,C,C,0.10908361,0.0892534,0.801663
123,B,B,0.008773155,0.96821827,0.023008633
124,C,C,0.15074089,0.08583114,0.76342803
125,B,B,0.17183955,0.72592044,0.102240056
126,B,B,0.031420566,0.92169774,0.04688165
127,A,C,0.3111485,0.33813325,0.35071817
128,B,B,0.3328681,0.5636467,0.103485234
129,B,B,0.06211252,0.8907524,0.04713509
130,A,A,0.92766976,0.01834931,0.053980853
131,A,A,0.9614845,0.00825165,0.03026386
132,C,B,0.033075638,0.8338976,0.1330267
133,B,B,0.015422305,0.9761741,0.008403578
134,C,C,0.12796488,0.25314778,0.6188873
135,C,C,0.11325798,0.17286065,0.7138814
136,B,B,0.05478764,0.91333896,0.031873465
137,B,B,0.08902346,0.8560399,0.05493668
138,A,A,0.93298894,0.012540342,0.054470737
139,C,C,0.047222614,0.12669203,0.8260854
140,C,C,0.1727163,0.022970308,0.80431336
141,A,A,0.94827193,0.0033794008,0.04834859
142,A,A,0.9915269,0.0018683098,0.006604911
143,B,B,0.0608538,0.9033816,0.035764717
144,C,C,0.032262467,0.013413193,0.9543243
145,C,A,0.7808349,0.060664833,0.15850027
146,A,A,0.92220557,0.02105526,0.056739114
147,B,B,0.02590782,0.80148774,0.17260443
148,A,A,0.95423234,0.0039773844,0.04179023
149,A,A,0.88985056,0.023317808,0.08683162
150,C,C,0.33334398,0.14749517,0.51916087
151,A,A,0.98855686,0.001884729,0.009558426
152,A,A,0.9152341,0.015117854,0.06964807
153,B,B,0.38184634,0.5442866,0.07386705
154,C,A,0.86631787,0.038775865,0.09490627
155,B,B,0.015974207,0.917134,0.066891864
156,C,C,0.05135644,0.12662414,0.82201946
157,B,B,0.18887565,0.73605883,0.0750655
158,A,A,0.8728524,0.05925638,0.06789122
159,A,A,0.79668117,0.022196611,0.18112227
160,C,B,0.14166483,0.46369419,0.39464092
161,B,B,0.0509737,0.9150325,0.03399377
162,C,A,0.67601705,0.04895043,0.27503252
163,A,A,0.9747984,0.0035995138,0.021602001
164,C,A,0.7931779,0.036103524,0.17071857
165,B,B,0.0059225517,0.9854441,0.008633318
166,C,B,0.2021116,0.49470934,0.30317903
167,C,A,0.7531787,0.064528644,0.18229261
168,C,A,0.92859554,0.0137391845,0.0576653
169,C,C,0.2356356,0.096982494,0.66738194
170,B,B,0.11969318,0.78626645,0.09404039
171,C,C,0.20370068,0.053935096,0.7423642
172,C,C,0.11959403,0.06854232,0.81186366
173,C,C,0.16904338,0.082786255,0.74817044
174,C,A,0.5749435,0.09173999,0.33331656
175,A,C,0.109130524,0.052108437,0.8387611
176,B,B,0.035093997,0.9385942,0.02631178
177,C,C,0.3749706,0.041558187,0.58347124
178,C,C,0.03184576,0.19937497,0.7687793
179,C,A,0.78966856,0.059375457,0.15095598
180,B,B,0.009465662,0.98028445,0.01024981
181,C,C,0.21285698,0.02858978,0.7585532
182,C,A,0.49380794,0.07942758,0.42676452
183,C,A,0.71913606,0.03560856,0.24525537
184,C,C,0.06525228,0.1273198,0.80742794
185,C,A,0.91993856,0.0068992954,0.07316215
186,B,B,0.19600864,0.73573387,0.06825752
187,C,C,0.15582077,0.042076293,0.8021029
188,B,B,0.06967989,0.88925,0.04107012
189,C,C,0.029508438,0.38507065,0.58542085
190,C,C,0.3108936,0.18840776,0.50069857
191,A,A,0.95136094,0.0048147975,0.043824296
192,B,B,0.06872849,0.90483874,0.02643276
193,B,B,0.0500173,0.923417,0.026565662
194,B,B,0.06868063,0.85996264,0.071356714
195,C,A,0.7576587,0.074427724,0.1679136
196,B,B,0.034175027,0.9405468,0.025278209
197,A,A,0.96075165,0.004312445,0.034935884
198,A,A,0.66039103,0.23283407,0.10677481
199,B,B,0.025914319,0.80389905,0.17018668
200,C,C,0.296806,0.19853784,0.50465614
201,B,B,0.11410132,0.7891069,0.0967918
202,B,B,0.15998839,0.7777141,0.062297575
203,B,B,0.066508144,0.8901849,0.043306988
204,B,B,0.051345464,0.8008641,0.14779039
205,A,A,0.8487877,0.015041577,0.13617072
206,B,C,0.31342548,0.3052399,0.3813347
207,A,A,0.85240805,0.0439952,0.10359679
208,B,B,0.039974794,0.92021126,0.039813913
209,C,C,0.26115462,0.03451715,0.7043282
210,A,A,0.95382506,0.0077687097,0.038406253
211,B,B,0.025315205,0.9604661,0.014218796
212,A,A,0.8639856,0.021263419,0.11475101
213,A,A,0.6691317,0.23484701,0.09602135
214,B,B,0.057562202,0.5884473,0.35399055
215,A,A,0.8999756,0.02168754,0.07833678
216,B,B,0.051403202,0.9080931,0.04050369
217,A,A,0.73218185,0.021709984,0.24610819
218,B,B,0.012480631,0.98079246,0.0067269322
219,A,A,0.84113336,0.05798791,0.10087874
220,B,B,0.049575556,0.78840184,0.16202259
221,A,A,0.928935,0.014460042,0.05660496
222,C,B,0.026024785,0.8156481,0.15832709
223,C,C,0.06903575,0.4436451,0.48731917
224,A,A,0.9659036,0.009634205,0.02446221
225,B,B,0.13223135,0.62456334,0.24320525
226,B,B,0.06907069,0.8236991,0.1072301
227,B,A,0.86190754,0.033171475,0.104920976
228,A,A,0.8878021,0.027587518,0.08461035
229,C,C,0.06215157,0.09855091,0.8392976
230,C,C,0.46425268,0.06196292,0.47378436
231,C,C,0.034361664,0.048057944,0.91758037
232,B,B,0.015938949,0.9471458,0.03691519
233,B,B,0.12849456,0.7756478,0.095857576
234,B,B,0.045815058,0.9356994,0.018485557
235,C,B,0.046502814,0.55299205,0.40050521
236,B,B,0.022412188,0.96193665,0.015651245
237,A,A,0.95323086,0.008274767,0.03849437
238,C,A,0.77759445,0.017453553,0.20495203
239,B,B,0.20085804,0.6709585,0.1281835
240,C,C,0.2577072,0.032565337,0.70972747
241,A,C,0.21048187,0.046037346,0.74348074
242,B,B,0.047932435,0.5889249,0.36314273
243,C,C,0.16251704,0.063963346,0.7735196
244,A,A,0.9788457,0.002845356,0.018308975
245,B,B,0.13165054,0.8056569,0.06269255
246,C,C,0.43810397,0.044239108,0.51765686
247,A,A,0.9175237,0.008763099,0.07371321
248,A,A,0.96838075,0.007710468,0.023908775
249,C,C,0.07882315,0.10645524,0.8147216
250,C,C,0.07713238,0.15323673,0.7696309
251,C,C,0.027657242,0.15718299,0.8151598
252,C,C,0.031711366,0.41829062,0.54999804
253,A,A,0.9386411,0.021217396,0.04014156
254,A,A,0.9312433,0.02399424,0.044762544
255,A,A,0.94073457,0.019321285,0.039944068
256,B,B,0.07237816,0.89715064,0.030471196
257,A,A,0.8796564,0.026775502,0.09356821
258,B,A,0.80095816,0.055618986,0.14342278
259,B,B,0.049953632,0.78423166,0.16581464
260,A,A,0.82029814,0.101287305,0.078414544
261,A,A,0.91264683,0.021773346,0.06557979
262,A,A,0.9537798,0.008669609,0.03755056
263,C,C,0.087102234,0.19880776,0.71409
264,C,C,0.1444607,0.08104708,0.7744922
265,B,A,0.9218556,0.018538844,0.059605446
266,C,C,0.07960062,0.172542,0.7478574
267,B,B,0.10480226,0.851225,0.043972727
268,C,C,0.31499296,0.09691616,0.5880909
269,B,B,0.030824602,0.9562434,0.012931927
270,C,C,0.14935488,0.059488606,0.79115653
271,B,B,0.045460712,0.92909086,0.025448458
272,C,C,0.057442427,0.44944635,0.49311128
273,C,C,0.33265686,0.04884343,0.61849964
274,B,B,0.0873271,0.84313685,0.06953611
275,B,B,0.037553582,0.94527227,0.017174141
276,C,B,0.09673222,0.67380315,0.22946464
277,B,C,0.2840861,0.2960314,0.41988248
278,B,B,0.22240905,0.6053007,0.17229018
279,B,A,0.7287912,0.06075493,0.21045385
280,C,C,0.044046976,0.064933956,0.8910191
281,A,A,0.931935,0.025532186,0.042532783
282,A,A,0.95538193,0.008520104,0.03609789
283,C,B,0.17362882,0.71936274,0.10700853
284,A,A,0.8359462,0.046403557,0.117650256
285,B,B,0.17739062,0.742041,0.08056843
286,B,B,0.051351808,0.90522504,0.04342319
287,C,C,0.096915364,0.044611517,0.8584731
288,B,B,0.049413092,0.9298073,0.020779645
289,B,B,0.02638473,0.94097084,0.03264438
290,A,A,0.86747956,0.07054021,0.061980255
291,A,A,0.93662757,0.01039332,0.052979156
292,A,A,0.93166405,0.011545478,0.05679053
293,C,C,0.03561744,0.3541484,0.61023414
294,A,C,0.04887318,0.15488103,0.7962458
295,C,A,0.89803576,0.007377177,0.09458697
296,A,A,0.61719435,0.2565732,0.12623245
297,B,B,0.011573135,0.984189,0.004237825
298,A,A,0.9434543,0.009133151,0.04741254
299,A,A,0.958694,0.005519476,0.03578646
300,B,B,0.12494981,0.7546673,0.120382905
301,B,B,0.013197507,0.956941,0.029861487
302,B,A,0.6415257,0.14586328,0.212611
303,A,A,0.98813033,0.002886864,0.008982788
304,C,C,0.027102763,0.24814646,0.72475076
305,B,B,0.044089954,0.9314745,0.024435524
306,A,A,0.92761755,0.01818316,0.05419925
307,C,C,0.09035366,0.44201595,0.4676304
308,C,C,0.18298899,0.035480782,0.78153026
309,B,B,0.08007048,0.8534568,0.06647276
310,B,B,0.08757751,0.8395881,0.072834395
311,C,A,0.5639621,0.0592529,0.37678507
312,C,C,0.10642578,0.033245362,0.86032885
313,B,B,0.0115324445,0.9826759,0.0057915817
314,A,A,0.87187344,0.036757037,0.09136955
315,B,B,0.023127958,0.96122116,0.015650913
316,C,B,0.2956683,0.6074498,0.09688185
317,C,C,0.32945558,0.039518733,0.6310257
318,C,B,0.10778632,0.5547146,0.33749908
319,B,B,0.025272496,0.96203923,0.012688307
320,B,B,0.037340876,0.9389805,0.023678578
321,B,B,0.05397944,0.8959436,0.050076973
322,A,A,0.5339675,0.015479001,0.45055357
323,B,B,0.053377245,0.8673659,0.07925682
324,C,B,0.040944174,0.9152199,0.04383593
325,C,C,0.033245027,0.17345265,0.7933024
326,C,B,0.1589241,0.6027667,0.23830909
327,C,C,0.063384496,0.13080157,0.8058139
328,A,A,0.9905144,0.0019023252,0.0075832177
329,A,A,0.81985694,0.088075906,0.09206711
330,B,C,0.052254423,0.3820806,0.56566495
331,C,C,0.24593154,0.059838764,0.6942297
332,A,A,0.92001855,0.040995672,0.038985766
333,A,A,0.7816814,0.04613812,0.17218049
334,B,B,0.07166609,0.906059,0.022274865
335,B,B,0.050486136,0.9037874,0.04572647
336,C,C,0.17571053,0.057701487,0.766588
337,C,A,0.61431414,0.031808633,0.35387722
338,A,A,0.9304781,0.014618419,0.05490347
339,A,A,0.9199116,0.021852618,0.058235813
340,C,C,0.41286844,0.060180746,0.52695084
341,B,B,0.01739287,0.97144216,0.011165001
342,B,B,0.03667964,0.74778205,0.21553826
343,A,A,0.93131596,0.019578869,0.0491052
344,C,C,0.20161952,0.18853381,0.60984665
345,A,A,0.94017935,0.0111699635,0.048650797
346,B,B,0.03645458,0.83892363,0.12462187
347,B,B,0.049015887,0.73786515,0.21311897
348,A,A,0.9807358,0.0014898696,0.017774316
349,B,B,0.022600722,0.9205634,0.056835968
350,A,A,0.5265589,0.36941567,0.10402551
351,A,A,0.96810883,0.004136595,0.02775457
352,B,B,0.03168804,0.9174754,0.050836563
353,A,C,0.25362074,0.13969494,0.60668427
354,A,A,0.98063856,0.0040470134,0.015314369
355,A,A,0.76871043,0.054884993,0.17640458
356,C,A,0.68503594,0.01842061,0.29654345
357,A,A,0.76007694,0.1454104,0.094512664
358,C,A,0.78866273,0.020985674,0.19035158
359,B,B,0.019449232,0.95650136,0.024049364
360,C,C,0.42778438,0.04146919,0.5307464
361,A,A,0.9684115,0.009525697,0.022062745
362,A,A,0.89038986,0.039254215,0.070355825
363,B,B,0.044558708,0.9059323,0.049508944
364,A,A,0.7516685,0.17290804,0.075423434
365,B,B,0.06297505,0.91739684,0.019628074
366,B,B,0.2055325,0.596086,0.19838141
367,C,C,0.043842226,0.23986894,0.71628886
368,B,B,0.17593811,0.747927,0.07613487
369,C,C,0.053317085,0.33084947,0.6158334
370,C,B,0.103026405,0.50355196,0.3934216
371,A,A,0.5103685,0.2833076,0.20632382
372,B,B,0.060721785,0.8988467,0.040431514
373,B,B,0.04422628,0.87804806,0.077725634
374,C,C,0.09448018,0.08411869,0.8214011
375,B,B,0.02829521,0.9535658,0.01813897
376,A,A,0.5241762,0.036930025,0.43889385
377,B,B,0.0545526,0.91077715,0.034670327
378,C,A,0.75380003,0.115360245,0.1308397
379,B,B,0.012319782,0.95494103,0.032739196
380,B,B,0.04994591,0.92752033,0.022533746
381,A,A,0.98778546,0.0024682698,0.009746345
382,B,B,0.12335859,0.8013295,0.07531201
383,B,B,0.15690805,0.5084611,0.3346308
384,C,C,0.2552633,0.06096511,0.68377155
385,A,A,0.95818305,0.008913868,0.03290307
386,B,B,0.0792678,0.7375228,0.18320931
387,B,B,0.05483878,0.9163506,0.028810624
388,B,B,0.11617103,0.76067734,0.12315174
389,A,A,0.43883437,0.29947427,0.26169136
390,B,B,0.019318977,0.96782726,0.012853686
391,B,B,0.029297473,0.94145733,0.029245242
392,B,B,0.25444195,0.5887737,0.15678436
393,A,A,0.8120211,0.051300168,0.13667873
394,C,C,0.4120468,0.05666175,0.5312915
395,B,B,0.018648794,0.9610846,0.02026653
396,B,B,0.056726117,0.7518406,0.19143324
397,A,A,0.97014534,0.004695313,0.025159419
398,C,A,0.61903954,0.060244035,0.32071644
399,C,A,0.96408206,0.003907536,0.03201046
400,A,A,0.78824216,0.03104748,0.18071029
401,C,C,0.38938907,0.051519968,0.5590909
402,C,B,0.11046294,0.56133205,0.32820508
403,B,B,0.056436293,0.915572,0.027991721
404,A,A,0.9394369,0.018796202,0.041766856
405,A,C,0.33433607,0.091515265,0.5741487
406,A,A,0.99326867,0.0010119394,0.005719449
407,B,B,0.025147043,0.9583652,0.016487706
408,A,C,0.40018678,0.038627863,0.56118536
409,B,B,0.120597325,0.8268479,0.05255473
410,A,A,0.91086507,0.013969321,0.07516563
411,A,A,0.94988024,0.010133128,0.039986666
412,C,C,0.34322974,0.10455092,0.55221933
413,C,C,0.39933723,0.04238684,0.55827594
414,C,C,0.06483436,0.058161244,0.87700444
415,B,B,0.031376787,0.9340416,0.03458164
416,C,A,0.6305121,0.13272387,0.236764
417,C,C,0.114557356,0.29771245,0.5877302
418,B,B,0.25879005,0.66946137,0.07174863
419,A,B,0.19093382,0.45340616,0.35566002
420,B,B,0.005306719,0.99180216,0.0028910718
421,A,A,0.95559263,0.009680262,0.03472704
422,B,B,0.016871432,0.9382266,0.044902027
423,C,C,0.21851733,0.1276869,0.6537958
424,A,A,0.891941,0.020979587,0.087079324
425,A,B,0.32768583,0.54135746,0.13095663
426,B,B,0.012832339,0.980885,0.0062827
427,B,B,0.22260655,0.66433424,0.11305923
428,C,A,0.4825676,0.041879874,0.4755524
429,A,A,0.8952038,0.013051101,0.09174504
430,A,A,0.69289726,0.011237188,0.29586548
431,C,C,0.21145923,0.13156232,0.6569784
432,C,C,0.13936889,0.37281528,0.48781583
433,A,B,0.13608931,0.7827707,0.08114002
434,B,B,0.05673233,0.90985173,0.033416007
435,A,C,0.0719543,0.123987176,0.8040585
436,A,A,0.9875395,0.0012027343,0.011257756
437,C,C,0.1724586,0.04063401,0.78690743
438,B,B,0.039890114,0.9367755,0.023334347
439,C,C,0.07219762,0.04775384,0.8800486
440,C,A,0.80388045,0.046433207,0.14968641
441,B,B,0.08703139,0.758448,0.15452059
442,B,B,0.012476675,0.98247015,0.005053198
443,C,C,0.13817939,0.06314693,0.7986736
444,B,B,0.010474249,0.95407605,0.03544967
445,B,B,0.051744387,0.9216054,0.026650196
446,A,A,0.9423035,0.021767382,0.035929177
447,A,A,0.81088597,0.123268194,0.06584588
448,A,B,0.13070026,0.8202904,0.04900927
449,C,C,0.31333914,0.14160055,0.5450602
450,A,A,0.9670263,0.00746516,0.02550843
451,B,C,0.1061638,0.4101504,0.4836858
452,A,A,0.9356217,0.023220548,0.041157793
453,C,C,0.31779137,0.05420695,0.62800163
454,C,A,0.53217655,0.09637069,0.37145275
455,C,A,0.49846917,0.07836199,0.4231688
456,C,C,0.04261578,0.04502392,0.91236025
457,B,B,0.046595447,0.80555874,0.14784577
458,A,A,0.966555,0.010059595,0.023385447
459,B,B,0.13688216,0.7693978,0.09372008
460,C,C,0.10029813,0.39878708,0.5009148
461,B,B,0.09686039,0.8280856,0.07505398
462,C,A,0.5173756,0.07677937,0.40584502
463,A,A,0.89590406,0.043235958,0.060859904
464,C,C,0.124979995,0.12910868,0.7459113
465,B,B,0.11271323,0.8061664,0.08112032
466,B,B,0.07616962,0.87429667,0.04953369
467,C,A,0.5785491,0.07107205,0.35037884
468,A,A,0.98459667,0.0013065991,0.01409679
469,C,A,0.6535392,0.08490563,0.26155517
470,A,A,0.93966234,0.004493902,0.055843774
471,C,C,0.15977821,0.15172474,0.68849707
472,C,C,0.25920612,0.0632399,0.677554
473,B,B,0.06001226,0.9163606,0.023627108
474,C,A,0.819461,0.019466637,0.16107239
475,C,C,0.085889615,0.42279112,0.49131924
476,A,A,0.9298712,0.02424084,0.04588789
477,B,B,0.06381514,0.90004456,0.03614031
478,B,B,0.063897446,0.905648,0.030454617
479,A,A,0.98117363,0.0026609972,0.016165359
480,C,A,0.5672838,0.08664332,0.34607285
481,B,B,0.25683475,0.60088056,0.14228469
482,B,B,0.021126568,0.8912319,0.08764152
483,C,C,0.05159585,0.10256344,0.8458407
484,A,A,0.9207791,0.012555785,0.06666514
485,B,A,0.5221644,0.14248541,0.33535013
486,B,B,0.017499724,0.967167,0.0153332185
487,B,B,0.023211824,0.76131797,0.2154702
488,C,C,0.10983585,0.085626334,0.80453783
489,B,B,0.07142612,0.8860594,0.042514414
490,A,A,0.8748865,0.037432056,0.08768139
491,B,B,0.08912425,0.8729131,0.03796257
492,A,A,0.8598507,0.05067522,0.089474104
493,B,A,0.5222862,0.25667587,0.22103792
494,B,A,0.5222028,0.2791917,0.1986056
495,B,B,0.031147461,0.9264212,0.042431273
496,A,A,0.87887245,0.046754505,0.07437305
497,B,B,0.11587882,0.80574363,0.07837757
498,A,A,0.9803119,0.003475696,0.016212404
499,A,A,0.97331727,0.0021862672,0.02449644
500,C,A,0.78027326,0.0151600875,0.20456664
501,B,B,0.18750706,0.73670405,0.07578888
502,A,A,0.89562345,0.019567737,0.084808744
503,B,B,0.042172804,0.91074497,0.04708216
504,C,C,0.086517565,0.05344985,0.86003256
505,A,A,0.89637345,0.032449964,0.071176596
506,C,C,0.0327491,0.06188182,0.90536904
507,A,A,0.9862251,0.0024098128,0.011365144
508,B,B,0.2022833,0.5711638,0.22655298
509,A,A,0.9063117,0.02335687,0.070331365
510,A,A,0.9463032,0.011671663,0.042025134
511,B,B,0.08237785,0.7582165,0.15940562
512,A,A,0.9839533,0.0039493977,0.012097379
513,A,A,0.97777486,0.0015178246,0.020707292
514,A,A,0.8144725,0.05035518,0.13517235
515,B,B,0.019038577,0.93993396,0.0410275
516,C,C,0.11122807,0.05354824,0.83522373
517,B,B,0.25281373,0.67548525,0.07170102
518,A,A,0.972613,0.007169266,0.020217659
519,A,A,0.9425172,0.010051239,0.047431536
520,B,B,0.03075866,0.94010085,0.029140579
521,C,C,0.0437958,0.078876495,0.8773277
522,B,B,0.053177644,0.8972949,0.049527496
523,C,C,0.38676256,0.15460794,0.45862955
524,A,A,0.9234161,0.01785624,0.05872763
525,B,B,0.07465245,0.85623765,0.069109984
526,A,A,0.8648318,0.023124147,0.112044096
527,C,C,0.18935491,0.36314896,0.44749612
528,A,B,0.06717191,0.8940305,0.038797513
529,A,A,0.97831035,0.005634486,0.016055262
530,C,C,0.16674078,0.27061298,0.5626462
531,A,A,0.8790919,0.028853295,0.092054814
532,C,A,0.88722515,0.042800646,0.06997422
533,A,A,0.981013,0.0028494783,0.01613753
534,A,A,0.97699237,0.0033611027,0.019646475
535,C,B,0.15844208,0.7588782,0.08267979
536,A,A,0.98244,0.004122819,0.013437162
537,A,A,0.93730146,0.013686057,0.049012497
538,C,C,0.079678796,0.3170298,0.60329145
539,C,B,0.04657651,0.7454518,0.20797166
540,B,B,0.1381495,0.7994363,0.062414177
541,B,B,0.031568334,0.84799576,0.120435886
542,C,C,0.060088277,0.093972094,0.84593964
543,C,C,0.19753964,0.09124429,0.71121603
544,C,C,0.28805274,0.32974634,0.3822009
545,C,A,0.8492078,0.037393555,0.11339866
546,C,C,0.46593475,0.03305976,0.5010055
547,C,C,0.10938957,0.03922388,0.85138655
548,C,C,0.31448597,0.01931014,0.6662039
549,B,B,0.025931219,0.9284053,0.04566342
550,C,A,0.50226235,0.09488965,0.40284798
551,B,B,0.033695158,0.9021676,0.06413719
552,A,A,0.91155386,0.040654946,0.047791127
553,A,A,0.9709622,0.005254491,0.023783268
554,C,C,0.11697136,0.10073584,0.78229284
555,B,B,0.069477,0.8964348,0.034088265
556,A,A,0.96847826,0.0072199632,0.024301793
557,A,A,0.7496029,0.14242518,0.107972026
558,C,C,0.18524379,0.12386407,0.69089216
559,A,A,0.95893973,0.010761278,0.030299043
560,B,B,0.013224688,0.95053,0.036245376
561,C,C,0.16301526,0.34607652,0.49090827
562,C,C,0.09466174,0.07721708,0.8281211
563,B,B,0.34560743,0.5211204,0.13327216
564,C,C,0.23082894,0.3222744,0.4468966
565,C,C,0.044783264,0.07973313,0.8754836
566,A,A,0.9315915,0.020545699,0.047862772
567,A,A,0.5322903,0.039337132,0.4283726
568,C,C,0.016524948,0.018239725,0.9652353
569,B,B,0.087335505,0.798055,0.114609525
570,A,A,0.73765004,0.10303422,0.15931581
571,B,B,0.02575606,0.95652765,0.017716287
572,A,C,0.3630164,0.04353666,0.59344697
573,C,C,0.14106286,0.05368489,0.80525225
574,C,C,0.2979117,0.04867236,0.653416
575,C,C,0.040028878,0.11873716,0.841234
576,A,A,0.8769298,0.022361899,0.100708336
577,A,A,0.876634,0.016887605,0.10647841
578,A,A,0.86570036,0.06332277,0.07097679
579,B,B,0.029128516,0.77673113,0.19414026
580,A,A,0.97889394,0.0022161158,0.018889973
581,C,C,0.10660473,0.1248424,0.7685529
582,B,B,0.02342261,0.9624789,0.014098436
583,A,A,0.91629124,0.013084622,0.07062419
584,B,B,0.0095952265,0.97703767,0.013367148
585,C,A,0.5684976,0.056755878,0.37474647
586,A,A,0.94784766,0.012084572,0.04006788
587,A,A,0.9543111,0.009875033,0.0358139
588,B,B,0.010239697,0.9829411,0.006819102
589,C,C,0.3075652,0.07581558,0.61661917
590,B,A,0.89763093,0.059016977,0.043352112
591,A,A,0.94796795,0.0077413023,0.044290755
592,C,C,0.14918199,0.18395153,0.6668665
593,C,C,0.17787959,0.12621374,0.6959067
594,A,A,0.9825859,0.0025265377,0.014887522
595,B,B,0.055186074,0.91561085,0.029202968
596,C,C,0.077660285,0.3347477,0.587592
597,C,C,0.037894845,0.08063188,0.88147324
598,C,C,0.08661882,0.39930016,0.514081
599,C,A,0.47878554,0.05476905,0.46644548
600,B,B,0.08101442,0.7841015,0.1348841
601,A,A,0.9828964,0.0035518794,0.01355175
602,C,B,0.16003478,0.42775548,0.41220975
603,A,A,0.7719552,0.0467898,0.18125498
604,A,A,0.5487381,0.064624295,0.3866376
605,B,B,0.14183842,0.8034304,0.05473117
606,C,C,0.38070467,0.08635814,0.53293717
607,A,A,0.9814817,0.0017712039,0.016747106
608,A,A,0.7342484,0.13939203,0.12635957
609,B,A,0.7582138,0.13660978,0.10517633
610,A,A,0.935575,0.011472124,0.052952886
611,C,C,0.26326653,0.09572197,0.6410115
612,B,B,0.059515055,0.9036941,0.036790878
613,B,B,0.22332086,0.705979,0.07070014
614,C,C,0.09607249,0.4187446,0.48518288
615,A,A,0.95994574,0.00798668,0.03206753
616,B,B,0.041241426,0.92211163,0.036646966
617,C,C,0.106335185,0.1738434,0.71982133
618,A,A,0.59977466,0.107796066,0.29242927
619,A,A,0.9543749,0.00861706,0.037007987
620,B,B,0.11025159,0.6841573,0.2055911
621,B,B,0.014025231,0.9754125,0.010562229
622,C,A,0.7436097,0.05288061,0.20350967
623,A,A,0.96360826,0.009289524,0.0271022
624,B,B,0.039299,0.9211774,0.03952364
625,C,B,0.23882097,0.597484,0.16369507
626,A,B,0.1323616,0.52418876,0.34344968
627,C,B,0.02624601,0.65578556,0.31796843
628,A,A,0.9372146,0.0092712995,0.05351407
629,C,C,0.0643574,0.16167676,0.7739658
630,C,C,0.067736804,0.097564414,0.83469874
631,A,A,0.92345196,0.02273177,0.053816196
632,A,A,0.95170707,0.013518578,0.034774367
633,B,B,0.29680753,0.5986317,0.10456075
634,B,B,0.011475823,0.98290944,0.0056147645
635,B,B,0.038943283,0.91196024,0.049096543
636,C,C,0.062079694,0.08371365,0.8542066
637,A,A,0.98542935,0.0016496525,0.012920966
638,A,A,0.9289374,0.013445589,0.057617113
639,C,C,0.30349734,0.032658458,0.6638442
640,C,C,0.47325978,0.03086247,0.4958778
641,B,C,0.18079506,0.08067266,0.7385323
642,B,B,0.09301116,0.86622304,0.04076576
643,C,C,0.13026555,0.14309065,0.72664374
644,A,A,0.7803201,0.022284836,0.19739506
645,B,A,0.50208163,0.3628125,0.13510588
646,B,B,0.09756595,0.850251,0.052183025
647,C,C,0.068800725,0.020195922,0.91100335
648,A,A,0.9558368,0.007489109,0.036674116
649,B,B,0.031366028,0.91518027,0.053453796
650,B,C,0.32061574,0.18566908,0.49371517
651,C,C,0.124325715,0.18608296,0.6895913
652,B,B,0.024853442,0.9513411,0.02380548
653,A,A,0.97252715,0.0046081576,0.022864716
654,A,A,0.990892,0.0016536032,0.0074544074
655,C,A,0.80849075,0.02656876,0.16494048
656,C,B,0.028098797,0.8320307,0.13987039
657,C,C,0.20739292,0.056498505,0.7361086
658,A,A,0.9058244,0.017746575,0.07642905
659,C,C,0.11695878,0.08190784,0.80113333
660,A,A,0.9818377,0.003151136,0.01501116
661,B,B,0.07781578,0.80354977,0.1186345
662,B,B,0.21548554,0.6456198,0.1388946
663,C,C,0.27083832,0.053798787,0.67536294
664,C,C,0.25734764,0.061579242,0.6810732
665,A,B,0.08337568,0.86262065,0.05400364
666,B,B,0.078482054,0.81619555,0.10532245
667,C,A,0.7379858,0.017369945,0.24464428
668,B,B,0.049153414,0.84674793,0.104098596
669,C,C,0.28648034,0.056208834,0.65731084
670,A,A,0.9818673,0.0037512446,0.014381403
671,B,B,0.024225183,0.95595896,0.01981577
672,A,A,0.9270228,0.02040183,0.052575354
673,C,C,0.04943967,0.08610213,0.8644582
674,A,A,0.9870013,0.002298833,0.01069986
675,B,B,0.05137723,0.88136655,0.06725618
676,A,A,0.8640729,0.07140059,0.064526625
677,B,B,0.035868566,0.8368738,0.12725763
678,C,A,0.57477003,0.020289587,0.4049404
679,A,A,0.96743494,0.0043349955,0.028230041
680,A,A,0.977226,0.0035367454,0.019237148
681,A,A,0.94224316,0.011153228,0.04660363
682,A,A,0.9851628,0.002969555,0.011867651
683,A,A,0.88652974,0.040925726,0.07254455
684,B,B,0.085495904,0.8496888,0.0648153
685,C,C,0.39477465,0.11016242,0.4950629
686,A,A,0.81620926,0.02812316,0.15566757
687,A,B,0.3789212,0.51817656,0.10290226
688,B,B,0.026569776,0.9444568,0.028973395
689,C,C,0.14387985,0.08538598,0.7707342
690,C,C,0.33612135,0.013469141,0.6504096
691,B,B,0.18704239,0.67633605,0.13662161
692,A,C,0.24042286,0.11090245,0.6486747
693,B,B,0.061616074,0.84899664,0.089387245
694,A,A,0.91890323,0.023635197,0.057461556
695,C,C,0.1677139,0.12824528,0.70404077
696,B,B,0.10665929,0.81338614,0.07995454
697,B,B,0.047436386,0.8301382,0.12242545
698,A,A,0.9603847,0.007271216,0.032344155
699,A,A,0.98179513,0.0033256568,0.014879208
700,B,B,0.030002974,0.9223871,0.04760985
701,A,A,0.6003647,0.19217615,0.20745918
702,B,B,0.11755377,0.8027812,0.079665035
703,A,A,0.7615789,0.15639718,0.08202395
704,B,B,0.0127779115,0.96258074,0.024641283
705,B,B,0.018132282,0.9559175,0.025950188
706,B,B,0.14417072,0.502839,0.35299024
707,C,C,0.01900983,0.26063812,0.720352
708,A,A,0.61061114,0.041917432,0.34747142
709,C,C,0.092550054,0.09440317,0.81304675
710,B,B,0.04921116,0.92348355,0.027305255
711,B,A,0.60165495,0.2667322,0.13161287
712,A,A,0.8199779,0.03652317,0.14349908
713,B,B,0.07949529,0.89178956,0.028715122
714,A,A,0.9496006,0.008259987,0.042139515
715,C,C,0.210288,0.16338834,0.6263237
716,A,A,0.8657632,0.028144317,0.10609249
717,C,A,0.65098023,0.03748264,0.31153715
718,C,C,0.15552498,0.26239622,0.58207875
719,B,B,0.3450876,0.53261507,0.122297384
720,B,B,0.02199431,0.96416336,0.013842398
721,A,C,0.2831682,0.21678972,0.50004214
722,B,B,0.06618267,0.87122935,0.06258802
723,C,C,0.06839895,0.06464549,0.8669555
724,B,B,0.12578262,0.80763847,0.06657896
725,A,B,0.16067484,0.7881499,0.0511753
726,A,A,0.9098146,0.020734875,0.069450565
727,C,A,0.52293444,0.10452091,0.3725447
728,C,C,0.058682777,0.16487914,0.77643806
729,A,C,0.45681354,0.05784466,0.48534188
730,A,A,0.934955,0.013431181,0.051613815
731,B,B,0.05292008,0.9034571,0.04362285
732,B,C,0.2660895,0.3485292,0.3853813
733,A,A,0.93912643,0.008786858,0.052086785
734,C,C,0.21898586,0.07129036,0.7097238
735,C,C,0.11960307,0.102885514,0.7775114
736,C,A,0.8327648,0.05347983,0.11375534
737,A,A,0.6119101,0.22612002,0.16196996
738,C,C,0.17326541,0.27981523,0.54691935
739,B,B,0.034829028,0.93180156,0.033369355
740,A,A,0.940202,0.01208644,0.047711603
741,C,C,0.030864576,0.031433668,0.93770176
742,A,A,0.9654719,0.005266755,0.029261347
743,B,B,0.017265992,0.97251993,0.010214081
744,B,B,0.030278457,0.9163109,0.05341069
745,A,A,0.72321844,0.14822142,0.12856013
746,A,B,0.14235437,0.7069302,0.15071537
747,C,C,0.38876688,0.081310846,0.5299223
748,A,B,0.04545835,0.8546595,0.099882185
749,A,A,0.99239963,0.0013170681,0.0062833265
750,A,A,0.64146,0.107158266,0.25138173
751,A,A,0.9537766,0.011485004,0.034738485
752,C,C,0.25567454,0.120973445,0.62335193
753,C,C,0.057241615,0.11951014,0.8232482
754,C,C,0.15063563,0.20683298,0.6425314
755,B,B,0.07584022,0.8233111,0.10084869
756,C,A,0.8767759,0.01999702,0.10322699
757,C,A,0.8297812,0.04130017,0.12891862
758,C,C,0.4052793,0.062305372,0.53241533
759,B,B,0.31246656,0.53015375,0.15737966
760,C,C,0.05076303,0.31499922,0.6342378
761,A,A,0.8990982,0.023559237,0.0773426
762,A,A,0.9475195,0.0100467,0.04243372
763,B,B,0.05441189,0.9220442,0.023543807
764,A,A,0.80291414,0.0702958,0.12678999
765,A,A,0.9630514,0.009904951,0.027043631
766,B,B,0.07094882,0.7815747,0.1474764
767,A,B,0.12528542,0.8092678,0.06544682
768,A,A,0.98182386,0.0025353874,0.015640737
769,A,A,0.9381722,0.022176588,0.039651103
770,B,B,0.06517114,0.8875408,0.047288086
771,A,A,0.88764066,0.047005203,0.06535407
772,B,B,0.13208126,0.6934861,0.17443268
773,B,B,0.34961498,0.5205988,0.12978615
774,B,B,0.10366523,0.5789964,0.31733832
775,C,C,0.11836294,0.14245613,0.7391809
776,C,C,0.2944435,0.3189565,0.38660002
777,B,B,0.05484618,0.7500986,0.19505522
778,C,C,0.08798194,0.032898128,0.87911993
779,A,A,0.9783135,0.004783468,0.016903022
780,B,B,0.07008027,0.8973038,0.03261599
781,A,A,0.8763264,0.029708669,0.09396496
782,B,A,0.8756157,0.05879783,0.06558646
783,C,C,0.09234501,0.16982453,0.73783046
784,A,A,0.5753213,0.047802404,0.37687632
785,C,C,0.18025604,0.09885243,0.72089154
786,B,B,0.26126885,0.4957877,0.24294345
787,B,A,0.6097744,0.29817444,0.09205119
788,C,C,0.3107409,0.104854085,0.584405
789,B,B,0.017762499,0.9201317,0.062105842
790,C,C,0.0667389,0.08093785,0.85232323
791,C,C,0.052827116,0.2648132,0.68235964
792,B,B,0.01529879,0.97424275,0.010458405
793,C,C,0.39468023,0.007934174,0.5973855
794,C,C,0.046880618,0.15298396,0.8001354
795,C,C,0.10044569,0.44409308,0.45546126
796,A,C,0.45218727,0.036107313,0.51170546
797,C,C,0.16285816,0.031419832,0.805722
798,C,C,0.071767375,0.17762789,0.7506047
799,B,B,0.08292211,0.8655418,0.05153601
800,C,C,0.04319626,0.074120216,0.8826836
801,B,B,0.027608305,0.9546641,0.01772757
802,A,A,0.92123324,0.015618246,0.06314857
803,A,A,0.7424358,0.01781478,0.23974939
804,C,B,0.30817428,0.35312882,0.33869696
805,B,B,0.027534623,0.94027585,0.03218951
806,A,A,0.95326996,0.0070563103,0.039673783
807,C,C,0.1353189,0.03761925,0.82706183
808,C,C,0.17234461,0.24962786,0.5780275
809,A,A,0.9549215,0.013521384,0.031557113
810,B,B,0.2653054,0.65255135,0.082143135
811,B,B,0.06067963,0.8577837,0.0815367
812,A,B,0.086274415,0.8053437,0.10838194
813,B,B,0.06096141,0.8926447,0.046393916
814,C,A,0.776605,0.051008698,0.17238618
815,C,C,0.09667053,0.21807621,0.68525326
816,A,A,0.8794429,0.064655006,0.055902082
817,C,C,0.43187705,0.070979744,0.49714324
818,C,C,0.19879913,0.06839193,0.7328089
819,C,C,0.12627587,0.10324005,0.77048403
820,B,A,0.6981291,0.16686054,0.13501029
821,A,A,0.9775317,0.007336457,0.0151318535
822,C,C,0.10738535,0.042182617,0.85043204
823,B,B,0.04397939,0.928897,0.027123556
824,B,B,0.22943708,0.63169515,0.13886774
825,B,B,0.061476283,0.9004281,0.038095642
826,C,C,0.16049503,0.1000815,0.7394235
827,B,A,0.76713085,0.10712205,0.12574707
828,B,B,0.07657844,0.8716847,0.05173693
829,A,A,0.98375595,0.0026221958,0.013621818
830,B,B,0.034168467,0.9209062,0.044925403
831,B,B,0.07088268,0.8531964,0.07592089
832,B,B,0.00931858,0.98221004,0.008471375
833,B,B,0.27278513,0.62609667,0.1011182
834,B,B,0.01720752,0.96851313,0.014279317
835,B,A,0.8644132,0.064469665,0.07111713
836,B,B,0.27569932,0.63864195,0.08565879
837,A,A,0.9057608,0.011735962,0.08250321
838,C,C,0.038135275,0.43426436,0.52760035
839,A,B,0.023723137,0.93206996,0.044206932
840,A,A,0.9763465,0.0016715939,0.02198193
841,A,A,0.7485509,0.040342268,0.21110687
842,A,A,0.49158207,0.2793667,0.2290512
843,A,A,0.80827665,0.021643274,0.1700801
844,C,C,0.09995201,0.07740184,0.82264614
845,A,A,0.8925583,0.025898622,0.08154314
846,B,B,0.043265987,0.9415383,0.015195787
847,C,C,0.07643001,0.21171744,0.71185255
848,B,B,0.0068146414,0.9860444,0.0071410257
849,A,A,0.94763625,0.008474231,0.04388955
850,B,B,0.020250257,0.95310014,0.026649699
851,C,C,0.1207287,0.07151422,0.8077571
852,A,A,0.9452996,0.010315005,0.044385295
853,C,C,0.21240146,0.087809205,0.6997893
854,B,B,0.34298593,0.38335955,0.27365455
855,C,C,0.108599946,0.1488112,0.7425888
856,B,B,0.020692825,0.96704626,0.012260967
857,C,C,0.46429023,0.047768664,0.4879411
858,B,B,0.026923368,0.95963633,0.0134403
859,B,B,0.16490899,0.7397991,0.09529189
860,A,B,0.23005052,0.68128747,0.08866195
861,A,A,0.9763851,0.005068695,0.018546166
862,C,C,0.13159291,0.041271422,0.8271357
863,B,B,0.09666071,0.6863876,0.21695168
864,A,A,0.6620037,0.089428924,0.2485674
865,A,A,0.5969647,0.0315419,0.37149337
866,B,B,0.013127529,0.9607613,0.026111117
867,C,C,0.18867518,0.056312647,0.75501215
868,C,C,0.01629293,0.15313052,0.83057654
869,B,B,0.010811983,0.9809869,0.008201167
870,A,A,0.9656324,0.0092743235,0.025093207
871,B,B,0.006745242,0.9890848,0.0041699186
872,A,A,0.95897853,0.009749705,0.031271733
873,C,C,0.45385966,0.016176991,0.5299634
874,B,B,0.023203533,0.9494646,0.027331915
875,A,B,0.42150238,0.46297407,0.11552349
876,B,C,0.0833433,0.2061538,0.7105029
877,A,A,0.9740907,0.00540069,0.02050867
878,C,B,0.034881227,0.9014159,0.06370285
879,C,C,0.31271708,0.073850036,0.61343294
880,B,B,0.004768335,0.9867583,0.008473431
881,B,B,0.0697876,0.5740956,0.35611677
882,A,A,0.9908059,0.0016423617,0.0075516985
883,B,B,0.042860515,0.8899129,0.06722662
884,A,A,0.90513057,0.024226418,0.07064298
885,A,A,0.9700187,0.003064643,0.026916645
886,B,B,0.11362087,0.8138484,0.07253073
887,B,B,0.029311525,0.9551471,0.015541455
888,C,C,0.12920618,0.03168767,0.83910614
889,C,C,0.16351873,0.3866384,0.44984284
890,A,B,0.2131833,0.71344984,0.07336686
891,A,B,0.4420068,0.4618838,0.09610945
892,C,C,0.10091571,0.15440686,0.7446774
893,B,B,0.18634629,0.659492,0.15416165
894,C,C,0.4660339,0.032626007,0.50134003
895,C,C,0.13368076,0.10590182,0.76041734
896,B,B,0.058564488,0.8961969,0.045238655
897,C,C,0.08810304,0.1818856,0.7300113
898,B,B,0.09951192,0.8560599,0.044428177
899,B,B,0.04702097,0.91399574,0.038983334
900,B,C,0.42625737,0.08177039,0.49197224
901,C,A,0.93273735,0.016759085,0.05050365
902,A,A,0.8512718,0.04126821,0.10746002
903,B,B,0.04043138,0.85780823,0.10176043
904,A,A,0.9753127,0.0038734076,0.020813903
905,B,B,0.19729862,0.5607559,0.24194548
906,C,C,0.08304625,0.045121707,0.8718321
907,A,A,0.7012014,0.05091936,0.24787933
908,C,A,0.5398581,0.060434546,0.39970732
909,A,A,0.9698223,0.0053934534,0.024784332
910,C,C,0.19703431,0.062014613,0.74095106
911,A,A,0.95618606,0.008606819,0.03520703
912,A,A,0.9650872,0.007876612,0.027036263
913,A,A,0.9857578,0.0033152597,0.010926975
914,A,A,0.88843346,0.021490531,0.090076
915,C,C,0.2076245,0.03767003,0.7547055
916,C,C,0.13312332,0.2634569,0.6034197
917,C,C,0.22225894,0.34298822,0.43475282
918,B,B,0.04096394,0.90408754,0.054948505
919,C,C,0.13837093,0.37077165,0.49085742
920,A,A,0.89350766,0.02027684,0.08621552
921,A,A,0.92645466,0.017579062,0.05596621
922,A,B,0.025541222,0.95748585,0.01697291
923,C,C,0.074955344,0.048310723,0.87673396
924,C,B,0.12575704,0.5897991,0.2844439
925,A,A,0.9452593,0.009924841,0.044815887
926,B,B,0.035429407,0.8893359,0.07523473
927,A,A,0.9462523,0.011760856,0.041986816
928,C,C,0.06853526,0.24572492,0.6857398
929,A,A,0.4164488,0.21143712,0.37211418
930,A,A,0.71599746,0.060620222,0.22338234
931,C,C,0.11343075,0.2221356,0.66443366
932,C,A,0.76502025,0.010035681,0.22494407
933,A,B,0.07367174,0.8660423,0.060285904
934,C,A,0.70955426,0.030899137,0.25954658
935,A,A,0.8645069,0.019514984,0.11597803
936,A,A,0.9331924,0.010012342,0.056795336
937,B,B,0.28501633,0.41656008,0.29842362
938,C,B,0.04387125,0.84643984,0.109689
939,C,C,0.24376485,0.14169326,0.6145419
940,B,B,0.061134204,0.8675364,0.0713293
941,B,B,0.03619006,0.9465827,0.017227236
942,A,A,0.84695166,0.030274687,0.12277363
943,B,B,0.061070282,0.8709846,0.0679451
944,C,C,0.1626577,0.19212471,0.64521766
945,B,B,0.09119303,0.8331261,0.07568083
946,C,C,0.21058592,0.22455187,0.56486225
947,A,A,0.9365939,0.02010099,0.043305077
948,C,A,0.8515674,0.04538828,0.103044376
949,C,B,0.06486579,0.7975962,0.13753806
950,B,B,0.14280935,0.51734143,0.3398492
951,B,B,0.07264908,0.8778542,0.049496748
952,B,B,0.01639707,0.8867987,0.09680431
953,B,B,0.09912436,0.8481752,0.052700482
954,C,C,0.09249187,0.3709149,0.5365932
955,B,B,0.1402545,0.803141,0.056604464
956,A,A,0.73153335,0.020086173,0.24838045
957,C,C,0.32904354,0.044672202,0.62628424
958,B,B,0.032243617,0.9287286,0.039027784
959,C,C,0.074332155,0.25260136,0.6730665
960,B,B,0.20237014,0.70393705,0.09369289
961,C,C,0.22390933,0.12375735,0.6523333
962,A,A,0.9841525,0.0038993647,0.011948163
963,C,C,0.055237938,0.09197306,0.852789
964,B,B,0.08398892,0.85768735,0.05832378
965,C,A,0.48034123,0.042291112,0.47736767
966,B,B,0.13235092,0.81761247,0.050036673
967,C,C,0.06585474,0.04128554,0.8928597
968,A,A,0.7926706,0.048636813,0.15869257
969,B,B,0.016125172,0.9784918,0.0053830543
970,A,A,0.9640282,0.0064597283,0.029512083
971,B,B,0.04528044,0.72048426,0.23423536
972,B,B,0.080083236,0.82854044,0.091376305
973,A,A,0.98134226,0.0014571944,0.017200578
974,C,C,0.16938125,0.3505418,0.48007694
975,C,C,0.20657589,0.06268015,0.730744
976,A,A,0.97744685,0.0024346984,0.020118434
977,A,A,0.9816514,0.002004984,0.016343646
978,A,A,0.72198564,0.11961016,0.1584042
979,A,A,0.9783313,0.0033852004,0.018283518
980,B,B,0.042064685,0.9008337,0.05710157
981,A,A,0.92908096,0.027174454,0.043744583
982,C,C,0.059479766,0.10161269,0.83890754
983,B,B,0.04139554,0.77810675,0.18049766
984,C,A,0.4871143,0.11244279,0.40044293
985,B,B,0.046505693,0.9345396,0.018954678
986,B,B,0.046426345,0.89768714,0.055886444
987,A,A,0.95210457,0.0066014156,0.041293997
988,A,A,0.9698408,0.010466117,0.019693121
989,A,A,0.9119531,0.010549331,0.07749751
990,C,C,0.29741055,0.09155496,0.61103445
991,A,A,0.9651909,0.0048819077,0.029927311
992,B,C,0.3977272,0.117749035,0.48452374
993,C,B,0.042967197,0.73299915,0.22403371
994,B,B,0.077480026,0.88905865,0.03346125
995,B,C,0.12509286,0.36855772,0.5063494
996,A,A,0.9615681,0.009769206,0.028662749
997,C,C,0.04723435,0.10408798,0.8486777
998,A,A,0.9796524,0.0028914094,0.017456133
999,C,C,0.07183121,0.12132817,0.8068406
1000,B,B,0.021208765,0.92187345,0.05691768
1001,C,A,0.47282535,0.06604848,0.46112618
1002,A,A,0.5371569,0.083068475,0.3797746
1003,A,A,0.9014533,0.03708655,0.061460204
1004,C,C,0.072969705,0.088560365,0.8384699
1005,C,C,0.14374445,0.082416005,0.77383953
1006,B,B,0.018558895,0.9677151,0.013726099
1007,B,B,0.05910557,0.8736225,0.06727193
1008,B,B,0.047097288,0.65777373,0.29512903
1009,A,A,0.9150296,0.014268597,0.07070172
1010,B,B,0.0714923,0.8930484,0.03545931
1011,C,A,0.65012944,0.03609216,0.31377843
1012,B,B,0.058589734,0.6822257,0.25918448
1013,B,B,0.25300038,0.6480717,0.098927915
1014,B,B,0.059721388,0.7845942,0.15568443
1015,B,B,0.03097506,0.9581663,0.010858626
1016,B,B,0.040893324,0.94004786,0.01905877
1017,C,A,0.56986654,0.14427996,0.2858535
1018,C,C,0.05141454,0.023141032,0.9254445
1019,B,B,0.052914478,0.91336143,0.033724044
1020,B,B,0.118357845,0.74650705,0.13513514
1021,C,C,0.16168112,0.042254616,0.79606426
1022,B,A,0.64127225,0.25731432,0.10141342
1023,C,C,0.33881062,0.06015021,0.6010391
1024,C,A,0.7862849,0.07262218,0.14109291
1025,B,B,0.24165511,0.5059077,0.25243717
1026,C,C,0.038483724,0.1597912,0.80172503
1027,C,C,0.10457166,0.16083658,0.7345917
1028,B,B,0.06139953,0.90305823,0.035542287
1029,B,B,0.061800994,0.8652035,0.07299548
1030,B,B,0.096137814,0.8722563,0.03160593
1031,B,B,0.02908684,0.95047337,0.020439772
1032,B,B,0.027587352,0.90067637,0.071736276
1033,B,B,0.03613059,0.9098089,0.054060508
1034,C,C,0.18309726,0.23051137,0.5863914
1035,B,B,0.019084414,0.970761,0.010154523
1036,A,A,0.8228083,0.07116474,0.10602697
1037,A,A,0.70672923,0.089059435,0.20421132
1038,B,A,0.61655796,0.20633921,0.17710273
1039,A,A,0.9418438,0.016478702,0.041677464
1040,B,B,0.1895953,0.5183456,0.29205906
1041,B,B,0.024405945,0.92349446,0.052099545
1042,B,B,0.17693703,0.7643587,0.058704264
1043,B,B,0.14033389,0.7868983,0.072767764
1044,B,B,0.05776136,0.710487,0.23175168
1045,B,B,0.09705428,0.80850405,0.09444163
1046,B,B,0.14092563,0.64214283,0.21693154
1047,B,A,0.86466473,0.06901626,0.06631903
1048,C,A,0.9289275,0.011790615,0.0592819
1049,C,C,0.21214698,0.23347464,0.5543784
1050,C,A,0.7418494,0.13698028,0.12117028
1051,B,B,0.3183695,0.55213445,0.12949605
1052,A,A,0.9631314,0.012298066,0.024570486
1053,C,C,0.18916182,0.23862042,0.57221776
1054,B,B,0.20752385,0.673395,0.11908109
1055,B,B,0.051963627,0.70526046,0.24277595
1056,A,A,0.89109385,0.016566567,0.09233956
1057,A,A,0.940007,0.008435253,0.051557768
1058,C,C,0.15205441,0.029423725,0.81852186
1059,A,A,0.9223773,0.017213518,0.060409285
1060,C,C,0.1206813,0.03415177,0.8451669
1061,B,B,0.013734088,0.93992555,0.046340376
1062,B,B,0.05471631,0.9231641,0.022119509
1063,A,A,0.8213973,0.04160601,0.13699669
1064,B,A,0.7147485,0.122419074,0.16283241
1065,C,A,0.74139315,0.033283066,0.22532378
1066,B,B,0.061901204,0.9152099,0.022888953
1067,B,B,0.072801575,0.8435343,0.08366418
1068,B,B,0.27541807,0.63671005,0.08787183
1069,B,B,0.027274238,0.9612039,0.011521891
1070,A,A,0.9855322,0.001573999,0.012893787
1071,A,A,0.96848273,0.004154306,0.027362932
1072,C,C,0.111015536,0.06914655,0.8198379
1073,B,B,0.15860409,0.7476166,0.09377936
1074,C,B,0.036148366,0.5515228,0.4123288
1075,B,B,0.014247128,0.97460157,0.011151282
1076,C,C,0.17246181,0.022752674,0.80478555
1077,C,C,0.1847872,0.20008841,0.6151244
1078,C,C,0.16454116,0.06988201,0.7655768
1079,B,B,0.0156155005,0.80415505,0.18022949
1080,A,A,0.7711365,0.027836721,0.20102675
1081,A,A,0.8124767,0.052702215,0.13482115
1082,A,A,0.9831245,0.0020183804,0.014857171
1083,A,A,0.7228412,0.15798774,0.11917105
1084,A,A,0.9799483,0.002477879,0.017573869
1085,C,C,0.10106579,0.14704011,0.7518941
1086,C,A,0.5568013,0.053368066,0.3898306
1087,B,B,0.036464013,0.9030828,0.060453232
1088,A,A,0.840125,0.08105301,0.07882199
1089,C,C,0.1259915,0.09124663,0.7827618
1090,A,A,0.89598733,0.020589389,0.0834233
1091,B,B,0.05073069,0.9067449,0.042524427
1092,C,C,0.18619353,0.09056006,0.7232464
1093,B,B,0.15889636,0.77954304,0.06156063
1094,C,C,0.05314399,0.18080167,0.7660544
1095,A,A,0.9630991,0.0026998173,0.034201052
1096,A,A,0.99095577,0.001361897,0.007682349
1097,A,B,0.4041425,0.50939226,0.08646522
1098,B,B,0.084898084,0.8350129,0.08008899
1099,A,A,0.9737534,0.00334575,0.022900809
1100,C,C,0.26476014,0.14453165,0.5907082
1101,A,A,0.818496,0.078481175,0.10302296
1102,C,A,0.53561485,0.062266674,0.4021185
1103,C,C,0.12663922,0.04619213,0.8271687
1104,A,A,0.8216731,0.060549725,0.117777154
1105,A,A,0.97588056,0.007957976,0.016161466
1106,C,A,0.6743678,0.04415231,0.28147995
1107,B,B,0.05705101,0.9132228,0.029726144
1108,A,A,0.9058054,0.014253105,0.07994149
1109,A,A,0.6705056,0.16873412,0.16076034
1110,C,C,0.094131224,0.19394478,0.71192396
1111,A,A,0.82795185,0.030225419,0.14182273
1112,A,A,0.9743809,0.0026614093,0.022957673
1113,C,C,0.19907059,0.38230926,0.4186202
1114,A,A,0.98630303,0.0021967657,0.011500142
1115,C,A,0.4932485,0.15944818,0.3473033
1116,B,B,0.011894685,0.9657012,0.022404019
1117,C,A,0.5775791,0.028384155,0.39403683
1118,B,B,0.030356387,0.9552499,0.014393722
1119,A,A,0.7420149,0.07559675,0.1823884
1120,A,A,0.8860875,0.035054497,0.07885792
1121,A,A,0.90468085,0.04632836,0.048990816
1122,B,B,0.022069555,0.93572605,0.04220451
1123,A,A,0.8273398,0.035997827,0.1366623
1124,B,B,0.0078071407,0.9835275,0.008665447
1125,C,A,0.7021551,0.044820566,0.25302425
1126,C,C,0.130024,0.15949635,0.7104797
1127,A,A,0.9155817,0.0074775503,0.0769407
1128,A,A,0.71064174,0.06376393,0.2255943
1129,C,B,0.031110127,0.6803352,0.28855464
1130,A,A,0.74283797,0.0736403,0.1835217
1131,A,A,0.9049715,0.031361997,0.063666485
1132,C,C,0.099819586,0.07658471,0.8235957
1133,B,B,0.14561461,0.75941855,0.09496689
1134,C,A,0.59028906,0.24036159,0.16934942
1135,A,A,0.8260454,0.02363102,0.1503236
1136,C,C,0.05845738,0.1053773,0.8361653
1137,B,B,0.056722205,0.91053534,0.032742497
1138,C,C,0.25383022,0.2604479,0.48572192
1139,C,A,0.5184638,0.042825192,0.43871108
1140,C,A,0.9449161,0.0065632816,0.04852065
1141,B,B,0.19903137,0.7084233,0.092545204
1142,B,B,0.12678297,0.5524962,0.32072085
1143,C,C,0.08848232,0.10050929,0.81100833
1144,B,B,0.02383109,0.75867903,0.21748991
1145,B,A,0.7373169,0.04450675,0.2181763
1146,C,C,0.13691404,0.11926302,0.743823
1147,A,A,0.67457914,0.099478036,0.22594287
1148,A,A,0.9524579,0.004092296,0.043449804
1149,C,C,0.32524467,0.07056493,0.6041904
1150,B,B,0.12464608,0.7992682,0.07608572
1151,A,A,0.9174476,0.022461655,0.060090713
1152,C,C,0.044901006,0.21551567,0.73958325
1153,B,B,0.048465397,0.91164154,0.03989303
1154,C,C,0.4234729,0.039272495,0.5372546
1155,A,A,0.9450987,0.015592068,0.03930925
1156,A,A,0.9355553,0.023148816,0.04129582
1157,C,C,0.07827444,0.030100401,0.8916252
1158,A,A,0.9591308,0.013955956,0.026913201
1159,B,B,0.07841964,0.8885288,0.033051502
1160,B,B,0.19759598,0.7205362,0.08186788
1161,C,A,0.70656157,0.01918299,0.27425537
1162,A,A,0.85114527,0.0160353,0.13281938
1163,C,C,0.039270155,0.40291378,0.5578161
1164,C,B,0.18113582,0.70265776,0.116206355
1165,C,C,0.24227467,0.21195878,0.54576653
1166,B,B,0.073283374,0.57140803,0.35530868
1167,B,B,0.06636837,0.6529304,0.2807013
1168,C,C,0.060893115,0.24965562,0.6894513
1169,A,A,0.8146699,0.05976956,0.12556046
1170,B,B,0.008178881,0.9702238,0.021597324
1171,C,A,0.69989455,0.1704589,0.12964657
1172,C,C,0.16163604,0.17253637,0.6658276
1173,A,A,0.79934555,0.01767344,0.182981
1174,A,A,0.71823424,0.17720081,0.10456494
1175,C,C,0.069258384,0.20273814,0.7280035
1176,B,B,0.2289643,0.6846837,0.08635202
1177,B,B,0.050625928,0.78993464,0.15943949
1178,B,B,0.013294782,0.98070586,0.0059992694
1179,B,B,0.15127912,0.79742,0.0513009
1180,A,A,0.98231953,0.0032340968,0.014446338
1181,B,B,0.06437902,0.90007305,0.03554796
1182,A,A,0.6702942,0.16665435,0.16305149
1183,B,B,0.11383516,0.77849376,0.10767112
1184,B,B,0.06257123,0.8973875,0.040041268
1185,A,A,0.96683574,0.0074299127,0.025734333
1186,B,B,0.06909127,0.858247,0.07266183
1187,B,B,0.084362544,0.61344033,0.30219707
1188,A,A,0.83673835,0.087395884,0.075865746
1189,C,C,0.083877556,0.047931958,0.86819047
1190,B,B,0.052734274,0.9291222,0.018143475
1191,C,C,0.13258146,0.27630463,0.5911139
1192,B,B,0.042504482,0.9164024,0.04109309
1193,B,B,0.069799624,0.898132,0.03206832
1194,A,A,0.9785795,0.0028517123,0.018568665
1195,B,B,0.05296457,0.91851807,0.028517367
1196,A,A,0.7020946,0.13270655,0.16519894
1197,C,C,0.07824987,0.31640568,0.6053445
1198,C,C,0.11849216,0.029248806,0.852259
1199,A,A,0.9342944,0.012031224,0.05367435
1200,A,A,0.939591,0.0087959105,0.05161314
1201,B,B,0.04427705,0.8383599,0.1173631
1202,A,B,0.03950275,0.9127467,0.047750574
1203,A,B,0.05642804,0.7650371,0.17853484
1204,C,C,0.3032766,0.06592317,0.6308002
1205,B,B,0.045505654,0.915276,0.03921834
1206,C,C,0.054259274,0.3413698,0.60437095
1207,C,C,0.2760982,0.0753693,0.64853245
1208,C,A,0.8020171,0.056474134,0.1415088
1209,A,A,0.9831087,0.0021072475,0.014784044
1210,A,A,0.9568159,0.0091379015,0.03404615
1211,B,B,0.08540013,0.88494605,0.029653797
1212,B,B,0.19601716,0.6996377,0.10434514
1213,B,B,0.17117149,0.7625625,0.06626594
1214,B,B,0.06625853,0.8701937,0.06354778
1215,C,C,0.27201417,0.017278764,0.71070707
1216,C,C,0.41729683,0.056675505,0.5260276
1217,B,B,0.114879005,0.81897175,0.06614924
1218,A,A,0.9887,0.0017447895,0.009555249
1219,B,B,0.1817432,0.6876109,0.13064587
1220,B,B,0.0032644141,0.9916122,0.0051233405
1221,A,A,0.9033993,0.01585785,0.080742784
1222,B,B,0.008723872,0.95809835,0.03317771
1223,C,B,0.08879121,0.79843396,0.11277491
1224,A,A,0.7948987,0.023414439,0.18168685
1225,A,A,0.9207877,0.023249408,0.055962875
1226,A,A,0.8517121,0.04962746,0.09866048
1227,C,C,0.14778951,0.038587727,0.8136227
1228,A,A,0.9197194,0.031688154,0.04859244
1229,A,B,0.3372504,0.5260291,0.13672057
1230,C,C,0.40049285,0.048159566,0.5513476
1231,B,A,0.9931941,0.00087272096,0.0059331586
1232,C,B,0.06366452,0.63871527,0.29762015
1233,C,A,0.5038206,0.15556593,0.3406135
1234,C,B,0.34892622,0.51753277,0.13354103
1235,A,B,0.3259044,0.5871359,0.086959705
1236,C,C,0.18023488,0.069681145,0.7500839
1237,B,B,0.31332013,0.58909774,0.09758217
1238,C,C,0.06284251,0.1914552,0.7457023
1239,C,C,0.094473734,0.07802915,0.8274971
1240,B,B,0.12940128,0.7719632,0.09863557
1241,A,A,0.60008955,0.2478801,0.15203032
1242,C,C,0.2911474,0.1157918,0.5930608
1243,C,C,0.3433639,0.085497655,0.5711385
1244,B,B,0.023023125,0.9630497,0.013927212
1245,B,C,0.2733007,0.16176969,0.56492966
1246,A,A,0.9687237,0.0033907488,0.027885541
1247,C,C,0.10444611,0.07578131,0.81977254
1248,B,A,0.5845304,0.17237091,0.2430987
1249,C,A,0.6985643,0.05731008,0.24412559
1250,C,C,0.054438766,0.040231362,0.9053298
1251,C,A,0.42412642,0.3462311,0.22964253
1252,B,B,0.08282726,0.8769988,0.04017398
1253,A,A,0.9539614,0.008457757,0.037580855
1254,C,C,0.050815407,0.08904542,0.8601392
1255,C,A,0.7897112,0.048463777,0.16182512
1256,C,C,0.097085714,0.07652128,0.826393
1257,A,A,0.965766,0.0028464175,0.03138749
1258,C,C,0.039336383,0.282712,0.6779516
1259,B,B,0.04232702,0.93231946,0.025353499
1260,C,C,0.10380946,0.14764634,0.7485442
1261,B,B,0.12811466,0.64435303,0.22753234
1262,B,B,0.019941844,0.9647195,0.015338683
1263,C,C,0.19627856,0.10391946,0.699802
1264,C,C,0.41422346,0.08682404,0.4989525
1265,A,A,0.8835679,0.01708163,0.099350475
1266,C,C,0.03298302,0.11526033,0.85175663
1267,B,B,0.07465841,0.87612885,0.049212787
1268,B,B,0.0137378555,0.9646887,0.021573441
1269,A,A,0.7383234,0.13797736,0.12369929
1270,C,C,0.35759747,0.05607531,0.58632725
1271,A,A,0.96018344,0.010345656,0.02947092
1272,A,A,0.9309307,0.018628312,0.050440975
1273,C,A,0.94187456,0.012556194,0.045569256
1274,B,B,0.028840069,0.9539386,0.017221281
1275,B,B,0.09410403,0.8519873,0.053908627
1276,A,A,0.97690487,0.0048483177,0.018246869
1277,A,A,0.96377265,0.009621504,0.02660585
1278,A,A,0.98196125,0.002408955,0.015629819
1279,C,C,0.2073686,0.04028977,0.75234157
1280,C,C,0.33354613,0.16285175,0.50360215
1281,C,C,0.10283251,0.019703643,0.8774639
1282,B,B,0.042188533,0.9245359,0.03327556
1283,A,A,0.97790545,0.0037424772,0.018352084
1284,C,A,0.7036981,0.049029555,0.24727231
1285,A,A,0.9656501,0.005454999,0.028894823
1286,A,A,0.9928791,0.0008977621,0.0062232083
1287,C,B,0.08972258,0.7223252,0.18795225
1288,C,C,0.34898883,0.09042456,0.56058663
1289,C,A,0.7238784,0.033462413,0.24265921
1290,C,B,0.034699224,0.56141543,0.40388536
1291,C,A,0.7691688,0.024597408,0.2062338
1292,A,A,0.8992066,0.027317893,0.07347556
1293,B,B,0.066980064,0.79836047,0.13465953
1294,A,A,0.8551203,0.086760186,0.058119528
1295,A,A,0.9387207,0.009096961,0.052182402
1296,A,A,0.92320013,0.019643083,0.057156824
1297,A,B,0.042928413,0.83692217,0.12014954
1298,B,B,0.041033644,0.620482,0.3384844
1299,A,A,0.88883615,0.026314983,0.08484885
1300,A,A,0.95984375,0.011117193,0.029039122
1301,B,B,0.14079882,0.6516674,0.2075338
1302,B,B,0.07631842,0.8731489,0.05053268
1303,A,A,0.92081136,0.008310067,0.07087861
1304,C,A,0.8218122,0.023951167,0.15423663
1305,B,B,0.031815045,0.64134437,0.32684058
1306,B,B,0.05003218,0.91843575,0.031532068
1307,B,B,0.008711699,0.98588353,0.005404787
1308,C,C,0.124304555,0.049549248,0.8261462
1309,A,A,0.9069839,0.016970856,0.076045245
1310,C,C,0.04290806,0.07930335,0.8777886
1311,B,B,0.056649797,0.8061652,0.13718499
1312,A,A,0.9282501,0.012906268,0.05884367
1313,A,A,0.98403096,0.0035419927,0.01242705
1314,A,A,0.9814486,0.0031508727,0.015400594
1315,C,C,0.14645246,0.18578805,0.66775954
1316,A,A,0.8918447,0.015929522,0.09222574
1317,B,B,0.03403394,0.94628346,0.019682528
1318,A,A,0.9443751,0.009457711,0.04616726
1319,C,B,0.055011317,0.6291857,0.31580296
1320,C,C,0.118940905,0.037154306,0.8439048
1321,C,C,0.37110364,0.03068192,0.5982144
1322,C,A,0.66823024,0.073913686,0.25785613
1323,A,A,0.95233256,0.011608099,0.036059268
1324,C,C,0.46275425,0.059303734,0.47794208
1325,C,C,0.32513532,0.056887694,0.617977
1326,C,C,0.18646088,0.076164946,0.7373741
1327,A,A,0.8869826,0.0151775805,0.09783989
1328,C,A,0.65035826,0.049052723,0.30058894
1329,B,B,0.14939152,0.7933045,0.057303917
1330,B,B,0.11641291,0.81715846,0.06642865
1331,C,C,0.055699177,0.09573582,0.848565
1332,A,A,0.97324795,0.0034846582,0.023267373
1333,A,A,0.937363,0.024315253,0.03832177
1334,A,A,0.95314455,0.014488748,0.03236675
1335,A,A,0.7669514,0.039552063,0.19349657
1336,B,B,0.06733573,0.47785464,0.45480967
1337,C,C,0.042838186,0.2321049,0.7250569
1338,C,C,0.17831308,0.0645372,0.75714964
1339,C,C,0.08347838,0.024574313,0.89194727
1340,A,A,0.9559867,0.0064841057,0.037529238
1341,B,B,0.0060828114,0.9864451,0.0074721067
1342,A,A,0.9575537,0.007300555,0.03514581
1343,C,B,0.098867334,0.4653902,0.4357425
1344,A,A,0.84085226,0.030168068,0.12897965
1345,A,A,0.93532526,0.0110128075,0.05366193
1346,B,B,0.067795,0.81090564,0.12129935
1347,B,B,0.057625778,0.70034724,0.24202701
1348,B,B,0.109060064,0.5606636,0.33027637
1349,B,B,0.067694575,0.6966791,0.23562631
1350,B,B,0.20592953,0.71450055,0.07956991
1351,B,B,0.046049684,0.9355028,0.018447487
1352,A,A,0.9656406,0.0045766574,0.029782701
1353,A,A,0.88121325,0.024322115,0.094464585
1354,C,C,0.22756107,0.033762407,0.73867655
1355,C,C,0.26979482,0.14375113,0.5864541
1356,C,A,0.8190935,0.07727875,0.10362778
1357,C,B,0.2611679,0.49979362,0.23903851
1358,C,C,0.21338834,0.033543028,0.7530687
1359,A,C,0.3864013,0.108937554,0.5046611
1360,B,B,0.026306938,0.8530357,0.12065736
1361,A,A,0.47712797,0.41793755,0.10493444
1362,B,B,0.009978272,0.9639216,0.026100015
1363,C,C,0.39471638,0.051280253,0.5540034
1364,C,C,0.026654022,0.09300325,0.8803427
1365,B,C,0.102740236,0.19837084,0.69888896
1366,A,A,0.9876801,0.0012048148,0.011115042
1367,C,C,0.114909284,0.060823783,0.8242669
1368,A,A,0.99184376,0.0011244438,0.00703179
1369,B,B,0.09719763,0.85272294,0.050079454
1370,B,B,0.0526495,0.4743361,0.47301438
1371,C,C,0.11952873,0.047755506,0.83271575
1372,C,C,0.23846434,0.021433573,0.7401021
1373,C,C,0.0461112,0.06788544,0.8860034
1374,B,B,0.037114054,0.89559555,0.06729051
1375,A,A,0.6074623,0.044406444,0.34813127
1376,A,A,0.9193815,0.024161302,0.05645716
1377,A,A,0.912169,0.011513117,0.07631791
1378,A,A,0.91668135,0.010225241,0.073093385
1379,A,B,0.14876613,0.754272,0.09696189
1380,C,B,0.043594625,0.5162734,0.440132
1381,B,B,0.1252901,0.6805592,0.19415072
1382,B,B,0.106943175,0.7691731,0.12388373
1383,B,B,0.041084334,0.89810455,0.060811125
1384,A,A,0.87727535,0.025785292,0.09693928
1385,B,B,0.04333392,0.9058005,0.050865468
1386,A,A,0.9797125,0.0057976968,0.014489778
1387,B,B,0.06862447,0.8197603,0.11161527
1388,B,B,0.109452434,0.82004184,0.07050579
1389,C,A,0.5781898,0.016204668,0.40560544
1390,A,A,0.96420825,0.0071674064,0.028624397
1391,A,A,0.97142684,0.00546387,0.023109348
1392,B,B,0.097202495,0.86252075,0.040276762
1393,A,A,0.9132469,0.010640902,0.07611209
1394,A,A,0.91131896,0.018687926,0.06999305
1395,B,C,0.32119542,0.11001324,0.5687914
1396,B,B,0.26968566,0.409154,0.32116032
1397,C,C,0.3139987,0.06752577,0.6184755
1398,C,C,0.16049047,0.06308334,0.7764262
1399,A,A,0.96289915,0.0068249367,0.030275857
1400,B,B,0.08971875,0.5701887,0.34009257
1401,B,B,0.07118177,0.86254865,0.06626967
1402,B,B,0.1438159,0.7583587,0.09782531
1403,C,A,0.571552,0.033799507,0.39464846
1404,A,A,0.98226607,0.0034751382,0.014258817
1405,A,A,0.69840825,0.17878985,0.12280188
1406,A,A,0.9445853,0.011159817,0.044254906
1407,C,B,0.05761818,0.55099773,0.39138407
1408,A,A,0.76395065,0.14532946,0.09071991
1409,B,B,0.015051775,0.9709745,0.013973746
1410,B,B,0.041646443,0.87385654,0.084497035
1411,B,B,0.020292394,0.9584859,0.021221654
1412,B,B,0.06478874,0.65265256,0.28255868
1413,A,A,0.78666097,0.09552213,0.11781687
1414,B,B,0.022715205,0.910201,0.06708387
1415,C,C,0.08378109,0.1555304,0.7606885
1416,C,C,0.07480577,0.04243943,0.8827548
1417,B,B,0.07213891,0.8617725,0.06608862
1418,B,B,0.06606381,0.87143207,0.06250412
1419,A,A,0.831864,0.022970187,0.14516576
1420,B,B,0.36130595,0.37168628,0.2670077
1421,A,B,0.4197852,0.46219,0.118024774
1422,B,B,0.02971808,0.91140646,0.05887539
1423,C,C,0.08492542,0.06404601,0.85102856
1424,C,C,0.4510508,0.05756858,0.4913806
1425,B,B,0.095947295,0.86544,0.038612653
1426,B,B,0.08234773,0.8469983,0.070654005
1427,C,C,0.25019148,0.07731215,0.6724964
1428,B,B,0.17648967,0.6975901,0.12592031
1429,A,A,0.61135787,0.030440256,0.35820186
1430,A,A,0.96050084,0.008732541,0.030766657
1431,B,B,0.072113246,0.88511777,0.04276896
1432,B,B,0.029653637,0.93542033,0.034926087
1433,B,B,0.048373237,0.5786437,0.37298304
1434,C,C,0.043233644,0.038065206,0.9187012
1435,A,A,0.92895854,0.011512823,0.059528645
1436,A,A,0.8107917,0.058146495,0.13106184
1437,C,B,0.07948165,0.82608867,0.09442969
1438,C,B,0.33204573,0.37120146,0.29675278
1439,C,C,0.43080297,0.06620634,0.50299066
1440,B,B,0.037105273,0.87407154,0.08882325
1441,B,B,0.3153606,0.6200969,0.06454247
1442,B,B,0.04742284,0.883781,0.06879612
1443,B,B,0.024203874,0.961122,0.014674197
1444,B,B,0.24276613,0.6384318,0.11880209
1445,C,B,0.080750436,0.72741026,0.19183925
1446,C,C,0.13515165,0.037518635,0.82732975
1447,C,A,0.6721946,0.019097539,0.30870786
1448,C,C,0.17657098,0.050526436,0.7729026
1449,C,C,0.14971222,0.045920327,0.8043674
1450,A,A,0.6947569,0.11141033,0.19383284
1451,C,C,0.13739523,0.08249097,0.7801139
1452,B,B,0.010816114,0.97896636,0.010217503
1453,B,B,0.043740913,0.912269,0.043990072
1454,B,B,0.11743313,0.7714144,0.11115237
1455,B,B,0.024587423,0.9494474,0.02596521
1456,B,B,0.07326344,0.8839514,0.042785164
1457,B,B,0.040620457,0.9402019,0.019177666
1458,C,C,0.053771652,0.30058965,0.6456387
1459,C,A,0.79953814,0.0230613,0.17740057
1460,C,C,0.09131506,0.053949554,0.8547354
1461,A,A,0.87894654,0.015736543,0.10531688
1462,C,B,0.040481437,0.8423883,0.11713028
1463,C,C,0.027417311,0.04373233,0.92885035
1464,A,A,0.97272336,0.0074476055,0.019828998
1465,A,A,0.90899545,0.042095225,0.048909377
1466,B,B,0.02128547,0.96757287,0.011141657
1467,A,A,0.9767297,0.0034156085,0.01985466
1468,A,A,0.95070046,0.01434942,0.034950126
1469,C,C,0.082431406,0.3892675,0.52830106
1470,B,C,0.11020562,0.272807,0.6169874
1471,B,B,0.10984046,0.7472927,0.1428668
1472,B,B,0.11709333,0.80265886,0.080247805
1473,A,A,0.54902047,0.030285876,0.4206936
1474,C,A,0.82733047,0.031147523,0.141522
1475,B,B,0.027246805,0.9436984,0.029054798
1476,A,B,0.3074773,0.45928594,0.2332367
1477,A,A,0.9727409,0.005578618,0.021680519
1478,C,C,0.047544345,0.25692904,0.69552654
1479,B,B,0.12688255,0.4384986,0.4346189
1480,C,C,0.17031375,0.38469225,0.444994
1481,A,B,0.4325008,0.487533,0.07996623
1482,B,B,0.029429633,0.9555142,0.015056286
1483,B,B,0.02408808,0.95890903,0.017002977
1484,B,B,0.2116723,0.59218246,0.19614527
1485,C,C,0.19324917,0.043310314,0.7634405
1486,B,B,0.050079208,0.9039005,0.046020314
1487,A,A,0.96348864,0.0070017683,0.029509585
1488,B,B,0.115555584,0.8346574,0.04978703
1489,B,B,0.020901944,0.9022937,0.07680435
1490,C,C,0.18971442,0.10435747,0.7059281
1491,A,B,0.17185867,0.42403537,0.4041059
1492,A,B,0.33221474,0.5338106,0.13397464
1493,A,A,0.9229273,0.018691784,0.058380928
1494,A,A,0.8095251,0.0721151,0.118359804
1495,A,A,0.94956166,0.00957272,0.040865697
1496,C,C,0.15543328,0.22168484,0.6228819
1497,A,A,0.8491169,0.048047815,0.10283517
1498,A,A,0.9390475,0.013936851,0.047015652
1499,B,B,0.016824836,0.96868134,0.01449382
1500,C,C,0.04990405,0.13487104,0.8152249
1501,B,B,0.029305449,0.9256865,0.04500805
1502,A,A,0.92171454,0.018262519,0.06002294
1503,B,B,0.29133004,0.58648837,0.122181535
1504,A,A,0.779808,0.1098764,0.11031566
1505,B,B,0.24193774,0.69462353,0.06343879
1506,A,A,0.9322859,0.016371679,0.05134231
1507,A,A,0.9118095,0.02793501,0.060255475
1508,C,C,0.3722802,0.12886438,0.49885547
1509,B,B,0.16869763,0.6851561,0.1461463
1510,A,B,0.045625098,0.72797436,0.22640051
1511,B,B,0.17660257,0.7120785,0.111319005
1512,A,A,0.9858393,0.0023110006,0.011849633
1513,C,C,0.15282278,0.39394274,0.45323443
1514,C,C,0.27737966,0.1869866,0.53563374
1515,C,C,0.061453294,0.32564783,0.6128988
1516,C,A,0.35098183,0.2994953,0.3495229
1517,C,A,0.97095394,0.0019314833,0.027114617
1518,C,C,0.075093985,0.09478494,0.83012104
1519,C,C,0.26076117,0.120234214,0.61900467
1520,C,C,0.032301575,0.04377895,0.9239195
1521,C,C,0.17136192,0.071739495,0.7568986
1522,B,B,0.038945023,0.93659234,0.024462663
1523,C,C,0.19408134,0.095250964,0.7106677
1524,A,A,0.46825224,0.20578586,0.32596195
1525,B,B,0.037575018,0.9317855,0.030639354
1526,A,A,0.9620194,0.011192933,0.026787657
1527,C,C,0.35657668,0.06915736,0.574266
1528,A,A,0.94506395,0.006098763,0.048837285
1529,A,A,0.9741833,0.0033188425,0.02249789
1530,A,A,0.9751756,0.003088169,0.021736221
1531,A,A,0.8788412,0.026210142,0.094948664
1532,B,B,0.0132786585,0.9626279,0.024093483
1533,A,A,0.8024329,0.0763245,0.12124258
1534,A,A,0.8306713,0.08412848,0.085200205
1535,C,A,0.5904351,0.10746549,0.30209947
1536,A,A,0.6983244,0.14788975,0.15378578
1537,B,B,0.18479759,0.4630509,0.35215145
1538,B,B,0.017042698,0.9738548,0.009102428
1539,C,C,0.14662386,0.027587462,0.8257887
1540,A,A,0.7410957,0.059662897,0.19924131
1541,B,B,0.07795726,0.8764337,0.045609098
1542,B,C,0.1598092,0.1465303,0.6936605
1543,A,A,0.9250539,0.020669885,0.05427628
1544,C,C,0.298668,0.060388826,0.6409431
1545,C,C,0.08957613,0.062610835,0.847813
1546,C,C,0.021303104,0.16001403,0.8186829
1547,B,B,0.02856323,0.95512044,0.016316336
1548,B,B,0.031673808,0.9501237,0.018202439
1549,B,B,0.029316317,0.88281596,0.08786767
1550,B,B,0.05372318,0.6776127,0.26866415
1551,B,B,0.096115336,0.8680035,0.035881184
1552,B,B,0.23411405,0.66666085,0.09922517
1553,A,A,0.98918587,0.0021406766,0.008673347
1554,C,C,0.0903033,0.07424342,0.8354532
1555,A,A,0.9733016,0.0061955554,0.02050283
1556,A,A,0.9125311,0.022320269,0.06514867
1557,A,A,0.9107617,0.021582216,0.067656115
1558,C,C,0.051190313,0.0787702,0.8700395
1559,C,C,0.038856745,0.28987122,0.67127204
1560,A,A,0.4853871,0.10565314,0.40895975
1561,C,C,0.19071536,0.041219432,0.7680652
1562,C,A,0.80302155,0.015544206,0.18143424
1563,C,C,0.052148152,0.11516421,0.8326876
1564,C,C,0.04872394,0.20935382,0.74192226
1565,B,B,0.018428765,0.93515354,0.046417672
1566,B,B,0.023229029,0.92655545,0.050215475
1567,A,A,0.9128692,0.007973508,0.07915726
1568,C,C,0.06240633,0.0928295,0.8447642
1569,A,A,0.87615055,0.01558022,0.10826924
1570,C,C,0.25291887,0.11639509,0.6306861
1571,C,C,0.07582674,0.3422051,0.5819681
1572,B,B,0.031355884,0.93078285,0.03786125
1573,B,B,0.029459652,0.94988066,0.020659704
1574,C,C,0.19575226,0.021262886,0.7829848
1575,A,A,0.9478114,0.008405211,0.043783385
1576,B,B,0.26868427,0.56790054,0.16341512
1577,C,C,0.2771738,0.10378466,0.61904156
1578,B,A,0.491232,0.2870238,0.2217441
1579,C,C,0.34361893,0.06986362,0.58651745
1580,A,A,0.95415455,0.003427059,0.042418405
1581,B,B,0.035953343,0.9371458,0.026900757
1582,A,B,0.17720102,0.75001955,0.07277943
1583,C,C,0.041810304,0.029943721,0.92824596
1584,B,A,0.63380516,0.053871147,0.3123237
1585,B,B,0.026382904,0.8799732,0.0936439
1586,B,A,0.62888944,0.26735416,0.10375641
1587,A,A,0.9750965,0.005068721,0.019834826
1588,A,A,0.94276077,0.009587406,0.047651812
1589,A,B,0.4344191,0.4347295,0.13085145
1590,B,B,0.019450273,0.96098566,0.019564109
1591,C,C,0.10254305,0.07574602,0.82171094
1592,A,A,0.88105255,0.018761316,0.10018611
1593,A,A,0.9624316,0.0074747587,0.030093603
1594,C,C,0.09029946,0.14437668,0.7653239
1595,A,A,0.92935795,0.013703252,0.05693876
1596,C,C,0.052404117,0.035718028,0.9118779
1597,B,B,0.23585299,0.6725447,0.09160225
1598,A,A,0.94367474,0.016257072,0.040068116
1599,A,A,0.8259839,0.033827875,0.14018825
1600,A,A,0.974532,0.0031023873,0.022365583
1601,C,C,0.03163487,0.054361522,0.9140036
1602,A,A,0.404716,0.21251233,0.38277164
1603,B,B,0.040117733,0.9246846,0.035197742
1604,A,A,0.97468966,0.0045021055,0.02080826
1605,C,A,0.6509322,0.05713291,0.29193488
1606,B,B,0.030167196,0.9017004,0.06813249
1607,C,C,0.074270435,0.29987168,0.6258579
1608,B,B,0.018771058,0.96604586,0.0151831405
1609,C,C,0.15677659,0.0623301,0.7808934
1610,A,A,0.9682423,0.006709853,0.025047982
1611,A,B,0.06340437,0.78657365,0.15002209
1612,A,A,0.9802357,0.002489768,0.017274555
1613,B,B,0.056925107,0.9012402,0.04183467
1614,A,A,0.9888764,0.0017675248,0.009356022
1615,C,C,0.39585122,0.06422927,0.53991956
1616,A,B,0.20873381,0.52147424,0.26979187
1617,C,C,0.17047304,0.09830558,0.7312214
1618,A,A,0.94631624,0.010274354,0.04340944
1619,C,A,0.60925573,0.030012948,0.36073133
1620,C,C,0.2712052,0.04300427,0.68579054
1621,C,C,0.13174178,0.12604068,0.74221754
1622,A,A,0.77111614,0.04519111,0.18369271
1623,C,C,0.05127981,0.116140425,0.83257973
1624,C,B,0.16005263,0.7611603,0.07878696
1625,A,A,0.9771507,0.0037856891,0.019063674
1626,A,A,0.9348167,0.0035697706,0.061613508
1627,A,A,0.88934743,0.031626742,0.07902576
1628,C,C,0.14315471,0.0400665,0.8167788
1629,C,A,0.8472711,0.060246676,0.09248231
1630,B,B,0.028081292,0.8909713,0.08094742
1631,A,A,0.980253,0.0037050478,0.016041994
1632,C,B,0.13282277,0.5108763,0.35630098
1633,A,A,0.8811219,0.016752604,0.10212552
1634,C,B,0.127605,0.44625667,0.42613828
1635,C,C,0.09903633,0.06796827,0.8329954
1636,B,B,0.043353572,0.93717027,0.019476103
1637,A,A,0.97043455,0.0067505687,0.022814926
1638,B,B,0.050805036,0.8821154,0.06707958
1639,A,A,0.95794624,0.014653054,0.0274007
1640,B,B,0.2662949,0.6641891,0.06951603
1641,B,B,0.02332321,0.96305513,0.013621639
1642,B,B,0.021018157,0.9556478,0.023333967
1643,A,A,0.8894148,0.020831773,0.089753464
1644,C,C,0.1529352,0.09946126,0.74760354
1645,A,A,0.967556,0.008497141,0.023946863
1646,C,C,0.2105246,0.25183898,0.53763634
1647,C,A,0.810336,0.019542664,0.17012136
1648,C,C,0.09796153,0.25268212,0.64935637
1649,B,B,0.04127086,0.9383499,0.020379204
1650,B,A,0.5812609,0.07139701,0.34734207
1651,C,C,0.08416179,0.077538855,0.8382994
1652,A,A,0.95640564,0.011709413,0.03188499
1653,A,A,0.97023576,0.0059870505,0.023777165
1654,B,B,0.06338802,0.9030133,0.03359864
1655,C,C,0.3608055,0.114229746,0.5249647
1656,B,B,0.032555774,0.87938166,0.08806267
1657,C,C,0.34012374,0.10038253,0.5594937
1658,B,A,0.63096726,0.15075044,0.2182823
1659,A,A,0.95652735,0.0069150096,0.036557574
1660,C,C,0.03438153,0.11162321,0.8539953
1661,A,A,0.94546896,0.010096622,0.044434417
1662,A,A,0.94004244,0.010258328,0.049699236
1663,B,B,0.020205623,0.9622129,0.017581426
1664,A,A,0.9524795,0.015063157,0.032457344
1665,C,A,0.7927382,0.046717368,0.16054451
1666,A,A,0.95121044,0.010556237,0.03823334
1667,A,A,0.8244384,0.07221674,0.10334479
1668,A,A,0.9198532,0.010470127,0.06967669
1669,A,A,0.9644814,0.00833338,0.027185146
1670,A,C,0.4158008,0.053196497,0.5310027
1671,B,B,0.04092867,0.94372433,0.015347051
1672,A,A,0.9848476,0.002925088,0.012227339
1673,A,A,0.93667006,0.025406675,0.037923254
1674,B,B,0.023466717,0.96060884,0.015924439
1675,C,C,0.09524447,0.07632374,0.82843184
1676,A,A,0.96276104,0.010331371,0.026907597
1677,A,B,0.32598674,0.5878215,0.086191766
1678,C,C,0.06832788,0.23455949,0.69711256
1679,B,B,0.02199104,0.9411295,0.03687942
1680,A,A,0.98356944,0.0033098625,0.0131206885
1681,B,B,0.025963763,0.95365196,0.02038425
1682,B,B,0.031580847,0.9001224,0.068296745
1683,B,B,0.009606076,0.9697234,0.020670475
1684,B,A,0.5405325,0.10789528,0.3515721
1685,B,B,0.06341663,0.9080012,0.028582249
1686,C,C,0.03539819,0.12379184,0.84080994
1687,C,C,0.15369001,0.05583491,0.790475
1688,A,A,0.97948176,0.0033967108,0.017121525
1689,A,A,0.5936344,0.10447973,0.30188587
1690,A,A,0.9429705,0.008034638,0.048994843
1691,C,C,0.054286625,0.051829334,0.893884
1692,C,C,0.053089388,0.10640761,0.840503
1693,C,A,0.9625032,0.0036230437,0.033873793
1694,A,A,0.9613948,0.0051083155,0.03349688
1695,C,C,0.10054185,0.1272651,0.7721931
1696,C,C,0.108001985,0.16525514,0.7267429
1697,A,A,0.9563821,0.014020844,0.029597124
1698,B,B,0.31497952,0.54996157,0.13505891
1699,C,C,0.05509908,0.120428756,0.8244721
1700,B,B,0.031578645,0.9530662,0.0153552005
1701,B,B,0.024947045,0.89041275,0.08464016
1702,C,C,0.14102818,0.3055,0.5534718
1703,B,B,0.02106694,0.916151,0.06278213
1704,A,A,0.98960084,0.00213544,0.008263698
1705,A,A,0.97745436,0.0020397275,0.020505974
1706,B,B,0.12362651,0.81028503,0.06608839
1707,A,A,0.53148496,0.30421185,0.1643032
1708,B,B,0.02869857,0.94260114,0.028700251
1709,C,C,0.063501544,0.027576862,0.90892154
1710,C,C,0.18932155,0.09074972,0.71992874
1711,C,C,0.32184133,0.03876246,0.6393962
1712,C,C,0.15859668,0.114928894,0.72647446
1713,C,C,0.22610188,0.35301572,0.42088243
1714,C,C,0.029337848,0.06642121,0.90424097
1715,C,A,0.6844731,0.048918426,0.26660845
1716,C,C,0.01833824,0.035477497,0.94618434
1717,B,B,0.01172803,0.97918826,0.009083646
1718,A,A,0.8680219,0.020148102,0.11183
1719,C,C,0.13896002,0.1293218,0.73171824
1720,A,A,0.7754443,0.06448889,0.16006686
1721,C,C,0.174833,0.016044768,0.80912226
1722,C,C,0.13828309,0.113711946,0.748005
1723,B,B,0.024421284,0.92737615,0.048202574
1724,C,C,0.18483923,0.16608629,0.6490745
1725,C,C,0.12504052,0.034241825,0.8407176
1726,C,C,0.17258853,0.1532993,0.67411214
1727,A,A,0.97221416,0.0045651705,0.023220675
1728,B,B,0.21004184,0.71632916,0.07362898
1729,C,B,0.20980874,0.6243224,0.16586882
1730,B,B,0.015011402,0.9723178,0.012670752
1731,A,A,0.89104956,0.022414744,0.08653565
1732,B,B,0.00946556,0.9828083,0.0077260733
1733,A,A,0.9496415,0.013052142,0.037306346
1734,A,A,0.9696844,0.006917964,0.023397649
1735,B,B,0.056894086,0.91906554,0.024040308
1736,A,A,0.88456225,0.012176548,0.103261225
1737,A,A,0.9512504,0.007287635,0.04146198
1738,A,A,0.9725271,0.005974032,0.021498961
1739,B,B,0.058623254,0.90553725,0.035839513
1740,C,C,0.06614401,0.053991478,0.8798645
1741,B,B,0.080415525,0.87407744,0.045506958
1742,A,B,0.2647075,0.5908363,0.1444562
1743,C,C,0.20057417,0.098972775,0.70045304
1744,B,B,0.0047362377,0.9927832,0.00248059
1745,A,B,0.05609933,0.7859768,0.15792389
1746,A,A,0.9553993,0.0036911564,0.040909566
1747,C,B,0.11587264,0.5951199,0.28900748
1748,A,A,0.94921255,0.019069424,0.03171806
1749,A,A,0.928115,0.018444467,0.053440534
1750,C,A,0.9424264,0.0072798952,0.050293677
1751,A,A,0.9459532,0.021282773,0.03276408
1752,C,C,0.10990086,0.103969954,0.7861291
1753,B,B,0.03227197,0.94474596,0.022982102
1754,C,A,0.599765,0.108238384,0.29199663
1755,A,A,0.8745087,0.018433144,0.10705828
1756,A,A,0.96059126,0.013136501,0.026272193
1757,C,C,0.22589768,0.082190655,0.69191164
1758,A,A,0.99670863,0.00049440016,0.0027969528
1759,A,A,0.9325694,0.012717934,0.054712612
1760,A,B,0.18859352,0.6971609,0.11424558
1761,A,A,0.90439725,0.036681492,0.058921307
1762,A,A,0.9159798,0.013700907,0.07031927
1763,B,B,0.018100157,0.9729882,0.008911644
1764,B,B,0.15364815,0.74631464,0.10003715
1765,A,A,0.97243583,0.0046489774,0.0229152
1766,C,C,0.08566613,0.3918499,0.522484
1767,B,A,0.81086457,0.05720735,0.13192815
1768,C,C,0.38490918,0.02740079,0.58769
1769,C,C,0.105314404,0.1268356,0.76785004
1770,B,B,0.020998377,0.95960104,0.019400489
1771,C,C,0.101514086,0.046992566,0.85149336
1772,B,B,0.003498956,0.99262106,0.0038799266
1773,B,B,0.13628335,0.73058045,0.13313621
1774,A,A,0.9607117,0.010170816,0.029117445
1775,C,C,0.27459174,0.17276008,0.5526482
1776,C,C,0.0795975,0.17110704,0.7492954
1777,B,B,0.014260659,0.978926,0.006813304
1778,B,B,0.066018686,0.8741669,0.059814427
1779,A,A,0.8111747,0.02703958,0.16178575
1780,A,A,0.9960847,0.00044273108,0.0034726374
1781,C,C,0.32052463,0.13002443,0.54945093
1782,A,A,0.9757321,0.006983198,0.01728472
1783,C,B,0.07794032,0.46525958,0.4568001
1784,C,C,0.17907727,0.09327838,0.72764444
1785,C,C,0.047393683,0.09323373,0.8593727
1786,A,A,0.9354052,0.0093839485,0.0552109
1787,A,A,0.9685902,0.005214399,0.026195424
1788,A,A,0.9312088,0.023018938,0.045772284
1789,C,A,0.7861381,0.024403978,0.18945792
1790,A,A,0.93940806,0.0084983455,0.052093614
1791,A,A,0.94153255,0.023742143,0.03472529
1792,A,A,0.8981991,0.016291356,0.08550958
1793,B,B,0.03233438,0.94064206,0.027023554
1794,C,C,0.12289829,0.07773512,0.7993666
1795,C,C,0.030538352,0.24900444,0.72045726
1796,A,A,0.9771941,0.0036556676,0.019150287
1797,A,A,0.9281102,0.010152114,0.06173763
1798,A,A,0.3728611,0.25627536,0.3708635
1799,C,C,0.09163788,0.15497716,0.753385
1800,B,B,0.05594988,0.902364,0.041686088
1801,B,B,0.009604655,0.9493691,0.04102622
1802,A,A,0.6393764,0.020714492,0.3399091
1803,C,A,0.5213882,0.042047698,0.43656412
1804,A,A,0.8900337,0.03655858,0.073407724
1805,B,B,0.027851613,0.9584675,0.013680993
1806,A,A,0.9443957,0.011052324,0.044552058
1807,C,A,0.54788816,0.16126911,0.29084277
1808,C,A,0.54407513,0.053238083,0.40268677
1809,B,B,0.023356276,0.9401379,0.036505792
1810,A,A,0.93346286,0.010681536,0.05585556
1811,C,C,0.14223135,0.06769423,0.7900744
1812,B,B,0.08153652,0.8758228,0.042640608
1813,B,B,0.014049073,0.9784096,0.0075413287
1814,A,A,0.9685525,0.0033566065,0.028090904
1815,B,B,0.1234102,0.8405574,0.03603243
1816,C,C,0.041940935,0.10208973,0.8559693
1817,C,C,0.13900453,0.06537383,0.79562163
1818,A,A,0.5516827,0.18857591,0.2597413
1819,A,A,0.9833332,0.0036967455,0.012970098
1820,B,B,0.118416004,0.8313015,0.050282497
1821,A,A,0.905568,0.020656176,0.0737758
1822,A,A,0.9732423,0.003580061,0.023177639
1823,A,A,0.9759371,0.006236316,0.017826565
1824,B,B,0.02052461,0.9677328,0.011742517
1825,B,B,0.018783074,0.96184564,0.019371284
1826,B,B,0.032096706,0.9453214,0.022581918
1827,B,B,0.036437962,0.94598144,0.017580533
1828,A,B,0.12556916,0.8284404,0.045990396
1829,B,B,0.18895732,0.55360574,0.25743702
1830,B,A,0.44526628,0.34717998,0.20755374
1831,A,A,0.8471312,0.02204935,0.13081944
1832,C,C,0.20519468,0.11818286,0.6766225
1833,B,B,0.02355462,0.9489693,0.027476074
1834,A,A,0.6766369,0.039687984,0.2836751
1835,C,C,0.2509957,0.035996396,0.7130079
1836,A,A,0.9738564,0.005513942,0.020629687
1837,B,B,0.11738141,0.7717609,0.11085773
1838,C,C,0.114834085,0.15469606,0.7304699
1839,C,C,0.048790406,0.11487314,0.8363364
1840,C,A,0.7703335,0.017077496,0.21258894
1841,C,A,0.709803,0.039372113,0.2508249
1842,A,A,0.98915476,0.0017944789,0.009050837
1843,A,A,0.9902768,0.0014628664,0.008260274
1844,C,C,0.12828515,0.039079767,0.8326351
1845,B,B,0.061026286,0.8466183,0.092355445
1846,B,B,0.0493691,0.8874577,0.06317316
1847,C,C,0.13340549,0.3640521,0.50254244
1848,B,B,0.064240575,0.9011803,0.034579195
1849,B,B,0.018449828,0.9657878,0.015762318
1850,A,A,0.9716401,0.0048138197,0.023546139
1851,A,A,0.799181,0.059914302,0.14090474
1852,C,C,0.048147466,0.13692181,0.8149307
1853,A,A,0.8323032,0.014409361,0.15328735
1854,C,C,0.05112066,0.0482294,0.90064996
1855,C,B,0.048170373,0.81872493,0.13310465
1856,C,C,0.11604642,0.07594632,0.8080072
1857,A,A,0.9773563,0.0067329393,0.01591074
1858,A,A,0.6922878,0.21171403,0.095998116
1859,A,A,0.9800275,0.0033371144,0.016635453
1860,B,B,0.013318914,0.963477,0.02320411
1861,B,B,0.30604655,0.57774854,0.11620499
1862,B,B,0.020823443,0.9183553,0.060821272
1863,C,A,0.80194837,0.08321196,0.11483956
1864,C,C,0.088125505,0.12575926,0.7861152
1865,B,B,0.116676554,0.8380465,0.045277
1866,B,B,0.0058098244,0.99069643,0.0034937973
1867,B,B,0.14865102,0.78424084,0.06710815
1868,B,B,0.03032662,0.90380585,0.06586756
1869,B,B,0.07374769,0.88320065,0.04305163
1870,A,A,0.91069883,0.037717514,0.051583625
1871,A,A,0.9596341,0.009296445,0.031069389
1872,C,C,0.11529804,0.09685091,0.7878511
1873,B,B,0.03433661,0.95051765,0.015145783
1874,C,C,0.16114873,0.119832605,0.71901864
1875,C,C,0.10511602,0.052248113,0.84263587
1876,C,C,0.09864971,0.110943705,0.7904066
1877,A,A,0.906292,0.020352896,0.073355034
1878,A,B,0.15550336,0.76463014,0.07986655
1879,B,B,0.14539544,0.6982347,0.15636994
1880,B,B,0.025947696,0.9399533,0.03409895
1881,C,A,0.49091658,0.06171958,0.44736376
1882,A,A,0.96199834,0.00689549,0.031106161
1883,B,B,0.015247663,0.9767992,0.007953057
1884,A,B,0.05288886,0.89420074,0.052910376
1885,C,C,0.041572925,0.103152916,0.8552742
1886,B,B,0.026298892,0.9405854,0.03311563
1887,A,A,0.8967792,0.01288903,0.090331785
1888,B,B,0.04531056,0.69687796,0.2578115
1889,B,B,0.02283162,0.95543104,0.021737356
1890,A,A,0.96109474,0.0044474634,0.034457862
1891,B,B,0.1485099,0.7965964,0.0548937
1892,A,A,0.89979047,0.012454614,0.08775496
1893,B,B,0.21222457,0.7178498,0.06992564
1894,A,C,0.27576044,0.07270065,0.6515389
1895,B,B,0.021438928,0.9474982,0.031062884
1896,B,B,0.0354024,0.93597627,0.028621335
1897,B,B,0.028475635,0.9221231,0.04940126
1898,A,A,0.96274513,0.0031364476,0.034118354
1899,C,C,0.43991572,0.098881274,0.46120292
1900,A,A,0.85697764,0.07104394,0.0719785
1901,C,C,0.31126922,0.04169359,0.6470372
1902,C,C,0.32318175,0.107185796,0.5696325
1903,A,A,0.92397153,0.03163282,0.044395614
1904,A,A,0.97172236,0.006620791,0.021656906
1905,C,C,0.082125604,0.019530669,0.89834374
1906,C,B,0.081799455,0.73463464,0.18356594
1907,A,A,0.97050834,0.0031511215,0.026340576
1908,C,A,0.81691736,0.052591566,0.13049117
1909,A,A,0.973293,0.005879363,0.02082759
1910,C,C,0.44693458,0.059559766,0.4935056
1911,C,C,0.05263423,0.047703784,0.89966196
1912,B,C,0.21939437,0.3838765,0.39672908
1913,A,A,0.954103,0.008908607,0.036988325
1914,B,B,0.039628472,0.94329953,0.017071998
1915,C,C,0.32157165,0.05453442,0.6238939
1916,B,B,0.02837821,0.944199,0.027422829
1917,B,B,0.012582537,0.95199656,0.03542096
1918,A,A,0.65251786,0.23304206,0.11444003
1919,B,B,0.1397637,0.804694,0.055542298
1920,B,B,0.14913934,0.7230731,0.12778756
1921,C,A,0.52543736,0.05754832,0.41701433
1922,A,A,0.96080995,0.005595484,0.033594493
1923,B,B,0.045586213,0.90583867,0.048575003
1924,B,B,0.029265422,0.9006085,0.07012608
1925,C,C,0.068716936,0.15724295,0.77404004
1926,A,A,0.9300207,0.016259007,0.053720336
1927,B,B,0.08768529,0.80694085,0.10537388
1928,C,C,0.29096863,0.010803764,0.69822764
1929,B,B,0.11426209,0.8306372,0.055100698
1930,A,A,0.8574683,0.032564197,0.10996758
1931,C,A,0.477913,0.09204639,0.43004066
1932,C,C,0.09744819,0.34560624,0.55694556
1933,C,B,0.09714831,0.58686084,0.3159909
1934,C,C,0.21627031,0.2943476,0.4893821
1935,C,C,0.28948155,0.29156348,0.41895497
1936,B,B,0.07527921,0.8599912,0.064729534
1937,C,C,0.08917824,0.15627827,0.7545435
1938,A,A,0.97362566,0.004691593,0.021682736
1939,B,A,0.4620392,0.45617434,0.0817865
1940,A,B,0.24583894,0.4758063,0.2783547
1941,C,C,0.16604063,0.15651146,0.67744786
1942,B,B,0.08528052,0.8538774,0.060842067
1943,A,A,0.958581,0.005976117,0.035442974
1944,A,A,0.9627436,0.0052090087,0.032047525
1945,C,A,0.8925223,0.019009525,0.0884682
1946,B,B,0.012567202,0.9584446,0.028988278
1947,A,A,0.9583796,0.011901576,0.029718805
1948,C,A,0.50411886,0.012331102,0.48355007
1949,A,A,0.9191061,0.024199324,0.056694567
1950,C,C,0.45248836,0.05507685,0.4924348
1951,C,C,0.14769343,0.13726175,0.71504486
1952,B,B,0.03286105,0.9177602,0.04937875
1953,C,A,0.6839261,0.06000785,0.256066
1954,C,C,0.2558664,0.05400222,0.6901314
1955,B,B,0.087087944,0.85935163,0.05356045
1956,C,C,0.20955798,0.094303854,0.69613814
1957,B,B,0.120573916,0.8148754,0.064550735
1958,B,B,0.037166867,0.9407183,0.022114798
1959,B,B,0.05010745,0.9224885,0.027404023
1960,A,A,0.97790956,0.0038391,0.01825133
1961,C,A,0.89552313,0.031698223,0.0727786
1962,C,C,0.3031228,0.086287685,0.6105895
1963,A,A,0.9812123,0.0044822516,0.014305332
1964,C,C,0.18245982,0.045507945,0.7720322
1965,A,A,0.962612,0.0056305365,0.031757455
1966,A,A,0.82587034,0.013301074,0.1608286
1967,A,A,0.96103233,0.0046119737,0.034355666
1968,C,C,0.050162233,0.38387546,0.56596226
1969,A,A,0.95475966,0.011300863,0.033939514
1970,C,C,0.0198503,0.095287666,0.884862
1971,C,B,0.043053243,0.64040035,0.31654638
1972,C,A,0.91331655,0.012508153,0.07417526
1973,B,C,0.07962338,0.26760814,0.6527685
1974,C,C,0.2152231,0.0740289,0.71074796
1975,C,C,0.062134024,0.07551367,0.8623523
1976,B,B,0.033494268,0.8461747,0.120331
1977,A,A,0.8808299,0.032080516,0.08708963
1978,B,B,0.025378056,0.957535,0.017086927
1979,B,B,0.006380032,0.9821815,0.011438364
1980,C,C,0.09889016,0.08319568,0.8179142
1981,B,B,0.0483957,0.9163493,0.03525499
1982,C,A,0.52972865,0.012849166,0.45742214
1983,B,B,0.021961065,0.8247618,0.15327711
1984,A,A,0.8267082,0.05328021,0.12001166
1985,A,A,0.9786306,0.0020404921,0.019328844
1986,C,C,0.115810856,0.11389227,0.77029693
1987,B,B,0.07384623,0.7197554,0.20639841
1988,C,C,0.25366315,0.051644847,0.6946921
1989,B,B,0.10998534,0.80404526,0.08596936
1990,B,B,0.013918427,0.9366709,0.049410764
1991,A,A,0.9083083,0.023092583,0.068599075
1992,C,A,0.59787524,0.035120618,0.3670041
1993,B,B,0.09269325,0.84828544,0.05902139
1994,A,A,0.9511458,0.0108918855,0.037962183
1995,B,B,0.28521752,0.6131545,0.101628
1996,A,A,0.7074577,0.049004816,0.24353738
1997,B,C,0.08600261,0.24593894,0.66805845
1998,B,B,0.09087622,0.7653082,0.14381558
1999,B,B,0.038722917,0.9146849,0.04659224
2000,B,B,0.20962791,0.68319505,0.10717693
2001,B,B,0.029206166,0.9463017,0.024492066
2002,C,C,0.11524547,0.03200406,0.8527505
2003,B,B,0.031710356,0.92342246,0.044867225
2004,B,B,0.017594906,0.96799994,0.014405189
2005,A,A,0.8097673,0.06940753,0.12082516
2006,C,A,0.66800225,0.10546941,0.22652836
2007,A,A,0.83755445,0.056870535,0.10557505
2008,A,A,0.96612483,0.009085472,0.024789644
2009,B,B,0.13063592,0.8107057,0.05865839
2010,A,A,0.6823225,0.16147587,0.15620163
2011,B,B,0.053109743,0.90704894,0.039841264
2012,A,A,0.8216227,0.0314006,0.14697668
2013,B,B,0.15762794,0.73063207,0.11174
2014,C,C,0.169044,0.029058818,0.80189717
2015,A,A,0.8748474,0.03618443,0.08896821
2016,A,A,0.74644226,0.03442848,0.21912931
2017,B,B,0.12650004,0.57460165,0.29889828
2018,C,A,0.46536165,0.13515696,0.39948142
2019,C,C,0.13891526,0.038978834,0.82210594
2020,B,C,0.31952903,0.21969645,0.4607745
2021,A,A,0.96649605,0.002130375,0.031373598
2022,B,B,0.026824975,0.9493955,0.023779543
2023,C,C,0.062167305,0.13674033,0.80109245
2024,A,A,0.9333341,0.009363546,0.057302304
2025,B,B,0.04761102,0.93290406,0.01948495
2026,A,C,0.27647555,0.1792055,0.544319
2027,B,B,0.09506689,0.6610876,0.2438455
2028,B,B,0.011451352,0.9674223,0.021126254
2029,C,C,0.17889044,0.024965301,0.7961443
2030,A,A,0.94713295,0.010329959,0.04253701
2031,C,C,0.046051975,0.06584865,0.8880993
2032,A,A,0.94715405,0.019367721,0.033478297
2033,A,A,0.98213357,0.0031655997,0.014700804
2034,A,A,0.97598433,0.0055182017,0.018497491
2035,A,A,0.9567036,0.0123671405,0.030929204
2036,A,A,0.94970024,0.011853802,0.038446084
2037,A,A,0.93737656,0.011852573,0.050770886
2038,C,C,0.18322088,0.3116578,0.5051213
2039,A,A,0.9444625,0.019216789,0.036320765
2040,A,A,0.6430562,0.23231702,0.12462674
2041,A,B,0.26208198,0.62881535,0.10910263
2042,A,A,0.9355746,0.019807352,0.044618063
2043,B,B,0.018616505,0.875263,0.1061206
2044,C,A,0.5505121,0.028229067,0.4212588
2045,C,B,0.042893108,0.49605402,0.46105283
2046,A,A,0.9655246,0.006425159,0.02805018
2047,B,B,0.017033268,0.9747552,0.00821151
2048,A,B,0.11509022,0.8147511,0.070158675
2049,A,A,0.86515576,0.066861,0.06798325
2050,C,C,0.12856703,0.05878939,0.8126435
2051,C,C,0.08614122,0.040058088,0.8738007
2052,B,B,0.10762214,0.72053194,0.1718459
2053,A,A,0.957934,0.004615923,0.037450064
2054,C,C,0.1281345,0.32954583,0.5423197
2055,A,A,0.9611095,0.004020701,0.03486981
2056,C,C,0.03042197,0.063145936,0.90643203
2057,B,B,0.074480854,0.862605,0.06291418
2058,B,B,0.07142144,0.7632522,0.16532642
2059,C,C,0.06980223,0.1058943,0.82430345
2060,A,A,0.9395246,0.012829194,0.04764633
2061,C,C,0.21684313,0.30194277,0.4812141
2062,A,A,0.86584085,0.017953338,0.11620585
2063,C,C,0.055899337,0.04899151,0.8951092
2064,B,B,0.057470847,0.90954685,0.03298224
2065,C,C,0.2339144,0.031554323,0.7345313
2066,C,B,0.047680613,0.89905006,0.053269338
2067,C,C,0.2372586,0.03274991,0.7299915
2068,A,A,0.8779052,0.017651321,0.10444347
2069,A,A,0.99402606,0.0006809766,0.0052929698
2070,A,A,0.540316,0.053971086,0.40571293
2071,B,B,0.03113029,0.9284717,0.040397972
2072,C,C,0.123922646,0.11141946,0.76465786
2073,B,B,0.048581474,0.9299684,0.021450104
2074,A,A,0.99033666,0.0013217427,0.008341526
2075,B,B,0.058963344,0.9079882,0.03304849
2076,C,C,0.1265145,0.076269284,0.79721624
2077,C,C,0.0904865,0.057765376,0.8517481
2078,B,B,0.022939764,0.9260799,0.050980292
2079,C,A,0.5071061,0.02896911,0.4639248
2080,C,C,0.35484734,0.04734153,0.59781116
2081,C,C,0.072908804,0.04477889,0.8823123
2082,C,C,0.3341868,0.08540011,0.58041316
2083,A,B,0.34617645,0.5081266,0.14569691
2084,A,A,0.93480414,0.005709701,0.059486184
2085,A,A,0.9919121,0.0011899715,0.006897837
2086,B,B,0.06723093,0.8835454,0.049223673
2087,C,C,0.26582208,0.08630295,0.64787495
2088,B,A,0.5692046,0.32793635,0.102858976
2089,A,A,0.8550247,0.03658666,0.10838864
2090,C,A,0.7090888,0.029412147,0.26149902
2091,A,A,0.83588636,0.03022854,0.13388509
2092,B,B,0.14279726,0.80310327,0.05409943
2093,B,B,0.036670085,0.87455744,0.08877246
2094,B,B,0.24583066,0.6427548,0.1114146
2095,C,C,0.1480266,0.24099173,0.6109817
2096,C,C,0.055441584,0.1014151,0.8431433
2097,B,B,0.17373444,0.6588937,0.16737187
2098,B,B,0.013916306,0.9671884,0.018895263
2099,A,A,0.9610127,0.0050951727,0.033892155
2100,A,A,0.92926663,0.014929853,0.05580351
2101,B,B,0.16346128,0.75127345,0.085265346
2102,C,C,0.3540181,0.2519786,0.39400324
2103,A,A,0.95482093,0.0047274004,0.040451653
2104,A,A,0.9697129,0.009563464,0.020723648
2105,B,B,0.025365248,0.956155,0.01847973
2106,A,A,0.94666874,0.012364757,0.040966555
2107,B,B,0.10311073,0.74446833,0.15242101
2108,B,B,0.073992945,0.87858486,0.047422193
2109,B,B,0.08945524,0.87192506,0.0386197
2110,C,C,0.33348417,0.09518944,0.5713264
2111,B,B,0.32964405,0.59179646,0.07855945
2112,A,A,0.7237358,0.12656514,0.14969908
2113,B,C,0.17400044,0.12737596,0.69862366
2114,A,A,0.965054,0.0099343965,0.025011681
2115,B,B,0.021201205,0.9650145,0.013784241
2116,A,A,0.9175909,0.021104012,0.061305046
2117,A,A,0.90101874,0.02532575,0.0736555
2118,B,B,0.014237335,0.9784137,0.007348947
2119,A,A,0.9868585,0.0024576026,0.010683915
2120,C,C,0.28948423,0.067691445,0.64282435
2121,A,A,0.8207145,0.04302338,0.13626215
2122,C,C,0.42283824,0.08105718,0.49610454
2123,C,C,0.25283816,0.08357257,0.66358924
2124,B,B,0.04045319,0.8599177,0.09962917
2125,A,A,0.9429677,0.0045157503,0.052516535
2126,B,B,0.1794655,0.7604314,0.060103048
2127,A,A,0.9315078,0.021263609,0.047228605
2128,A,A,0.9928389,0.00076795707,0.0063930424
2129,B,B,0.06482458,0.8803026,0.054872885
2130,A,A,0.9571146,0.011873692,0.031011716
2131,A,A,0.6306283,0.11292754,0.25644422
2132,B,B,0.06812132,0.7662334,0.1656453
2133,B,B,0.3004061,0.53399086,0.16560292
2134,A,A,0.98063755,0.0033308174,0.016031552
2135,C,A,0.86135304,0.03619359,0.10245329
2136,C,B,0.20078713,0.65581304,0.14339985
2137,C,C,0.19371182,0.14336708,0.66292113
2138,B,B,0.017322214,0.95547616,0.0272017
2139,A,A,0.9834155,0.003479669,0.013104842
2140,B,B,0.07796952,0.8824389,0.039591562
2141,C,C,0.060593426,0.45164144,0.48776513
2142,B,B,0.090410985,0.70905507,0.20053391
2143,B,B,0.10744134,0.8454776,0.04708111
2144,B,B,0.013884596,0.9278626,0.058252804
2145,B,B,0.10786439,0.6152127,0.27692288
2146,A,A,0.9718133,0.0050586974,0.023128025
2147,C,C,0.12510954,0.08395468,0.7909358
2148,A,A,0.58130324,0.041099533,0.3775972
2149,A,A,0.48158926,0.13735433,0.3810564
2150,A,A,0.9880903,0.0009601361,0.010949597
2151,A,A,0.95900667,0.009469064,0.031524148
2152,B,B,0.08824835,0.68813115,0.22362047
2153,C,A,0.68430734,0.09038818,0.2253045
2154,C,C,0.080935754,0.085248366,0.8338159
2155,B,B,0.041471202,0.9348353,0.023693537
2156,A,A,0.92396045,0.019518165,0.056521412
2157,C,C,0.13291812,0.0811219,0.78595996
2158,B,B,0.085969806,0.8673303,0.046699855
2159,C,C,0.1051031,0.07606009,0.8188368
2160,B,B,0.13313691,0.8040703,0.06279275
2161,A,A,0.8561872,0.05728072,0.086532146
2162,B,B,0.27054366,0.6337126,0.09574377
2163,B,B,0.1788353,0.52354044,0.29762426
2164,A,A,0.68278193,0.10850031,0.20871769
2165,C,C,0.08399114,0.2204035,0.69560534
2166,A,A,0.9929932,0.0011162248,0.0058905543
2167,A,A,0.9614102,0.0065216003,0.032068156
2168,A,A,0.9308334,0.009189887,0.05997675
2169,C,B,0.13843988,0.7386808,0.1228794
2170,B,B,0.040276077,0.92626715,0.03345668
2171,A,A,0.9452679,0.014761503,0.039970662
2172,B,B,0.080479324,0.88131267,0.038208086
2173,C,C,0.121612355,0.06767079,0.81071687
2174,C,C,0.07884753,0.32974234,0.5914101
2175,C,C,0.053831875,0.05743355,0.88873464
2176,A,A,0.95155185,0.008555962,0.039892152
2177,B,B,0.032587938,0.94985497,0.017557159
2178,B,B,0.099141285,0.8456696,0.055189036
2179,C,A,0.46950403,0.24051817,0.2899777
2180,B,B,0.04052451,0.89043593,0.069039546
2181,B,B,0.09679905,0.7540771,0.14912398
2182,A,A,0.6193618,0.26197052,0.11866772
2183,A,A,0.95299935,0.010572761,0.036427833
2184,C,A,0.6144471,0.12063701,0.2649159
2185,B,B,0.019535901,0.9301535,0.050310556
2186,A,A,0.9862851,0.0013730917,0.012341844
2187,A,A,0.85482603,0.036857817,0.10831619
2188,C,A,0.40043435,0.3402038,0.25936177
2189,B,B,0.05279546,0.9224983,0.024706244
2190,B,B,0.0261894,0.9211002,0.052710358
2191,C,A,0.5211678,0.11129698,0.36753523
2192,C,C,0.09225429,0.15640585,0.7513399
2193,B,B,0.28084132,0.6317644,0.08739426
2194,B,B,0.1722359,0.7117313,0.116032846
2195,B,B,0.19560668,0.74676776,0.057625625
2196,C,C,0.098862484,0.15869313,0.74244446
2197,B,B,0.018389506,0.93615097,0.045459464
2198,A,A,0.693323,0.10540212,0.20127495
2199,A,A,0.89670837,0.027110495,0.07618113
2200,C,A,0.46248695,0.11026972,0.4272433
2201,C,C,0.059245322,0.049594928,0.8911598
2202,C,C,0.08091951,0.06462621,0.8544542
2203,B,B,0.008058317,0.9886052,0.003336509
2204,C,C,0.29875204,0.030825103,0.6704229
2205,B,B,0.058148123,0.912036,0.029815901
2206,C,C,0.028769525,0.016064227,0.9551662
2207,A,A,0.9405231,0.011404144,0.048072733
2208,B,B,0.1726185,0.7319778,0.0954036
2209,C,C,0.2005486,0.02978479,0.7696666
2210,A,A,0.92243904,0.01815954,0.059401434
2211,A,A,0.7642107,0.06301204,0.17277727
2212,A,C,0.4282789,0.07789821,0.4938229
2213,C,C,0.11732384,0.04721224,0.8354639
2214,C,C,0.06699779,0.07095824,0.86204404
2215,C,C,0.0318063,0.43024042,0.5379532
2216,A,A,0.92120916,0.029506866,0.049283925
2217,B,B,0.03379641,0.9411544,0.025049236
2218,B,B,0.06276653,0.9106573,0.026576161
2219,A,A,0.86319363,0.033356614,0.10344974
2220,C,C,0.35452023,0.058230888,0.58724886
2221,B,B,0.16837856,0.75444734,0.07717407
2222,B,B,0.023002895,0.8630118,0.113985315
2223,C,A,0.9142728,0.01375503,0.07197222
2224,A,A,0.95994556,0.007754509,0.03229988
2225,B,B,0.046978027,0.90571696,0.047305062
2226,C,C,0.10996209,0.056727268,0.8333106
2227,A,A,0.9624242,0.009700812,0.027875004
2228,C,C,0.13545352,0.05970481,0.8048417
2229,A,A,0.77737683,0.036016192,0.18660693
2230,C,C,0.034345917,0.14370002,0.82195413
2231,C,A,0.7643407,0.044469,0.1911903
2232,B,B,0.07570413,0.7636322,0.16066365
2233,B,B,0.022951813,0.9608345,0.016213657
2234,C,B,0.11594192,0.51282585,0.3712322
2235,C,A,0.70003104,0.06777919,0.23218971
2236,A,A,0.9391988,0.015559139,0.045242082
2237,C,C,0.08755053,0.022830596,0.8896189
2238,A,A,0.95061564,0.004505165,0.044879187
2239,B,A,0.8985867,0.042781882,0.058631472
2240,C,C,0.070313424,0.07467804,0.8550085
2241,C,C,0.08810899,0.310746,0.60114497
2242,A,A,0.75206417,0.028024822,0.21991101
2243,A,A,0.885362,0.044454396,0.07018352
2244,B,B,0.03300934,0.8224903,0.14450046
2245,C,A,0.56760854,0.043768406,0.38862306
2246,A,A,0.95263624,0.00980405,0.037559792
2247,B,B,0.013522542,0.9723532,0.01412415
2248,A,A,0.9534326,0.012486775,0.034080602
2249,A,A,0.9660779,0.0050970665,0.028825024
2250,A,A,0.9746421,0.0082573425,0.017100535
2251,A,A,0.8311802,0.015409814,0.15340997
2252,B,B,0.118101336,0.81819123,0.06370735
2253,C,C,0.049119785,0.43098885,0.5198913
2254,A,A,0.96786755,0.002936122,0.029196283
2255,A,A,0.9585287,0.010462262,0.031009028
2256,B,B,0.044022895,0.90735817,0.048618834
2257,C,C,0.14654674,0.041997157,0.81145614
2258,B,B,0.34420812,0.4476178,0.20817412
2259,C,A,0.42048553,0.2467479,0.3327666
2260,B,B,0.18903664,0.7293465,0.0816169
2261,A,A,0.94416517,0.010687219,0.045147587
2262,A,A,0.6661139,0.15721379,0.17667232
2263,B,B,0.011458521,0.94841176,0.04012976
2264,C,C,0.044186775,0.08615866,0.8696546
2265,B,A,0.74051034,0.1772321,0.0822575
2266,C,C,0.21086383,0.044822782,0.74431336
2267,B,B,0.087350845,0.80693275,0.1057164
2268,A,A,0.9918968,0.0008008599,0.0073023303
2269,C,A,0.91636944,0.02083631,0.0627943
2270,C,C,0.20932972,0.24982335,0.540847
2271,A,A,0.9851745,0.0026999621,0.012125568
2272,A,A,0.9481528,0.017066961,0.034780234
2273,C,C,0.11517257,0.03772506,0.84710234
2274,B,B,0.0586711,0.87228763,0.06904119
2275,A,A,0.6293696,0.2060736,0.1645568
2276,B,B,0.16631472,0.7632988,0.07038651
2277,C,C,0.035879124,0.15598261,0.8081383
2278,A,A,0.9652923,0.0065519125,0.028155776
2279,A,A,0.7824779,0.1395538,0.07796829
2280,A,C,0.28316697,0.19892423,0.5179088
2281,C,C,0.031104542,0.032181237,0.9367142
2282,B,B,0.049132477,0.9074618,0.04340573
2283,C,C,0.06800553,0.1226586,0.8093359
2284,B,B,0.08376774,0.8233377,0.09289457
2285,B,B,0.04956013,0.9310697,0.019370286
2286,B,B,0.16979164,0.7250396,0.105168745
2287,A,A,0.8042687,0.01638179,0.17934944
2288,C,C,0.10174419,0.16934259,0.7289132
2289,C,A,0.8748867,0.019592682,0.10552058
2290,C,A,0.66023874,0.120229706,0.21953161
2291,B,B,0.040604904,0.9258198,0.033575352
2292,B,A,0.44120482,0.2895056,0.26928955
2293,C,C,0.034683824,0.024856977,0.9404592
2294,C,C,0.097240254,0.2434069,0.6593528
2295,C,A,0.8626027,0.0127016585,0.12469557
2296,B,B,0.26130098,0.6374301,0.10126898
2297,A,A,0.95704484,0.005283192,0.037671916
2298,C,C,0.05468549,0.081237584,0.8640769
2299,B,B,0.071406566,0.8705225,0.058070958
2300,B,B,0.14908253,0.7949238,0.05599375
2301,C,B,0.067372985,0.4921177,0.44050926
2302,A,A,0.9410556,0.019145845,0.03979858
2303,B,B,0.08357339,0.86107576,0.055350788
2304,A,A,0.49797648,0.29791182,0.20411167
2305,A,B,0.2707974,0.63616574,0.09303692
2306,C,B,0.082826264,0.8370938,0.08007996
2307,B,B,0.20722836,0.72046655,0.072305135
2308,B,B,0.061760988,0.8649469,0.07329213
2309,B,B,0.007428962,0.9732108,0.019360255
2310,C,C,0.34850284,0.14776592,0.5037312
2311,B,B,0.20889269,0.7068151,0.08429209
2312,C,B,0.05793686,0.52357817,0.41848502
2313,C,A,0.43801758,0.1295669,0.43241554
2314,C,C,0.15175086,0.15202062,0.6962285
2315,C,C,0.29860976,0.04540231,0.655988
2316,B,B,0.2268053,0.70705825,0.06613646
2317,B,B,0.024111658,0.9443167,0.031571675
2318,B,B,0.15904506,0.73051274,0.110442124
2319,A,A,0.80941147,0.05158924,0.13899934
2320,C,C,0.07175837,0.04655007,0.8816915
2321,A,A,0.9572246,0.009701841,0.033073507
2322,B,A,0.6482828,0.13796246,0.21375467
2323,B,B,0.21768852,0.68525535,0.097056225
2324,B,B,0.023046553,0.96471715,0.012236389
2325,A,A,0.8422841,0.048694156,0.10902182
2326,B,B,0.10969134,0.7515378,0.13877085
2327,B,B,0.027425194,0.9287686,0.04380624
2328,B,B,0.034346417,0.91196066,0.05369296
2329,B,B,0.019387707,0.965291,0.0153212715
2330,C,C,0.042300105,0.06697037,0.8907295
2331,A,B,0.09027031,0.86250174,0.04722801
2332,B,B,0.010628957,0.96304893,0.026322166
2333,C,C,0.2153073,0.07040067,0.71429205
2334,A,B,0.2824869,0.37429217,0.343221
2335,C,A,0.9384073,0.0103129065,0.051279806
2336,C,C,0.048431624,0.03527322,0.9162952
2337,A,A,0.9131715,0.026762055,0.06006637
2338,C,A,0.6251032,0.054125648,0.32077116
2339,B,C,0.30107933,0.12810317,0.57081753
2340,B,B,0.0536888,0.91613007,0.030181175
2341,A,A,0.96420616,0.0070773214,0.02871652
2342,A,A,0.9867404,0.001663396,0.011596191
2343,B,B,0.09832099,0.8628894,0.038789567
2344,C,C,0.4070604,0.06107762,0.53186196
2345,A,A,0.9559059,0.010200798,0.03389323
2346,B,B,0.01353758,0.96766585,0.018796558
2347,C,C,0.027517287,0.06245242,0.91003025
2348,A,A,0.98071045,0.003630799,0.015658822
2349,C,B,0.028958566,0.6847595,0.2862819
2350,C,A,0.8300947,0.023307072,0.14659825
2351,C,C,0.0502183,0.23582742,0.71395427
2352,A,A,0.97354543,0.005542695,0.020911794
2353,A,A,0.96027887,0.008275437,0.03144573
2354,A,A,0.9154189,0.031016605,0.053564526
2355,A,B,0.052262187,0.87134373,0.076394096
2356,B,B,0.15092646,0.81029123,0.03878227
2357,C,C,0.05508888,0.16993114,0.77497995
2358,B,B,0.08708143,0.8856296,0.027289003
2359,A,A,0.8943326,0.026322663,0.07934469
2360,C,A,0.54505837,0.049010772,0.40593088
2361,C,C,0.08869578,0.05897719,0.85232705
2362,C,C,0.17571723,0.13961859,0.6846642
2363,B,B,0.011585784,0.97273105,0.015683154
2364,B,B,0.075422,0.89035463,0.034223307
2365,B,B,0.043334905,0.9257692,0.030895853
2366,A,A,0.8263887,0.024207734,0.1494036
2367,A,A,0.8921485,0.020438306,0.08741324
2368,B,B,0.16079427,0.7229588,0.11624693
2369,A,A,0.90505177,0.045027945,0.04992037
2370,A,A,0.89042723,0.060903672,0.048669115
2371,B,B,0.024877261,0.9336966,0.041426055
2372,A,A,0.920899,0.020389643,0.058711406
2373,C,C,0.28961524,0.09162232,0.6187625
2374,C,A,0.53846174,0.049509887,0.41202843
2375,B,B,0.020569624,0.9647364,0.014693872
2376,C,C,0.31246758,0.053305015,0.63422734
2377,A,A,0.8878616,0.024601486,0.087536894
2378,A,A,0.94022083,0.016998746,0.04278047
2379,C,C,0.3763752,0.02238991,0.601235
2380,B,A,0.5407058,0.31345195,0.14584222
2381,C,C,0.12597217,0.05866743,0.8153604
2382,B,B,0.00577921,0.9779977,0.016223064
2383,C,B,0.1930032,0.43324038,0.3737564
2384,A,A,0.8072224,0.078397736,0.11437982
2385,A,A,0.9119569,0.016186705,0.071856365
2386,A,A,0.86138934,0.039038476,0.099572204
2387,C,C,0.20062287,0.059595957,0.73978114
2388,B,B,0.11286484,0.51919645,0.3679387
2389,C,C,0.25520244,0.11917527,0.62562233
2390,A,A,0.9775959,0.0030345568,0.019369474
2391,A,A,0.9486523,0.010665908,0.040681794
2392,C,C,0.053890076,0.2540727,0.6920372
2393,C,A,0.4292392,0.40481693,0.16594385
2394,C,C,0.06977406,0.037987605,0.8922383
2395,C,A,0.5709925,0.09958286,0.32942456
2396,A,B,0.12680484,0.82472533,0.048469856
2397,C,C,0.04140946,0.077191494,0.88139904
2398,C,C,0.19099319,0.16619626,0.6428105
2399,A,A,0.94982105,0.012154961,0.038023967
2400,B,B,0.1084794,0.8172996,0.07422096
2401,C,C,0.23853359,0.074063964,0.6874025
2402,A,C,0.47728965,0.032745715,0.48996463
2403,C,A,0.74165255,0.06276351,0.19558391
2404,C,A,0.9138018,0.029281603,0.056916665
2405,B,B,0.05446507,0.5279676,0.41756734
2406,B,B,0.026007116,0.93774563,0.03624727
2407,B,B,0.087001964,0.83684695,0.07615112
2408,A,A,0.8288594,0.015772378,0.15536825
2409,B,B,0.021899188,0.92319524,0.05490551
2410,A,A,0.88569075,0.016074598,0.09823467
2411,C,C,0.44376817,0.021547519,0.53468424
2412,B,B,0.013774522,0.96656543,0.019660005
2413,B,B,0.05479412,0.9060845,0.03912139
2414,C,C,0.19899425,0.028053325,0.77295244
2415,C,A,0.5325042,0.071326956,0.3961689
2416,C,C,0.08403946,0.06430388,0.8516566
2417,B,B,0.065427825,0.85899645,0.07557579
2418,B,B,0.044164706,0.93063724,0.025198068
2419,B,B,0.044736825,0.9323468,0.022916352
2420,A,A,0.8915619,0.038435794,0.07000225
2421,B,B,0.084209554,0.874332,0.041458488
2422,A,A,0.9903182,0.0017781614,0.00790364
2423,C,C,0.18812959,0.10119749,0.7106729
2424,B,B,0.042789962,0.90845054,0.048759494
2425,A,A,0.9741235,0.0061414083,0.019735154
2426,A,A,0.95458126,0.0067721256,0.038646635
2427,A,A,0.9871525,0.002859244,0.009988202
2428,C,A,0.90333855,0.009612294,0.0870491
2429,B,B,0.09218415,0.87434596,0.033469815
2430,C,C,0.025191136,0.017128501,0.9576804
2431,B,B,0.024509342,0.9581188,0.01737193
2432,A,A,0.9438139,0.010492978,0.045693163
2433,A,A,0.7844885,0.03394345,0.18156804
2434,A,A,0.9442249,0.011930868,0.043844324
2435,A,B,0.26551792,0.61468756,0.119794495
2436,B,B,0.17262296,0.71872145,0.1086556
2437,A,A,0.972391,0.002956539,0.024652543
2438,C,C,0.09957999,0.09442186,0.80599815
2439,A,A,0.9051593,0.008282091,0.08655864
2440,A,A,0.80914426,0.09731133,0.09354436
2441,A,A,0.9027578,0.0208042,0.076438
2442,C,C,0.17888086,0.09651663,0.7246026
2443,A,A,0.49991512,0.035826094,0.4642588
2444,B,B,0.2506131,0.4616192,0.28776768
2445,A,A,0.9830261,0.0030409195,0.01393291
2446,C,C,0.3537638,0.09065327,0.55558294
2447,A,A,0.88991195,0.02299708,0.08709103
2448,A,A,0.93361074,0.015975852,0.050413426
2449,B,B,0.020531157,0.9547639,0.024704963
2450,A,A,0.9674048,0.007527602,0.025067503
2451,B,B,0.015951749,0.9753225,0.008725795
2452,B,B,0.21608245,0.7120168,0.07190066
2453,A,A,0.93432355,0.016443836,0.049232632
2454,B,B,0.39721885,0.46634316,0.13643792
2455,C,C,0.17356512,0.082410455,0.7440244
2456,C,B,0.07592097,0.651939,0.2721401
2457,A,A,0.8603454,0.040792227,0.09886228
2458,C,C,0.37876132,0.04755732,0.5736814
2459,B,B,0.092871904,0.87441415,0.032713987
2460,B,B,0.078013144,0.8880374,0.033949543
2461,C,C,0.061456576,0.10909072,0.82945263
2462,C,C,0.11553718,0.08075026,0.8037126
2463,C,C,0.06301171,0.4289264,0.5080619
2464,A,B,0.16464259,0.74312407,0.09223336
2465,A,A,0.9559767,0.0052789613,0.038744297
2466,C,C,0.06350583,0.14846942,0.7880247
2467,B,B,0.119330704,0.81195825,0.068711035
2468,A,A,0.94619167,0.010975475,0.042832833
2469,B,B,0.15673356,0.7508639,0.09240255
2470,C,A,0.44813496,0.14857,0.40329504
2471,B,B,0.097111724,0.8391925,0.06369577
2472,A,A,0.95021564,0.009003137,0.04078118
2473,B,B,0.04979071,0.8320111,0.118198246
2474,C,C,0.0712458,0.096627265,0.832127
2475,A,A,0.9501712,0.0050089457,0.044819817
2476,B,B,0.05723318,0.90673596,0.0360308
2477,A,A,0.6551537,0.2279809,0.116865486
2478,C,C,0.13087818,0.07321403,0.79590774
2479,C,A,0.77482706,0.034128692,0.19104417
2480,C,C,0.114344835,0.057399042,0.82825613
2481,B,B,0.030669758,0.9470038,0.022326495
2482,C,C,0.13050611,0.12200007,0.7474938
2483,B,B,0.100593485,0.8653322,0.034074333
2484,A,A,0.9733488,0.0049727065,0.021678586
2485,B,B,0.0319096,0.94137144,0.026718913
2486,A,A,0.9300009,0.011557734,0.058441352
2487,C,B,0.29492,0.3647905,0.34028947
2488,A,A,0.8200467,0.01115122,0.16880205
2489,A,A,0.9599351,0.0051315418,0.03493339
2490,C,C,0.38571852,0.06915638,0.5451251
2491,C,C,0.13639462,0.08031752,0.7832879
2492,A,A,0.93117684,0.013535666,0.055287488
2493,C,C,0.14001781,0.12922852,0.73075366
2494,C,C,0.15943192,0.14095503,0.69961303
2495,A,A,0.9164122,0.025090422,0.05849746
2496,A,A,0.8927276,0.0219407,0.085331626
2497,B,B,0.11219446,0.80753094,0.08027461
2498,C,C,0.32384783,0.06609716,0.610055
2499,C,C,0.114112265,0.41823936,0.46764836
2500,C,C,0.22234182,0.07430072,0.70335746
2501,A,A,0.82657075,0.03217159,0.14125769
2502,A,A,0.95622563,0.0077050617,0.036069307
2503,B,B,0.030339345,0.9498567,0.019804034
2504,B,B,0.06497688,0.87863344,0.05638964
2505,A,A,0.7071619,0.12988259,0.16295542
2506,B,B,0.05178386,0.92476094,0.023455206
2507,B,B,0.033882454,0.94433403,0.02178351
2508,C,C,0.108899705,0.40531513,0.48578516
2509,C,B,0.16033536,0.50077295,0.3388917
2510,B,B,0.019715196,0.92218286,0.058101926
2511,B,B,0.29090858,0.6332443,0.07584711
2512,C,C,0.2590018,0.027697906,0.7133003
2513,B,B,0.079272345,0.875464,0.04526354
2514,A,A,0.6046442,0.07429577,0.32106
2515,B,B,0.029947033,0.9462636,0.023789313
2516,B,B,0.076988705,0.8896821,0.033329133
2517,B,B,0.049507897,0.89360976,0.05688236
2518,B,B,0.25306222,0.61388993,0.13304776
2519,A,A,0.90701884,0.035772983,0.057208207
2520,B,B,0.34620595,0.57492185,0.07887216
2521,A,A,0.9781837,0.0033799417,0.018436443
2522,A,A,0.9852507,0.002319671,0.012429651
2523,C,A,0.96638316,0.008721348,0.024895495
2524,C,A,0.6420554,0.043821666,0.31412286
2525,B,B,0.038790576,0.9362966,0.024912862
2526,C,C,0.06632257,0.05652989,0.8771476
2527,C,C,0.030788966,0.23279077,0.73642033
2528,C,C,0.19579217,0.018708365,0.78549945
2529,A,A,0.7416271,0.15988329,0.09848959
2530,C,C,0.013660469,0.08785313,0.89848644
2531,C,C,0.10372336,0.070234194,0.8260424
2532,C,A,0.62697095,0.031114321,0.34191474
2533,B,A,0.51354337,0.2626174,0.22383922
2534,B,B,0.034224845,0.94569457,0.020080581
2535,C,C,0.31013,0.1624386,0.52743137
2536,B,B,0.0528532,0.9214457,0.025701027
2537,A,B,0.2255611,0.65766454,0.11677433
2538,A,A,0.8510631,0.031494617,0.11744223
2539,B,B,0.07066718,0.89469427,0.034638528
2540,A,A,0.9646968,0.005315511,0.029987577
2541,A,A,0.9638325,0.0040337,0.032133818
2542,B,B,0.02773451,0.9103258,0.06193962
2543,C,C,0.030964551,0.17970285,0.78933257
2544,C,B,0.02569019,0.69845,0.2758598
2545,B,B,0.07677583,0.8916055,0.031618644
2546,B,B,0.0496715,0.91560006,0.03472837
2547,A,A,0.85401547,0.051674414,0.094310164
2548,B,B,0.1616,0.75472075,0.083679184
2549,B,B,0.050804656,0.60403067,0.3451647
2550,A,A,0.8531313,0.013762289,0.13310643
2551,B,B,0.059437208,0.8595317,0.08103114
2552,A,A,0.9407879,0.02062445,0.03858755
2553,B,B,0.074404,0.8837045,0.041891478
2554,A,A,0.97782534,0.0035765877,0.018598052
2555,A,A,0.82166547,0.017967502,0.16036703
2556,A,A,0.9757749,0.004767312,0.01945773
2557,A,B,0.03950931,0.9456576,0.014833074
2558,A,A,0.91523737,0.034877647,0.049885057
2559,C,A,0.46716857,0.08019579,0.45263565
2560,A,A,0.95243114,0.0053046886,0.042264227
2561,C,C,0.06378743,0.1676491,0.76856345
2562,A,A,0.899501,0.032280132,0.06821885
2563,B,B,0.010913162,0.94428164,0.044805214
2564,B,B,0.23243336,0.6616692,0.105897516
2565,A,A,0.95014536,0.012150915,0.0377037
2566,C,C,0.22661017,0.044527367,0.72886246
2567,A,A,0.89960927,0.014342069,0.08604868
2568,C,B,0.08639529,0.7826505,0.13095428
2569,C,A,0.9272411,0.0057768896,0.066982016
2570,C,C,0.078095146,0.36025488,0.56165
2571,A,A,0.85778314,0.017997352,0.12421953
2572,B,C,0.059801728,0.4162373,0.523961
2573,B,B,0.088435605,0.859661,0.051903408
2574,C,C,0.11554245,0.10936195,0.77509564
2575,A,B,0.28524196,0.56214213,0.15261589
2576,C,A,0.70795304,0.026139002,0.2659079
2577,A,A,0.83437675,0.026721865,0.13890137
2578,B,B,0.047910247,0.84822947,0.103860214
2579,C,C,0.054590475,0.45180446,0.49360502
2580,A,A,0.66436446,0.09152716,0.24410838
2581,C,C,0.08001389,0.13231935,0.78766674
2582,A,A,0.49777076,0.07664573,0.42558354
2583,B,B,0.21651928,0.69391465,0.08956605
2584,A,A,0.84884155,0.021317637,0.12984075
2585,B,B,0.05362093,0.82968664,0.11669245
2586,C,C,0.030128125,0.03979587,0.93007594
2587,B,B,0.19149087,0.64162797,0.16688114
2588,B,B,0.056035385,0.89649177,0.04747276
2589,A,A,0.88528115,0.048696686,0.06602219
2590,B,B,0.17591524,0.6524515,0.17163321
2591,C,C,0.23808114,0.0693211,0.6925978
2592,A,A,0.9816958,0.0042193085,0.0140849175
2593,C,C,0.15752089,0.25941226,0.5830668
2594,B,C,0.09530636,0.39133054,0.51336306
2595,B,B,0.0503083,0.8672957,0.08239597
2596,C,A,0.67963815,0.090039484,0.2303224
2597,C,C,0.054215968,0.4135671,0.53221697
2598,B,B,0.027995149,0.89492345,0.077081345
2599,B,B,0.03537081,0.893772,0.070857234
2600,A,A,0.79732364,0.035442635,0.16723372
2601,C,C,0.19655152,0.0708204,0.7326281
2602,B,B,0.09950806,0.7395076,0.16098435
2603,A,A,0.8631083,0.031952508,0.10493914
2604,A,A,0.9858268,0.0015359485,0.012637194
2605,A,A,0.7971031,0.11143821,0.09145868
2606,C,C,0.20435873,0.054838885,0.7408024
2607,A,A,0.8286808,0.029404078,0.14191514
2608,B,B,0.028588202,0.9231651,0.04824677
2609,C,C,0.23707671,0.03778127,0.725142
2610,C,A,0.80726665,0.037386306,0.15534708
2611,C,C,0.07712324,0.1595387,0.7633381
2612,B,B,0.044742826,0.76696485,0.18829228
2613,A,B,0.24985577,0.6303585,0.119785756
2614,B,B,0.023098458,0.8724457,0.10445582
2615,B,B,0.04357665,0.8483084,0.10811495
2616,B,B,0.22927816,0.5372651,0.23345666
2617,B,B,0.02180934,0.96551716,0.012673498
2618,C,C,0.29616228,0.11163328,0.59220445
2619,C,C,0.082806535,0.10571352,0.8114799
2620,C,A,0.96110964,0.0071929465,0.031697437
2621,C,C,0.06267774,0.019742616,0.9175797
2622,A,A,0.9192014,0.016134424,0.06466418
2623,B,A,0.9279211,0.018116616,0.053962264
2624,A,A,0.9658693,0.004660647,0.02946995
2625,A,A,0.9763826,0.003774429,0.019842895
2626,A,A,0.9882726,0.0012505982,0.010476894
2627,A,A,0.72308546,0.1735066,0.10340795
2628,A,A,0.97171336,0.005387699,0.02289891
2629,C,C,0.27718097,0.1381439,0.58467513
2630,C,C,0.11868418,0.046301566,0.8350142
2631,C,B,0.1240619,0.70455307,0.17138505
2632,A,A,0.9624862,0.009590561,0.027923265
2633,B,B,0.025833026,0.95486504,0.019301947
2634,A,A,0.9727346,0.0051972414,0.022068143
2635,B,B,0.052644577,0.9165881,0.030767277
2636,C,C,0.21629544,0.12698364,0.6567209
2637,C,C,0.09664953,0.048610184,0.85474026
2638,A,A,0.689169,0.16349494,0.14733604
2639,B,B,0.048708774,0.93119097,0.020100214
2640,C,C,0.103628844,0.035190064,0.8611811
2641,C,C,0.1475812,0.36591867,0.4865002
2642,C,C,0.2109652,0.049439557,0.7395953
2643,B,B,0.07387551,0.8137838,0.1123407
2644,A,A,0.98917294,0.0017059481,0.009121086
2645,C,C,0.040297538,0.04204834,0.91765416
2646,C,C,0.043255363,0.04712565,0.909619
2647,A,A,0.9517059,0.017145954,0.031148205
2648,A,A,0.9400727,0.019975659,0.039951667
2649,A,A,0.98021656,0.0018283303,0.017955048
2650,C,A,0.60911244,0.034730904,0.35615668
2651,C,C,0.11424477,0.07854318,0.80721205
2652,B,B,0.08524188,0.8690132,0.04574489
2653,A,A,0.9314458,0.011643816,0.056910478
2654,C,A,0.8244057,0.028189585,0.14740461
2655,B,B,0.049738895,0.9139042,0.03635686
2656,A,A,0.95965135,0.009315396,0.03103318
2657,B,B,0.043369077,0.9351226,0.021508407
2658,A,A,0.90543205,0.02757795,0.066990025
2659,A,A,0.9207015,0.035854015,0.043444484
2660,C,C,0.077862136,0.2499166,0.67222124
2661,C,A,0.8924109,0.008626048,0.09896312
2662,C,C,0.085966654,0.07730424,0.83672905
2663,C,B,0.060033213,0.5101351,0.42983162
2664,A,A,0.9167302,0.012729953,0.070539795
2665,C,C,0.0831385,0.16074832,0.7561131
2666,A,A,0.96091884,0.007769507,0.03131167
2667,B,B,0.036284655,0.93032825,0.03338717
2668,C,C,0.33441168,0.06845387,0.5971345
2669,C,B,0.1042824,0.6537306,0.241987
2670,A,A,0.8135904,0.023165409,0.1632442
2671,C,C,0.36297166,0.06056643,0.576462
2672,B,A,0.38544658,0.34577608,0.2687773
2673,A,A,0.9855971,0.002415982,0.011986962
2674,C,A,0.55701196,0.12761237,0.31537563
2675,B,C,0.10835977,0.42507234,0.4665679
2676,A,A,0.9548778,0.005394905,0.03972736
2677,A,A,0.6910542,0.11041848,0.19852726
2678,C,C,0.37823263,0.07446862,0.54729867
2679,B,B,0.11791403,0.82014126,0.061944712
2680,A,A,0.9777573,0.004700462,0.01754228
2681,C,C,0.08238414,0.033839054,0.8837768
2682,B,B,0.04426747,0.90875095,0.046981554
2683,A,A,0.7322969,0.025148045,0.24255504
2684,B,B,0.056329288,0.81629765,0.12737301
2685,C,A,0.96018815,0.006839536,0.03297236
2686,B,B,0.02461337,0.9353332,0.040053386
2687,C,B,0.21754977,0.58458805,0.1978621
2688,A,A,0.80658484,0.07861535,0.114799805
2689,B,B,0.040700868,0.93093634,0.028362807
2690,A,A,0.5642984,0.33472747,0.100974105
2691,C,B,0.13417889,0.46612534,0.39969578
2692,B,B,0.08501528,0.8671877,0.047797136
2693,B,C,0.087229356,0.06364585,0.8491248
2694,A,A,0.80966985,0.09620728,0.09412286
2695,A,A,0.99496293,0.0006606145,0.004376388
2696,C,C,0.27288404,0.16389011,0.56322587
2697,A,A,0.949958,0.011295924,0.038746033
2698,C,C,0.14655603,0.102893874,0.75055003
2699,B,B,0.09846299,0.6994606,0.20207646
2700,C,C,0.056311984,0.11152224,0.8321658
2701,C,B,0.10497987,0.69576544,0.19925466
2702,B,B,0.045751095,0.9225273,0.031721584
2703,A,A,0.8863515,0.014530203,0.09911821
2704,A,A,0.9454762,0.009949192,0.04457455
2705,B,B,0.14344792,0.78773135,0.06882076
2706,B,B,0.018435474,0.96501243,0.01655202
2707,B,B,0.19303355,0.6636189,0.14334762
2708,C,B,0.31709936,0.5541358,0.1287648
2709,C,C,0.075516626,0.20045765,0.72402567
2710,C,C,0.20627323,0.06209745,0.73162925
2711,C,C,0.24208105,0.05310436,0.70481455
2712,B,B,0.037990347,0.9395418,0.02246782
2713,B,B,0.036155954,0.870781,0.09306296
2714,B,B,0.02705457,0.9454061,0.027539345
2715,A,A,0.9000979,0.011290456,0.08861169
2716,A,A,0.96879286,0.0025879587,0.028619176
2717,B,B,0.11375964,0.7715891,0.114651226
2718,B,B,0.022793528,0.9646925,0.012513942
2719,B,B,0.12157038,0.7555266,0.122903034
2720,C,C,0.074693255,0.080282845,0.8450239
2721,A,A,0.9683744,0.0077225673,0.023903122
2722,C,C,0.08577004,0.09863535,0.81559455
2723,C,A,0.6063155,0.05126488,0.34241956
2724,B,B,0.03895991,0.91737026,0.04366981
2725,B,B,0.013667435,0.9524875,0.033845004
2726,A,A,0.95456344,0.004985104,0.040451467
2727,A,A,0.97000015,0.005696673,0.024303216
2728,A,A,0.9515364,0.008951517,0.03951205
2729,A,A,0.5787844,0.08701231,0.33420327
2730,A,A,0.9681567,0.0070420755,0.024801236
2731,B,A,0.4443575,0.35056174,0.20508066
2732,C,B,0.029251182,0.6686934,0.3020554
2733,A,A,0.97429955,0.004519003,0.021181425
2734,A,A,0.93586445,0.01486319,0.0492724
2735,C,C,0.05806908,0.097818,0.8441129
2736,B,B,0.17316698,0.75829655,0.068536445
2737,B,B,0.035067864,0.8699029,0.09502923
2738,B,B,0.036692772,0.9091895,0.054117657
2739,B,B,0.044178504,0.92790025,0.027921256
2740,C,C,0.030838858,0.25941133,0.7097498
2741,A,A,0.90646005,0.0074964752,0.08604351
2742,A,A,0.97149044,0.0037188558,0.024790682
2743,B,A,0.6593752,0.24723889,0.093385935
2744,B,C,0.1576835,0.32701758,0.51529884
2745,C,A,0.6664153,0.12051765,0.2130671
2746,C,C,0.07806385,0.042551104,0.87938505
2747,A,A,0.9340211,0.02098297,0.044995908
2748,B,B,0.046241414,0.9095815,0.044177074
2749,B,B,0.0094677275,0.9844124,0.0061199
2750,C,C,0.40734482,0.05106679,0.5415884
2751,C,C,0.3003248,0.12813812,0.57153714
2752,C,C,0.050896715,0.19895817,0.75014514
2753,A,A,0.95134014,0.007330454,0.041329425
2754,B,B,0.0634292,0.8853737,0.05119707
2755,A,A,0.87006265,0.04926914,0.080668196
2756,A,A,0.9501947,0.0054514376,0.044353817
2757,A,A,0.70765764,0.036712777,0.25562963
2758,C,C,0.25357455,0.074340425,0.67208505
2759,C,C,0.050485607,0.040621784,0.90889263
2760,A,A,0.92502606,0.019652674,0.055321295
2761,B,B,0.050518423,0.92804426,0.021437317
2762,B,B,0.048774973,0.7826034,0.1686216
2763,C,A,0.61198926,0.055280764,0.3327299
2764,B,B,0.15794767,0.78197145,0.060080864
2765,A,A,0.63727856,0.1995527,0.16316873
2766,A,A,0.91593957,0.02857433,0.055486053
2767,B,B,0.05113464,0.9278465,0.0210189
2768,B,B,0.024951868,0.9188498,0.056198407
2769,C,C,0.2479249,0.015795585,0.73627955
2770,C,C,0.14045662,0.163363,0.69618034
2771,B,B,0.109275505,0.7255171,0.16520743
2772,B,B,0.042227898,0.9144638,0.043308303
2773,C,C,0.4692369,0.022468064,0.508295
2774,A,A,0.8879276,0.024429912,0.08764256
2775,A,A,0.95442516,0.010654959,0.034919877
2776,C,A,0.616659,0.042495064,0.340846
2777,C,C,0.089129455,0.37689814,0.53397244
2778,C,A,0.46948874,0.11977383,0.41073743
2779,B,A,0.79673487,0.0879879,0.11527724
2780,A,A,0.95469236,0.010722681,0.034584902
2781,C,B,0.062049143,0.8443121,0.09363878
2782,C,A,0.7832362,0.023668393,0.19309537
2783,A,A,0.85918015,0.04365089,0.097168915
2784,A,A,0.5237183,0.07044311,0.40583852
2785,B,B,0.016055096,0.97424096,0.009703955
2786,C,C,0.14325243,0.031963486,0.82478404
2787,B,B,0.1092313,0.83244145,0.058327325
2788,B,B,0.037787545,0.911734,0.050478417
2789,A,A,0.93395007,0.01747175,0.0485781
2790,A,A,0.97089773,0.0041946215,0.024907598
2791,B,B,0.10466416,0.82518613,0.07014968
2792,A,A,0.88971317,0.024025278,0.08626159
2793,B,B,0.09132286,0.87578523,0.032891877
2794,A,B,0.13401897,0.79027563,0.07570547
2795,A,A,0.94004244,0.014039972,0.045917533
2796,B,B,0.092544004,0.865115,0.04234109
2797,A,A,0.9042985,0.018111946,0.07758963
2798,C,C,0.2938331,0.06414034,0.6420265
2799,C,C,0.0557862,0.048512444,0.8957014
2800,A,A,0.8910106,0.028532302,0.08045713
2801,C,C,0.053066798,0.39831612,0.5486171
2802,A,A,0.683482,0.1877154,0.12880266
2803,A,A,0.58693916,0.030104993,0.38295585
2804,B,B,0.07125919,0.7173195,0.2114214
2805,C,C,0.038020514,0.20865117,0.7533283
2806,C,C,0.052341383,0.42738965,0.520269
2807,C,C,0.08529491,0.050532907,0.8641722
2808,B,B,0.032417703,0.9479372,0.019645095
2809,B,B,0.05619373,0.9047396,0.03906662
2810,C,C,0.077200085,0.3282749,0.59452504
2811,A,A,0.81191856,0.02764919,0.16043223
2812,B,B,0.015067441,0.92043084,0.06450179
2813,B,B,0.14531784,0.65553147,0.19915071
2814,A,A,0.9317722,0.009545846,0.058681987
2815,A,A,0.61638474,0.28243315,0.10118213
2816,A,A,0.94266576,0.020693995,0.036640286
2817,C,C,0.3172774,0.16684966,0.5158729
2818,B,B,0.028003678,0.9544998,0.017496556
2819,A,A,0.9122023,0.026596336,0.061201315
2820,A,A,0.8142948,0.05966861,0.12603661
2821,C,C,0.08170338,0.28058308,0.63771355
2822,B,B,0.012107377,0.98268235,0.005210269
2823,A,A,0.91451687,0.023535233,0.06194789
2824,C,A,0.7068096,0.0986762,0.1945143
2825,B,B,0.13841237,0.80734855,0.054239124
2826,A,A,0.9808171,0.0026077237,0.016575173
2827,B,B,0.1296739,0.78943646,0.08088964
2828,B,B,0.035656545,0.9498134,0.014530003
2829,B,B,0.07502469,0.8880548,0.036920495
2830,B,A,0.5735773,0.2840314,0.14239128
2831,B,B,0.02045232,0.9233299,0.056217752
2832,B,B,0.021905497,0.8785574,0.09953712
2833,B,B,0.043852706,0.92309874,0.03304856
2834,C,C,0.1647966,0.050383948,0.78481936
2835,C,C,0.15420574,0.1613367,0.6844576
2836,A,A,0.7733671,0.14505367,0.081579156
2837,C,A,0.9022092,0.0050841016,0.09270669
2838,C,C,0.43791083,0.018589081,0.54350007
2839,A,A,0.67320067,0.18329304,0.14350633
2840,A,A,0.8037839,0.06710536,0.12911074
2841,B,B,0.06447507,0.85826147,0.07726355
2842,A,A,0.93736094,0.02208761,0.040551484
2843,B,B,0.07541819,0.8404477,0.084134065
2844,B,B,0.070553966,0.84251,0.086936064
2845,B,B,0.18614712,0.7200964,0.09375652
2846,C,B,0.22557157,0.3919033,0.38252512
2847,A,A,0.95265055,0.0105540445,0.03679547
2848,C,C,0.08351562,0.25982127,0.65666306
2849,C,C,0.08430992,0.123358466,0.7923316
2850,A,A,0.9512424,0.010171814,0.03858581
2851,A,A,0.9766722,0.0062726173,0.017055228
2852,B,B,0.027382547,0.95711505,0.015502342
2853,B,B,0.06285002,0.9181217,0.019028278
2854,A,A,0.7386408,0.08329421,0.17806502
2855,A,A,0.9383515,0.009564806,0.052083716
2856,A,A,0.9878171,0.0013775413,0.010805371
2857,A,A,0.66900367,0.040541664,0.29045472
2858,A,A,0.5747862,0.033996854,0.39121696
2859,B,B,0.027094573,0.8153239,0.15758157
2860,B,B,0.15383752,0.7666388,0.07952366
2861,A,A,0.6161086,0.028914325,0.35497707
2862,B,B,0.01731726,0.94637305,0.036309708
2863,C,C,0.46871483,0.057673033,0.47361222
2864,C,C,0.034304887,0.37190625,0.5937888
2865,C,C,0.16442597,0.046229787,0.7893443
2866,C,C,0.04853558,0.085959576,0.86550486
2867,C,C,0.11597892,0.09963736,0.7843838
2868,A,A,0.9878358,0.00183553,0.0103286635
2869,C,C,0.43994603,0.07921706,0.4808368
2870,C,C,0.40438446,0.048084475,0.54753107
2871,B,B,0.04216601,0.9274917,0.030342326
2872,A,A,0.9805433,0.002539609,0.016917
2873,A,A,0.5170216,0.28250167,0.20047674
2874,A,A,0.8180593,0.012993983,0.1689467
2875,B,B,0.03682953,0.87944883,0.08372163
2876,B,B,0.037475467,0.9377983,0.024726162
2877,A,A,0.9830965,0.0020332462,0.014870299
2878,C,C,0.050112564,0.40683597,0.5430515
2879,A,A,0.9804981,0.0023474235,0.017154517
2880,C,C,0.027948644,0.07807845,0.8939729
2881,B,B,0.10590639,0.8528063,0.041287206
2882,B,B,0.11067342,0.5399288,0.3493978
2883,A,A,0.97267747,0.0063577723,0.020964744
2884,B,B,0.2547364,0.5800675,0.1651961
2885,A,A,0.906631,0.03136516,0.062003884
2886,A,A,0.91759235,0.0148648955,0.06754274
2887,C,B,0.117652625,0.44753173,0.4348157
2888,A,A,0.97334284,0.0046663275,0.021990824
2889,C,C,0.37018478,0.25550735,0.37430793
2890,C,C,0.05480888,0.032371596,0.91281956
2891,B,B,0.3061528,0.4072604,0.28658682
2892,A,A,0.88655883,0.032497916,0.080943264
2893,A,A,0.722159,0.05066703,0.22717397
2894,C,C,0.024317367,0.21351394,0.76216865
2895,B,B,0.033558253,0.91523564,0.051206023
2896,B,B,0.02347481,0.96025443,0.016270662
2897,A,A,0.974007,0.005237778,0.020755306
2898,C,C,0.28407964,0.03025053,0.68566984
2899,C,C,0.0884675,0.12805298,0.7834795
2900,B,B,0.03978508,0.87317955,0.08703541
2901,C,B,0.070528544,0.6778889,0.25158262
2902,A,A,0.98203033,0.0034855132,0.014484147
2903,A,A,0.9352828,0.009133956,0.055583186
2904,B,B,0.21189629,0.6722149,0.11588881
2905,B,B,0.036521938,0.80970526,0.15377286
2906,B,B,0.26438963,0.6298002,0.105810165
2907,B,B,0.050271645,0.51445585,0.43527246
2908,C,A,0.6790821,0.03777,0.28314787
2909,B,B,0.018315956,0.96161234,0.020071674
2910,C,C,0.0570302,0.22545813,0.71751165
2911,B,B,0.06672848,0.8881307,0.04514082
2912,C,B,0.02837099,0.7477384,0.22389057
2913,B,B,0.08928301,0.86339545,0.04732149
2914,C,C,0.07615353,0.07181519,0.85203123
2915,A,A,0.79098696,0.028351357,0.18066172
2916,B,B,0.086765036,0.82425857,0.08897642
2917,B,B,0.12810232,0.80141246,0.0704852
2918,A,A,0.9847739,0.0020420142,0.013184065
2919,B,B,0.02708015,0.9597136,0.013206184
2920,B,B,0.024878746,0.96289593,0.012225309
2921,C,C,0.05146826,0.21399786,0.7345339
2922,B,B,0.043219455,0.88328135,0.07349921
2923,A,A,0.7119963,0.009798767,0.27820498
2924,B,B,0.107431635,0.8334229,0.059145503
2925,B,B,0.038960375,0.8695518,0.091487765
2926,B,B,0.019964688,0.96866935,0.011365963
2927,A,A,0.9827056,0.0033463582,0.013948027
2928,C,C,0.112758,0.050402775,0.83683926
2929,A,A,0.9080039,0.03390097,0.05809504
2930,A,A,0.97314,0.0033557417,0.023504285
2931,C,C,0.06356587,0.034395147,0.902039
2932,A,A,0.7845364,0.035741247,0.17972235
2933,C,C,0.4338489,0.034288093,0.53186303
2934,C,C,0.11423061,0.27273244,0.613037
2935,B,B,0.09947888,0.65715176,0.24336939
2936,C,A,0.58857197,0.043694437,0.36773357
2937,C,C,0.22192512,0.31889397,0.45918095
2938,B,B,0.1803475,0.68974715,0.1299053
2939,B,B,0.079268016,0.88192195,0.038810097
2940,B,B,0.025741208,0.9621861,0.012072632
2941,B,B,0.054813795,0.84713596,0.0980502
2942,B,B,0.123623796,0.8286717,0.04770452
2943,A,A,0.90733844,0.018351723,0.07430979
2944,B,B,0.10217091,0.7007552,0.19707386
2945,B,B,0.10118494,0.8272697,0.07154535
2946,C,C,0.34316668,0.13582231,0.52101105
2947,A,A,0.8622857,0.040476188,0.097238146
2948,B,B,0.14823607,0.77863836,0.07312566
2949,A,A,0.9817696,0.00355412,0.01467619
2950,C,A,0.6342218,0.093018614,0.27275956
2951,C,C,0.36629117,0.0808577,0.5528512
2952,B,B,0.016478445,0.9530137,0.030507825
2953,C,C,0.04440771,0.21788299,0.73770934
2954,C,B,0.061678253,0.5077407,0.4305811
2955,B,B,0.15266566,0.5237594,0.32357493
2956,B,B,0.05581269,0.90978026,0.03440704
2957,C,C,0.24106763,0.15468846,0.6042439
2958,C,A,0.9412955,0.008881758,0.049822804
2959,C,B,0.3074141,0.441323,0.2512629
2960,A,A,0.9918429,0.0013332119,0.00682376
2961,B,A,0.6191445,0.06616545,0.31469005
2962,C,B,0.082640655,0.81320995,0.10414937
2963,C,C,0.24618898,0.08877121,0.6650398
2964,A,A,0.4665196,0.17724171,0.3562387
2965,B,B,0.0372479,0.9411091,0.021643052
2966,C,C,0.3922321,0.0069389488,0.60082906
2967,B,A,0.5568546,0.16835313,0.27479225
2968,B,B,0.12933604,0.7319226,0.13874124
2969,B,B,0.05850892,0.8982345,0.04325653
2970,A,B,0.19682012,0.7244538,0.07872604
2971,B,B,0.04630672,0.9329336,0.020759575
2972,A,B,0.2786226,0.5792306,0.14214681
2973,A,A,0.896487,0.026630463,0.0768825
2974,A,A,0.9621402,0.005813961,0.032045852
2975,A,B,0.11092586,0.84744173,0.04163238
2976,C,C,0.3819775,0.019212762,0.5988097
2977,C,C,0.32376498,0.047901362,0.6283337
2978,A,A,0.91724455,0.02043816,0.062317286
2979,B,B,0.026309328,0.93608576,0.037604824
2980,B,B,0.040272273,0.9100137,0.049714137
2981,C,C,0.06214972,0.14370784,0.7941425
2982,B,B,0.046678856,0.9203722,0.032948982
2983,A,A,0.9231716,0.006343383,0.07048497
2984,C,A,0.5870928,0.09709947,0.3158078
2985,B,B,0.027515614,0.9552002,0.017284239
2986,C,C,0.085271835,0.29574484,0.6189834
2987,C,C,0.17755114,0.074320264,0.7481286
2988,C,C,0.054932926,0.13502283,0.8100442
2989,B,B,0.039846804,0.94122696,0.018926308
2990,C,C,0.11236849,0.05312991,0.8345016
2991,C,A,0.7526525,0.067889914,0.17945756
2992,A,A,0.9283121,0.01490038,0.05678753
2993,A,B,0.17001884,0.68225265,0.14772855
2994,C,C,0.078705385,0.034676027,0.8866186
2995,B,B,0.1285826,0.80815345,0.06326398
2996,C,C,0.13824902,0.35235113,0.5093999
2997,B,B,0.034147102,0.94298863,0.022864204
2998,A,A,0.96871185,0.0076754354,0.023612658
2999,A,A,0.9702697,0.0035702514,0.026160076
3000,C,C,0.12948468,0.055809036,0.8147062
3001,C,C,0.08144398,0.15051524,0.76804084
3002,A,A,0.9289961,0.014438696,0.05656516
3003,A,A,0.8652868,0.044143997,0.0905692
3004,C,C,0.12821035,0.055938654,0.81585103
3005,A,A,0.9534492,0.006449197,0.04010163
3006,A,A,0.8911912,0.033445414,0.0753634
3007,C,C,0.10308216,0.1463429,0.75057495
3008,A,A,0.9744105,0.002965281,0.022624252
3009,C,C,0.4376995,0.06990392,0.4923966
3010,B,B,0.014365059,0.94565225,0.03998267
3011,A,A,0.75749993,0.050012734,0.19248731
3012,C,C,0.046730533,0.059413094,0.8938564
3013,A,A,0.97370356,0.0060998243,0.02019661
3014,C,B,0.11349727,0.8288858,0.05761691
3015,B,B,0.012192471,0.9784293,0.009378183
3016,C,C,0.4569942,0.036666494,0.5063394
3017,B,B,0.10342058,0.8290019,0.06757749
3018,A,A,0.98303324,0.0021761227,0.0147906225
3019,B,B,0.32317558,0.49297976,0.18384464
3020,A,A,0.96606344,0.003932051,0.030004572
3021,C,C,0.15364638,0.023418948,0.8229347
3022,B,B,0.04325874,0.93716604,0.019575125
3023,C,A,0.7655427,0.104238264,0.13021906
3024,A,A,0.97349507,0.004920295,0.021584691
3025,C,C,0.20749731,0.27796534,0.51453733
3026,B,B,0.06923767,0.8382255,0.0925368
3027,A,A,0.53119636,0.29179573,0.17700785
3028,C,C,0.09872058,0.14766267,0.7536168
3029,C,C,0.21746686,0.028366577,0.75416654
3030,C,A,0.9363226,0.0068927864,0.05678458
3031,B,B,0.38359085,0.45848212,0.157927
3032,B,A,0.90489215,0.017896233,0.0772116
3033,C,C,0.04927825,0.14122906,0.8094927
3034,B,B,0.021531882,0.94278187,0.035686247
3035,C,C,0.41640484,0.07537378,0.5082213
3036,C,A,0.80547106,0.026662089,0.1678669
3037,B,B,0.027979199,0.94025785,0.031763025
3038,A,A,0.9492292,0.0047554583,0.046015415
3039,A,A,0.7034693,0.20900668,0.08752408
3040,C,C,0.100028895,0.039368685,0.86060244
3041,C,A,0.9468888,0.0037288219,0.049382366
3042,A,A,0.98497134,0.0026764607,0.012352187
3043,C,B,0.2687781,0.6106514,0.1205705
3044,B,B,0.025386417,0.9643251,0.010288472
3045,A,A,0.99441296,0.00075997063,0.0048270915
3046,A,A,0.9037451,0.008667033,0.08758784
3047,C,A,0.9173189,0.0135100875,0.06917095
3048,B,B,0.044501957,0.93492407,0.020573959
3049,B,B,0.113499194,0.832193,0.0543078
3050,A,A,0.99355245,0.0005858838,0.0058615794
3051,A,A,0.801741,0.035310987,0.16294803
3052,A,A,0.9311,0.011512319,0.05738759
3053,B,B,0.26940766,0.62792337,0.10266898
3054,B,B,0.009918831,0.9821531,0.007928031
3055,B,B,0.020991607,0.96780396,0.011204506
3056,A,A,0.976747,0.0024600711,0.020792965
3057,B,C,0.04841377,0.4466239,0.5049624
3058,B,B,0.03486784,0.920329,0.04480324
3059,C,C,0.16995798,0.10976946,0.72027254
3060,C,A,0.63872045,0.03507107,0.32620856
3061,B,B,0.034313776,0.80809945,0.1575868
3062,A,A,0.98609924,0.0016396584,0.012261159
3063,C,A,0.57194203,0.03909787,0.3889601
3064,B,B,0.1213601,0.7630505,0.11558945
3065,B,B,0.018620232,0.96953315,0.011846668
3066,C,C,0.12092365,0.1396159,0.73946047
3067,A,A,0.95964456,0.006476362,0.03387915
3068,A,A,0.9368164,0.01360044,0.049583275
3069,A,A,0.5944707,0.21799347,0.18753585
3070,B,B,0.03025016,0.9516721,0.01807771
3071,A,A,0.94966465,0.00904604,0.041289303
3072,C,C,0.12711777,0.056809325,0.81607294
3073,A,A,0.96018934,0.0034198195,0.036390852
3074,A,B,0.17144668,0.742562,0.08599124
3075,C,C,0.11970003,0.23470345,0.64559644
3076,C,C,0.26556846,0.042933226,0.6914983
3077,C,C,0.25724345,0.18656458,0.5561919
3078,B,B,0.011063848,0.95961523,0.029320948
3079,B,C,0.27870765,0.3293194,0.39197296
3080,A,A,0.9211379,0.021542529,0.0573195
3081,A,A,0.9384784,0.018544475,0.04297719
3082,C,B,0.057950955,0.91081274,0.031236276
3083,B,B,0.08324195,0.57076794,0.3459901
3084,A,A,0.90241927,0.013101323,0.08447944
3085,C,C,0.23632437,0.093869865,0.6698057
3086,B,B,0.11821808,0.5313829,0.35039905
3087,C,A,0.5958775,0.03312755,0.3709949
3088,C,C,0.10173242,0.10494741,0.7933202
3089,C,A,0.51557016,0.046473987,0.4379558
3090,B,B,0.048624795,0.92630696,0.025068255
3091,B,B,0.024354419,0.9537844,0.021861197
3092,C,C,0.38527054,0.03376425,0.5809652
3093,B,A,0.52093726,0.36202788,0.11703485
3094,B,B,0.014632045,0.9651309,0.020237101
3095,B,B,0.03554629,0.87836987,0.0860838
3096,A,A,0.9375162,0.009147276,0.053336527
3097,C,C,0.09326381,0.26334983,0.64338636
3098,B,B,0.01578237,0.94026953,0.043948095
3099,A,C,0.31485525,0.03244199,0.6527028
3100,C,C,0.38328028,0.058929484,0.5577903
3101,B,B,0.12627818,0.79402137,0.0797004
3102,C,C,0.3696425,0.06353614,0.56682134
3103,B,B,0.13531983,0.7930707,0.07160952
3104,B,B,0.110994786,0.81697184,0.07203338
3105,C,C,0.12649462,0.08957382,0.78393155
3106,B,B,0.17231232,0.68381774,0.14386992
3107,A,C,0.31156498,0.064459786,0.6239752
3108,C,C,0.15481152,0.16056232,0.68462616
3109,A,A,0.955059,0.012473934,0.03246705
3110,C,B,0.054112934,0.6023885,0.3434986
3111,A,A,0.97779775,0.004465985,0.01773632
3112,A,A,0.8637268,0.048919804,0.08735348
3113,C,C,0.36208066,0.18136095,0.4565584
3114,B,B,0.056861643,0.89025515,0.05288325
3115,C,C,0.09606625,0.23632601,0.6676077
3116,A,A,0.9828995,0.0030133466,0.014087087
3117,C,C,0.10597706,0.17285374,0.72116923
3118,C,C,0.057381094,0.09282608,0.8497928
3119,A,A,0.892681,0.061573904,0.04574513
3120,C,C,0.056354143,0.15577464,0.7878712
3121,C,A,0.55031943,0.07649666,0.37318394
3122,A,A,0.6369275,0.17137425,0.1916983
3123,B,B,0.033045672,0.9492064,0.017747916
3124,C,A,0.5978533,0.055638406,0.34650823
3125,A,A,0.9888992,0.0020242718,0.009076639
3126,C,A,0.8846635,0.023825284,0.09151112
3127,C,C,0.16270696,0.047968008,0.78932506
3128,A,A,0.98382866,0.001965089,0.014206333
3129,A,B,0.10868077,0.81369656,0.07762262
3130,C,C,0.061315723,0.07628664,0.8623976
3131,C,C,0.4490589,0.09546378,0.45547733
3132,C,C,0.120286256,0.16431119,0.7154025
3133,B,B,0.06676702,0.8865291,0.046703894
3134,C,C,0.10016917,0.12160668,0.7782242
3135,A,A,0.9809542,0.0027674227,0.016278345
3136,C,C,0.050971415,0.037475467,0.91155314
3137,C,C,0.07531995,0.04174116,0.88293886
3138,C,C,0.1660833,0.07152921,0.76238745
3139,B,B,0.026404843,0.9535738,0.020021342
3140,C,A,0.47396886,0.08042224,0.44560885
3141,C,A,0.5824627,0.027710566,0.38982666
3142,B,B,0.054479618,0.919897,0.025623376
3143,C,A,0.5621407,0.043150935,0.39470834
3144,A,A,0.7192561,0.037831478,0.24291234
3145,B,A,0.59366286,0.29498434,0.11135287
3146,A,A,0.9257494,0.020761475,0.053489033
3147,C,C,0.14206003,0.1469298,0.7110102
3148,C,C,0.0366554,0.17132619,0.79201835
3149,A,A,0.7106985,0.19369948,0.09560199
3150,C,C,0.33788744,0.0147101,0.6474025
3151,C,C,0.08301645,0.14421552,0.772768
3152,B,B,0.013339388,0.97531927,0.011341243
3153,B,C,0.2662896,0.22364254,0.51006794
3154,C,C,0.45449385,0.028622953,0.51688325
3155,A,A,0.9891611,0.0012436182,0.009595272
3156,A,C,0.22756344,0.0484637,0.7239729
3157,A,A,0.9367737,0.019867668,0.043358646
3158,A,A,0.9549608,0.008628129,0.036411
3159,C,C,0.046758678,0.19365993,0.7595814
3160,A,A,0.96342444,0.006653501,0.029921945
3161,A,A,0.97679365,0.0039868285,0.019219633
3162,B,B,0.09096449,0.85039556,0.058640007
3163,B,B,0.05050388,0.77109826,0.17839791
3164,A,A,0.46718824,0.40303743,0.12977433
3165,A,A,0.666378,0.19260216,0.14101979
3166,C,A,0.7261343,0.0512791,0.22258656
3167,C,C,0.2518871,0.10316691,0.64494604
3168,A,A,0.97681206,0.0044207643,0.018767186
3169,C,A,0.8810418,0.028125796,0.09083243
3170,C,C,0.046578277,0.13113225,0.8222895
3171,C,C,0.3317522,0.07922189,0.58902586
3172,A,A,0.79956406,0.013930063,0.18650584
3173,B,B,0.30094072,0.6050472,0.094012
3174,B,B,0.1203822,0.8316813,0.047936462
3175,C,C,0.18503885,0.054973662,0.7599875
3176,A,A,0.7577602,0.02151642,0.22072332
3177,C,C,0.054550778,0.37258834,0.5728609
3178,C,C,0.060113955,0.06691863,0.8729675
3179,A,A,0.9674412,0.006616467,0.02594234
3180,B,B,0.119317584,0.8267176,0.05396475
3181,C,C,0.037541684,0.21433227,0.74812603
3182,B,B,0.041821335,0.93414414,0.024034567
3183,B,B,0.03367276,0.49102286,0.47530434
3184,C,C,0.2694518,0.1387042,0.591844
3185,A,A,0.78737926,0.030021545,0.18259917
3186,C,A,0.81918657,0.010859798,0.16995363
3187,C,C,0.128785,0.22463827,0.64657676
3188,B,B,0.15397093,0.7488895,0.09713962
3189,A,B,0.39024618,0.39035442,0.21939938
3190,C,C,0.15231028,0.35154462,0.49614516
3191,C,A,0.57728004,0.041073438,0.38164645
3192,C,C,0.07658767,0.1812193,0.74219304
3193,A,A,0.9312892,0.01641053,0.052300304
3194,C,C,0.22482637,0.08423706,0.69093657
3195,B,B,0.037930023,0.9351279,0.02694202
3196,C,A,0.9249883,0.0066103064,0.06840139
3197,B,C,0.17206502,0.31458038,0.5133546
3198,B,B,0.05253115,0.8932241,0.054244738
3199,B,B,0.03641177,0.9322498,0.0313385
3200,C,C,0.044221226,0.08560845,0.8701703
3201,B,B,0.115018554,0.8286173,0.05636424
3202,B,B,0.09775862,0.8107358,0.09150562
3203,B,B,0.13015914,0.7617376,0.10810322
3204,A,A,0.9317643,0.021412456,0.046823204
3205,A,A,0.9025443,0.021423444,0.07603221
3206,C,C,0.049624037,0.040739845,0.90963614
3207,C,C,0.40419936,0.1476819,0.44811875
3208,A,A,0.976214,0.002061005,0.021724958
3209,A,C,0.24741755,0.030441228,0.7221412
3210,C,C,0.069024175,0.059572496,0.87140334
3211,B,B,0.14663298,0.7838549,0.06951214
3212,C,C,0.17806591,0.107357174,0.7145769
3213,A,A,0.48251942,0.07769416,0.43978634
3214,B,B,0.015000228,0.97909343,0.0059063244
3215,C,C,0.064181834,0.27990305,0.65591514
3216,A,B,0.068907656,0.8929925,0.03809983
3217,A,A,0.9761745,0.005024297,0.018801186
3218,A,A,0.98213243,0.0029596898,0.014907916
3219,A,A,0.96319216,0.009785547,0.027022261
3220,A,B,0.16588856,0.7732682,0.060843192
3221,C,C,0.16561551,0.14962395,0.6847605
3222,C,C,0.048957914,0.29853013,0.652512
3223,B,B,0.23898406,0.6882765,0.07273943
3224,A,C,0.38573813,0.04280913,0.57145274
3225,A,A,0.8911681,0.034262717,0.07456917
3226,B,B,0.17937055,0.69166964,0.1289598
3227,B,A,0.8053289,0.11040439,0.08426665
3228,C,C,0.28088278,0.28411564,0.43500164
3229,C,A,0.6604855,0.014392298,0.32512215
3230,C,C,0.42988393,0.043114457,0.5270016
3231,C,C,0.047509685,0.08002695,0.8724634
3232,A,A,0.5156607,0.061191868,0.42314744
3233,B,B,0.020346064,0.9713769,0.008277027
3234,A,A,0.60531694,0.041744556,0.3529385
3235,C,C,0.03633446,0.15455465,0.80911094
3236,B,B,0.040275127,0.9238722,0.03585265
3237,A,B,0.2646737,0.41539747,0.31992888
3238,C,A,0.69256735,0.0264942,0.2809384
3239,C,C,0.079408295,0.28606132,0.63453037
3240,A,A,0.9550289,0.008548394,0.036422707
3241,A,A,0.9896045,0.0013900514,0.009005433
3242,C,C,0.36088023,0.11147872,0.527641
3243,A,A,0.855917,0.030033909,0.114049084
3244,C,A,0.8061195,0.0510852,0.14279526
3245,A,A,0.9181488,0.036326166,0.045524996
3246,A,A,0.99528694,0.00068577734,0.0040272363
3247,C,C,0.36717716,0.06904095,0.5637819
3248,B,B,0.112522595,0.6979358,0.1895416
3249,A,A,0.99572635,0.0004992296,0.003774382
3250,A,A,0.9508092,0.007668734,0.04152217
3251,C,C,0.030122502,0.18570527,0.78417224
3252,A,A,0.9749315,0.002283986,0.022784557
3253,B,B,0.03301279,0.8832642,0.08372306
3254,C,C,0.075744286,0.30909687,0.6151588
3255,A,B,0.20989974,0.69499743,0.09510285
3256,C,C,0.2954169,0.0342726,0.6703105
3257,B,B,0.015730936,0.9709552,0.01331387
3258,C,C,0.4263861,0.06105362,0.51256025
3259,B,B,0.016636638,0.96148944,0.021873904
3260,C,C,0.076389775,0.13220245,0.7914078
3261,C,C,0.09054677,0.3457127,0.56374055
3262,C,C,0.28375736,0.14096779,0.5752749
3263,B,B,0.042453874,0.9258171,0.031729136
3264,C,C,0.12329052,0.05843194,0.81827754
3265,C,C,0.12392048,0.16313289,0.7129466
3266,B,B,0.053797085,0.9168091,0.029393837
3267,C,C,0.06226633,0.081236675,0.856497
3268,A,A,0.94958586,0.011580432,0.038833786
3269,A,A,0.9497222,0.013095083,0.037182726
3270,A,A,0.9638537,0.0063179727,0.029828185
3271,C,C,0.05809873,0.053479496,0.8884218
3272,B,B,0.11993774,0.83875585,0.041306295
3273,B,B,0.31439498,0.58774275,0.09786221
3274,B,B,0.016826767,0.9626184,0.020554833
3275,A,A,0.94385624,0.012510158,0.043633696
3276,B,B,0.034744915,0.9472692,0.017985852
3277,B,B,0.023163628,0.9412672,0.0355692
3278,B,B,0.012168575,0.94498485,0.042846557
3279,C,C,0.16549338,0.09056547,0.7439411
3280,B,B,0.020209746,0.93734986,0.042440336
3281,A,A,0.9895266,0.0016526078,0.008820778
3282,B,B,0.0038691263,0.99409807,0.0020328625
3283,A,A,0.9685052,0.0068955366,0.024599252
3284,A,A,0.8895139,0.020440545,0.09004549
3285,C,C,0.094271295,0.13949631,0.7662324
3286,C,B,0.048086986,0.58603513,0.36587787
3287,C,A,0.7769831,0.0715898,0.15142708
3288,C,C,0.44951925,0.06177319,0.4887075
3289,B,B,0.023104187,0.9629449,0.01395088
3290,B,B,0.14407685,0.73027444,0.12564866
3291,A,A,0.887596,0.013006533,0.09939743
3292,A,A,0.44823933,0.10964974,0.44211093
3293,A,A,0.9210964,0.012174745,0.06672883
3294,C,C,0.11515412,0.044874415,0.8399715
3295,B,B,0.07809737,0.5258815,0.39602107
3296,B,B,0.03564277,0.94333,0.02102725
3297,A,A,0.9720905,0.0061321426,0.021777375
3298,A,A,0.99286836,0.00079807284,0.0063335053
3299,A,A,0.9617882,0.009932094,0.028279673
3300,A,A,0.97323155,0.0040296703,0.022738717
3301,C,C,0.059890598,0.088461116,0.8516483
3302,C,A,0.5546746,0.037816215,0.4075092
3303,B,B,0.017434798,0.9670894,0.0154757835
3304,C,C,0.022709195,0.09657027,0.88072056
3305,C,C,0.14838275,0.07050436,0.7811128
3306,B,B,0.042643342,0.93388957,0.023467146
3307,B,B,0.01947425,0.9601733,0.02035238
3308,B,B,0.028672792,0.92451286,0.046814345
3309,B,B,0.034337718,0.9156223,0.050040003
3310,C,C,0.24687989,0.021661576,0.73145854
3311,A,A,0.5192622,0.35040683,0.13033096
3312,B,B,0.02670543,0.94900316,0.024291432
3313,B,B,0.007827791,0.97570467,0.016467614
3314,C,C,0.040401645,0.091053784,0.8685445
3315,C,C,0.24083915,0.038289044,0.7208718
3316,B,B,0.19717993,0.72370625,0.07911381
3317,A,A,0.93996304,0.008930555,0.051106434
3318,A,A,0.97306937,0.0052318624,0.021698713
3319,B,B,0.1638986,0.52058226,0.31551918
3320,A,A,0.60857666,0.025288358,0.36613497
3321,C,C,0.3303406,0.07959352,0.5900659
3322,C,C,0.12401572,0.0670038,0.80898046
3323,B,B,0.061832637,0.848639,0.08952842
3324,A,A,0.93310785,0.012536835,0.05435526
3325,B,A,0.63696563,0.26329684,0.0997375
3326,A,A,0.807798,0.083119236,0.10908271
3327,A,A,0.90776557,0.032422986,0.05981142
3328,B,B,0.06761903,0.7425508,0.18983017
3329,A,A,0.97964054,0.0030823243,0.017277127
3330,C,C,0.40838048,0.08425603,0.5073635
3331,A,A,0.9398646,0.009746555,0.05038894
3332,C,C,0.076503545,0.07769678,0.8457997
3333,C,A,0.8048841,0.032424487,0.16269147
3334,A,A,0.96347445,0.0023423906,0.03418318
3335,C,A,0.7212208,0.09990669,0.1788725
3336,A,A,0.9161647,0.027352681,0.05648267
3337,C,C,0.13758698,0.063242644,0.7991703
3338,A,A,0.9826397,0.0033031073,0.014057231
3339,A,A,0.4619698,0.37428012,0.1637502
3340,B,B,0.030156452,0.9390375,0.030805979
3341,A,A,0.9038844,0.030397136,0.06571846
3342,B,B,0.062311385,0.79271585,0.14497279
3343,B,B,0.012394012,0.9056738,0.081932195
3344,C,B,0.34614187,0.46993065,0.18392743
3345,A,A,0.9514039,0.012057034,0.036539044
3346,A,A,0.97709477,0.00482607,0.018079158
3347,C,C,0.04659917,0.16184103,0.7915598
3348,B,B,0.23098834,0.53269386,0.23631783
3349,C,C,0.03850251,0.31799737,0.64350015
3350,C,B,0.08204514,0.77704805,0.14090683
3351,A,A,0.95532286,0.004597639,0.040079597
3352,B,B,0.0660939,0.9025935,0.03131264
3353,A,A,0.8680715,0.027247006,0.1046815
3354,B,B,0.045193203,0.9339894,0.020817367
3355,C,A,0.4066954,0.24639994,0.34690472
3356,C,C,0.29590553,0.031729598,0.67236483
3357,B,B,0.0068100854,0.9844238,0.0087660765
3358,B,B,0.02061719,0.9684834,0.010899351
3359,A,B,0.15813807,0.7696823,0.07217962
3360,B,B,0.052662842,0.89725065,0.05008654
3361,B,B,0.08930664,0.84478164,0.065911785
3362,C,A,0.5971987,0.032480713,0.37032062
3363,C,A,0.81824166,0.039091624,0.14266667
3364,B,B,0.05852232,0.9129053,0.028572384
3365,B,B,0.030126462,0.80991805,0.15995558
3366,B,B,0.057870362,0.89668566,0.045443974
3367,C,C,0.04113702,0.28329107,0.675572
3368,A,A,0.92244226,0.014685315,0.06287239
3369,A,A,0.97582334,0.007300658,0.016875949
3370,B,B,0.053930987,0.89452535,0.051543675
3371,A,A,0.8876671,0.0150040025,0.097328894
3372,B,B,0.15041746,0.76734,0.08224246
3373,B,B,0.023735208,0.96607053,0.010194307
3374,B,B,0.28232992,0.61233544,0.10533465
3375,A,A,0.9790132,0.0029765046,0.018010285
3376,B,B,0.33096635,0.34178248,0.3272512
3377,C,C,0.13661854,0.03543006,0.8279514
3378,A,A,0.9586707,0.0066607054,0.034668613
3379,C,C,0.09134627,0.13505161,0.7736021
3380,B,B,0.07167127,0.49983293,0.42849588
3381,B,B,0.13058116,0.79899657,0.07042229
3382,C,A,0.7190606,0.04797991,0.23295942
3383,B,B,0.03877509,0.86430687,0.09691804
3384,C,C,0.11164164,0.26292476,0.62543356
3385,A,A,0.94660383,0.0101530105,0.043243207
3386,B,B,0.22777158,0.6801951,0.09203337
3387,C,B,0.08439001,0.53552866,0.38008136
3388,B,B,0.046949755,0.9374973,0.015552924
3389,A,A,0.9678725,0.005930993,0.026196597
3390,B,B,0.017025264,0.94099855,0.041976206
3391,C,A,0.6233405,0.021977216,0.35468233
3392,C,C,0.26768494,0.14745753,0.5848575
3393,A,B,0.115046844,0.81788737,0.0670658
3394,A,A,0.9111459,0.0093061,0.07954803
3395,A,A,0.9841002,0.003162946,0.012736939
3396,C,A,0.6835719,0.01693474,0.29949337
3397,A,A,0.9528939,0.008541718,0.038564444
3398,A,A,0.89610326,0.02659795,0.077298746
3399,B,B,0.03535378,0.94355834,0.021087885
3400,C,A,0.64681226,0.03082419,0.3223635
3401,B,B,0.07156326,0.8987295,0.029707236
3402,B,B,0.04826903,0.7899476,0.16178338
3403,B,A,0.68361604,0.21308385,0.103300124
3404,C,C,0.3662502,0.13508575,0.49866402
3405,C,C,0.32090512,0.081434004,0.5976609
3406,C,C,0.0964175,0.09549278,0.80808973
3407,B,B,0.024726542,0.93546975,0.039803594
3408,B,B,0.14416617,0.7101792,0.14565456
3409,C,A,0.74710786,0.019442357,0.23344977
3410,A,A,0.5754504,0.075323045,0.34922653
3411,B,B,0.14547198,0.7783062,0.07622184
3412,B,B,0.18637703,0.6842666,0.12935637
3413,A,A,0.9772988,0.0051158294,0.017585346
3414,A,A,0.44982883,0.40224212,0.14792895
3415,A,A,0.79850924,0.03479786,0.16669287
3416,B,B,0.018501932,0.9706129,0.010885219
3417,C,B,0.0293262,0.7805188,0.190155
3418,B,B,0.04902738,0.8841372,0.06683543
3419,B,B,0.011236217,0.98006606,0.008697722
3420,A,A,0.6981343,0.23474146,0.067124195
3421,A,A,0.71888673,0.059891317,0.22122194
3422,A,A,0.83120716,0.037062626,0.13173029
3423,B,B,0.38162243,0.47698134,0.14139616
3424,B,B,0.016953187,0.9739023,0.009144464
3425,C,C,0.260753,0.06574827,0.6734987
3426,B,B,0.06558584,0.9019088,0.03250525
3427,A,A,0.96317047,0.005185885,0.03164361
3428,C,B,0.096612915,0.85068214,0.052704863
3429,C,A,0.8437388,0.03052723,0.125734
3430,A,A,0.7153368,0.039530955,0.24513228
3431,B,C,0.1316332,0.38422725,0.48413953
3432,A,A,0.9678813,0.007043044,0.025075607
3433,A,A,0.9858233,0.0016179105,0.012558851
3434,A,A,0.96931946,0.005915901,0.024764564
3435,A,A,0.896111,0.012973376,0.09091563
3436,C,C,0.175619,0.18233271,0.64204836
3437,B,B,0.06390976,0.894763,0.041327205
3438,A,A,0.9394706,0.008396363,0.05213306
3439,B,B,0.023440933,0.92512697,0.05143214
3440,C,B,0.04525423,0.49821097,0.4565349
3441,C,C,0.08188914,0.10240427,0.8157067
3442,B,B,0.0077939746,0.9695098,0.022696204
3443,B,B,0.034003105,0.938902,0.027094895
3444,A,A,0.981832,0.004309204,0.013858778
3445,C,C,0.32245448,0.1374899,0.5400557
3446,C,C,0.21708728,0.061351568,0.7215611
3447,A,B,0.2214597,0.45310244,0.32543784
3448,B,B,0.009187661,0.98566353,0.005148768
3449,B,B,0.038880013,0.8573019,0.10381805
3450,C,C,0.15539506,0.22773537,0.61686957
3451,C,C,0.28672835,0.20973434,0.50353736
3452,B,B,0.22465365,0.67521507,0.10013132
3453,B,B,0.16369398,0.70899165,0.12731434
3454,C,C,0.116788946,0.03997518,0.84323585
3455,A,A,0.78027207,0.08296225,0.13676567
3456,C,A,0.7051128,0.023572482,0.27131468
3457,B,B,0.025688514,0.9595658,0.014745712
3458,C,A,0.73565596,0.017991012,0.24635294
3459,C,C,0.040822964,0.20372805,0.75544894
3460,A,A,0.95884657,0.0049755946,0.036177836
3461,B,B,0.3616402,0.46464697,0.17371286
3462,A,A,0.93513584,0.015298486,0.049565617
3463,A,A,0.97179836,0.005711404,0.022490226
3464,A,A,0.97431254,0.0051480434,0.020539435
3465,B,B,0.0066858735,0.97652644,0.016787786
3466,A,A,0.6548348,0.10569619,0.23946905
3467,B,B,0.044268854,0.933305,0.022426134
3468,C,C,0.3953663,0.041147813,0.5634859
3469,B,A,0.78647304,0.070555985,0.14297101
3470,C,C,0.2358124,0.05996279,0.70422477
3471,C,C,0.08697599,0.08641639,0.82660764
3472,C,C,0.068154156,0.26149002,0.6703558
3473,B,B,0.29533926,0.62616956,0.078491144
3474,C,C,0.06590512,0.057753444,0.8763414
3475,A,A,0.97846013,0.0029036577,0.018636214
3476,C,C,0.33560255,0.071987525,0.59240997
3477,C,C,0.31667575,0.12127191,0.5620523
3478,B,B,0.05461719,0.9284986,0.016884191
3479,B,B,0.040302217,0.9202906,0.0394071
3480,A,A,0.9760849,0.0030625628,0.02085263
3481,C,C,0.16443883,0.036113616,0.79944754
3482,C,C,0.04235902,0.07833817,0.87930286
3483,C,C,0.05100169,0.049697172,0.8993011
3484,B,B,0.027859768,0.9615673,0.010572964
3485,A,A,0.99410915,0.0008982025,0.0049926434
3486,B,B,0.057157885,0.8991148,0.043727305
3487,B,B,0.018695824,0.96799904,0.013305126
3488,A,A,0.9279942,0.005236316,0.06676946
3489,B,B,0.03568121,0.9461792,0.018139666
3490,C,C,0.039987512,0.13218068,0.82783175
3491,A,A,0.9821055,0.0025439463,0.015350528
3492,A,A,0.93526983,0.013196187,0.05153404
3493,A,A,0.9569573,0.0043507763,0.038691856
3494,B,B,0.05107096,0.92567784,0.02325124
3495,C,C,0.0646166,0.4212084,0.514175
3496,A,A,0.6710054,0.012200237,0.3167943
3497,C,C,0.06870923,0.20310543,0.7281853
3498,C,C,0.070771955,0.06873549,0.8604925
3499,B,C,0.06266004,0.29898456,0.63835543
3500,A,A,0.9776999,0.004374909,0.017925335
3501,C,C,0.23343976,0.09735012,0.66921014
3502,B,B,0.081912,0.83019733,0.08789067
3503,B,B,0.15093559,0.7296117,0.1194527
3504,A,A,0.94059813,0.01663278,0.042769156
3505,C,C,0.095808536,0.061055455,0.843136
3506,C,C,0.34503472,0.043029904,0.6119353
3507,A,A,0.98190665,0.0032933818,0.014800043
3508,B,B,0.05623348,0.90848076,0.03528577
3509,B,B,0.1522805,0.78309005,0.06462943
3510,B,B,0.0156232,0.9722458,0.01213099
3511,A,A,0.9727088,0.0056625707,0.021628523
3512,A,A,0.9865986,0.001052139,0.012349247
3513,A,A,0.86480844,0.07380868,0.061382927
3514,C,C,0.14411466,0.03564799,0.82023734
3515,A,A,0.9280097,0.009608193,0.062382147
3516,C,C,0.10190586,0.07564036,0.82245374
3517,B,B,0.043682292,0.9156507,0.040667012
3518,A,A,0.9317697,0.012226833,0.056003407
3519,A,B,0.33483744,0.54873157,0.11643099
3520,B,B,0.12849331,0.5969743,0.27453232
3521,C,C,0.19369985,0.055404592,0.75089556
3522,B,B,0.12540442,0.8003327,0.07426284
3523,B,B,0.012182001,0.9806033,0.0072147413
3524,B,B,0.020984722,0.86107296,0.117942356
3525,C,C,0.0674336,0.034963842,0.8976025
3526,A,A,0.96734166,0.007879465,0.024778934
3527,C,C,0.14558493,0.06897759,0.7854375
3528,A,A,0.9556469,0.00676971,0.03758338
3529,C,A,0.9002162,0.014052115,0.08573168
3530,A,A,0.9153375,0.018576188,0.06608633
3531,B,B,0.11946219,0.6861977,0.19434012
3532,C,C,0.044799354,0.099409625,0.855791
3533,B,A,0.5133126,0.3636646,0.12302281
3534,A,A,0.9226376,0.005587981,0.0717744
3535,B,B,0.15646683,0.7686229,0.07491026
3536,C,A,0.49468482,0.10575408,0.39956105
3537,C,C,0.027524607,0.11514657,0.8573289
3538,B,B,0.06482995,0.8987716,0.036398515
3539,B,B,0.21349946,0.6860429,0.10045768
3540,A,A,0.9341635,0.012031477,0.05380502
3541,C,A,0.8107825,0.059477005,0.12974046
3542,C,B,0.16492128,0.4276282,0.40745053
3543,A,B,0.18508255,0.62467736,0.1902401
3544,B,B,0.10996323,0.8218073,0.06822941
3545,C,C,0.32018673,0.08253582,0.5972774
3546,C,C,0.1955838,0.035717823,0.7686984
3547,B,B,0.09735295,0.82896805,0.07367898
3548,C,C,0.03783209,0.052884217,0.90928376
3549,B,B,0.023565508,0.95097244,0.02546211
3550,A,A,0.947326,0.013610151,0.039063815
3551,B,B,0.036749985,0.9346722,0.028577873
3552,C,C,0.021882558,0.4822731,0.4958444
3553,C,C,0.059207883,0.020308483,0.9204836
3554,C,C,0.04745608,0.1171647,0.8353792
3555,A,A,0.9295528,0.004824059,0.06562313
3556,A,A,0.9601225,0.004601072,0.03527628
3557,B,B,0.009640204,0.9679938,0.022365963
3558,B,A,0.66273427,0.18788871,0.14937705
3559,B,B,0.03660138,0.94581467,0.017584022
3560,B,B,0.010178713,0.9644703,0.025350882
3561,B,B,0.06637911,0.82576597,0.10785497
3562,C,C,0.050196946,0.10672816,0.8430749
3563,B,B,0.033324704,0.92861694,0.038058385
3564,B,B,0.18018842,0.6711366,0.14867494
3565,A,A,0.91840154,0.015703242,0.06589529
3566,B,B,0.13070081,0.788288,0.081011154
3567,B,B,0.02517535,0.9602578,0.014566888
3568,B,A,0.79767036,0.13780333,0.06452629
3569,C,C,0.15488936,0.1432311,0.7018796
3570,B,B,0.07736926,0.81241083,0.110219926
3571,C,C,0.24581832,0.046546973,0.70763475
3572,C,C,0.03047755,0.02662241,0.9429
3573,A,A,0.96857643,0.00716356,0.024260031
3574,C,C,0.04266497,0.35768422,0.59965074
3575,C,C,0.039669886,0.18834844,0.7719817
3576,C,C,0.045718808,0.12943703,0.8248441
3577,C,C,0.2749981,0.107841864,0.6171601
3578,C,A,0.80893296,0.022337586,0.16872947
3579,C,C,0.13606626,0.09614168,0.7677921
3580,B,B,0.035104524,0.89370567,0.0711899
3581,C,C,0.08075891,0.18531948,0.7339216
3582,C,C,0.038341526,0.17857929,0.78307915
3583,B,B,0.047785312,0.88866514,0.06354953
3584,B,B,0.062783785,0.87247497,0.06474125
3585,A,A,0.8673792,0.05555182,0.07706909
3586,A,A,0.97664714,0.0018057782,0.021547053
3587,A,A,0.9866916,0.0019534172,0.0113550825
3588,C,A,0.75053287,0.02515238,0.22431478
3589,A,A,0.95598364,0.007813073,0.03620343
3590,B,B,0.13103275,0.75349677,0.11547052
3591,B,B,0.10703445,0.80500525,0.08796028
3592,B,B,0.2294277,0.56314886,0.2074234
3593,B,B,0.05164548,0.84528035,0.10307408
3594,C,A,0.835554,0.024549713,0.13989624
3595,A,A,0.8086676,0.0724718,0.11886058
3596,B,B,0.077038564,0.8346903,0.08827118
3597,A,A,0.90670305,0.043340847,0.0499561
3598,A,A,0.93007916,0.008874505,0.061046343
3599,A,A,0.61965317,0.07855121,0.30179557
3600,B,B,0.028360162,0.9521823,0.019457491
3601,C,C,0.083026685,0.017315194,0.8996581
3602,C,C,0.07350541,0.2726388,0.6538558
3603,A,A,0.9643092,0.007655753,0.028035037
3604,C,B,0.1536708,0.49650225,0.3498269
3605,C,C,0.2840187,0.04681775,0.6691636
3606,A,A,0.8861323,0.020179879,0.09368774
3607,A,B,0.30809978,0.56088984,0.13101038
3608,B,B,0.11193312,0.65714496,0.23092192
3609,C,C,0.1251892,0.034640275,0.84017056
3610,C,C,0.18733025,0.118190445,0.6944793
3611,B,B,0.19186951,0.7033678,0.10476272
3612,A,A,0.96047807,0.0135974055,0.025924455
3613,C,C,0.14043663,0.09906589,0.76049745
3614,A,A,0.90464586,0.013174191,0.08217994
3615,A,A,0.93309706,0.013879875,0.053023018
3616,B,B,0.25352368,0.63412446,0.11235184
3617,C,C,0.07937271,0.22962725,0.69100004
3618,B,B,0.064284176,0.9011203,0.034595575
3619,C,C,0.15594268,0.098044895,0.7460124
3620,C,C,0.47963315,0.03405883,0.48630795
3621,A,A,0.9408672,0.016676035,0.042456724
3622,C,C,0.078904256,0.24102868,0.68006706
3623,A,C,0.41347623,0.05763262,0.52889115
3624,A,A,0.81976473,0.039610185,0.14062504
3625,B,B,0.014017958,0.96288675,0.023095215
3626,A,A,0.98956394,0.0017412637,0.008694735
3627,B,B,0.012688351,0.9803073,0.007004296
3628,B,B,0.04274958,0.934495,0.022755401
3629,B,B,0.030310005,0.95574576,0.013944284
3630,B,B,0.021702616,0.95997804,0.018319335
3631,C,C,0.05382052,0.036936376,0.9092431
3632,C,C,0.31947312,0.10962523,0.57090163
3633,C,C,0.072240025,0.15844564,0.76931435
3634,A,A,0.84856474,0.016591124,0.13484414
3635,C,A,0.550104,0.028415106,0.4214808
3636,A,A,0.97814137,0.0031460254,0.01871251
3637,A,A,0.87706304,0.010750664,0.1121863
3638,C,C,0.40224332,0.070709676,0.527047
3639,C,C,0.023000583,0.11056683,0.8664326
3640,C,C,0.20462205,0.031362817,0.76401514
3641,B,B,0.051626064,0.87486243,0.07351144
3642,B,B,0.03632223,0.94837457,0.0153032085
3643,B,B,0.082926534,0.7289895,0.18808399
3644,C,C,0.04631457,0.19361965,0.7600658
3645,A,A,0.8636,0.04471592,0.09168404
3646,C,B,0.035052318,0.93748087,0.027466793
3647,C,C,0.14620392,0.15287487,0.7009212
3648,A,A,0.87464386,0.038140666,0.08721542
3649,C,C,0.12462939,0.07470956,0.8006611
3650,C,C,0.05746694,0.12904319,0.81348985
3651,B,B,0.16003402,0.72250015,0.11746592
3652,C,B,0.1031598,0.5655724,0.3312678
3653,C,C,0.13310999,0.11917086,0.74771917
3654,C,A,0.8065659,0.016885303,0.1765488
3655,C,C,0.21789725,0.0647721,0.71733063
3656,B,A,0.6442541,0.21273547,0.14301054
3657,A,A,0.87271416,0.029634511,0.097651325
3658,A,A,0.93737006,0.016851071,0.045778863
3659,C,C,0.03338313,0.04647713,0.9201398
3660,B,B,0.09434467,0.8409542,0.06470119
3661,A,A,0.94853616,0.008705817,0.042758074
3662,A,A,0.9689359,0.0038669952,0.027197033
3663,C,C,0.09056773,0.12032017,0.7891121
3664,C,C,0.22502866,0.11212137,0.66285
3665,A,A,0.9442244,0.012302183,0.04347342
3666,C,C,0.082724534,0.07909817,0.83817726
3667,A,A,0.9592742,0.0050868015,0.03563898
3668,B,B,0.14368556,0.7066922,0.14962222
3669,A,C,0.33108115,0.28739095,0.3815279
3670,A,A,0.9727893,0.0036688934,0.023541838
3671,B,B,0.033589385,0.9400383,0.026372274
3672,C,A,0.38666156,0.25730836,0.35603005
3673,A,A,0.95338774,0.0076916367,0.03892057
3674,C,B,0.12178508,0.8318628,0.046352047
3675,B,B,0.031975813,0.92783695,0.040187355
3676,C,C,0.11029494,0.12865384,0.76105124
3677,A,A,0.9413735,0.012121285,0.04650515
3678,C,C,0.08268137,0.35340992,0.5639087
3679,A,A,0.88935757,0.013928547,0.09671386
3680,B,B,0.0589225,0.91162527,0.029452175
3681,A,A,0.96421826,0.008307829,0.027473968
3682,A,A,0.6182743,0.15832792,0.22339784
3683,C,C,0.083751515,0.23938228,0.67686623
3684,C,C,0.09091835,0.25352198,0.65555966
3685,B,B,0.03686934,0.93280053,0.030330218
3686,A,B,0.24621366,0.6834009,0.0703854
3687,A,A,0.8383302,0.018424815,0.1432449
3688,C,C,0.18582882,0.06932058,0.7448505
3689,C,A,0.5894485,0.085257925,0.32529357
3690,B,B,0.077076264,0.87947017,0.043453563
3691,B,B,0.03402066,0.94359857,0.022380829
3692,A,A,0.57419026,0.061723735,0.364086
3693,C,C,0.3671435,0.053804453,0.5790521
3694,A,A,0.58105993,0.19239749,0.22654258
3695,C,C,0.015236857,0.2765962,0.70816696
3696,A,A,0.91396207,0.013997561,0.07204032
3697,C,C,0.09172357,0.043394797,0.86488163
3698,B,B,0.037821673,0.82247835,0.13969998
3699,B,B,0.07043402,0.89409894,0.035466928
3700,B,B,0.30071706,0.6263135,0.07296951
3701,B,B,0.043804064,0.9174912,0.038704723
3702,A,A,0.9402083,0.011440506,0.04835124
3703,C,C,0.08811771,0.35780144,0.55408084
3704,A,A,0.9684623,0.0041896817,0.02734805
3705,B,B,0.09227692,0.82916456,0.07855853
3706,A,A,0.95392287,0.006584707,0.039492402
3707,B,B,0.010051791,0.98437595,0.005572249
3708,A,A,0.9694705,0.0031598608,0.027369564
3709,C,C,0.061342098,0.090560704,0.84809726
3710,A,A,0.98665816,0.0024286374,0.01091321
3711,A,A,0.56165934,0.30684707,0.13149358
3712,C,C,0.18226059,0.074171215,0.74356824
3713,A,A,0.9714967,0.0054339035,0.023069348
3714,A,A,0.95946,0.007382868,0.033157073
3715,A,A,0.93985885,0.021106305,0.03903483
3716,C,A,0.8373121,0.033906847,0.12878105
3717,B,B,0.060974482,0.8528086,0.086217
3718,B,B,0.15157986,0.78295887,0.06546124
3719,C,C,0.18831193,0.07357403,0.738114
3720,B,B,0.05674036,0.91374594,0.02951365
3721,B,B,0.025365766,0.9541104,0.020523788
3722,B,A,0.6461408,0.1596726,0.19418661
3723,A,A,0.58276916,0.080827795,0.33640304
3724,A,A,0.87133586,0.044683315,0.08398079
3725,B,B,0.04463922,0.9230894,0.03227143
3726,B,B,0.15112922,0.79436696,0.054503884
3727,B,B,0.14523773,0.8021527,0.05260957
3728,A,A,0.9111948,0.01496044,0.07384473
3729,C,C,0.10128453,0.04290471,0.8558108
3730,C,A,0.54773426,0.115121655,0.33714414
3731,B,B,0.3679458,0.41765228,0.21440195
3732,B,B,0.004907819,0.99257225,0.0025199354
3733,A,A,0.8363631,0.038562715,0.12507422
3734,C,C,0.14740236,0.101649515,0.7509481
3735,A,A,0.975311,0.0061217374,0.018567223
3736,B,B,0.020712934,0.9635322,0.01575482
3737,B,B,0.08964022,0.8391162,0.07124353
3738,B,B,0.10343832,0.76644695,0.1301147
3739,C,C,0.027652249,0.115557194,0.8567906
3740,C,C,0.2613836,0.09881321,0.6398032
3741,C,A,0.47421503,0.06974639,0.4560385
3742,A,A,0.70675486,0.16207397,0.13117108
3743,A,A,0.7515767,0.018935936,0.2294873
3744,C,B,0.03399865,0.59925187,0.3667495
3745,C,C,0.056429006,0.124049425,0.81952155
3746,B,B,0.009520943,0.9853918,0.0050872876
3747,C,C,0.094697654,0.14007792,0.76522446
3748,A,A,0.95722646,0.014292192,0.02848135
3749,C,C,0.32987845,0.14720857,0.522913
3750,B,B,0.122098245,0.8149291,0.06297266
3751,B,B,0.0060094697,0.98540306,0.008587419
3752,B,B,0.016778184,0.95821565,0.02500614
3753,A,A,0.94924295,0.012364249,0.038392823
3754,C,A,0.84895515,0.039628193,0.11141668
3755,A,A,0.9594861,0.009286953,0.03122689
3756,B,B,0.35592788,0.52661324,0.11745881
3757,C,C,0.06053049,0.295879,0.6435905
3758,A,A,0.9940943,0.00090874237,0.004996997
3759,C,C,0.15382403,0.09597593,0.75020003
3760,B,B,0.010336079,0.97853124,0.011132644
3761,A,A,0.7639169,0.07704258,0.15904059
3762,A,A,0.74345934,0.066147916,0.19039276
3763,C,C,0.093360774,0.11571479,0.79092443
3764,C,C,0.2870168,0.12548561,0.5874976
3765,A,A,0.7652824,0.022259053,0.21245854
3766,C,C,0.07383512,0.09651852,0.8296464
3767,B,B,0.014978161,0.97688466,0.008137243
3768,B,B,0.038016267,0.841461,0.1205227
3769,B,B,0.0659886,0.88344073,0.050570633
3770,B,B,0.046813156,0.8482218,0.10496514
3771,B,B,0.049803514,0.92961913,0.020577312
3772,C,C,0.35330483,0.0452402,0.601455
3773,A,A,0.8727634,0.01585943,0.11137716
3774,B,B,0.048860844,0.8966023,0.054536846
3775,B,B,0.04008569,0.8564501,0.10346431
3776,C,C,0.14946328,0.093072094,0.75746465
3777,A,A,0.98976666,0.0010291017,0.009204178
3778,B,A,0.73316777,0.08868245,0.1781497
3779,C,C,0.08082287,0.32647842,0.5926987
3780,A,A,0.93844205,0.006653389,0.05490453
3781,C,C,0.14367081,0.07822635,0.7781029
3782,A,A,0.8027996,0.01649054,0.18070981
3783,B,B,0.12808621,0.7790045,0.09290928
3784,A,A,0.96601003,0.006229682,0.027760243
3785,B,C,0.06465699,0.46550757,0.46983537
3786,B,B,0.13878277,0.794491,0.0667262
3787,B,B,0.083127275,0.8695466,0.04732616
3788,B,A,0.7120015,0.19432501,0.09367351
3789,A,A,0.91796666,0.023554562,0.05847881
3790,B,B,0.12011935,0.8319851,0.047895588
3791,B,B,0.025786974,0.94862604,0.025586925
3792,B,B,0.021706536,0.9659493,0.012344191
3793,C,A,0.72568846,0.010658168,0.2636534
3794,C,C,0.071175985,0.1948961,0.7339279
3795,A,A,0.9771542,0.007098819,0.015747001
3796,A,A,0.9722517,0.0048061786,0.022942165
3797,C,C,0.36588803,0.25349784,0.3806141
3798,B,B,0.03223167,0.93789804,0.029870234
3799,C,C,0.2966719,0.024498804,0.6788293
3800,C,C,0.13878764,0.18181235,0.67939997
3801,B,B,0.023971118,0.8886752,0.0873537
3802,A,A,0.9356728,0.023219457,0.04110769
3803,B,B,0.032433208,0.9174164,0.050150435
3804,A,A,0.93931055,0.018066859,0.042622503
3805,B,B,0.06021453,0.873186,0.06659945
3806,C,C,0.09986827,0.07650168,0.8236301
3807,A,A,0.9130367,0.01409354,0.07286974
3808,B,B,0.039436366,0.7350773,0.22548632
3809,C,B,0.029962061,0.533836,0.43620196
3810,C,C,0.1337138,0.119785555,0.7465006
3811,B,B,0.013308587,0.9750337,0.011657761
3812,B,B,0.04049273,0.9181078,0.041399393
3813,A,A,0.8526985,0.03169534,0.115606144
3814,C,A,0.65115464,0.06448011,0.2843652
3815,B,B,0.057767853,0.9086032,0.033629015
3816,C,C,0.13587692,0.045548897,0.81857425
3817,A,A,0.92161757,0.027017877,0.051364616
3818,C,C,0.03604971,0.031387582,0.93256277
3819,B,B,0.14626034,0.50730133,0.34643835
3820,A,C,0.17127843,0.1371574,0.69156414
3821,B,B,0.059961226,0.64280194,0.2972368
3822,A,A,0.9825227,0.0037298116,0.013747511
3823,A,A,0.9711267,0.003023686,0.02584952
3824,A,A,0.59686077,0.25268787,0.15045133
3825,B,B,0.023477368,0.9217961,0.054726563
3826,B,B,0.046386912,0.91445935,0.039153792
3827,A,B,0.34264442,0.5090422,0.1483134
3828,B,B,0.094378255,0.7581062,0.14751552
3829,C,A,0.66259086,0.060673814,0.27673528
3830,A,A,0.9316455,0.019478224,0.04887635
3831,C,B,0.081291705,0.6591832,0.2595251
3832,B,B,0.020160941,0.9410448,0.038794175
3833,A,A,0.99148285,0.0017501762,0.0067669633
3834,A,A,0.9484629,0.008823312,0.042713862
3835,B,B,0.05490623,0.91171205,0.033381652
3836,C,C,0.26686785,0.04570943,0.6874227
3837,B,B,0.09428928,0.8695042,0.03620651
3838,C,C,0.04448114,0.049444325,0.90607446
3839,C,B,0.2048833,0.6834314,0.111685306
3840,A,A,0.45859,0.45592734,0.08548265
3841,A,C,0.30036154,0.13797273,0.5616657
3842,B,B,0.096446395,0.55366737,0.34988627
3843,C,B,0.0661239,0.8467513,0.08712484
3844,B,B,0.010097405,0.97954434,0.010358302
3845,A,A,0.72666997,0.013049315,0.26028076
3846,A,A,0.89455366,0.016325295,0.08912108
3847,B,B,0.038335737,0.9129785,0.04868575
3848,B,B,0.027072294,0.94423264,0.028694978
3849,B,B,0.050761644,0.8232705,0.12596786
3850,C,A,0.5406015,0.10222003,0.35717848
3851,B,B,0.038755383,0.78846985,0.17277476
3852,C,C,0.09881085,0.06461818,0.8365709
3853,A,A,0.6624215,0.03406741,0.30351114
3854,C,A,0.7489025,0.08954624,0.16155122
3855,A,A,0.7216603,0.058908008,0.21943164
3856,B,B,0.03500532,0.78735465,0.17764
3857,C,A,0.7946759,0.061245084,0.144079
3858,A,A,0.9032208,0.004892819,0.09188638
3859,B,B,0.15554397,0.7805175,0.06393852
3860,C,C,0.17299876,0.032326326,0.7946749
3861,C,C,0.062873915,0.058343336,0.87878275
3862,C,C,0.1449629,0.07999175,0.77504534
3863,B,B,0.18333642,0.7094558,0.107207805
3864,A,A,0.99127275,0.000987707,0.007739641
3865,C,A,0.9004428,0.013905007,0.08565223
3866,B,B,0.030292984,0.93725675,0.03245028
3867,B,B,0.18018098,0.72848576,0.09133331
3868,A,A,0.958402,0.008150857,0.03344711
3869,B,B,0.026462467,0.9482819,0.025255581
3870,A,A,0.95198673,0.010629958,0.037383333
3871,B,B,0.09148763,0.8656185,0.042893864
3872,B,B,0.023726687,0.9604994,0.015773963
3873,C,C,0.19680387,0.0799987,0.7231974
3874,C,C,0.16972554,0.04694652,0.78332794
3875,C,C,0.36126938,0.27016816,0.36856243
3876,A,A,0.9691349,0.008164343,0.02270068
3877,C,C,0.14151716,0.037025064,0.82145774
3878,A,B,0.04647531,0.9289639,0.024560785
3879,A,A,0.94058275,0.016817223,0.042599976
3880,C,A,0.64440405,0.056211144,0.29938483
3881,C,C,0.2033013,0.10778595,0.68891275
3882,A,A,0.9828188,0.0023611393,0.014820037
3883,C,C,0.20357428,0.034133684,0.7622921
3884,A,A,0.93283653,0.012647749,0.054515738
3885,C,A,0.95183223,0.0076236087,0.04054411
3886,A,A,0.9592973,0.012834062,0.02786863
3887,B,B,0.066385165,0.75017077,0.18344414
3888,B,B,0.059794743,0.7442664,0.19593884
3889,A,A,0.9674953,0.0059883986,0.026516363
3890,C,A,0.46887174,0.1290202,0.402108
3891,C,A,0.9002458,0.012156384,0.08759787
3892,A,A,0.98725826,0.0024612502,0.010280509
3893,B,B,0.101822875,0.8612479,0.036929257
3894,C,C,0.26036555,0.05992245,0.67971194
3895,B,A,0.44651142,0.37746525,0.17602335
3896,B,B,0.10325043,0.80544025,0.09130934
3897,B,B,0.0101872105,0.9754842,0.014328655
3898,B,A,0.6192369,0.23679648,0.14396666
3899,B,B,0.006926777,0.98617744,0.006895838
3900,A,A,0.977684,0.0015536321,0.020762378
3901,B,B,0.017101157,0.8996444,0.083254494
3902,C,C,0.04385411,0.15634896,0.79979694
3903,B,B,0.051133897,0.8732606,0.0756055
3904,A,A,0.97506624,0.003298463,0.021635342
3905,C,C,0.09898153,0.12139705,0.7796214
3906,A,A,0.7595681,0.017795198,0.22263665
3907,A,A,0.908051,0.028340396,0.06360855
3908,B,B,0.038757153,0.70308745,0.25815538
3909,C,A,0.54984355,0.04132553,0.40883097
3910,B,B,0.08886224,0.52362764,0.38751012
3911,B,B,0.0457579,0.91847754,0.035764433
3912,A,A,0.9262657,0.018119855,0.055614393
3913,B,B,0.017037146,0.97520965,0.0077532423
3914,B,B,0.084346615,0.84970164,0.065951735
3915,C,B,0.028413018,0.9015361,0.07005092
3916,C,C,0.08353591,0.13953929,0.77692485
3917,B,B,0.02252414,0.96027875,0.017197132
3918,C,C,0.0564281,0.05035748,0.8932144
3919,C,A,0.521854,0.08696325,0.39118272
3920,A,A,0.9464741,0.013785439,0.039740607
3921,C,A,0.8531343,0.05994662,0.08691908
3922,A,A,0.98841256,0.001424905,0.010162581
3923,B,B,0.16122454,0.7791742,0.059601292
3924,B,B,0.022389416,0.96349794,0.0141127305
3925,C,C,0.09992401,0.1056765,0.79439944
3926,B,B,0.02059248,0.9239947,0.05541271
3927,B,B,0.06901765,0.86873657,0.062245872
3928,C,A,0.6868043,0.08265875,0.2305369
3929,C,C,0.2895097,0.07953452,0.6309558
3930,A,A,0.923511,0.017745713,0.058743313
3931,A,A,0.86017376,0.06105909,0.078767136
3932,B,B,0.011686084,0.9789627,0.009351122
3933,A,A,0.97743285,0.0025174231,0.020049734
3934,A,B,0.051453173,0.80462265,0.14392415
3935,A,A,0.9027588,0.022565901,0.07467525
3936,A,A,0.88991266,0.022856874,0.08723044
3937,B,B,0.09104457,0.85231805,0.05663731
3938,A,A,0.94715756,0.014196365,0.038645986
3939,C,C,0.06916922,0.028560726,0.9022701
3940,B,B,0.10942885,0.82960415,0.060967043
3941,C,C,0.14199935,0.2666702,0.59133047
3942,C,C,0.15027045,0.1655021,0.68422747
3943,A,A,0.47931442,0.05109304,0.46959248
3944,C,A,0.6313814,0.07421164,0.2944069
3945,C,A,0.8014213,0.053481817,0.14509688
3946,A,A,0.89905137,0.01738803,0.08356055
3947,B,B,0.1372807,0.6802155,0.1825038
3948,A,C,0.45800647,0.043841742,0.49815178
3949,A,A,0.9647037,0.006370096,0.028926278
3950,A,A,0.97522765,0.002528577,0.022243755
3951,A,A,0.9817417,0.0030183832,0.015239904
3952,C,C,0.12025556,0.118603155,0.7611413
3953,A,A,0.9193892,0.015487913,0.06512298
3954,A,A,0.92030644,0.005969873,0.073723756
3955,C,C,0.45773938,0.015473675,0.52678686
3956,B,B,0.09370927,0.59916425,0.3071265
3957,C,C,0.12244577,0.27507874,0.60247546
3958,A,A,0.93826646,0.008346077,0.053387545
3959,A,A,0.7375822,0.031505186,0.23091264
3960,A,A,0.9385269,0.01772966,0.043743428
3961,A,A,0.6064015,0.034698408,0.3589
3962,A,A,0.98188007,0.0025584379,0.01556151
3963,B,B,0.027497107,0.91853255,0.053970303
3964,B,B,0.024238847,0.94124055,0.034520578
3965,A,A,0.95369494,0.013099244,0.033205807
3966,A,A,0.9403019,0.0084475055,0.0512506
3967,C,C,0.060709517,0.05853692,0.8807536
3968,A,A,0.9849685,0.0023467564,0.012684871
3969,C,C,0.16005903,0.10416378,0.73577726
3970,C,C,0.44089708,0.042123653,0.5169793
3971,B,B,0.07344602,0.8442679,0.08228607
3972,A,A,0.8836631,0.04178729,0.07454965
3973,A,B,0.3486955,0.5408606,0.1104439
3974,B,B,0.08444457,0.7450685,0.1704869
3975,C,A,0.92872506,0.021203147,0.05007177
3976,B,B,0.10101806,0.8518146,0.047167383
3977,B,B,0.02966917,0.9577645,0.012566377
3978,A,A,0.9315014,0.014169429,0.05432917
3979,B,A,0.5557721,0.29862753,0.14560035
3980,A,A,0.6451231,0.044880807,0.30999613
3981,C,A,0.64848447,0.107593484,0.24392213
3982,B,B,0.15696397,0.4578054,0.3852306
3983,B,B,0.034898944,0.89794254,0.06715854
3984,C,A,0.7835514,0.036668275,0.17978036
3985,B,B,0.10115668,0.8548027,0.044040598
3986,B,B,0.027402876,0.9423363,0.030260904
3987,A,A,0.8962648,0.010636984,0.09309823
3988,B,B,0.012806704,0.97548306,0.011710307
3989,A,A,0.89589673,0.027881294,0.07622193
3990,C,B,0.048135076,0.8832169,0.068647936
3991,A,A,0.8496795,0.009327944,0.14099249
3992,A,A,0.80755043,0.124887414,0.06756206
3993,A,A,0.4758366,0.10065338,0.42351002
3994,C,B,0.038493,0.7570107,0.20449634
3995,A,A,0.8648714,0.0453354,0.08979321
3996,A,A,0.9161447,0.016896324,0.066958904
3997,A,A,0.6004237,0.095022954,0.3045534
3998,C,C,0.14163546,0.036787976,0.82157654
3999,B,B,0.11438726,0.76543736,0.12017535
4000,C,C,0.13956556,0.041262202,0.81917226
4001,A,A,0.88758177,0.037844706,0.07457355
4002,A,A,0.9837547,0.0031470526,0.01309834
4003,A,A,0.85412747,0.02146254,0.12440998
4004,C,C,0.18611138,0.17412576,0.6397629
4005,A,A,0.91251105,0.022753183,0.06473587
4006,B,B,0.024948793,0.9414297,0.033621628
4007,C,C,0.10650074,0.04391329,0.84958595
4008,A,A,0.9349054,0.02520296,0.039891597
4009,A,A,0.9883913,0.0016261329,0.00998265
4010,B,B,0.024025599,0.96308786,0.012886555
4011,C,C,0.20672154,0.087947935,0.70533043
4012,B,B,0.041298408,0.91936517,0.039336447
4013,B,B,0.066431485,0.6115714,0.32199714
4014,A,A,0.7803585,0.10827423,0.11136725
4015,A,A,0.9300848,0.014969713,0.054945476
4016,C,C,0.03664413,0.09249735,0.8708585
4017,A,A,0.91823727,0.018028416,0.06373423
4018,B,B,0.08332292,0.88382995,0.032847065
4019,B,B,0.06684158,0.8900738,0.043084625
4020,C,C,0.42872125,0.06746064,0.5038181
4021,C,C,0.07895219,0.24253553,0.6785123
4022,C,C,0.048358817,0.093318366,0.85832286
4023,C,C,0.040505864,0.13731511,0.822179
4024,B,B,0.14180194,0.7955504,0.06264758
4025,B,B,0.10115161,0.8564887,0.04235976
4026,C,C,0.040702682,0.14506298,0.81423426
4027,B,B,0.017078849,0.9012461,0.08167515
4028,A,C,0.38709614,0.1401061,0.47279778
4029,B,B,0.05880702,0.91205096,0.029141996
4030,B,B,0.06416687,0.79401416,0.1418189
4031,B,C,0.08961668,0.45378503,0.45659828
4032,A,A,0.8430536,0.0415915,0.11535496
4033,C,C,0.09821222,0.06292237,0.8388654
4034,C,A,0.7563675,0.06775833,0.17587419
4035,C,C,0.081911325,0.071473405,0.8466153
4036,B,B,0.028312923,0.9409862,0.030700825
4037,A,A,0.92440873,0.010604059,0.064987294
4038,C,C,0.11999226,0.12610471,0.75390303
4039,C,C,0.072739564,0.3928865,0.5343739
4040,C,C,0.38565868,0.22533569,0.3890057
4041,A,A,0.94710326,0.007356595,0.045540243
4042,A,A,0.8882036,0.021643901,0.09015246
4043,C,C,0.1675497,0.030281179,0.8021691
4044,C,C,0.076666094,0.06552544,0.8578084
4045,C,C,0.28030664,0.110957615,0.60873574
4046,B,B,0.03848642,0.92613024,0.035383403
4047,A,A,0.9774114,0.0057985415,0.016790057
4048,A,A,0.9437469,0.009706645,0.04654634
4049,B,B,0.058617588,0.88106376,0.060318716
4050,B,B,0.07059306,0.74293774,0.1864692
4051,A,A,0.9863753,0.0026471692,0.010977502
4052,A,A,0.59922254,0.2076752,0.19310226
4053,C,C,0.21793208,0.11769397,0.664374
4054,C,C,0.2357609,0.12419917,0.6400399
4055,C,A,0.5434794,0.21532625,0.2411944
4056,A,A,0.8653045,0.039722968,0.09497262
4057,A,A,0.9283524,0.011542969,0.060104664
4058,C,C,0.23471412,0.19246525,0.5728206
4059,C,C,0.1590847,0.060700797,0.7802145
4060,B,B,0.029764699,0.91280353,0.057431772
4061,A,A,0.9108596,0.016794294,0.07234613
4062,A,A,0.98468876,0.002253976,0.01305726
4063,A,A,0.96923494,0.0076314933,0.023133507
4064,A,A,0.778104,0.14447398,0.07742194
4065,A,A,0.72725683,0.08420376,0.18853936
4066,A,A,0.9012107,0.02674876,0.07204053
4067,A,A,0.4513396,0.41866395,0.12999642
4068,C,C,0.32284915,0.30648947,0.3706614
4069,A,A,0.97734845,0.0046282653,0.018023206
4070,A,A,0.98361397,0.0033442965,0.013041732
4071,C,C,0.08910397,0.07132016,0.8395759
4072,B,B,0.041821923,0.91509926,0.043078817
4073,C,C,0.04261332,0.13821438,0.8191723
4074,A,C,0.20061487,0.2150542,0.584331
4075,C,C,0.24978903,0.24297749,0.5072335
4076,C,C,0.24475811,0.038902294,0.71633965
4077,B,B,0.22256482,0.71029764,0.06713755
4078,A,A,0.9828941,0.003455848,0.013650044
4079,B,B,0.37026656,0.47136343,0.15836999
4080,C,C,0.09362704,0.16109897,0.745274
4081,B,B,0.021552524,0.96505505,0.01339242
4082,A,A,0.9411184,0.012271887,0.046609737
4083,A,B,0.43415642,0.43941453,0.12642911
4084,C,A,0.77531826,0.018801782,0.20587993
4085,C,C,0.19666885,0.050265394,0.75306576
4086,B,B,0.051003054,0.91152483,0.03747221
4087,B,B,0.023654548,0.9629205,0.013424966
4088,B,B,0.10268222,0.79349583,0.10382188
4089,B,B,0.006819441,0.983659,0.009521483
4090,B,B,0.060830016,0.8911517,0.048018266
4091,A,A,0.97833854,0.0023281719,0.019333255
4092,A,A,0.9325346,0.022498712,0.04496675
4093,A,A,0.9465781,0.008333661,0.04508829
4094,B,B,0.23105352,0.6538433,0.11510319
4095,C,B,0.23650023,0.59262586,0.17087395
4096,B,B,0.06324706,0.89317864,0.0435742
4097,A,A,0.9044687,0.02340153,0.07212979
4098,A,A,0.8079733,0.041575335,0.15045133
4099,A,A,0.47565588,0.41844264,0.1059015
4100,C,C,0.053655576,0.44350916,0.5028352
4101,B,B,0.2756121,0.6160442,0.10834373
4102,A,A,0.7902534,0.084099375,0.12564717
4103,C,A,0.6444427,0.061304256,0.29425302
4104,B,B,0.004389896,0.9863669,0.009243204
4105,A,A,0.9763716,0.004884659,0.018743709
4106,A,A,0.97705746,0.0046991273,0.018243402
4107,A,B,0.37343788,0.38371217,0.24285002
4108,A,A,0.9349768,0.023048757,0.04197448
4109,C,C,0.058564253,0.07755101,0.8638848
4110,C,C,0.4349671,0.071274534,0.49375835
4111,A,A,0.98979,0.0017552646,0.0084546935
4112,C,C,0.09000254,0.1179333,0.79206425
4113,C,C,0.3702373,0.09172153,0.53804123
4114,B,B,0.17264527,0.7656879,0.06166685
4115,A,A,0.96342677,0.012100915,0.024472319
4116,A,A,0.8962052,0.03539538,0.06839935
4117,B,B,0.11820925,0.8339773,0.04781352
4118,C,C,0.04282601,0.2802168,0.67695713
4119,A,A,0.9647563,0.006282023,0.028961636
4120,C,C,0.23497255,0.028599236,0.7364282
4121,A,A,0.8771878,0.052434675,0.07037757
4122,C,C,0.07780755,0.11030972,0.81188273
4123,B,B,0.03865816,0.92678416,0.034557663
4124,A,C,0.34788245,0.27691975,0.3751979
4125,C,B,0.1623107,0.5882619,0.24942738
4126,B,B,0.06713,0.87043434,0.06243566
4127,C,A,0.56806403,0.035355218,0.39658082
4128,C,C,0.1335205,0.054254744,0.8122247
4129,C,B,0.1785305,0.45134774,0.37012175
4130,B,B,0.1901316,0.68262947,0.127239
4131,B,B,0.01608077,0.9142506,0.06966866
4132,C,C,0.1005209,0.12781173,0.7716674
4133,A,A,0.709692,0.20389141,0.08641659
4134,C,C,0.36899748,0.16424805,0.46675444
4135,C,B,0.07929898,0.6959252,0.22477584
4136,A,A,0.98314226,0.0038007142,0.013057108
4137,C,A,0.45313329,0.19506864,0.35179815
4138,A,A,0.81066394,0.11564233,0.0736938
4139,C,C,0.09704143,0.03663622,0.86632234
4140,C,C,0.02872706,0.21070704,0.7605659
4141,C,B,0.13851255,0.51947105,0.34201637
4142,C,B,0.084703796,0.6185552,0.296741
4143,B,B,0.063570365,0.85358,0.08284961
4144,B,B,0.25988308,0.6434183,0.09669865
4145,C,C,0.20886783,0.3270206,0.4641116
4146,C,C,0.21425466,0.24557008,0.54017526
4147,C,C,0.0805161,0.24909756,0.6703863
4148,B,B,0.08073772,0.82625765,0.09300471
4149,A,A,0.75386924,0.077796906,0.16833386
4150,B,B,0.028377984,0.9469693,0.024652675
4151,B,B,0.11227574,0.84197813,0.045746144
4152,A,A,0.97772205,0.0041536978,0.018124215
4153,B,B,0.24078378,0.5747177,0.18449855
4154,B,B,0.020576812,0.9628607,0.016562438
4155,B,B,0.029496955,0.918498,0.05200505
4156,B,B,0.07847439,0.67757994,0.24394567
4157,C,C,0.36167836,0.05418223,0.5841394
4158,B,B,0.10863774,0.82019126,0.071170986
4159,A,B,0.19489893,0.7547017,0.050399393
4160,B,B,0.062281296,0.8819463,0.055772282
4161,C,C,0.23900159,0.06818386,0.6928145
4162,C,A,0.6116871,0.08553222,0.30278066
4163,B,B,0.3671299,0.54425204,0.08861808
4164,C,C,0.20942192,0.08757218,0.7030059
4165,A,A,0.84286773,0.07798386,0.07914848
4166,B,B,0.10381993,0.56531656,0.33086357
4167,C,B,0.039524343,0.6988517,0.26162392
4168,A,A,0.9344597,0.007520695,0.058019593
4169,C,A,0.6962306,0.022761412,0.28100806
4170,A,A,0.92287326,0.012784276,0.06434246
4171,C,C,0.026622096,0.23668616,0.73669183
4172,A,A,0.9057227,0.032010544,0.062266774
4173,A,A,0.98468786,0.0010939088,0.014218252
4174,C,C,0.3359392,0.22377835,0.4402825
4175,B,B,0.021779481,0.959992,0.018228447
4176,A,C,0.44769737,0.06147676,0.4908259
4177,B,B,0.20194888,0.42127597,0.37677518
4178,B,B,0.03601183,0.87177646,0.09221173
4179,B,B,0.059020665,0.9135988,0.027380556
4180,C,C,0.021177808,0.04794238,0.93087983
4181,A,A,0.9779779,0.003270094,0.018752048
4182,B,B,0.099598795,0.8529618,0.047439463
4183,C,C,0.084592685,0.047051355,0.868356
4184,B,B,0.052422334,0.5687393,0.37883833
4185,A,A,0.9380213,0.002998778,0.058979895
4186,C,B,0.05735966,0.4886511,0.45398918
4187,A,A,0.9226844,0.010531529,0.066784106
4188,C,A,0.5701546,0.10322524,0.32662013
4189,C,C,0.105926424,0.071102746,0.82297087
4190,A,A,0.8951267,0.018227717,0.086645536
4191,B,B,0.014682547,0.97861344,0.0067039393
4192,A,A,0.9399063,0.011857983,0.048235677
4193,C,C,0.077249855,0.08108567,0.8416645
4194,C,C,0.37123194,0.039292045,0.589476
4195,C,A,0.8254447,0.018529532,0.15602583
4196,B,B,0.06267759,0.8809906,0.05633172
4197,C,C,0.3016186,0.048821893,0.64955956
4198,B,B,0.039754104,0.8769133,0.083332635
4199,B,B,0.060080674,0.83356166,0.10635771
4200,A,A,0.98102355,0.0025239643,0.016452508
4201,C,C,0.25044143,0.037408184,0.71215045
4202,C,C,0.06604355,0.11297542,0.8209811
4203,A,A,0.9247658,0.019882422,0.055351745
4204,C,C,0.22641231,0.09493897,0.6786487
4205,B,B,0.013726006,0.96626806,0.020005906
4206,B,C,0.28666452,0.27667722,0.43665823
4207,B,B,0.12162412,0.70729023,0.17108567
4208,A,A,0.97671974,0.0032742978,0.020006033
4209,B,B,0.19050737,0.71910423,0.0903885
4210,B,B,0.058196865,0.65429676,0.28750643
4211,C,C,0.37694174,0.07419226,0.54886603
4212,A,A,0.9167855,0.024904216,0.058310382
4213,B,B,0.007346135,0.9889059,0.003747987
4214,C,A,0.5761862,0.16145861,0.26235512
4215,C,C,0.20813678,0.04876133,0.7431019
4216,C,A,0.9031368,0.012582516,0.08428073
4217,B,B,0.034066245,0.9521311,0.013802626
4218,C,C,0.07128223,0.064310014,0.8644078
4219,A,B,0.20683429,0.69567347,0.09749228
4220,C,C,0.2504759,0.043743048,0.705781
4221,A,C,0.14530903,0.19197573,0.66271526
4222,B,B,0.11647419,0.8056208,0.07790501
4223,B,B,0.113710746,0.6844633,0.20182592
4224,A,A,0.7757918,0.020463917,0.20374423
4225,B,B,0.065707885,0.8625672,0.07172494
4226,B,B,0.02209618,0.95723057,0.020673221
4227,C,A,0.50019276,0.045542005,0.45426518
4228,B,B,0.17333746,0.6801497,0.1465129
4229,A,B,0.078563675,0.86095583,0.060480386
4230,A,A,0.5760942,0.18277836,0.24112737
4231,C,A,0.4399414,0.13887143,0.42118722
4232,A,B,0.05403592,0.9068936,0.039070416
4233,B,B,0.023436036,0.9351667,0.041397322
4234,B,B,0.10746047,0.8181452,0.07439432
4235,A,A,0.9923179,0.0009771034,0.006705
4236,C,C,0.07520687,0.16435207,0.76044106
4237,A,C,0.09149398,0.14465955,0.7638465
4238,C,C,0.39543042,0.11372828,0.4908412
4239,C,A,0.6142603,0.049251758,0.33648786
4240,A,B,0.10863627,0.84183764,0.049526177
4241,B,B,0.04269796,0.85699046,0.100311555
4242,A,A,0.44343382,0.32526532,0.2313009
4243,A,A,0.60096985,0.06359613,0.33543405
4244,B,B,0.14143574,0.7790568,0.079507396
4245,C,C,0.22875059,0.07478208,0.69646734
4246,C,C,0.06944108,0.15470085,0.77585804
4247,C,B,0.100411505,0.82645416,0.07313429
4248,C,B,0.16624758,0.50463945,0.32911307
4249,C,C,0.042815443,0.24904975,0.7081348
4250,C,C,0.37607414,0.04801187,0.5759139
4251,B,B,0.05259971,0.883692,0.063708365
4252,A,A,0.90409535,0.020888029,0.0750166
4253,A,A,0.75413144,0.033804126,0.21206453
4254,B,B,0.10898707,0.7883711,0.10264186
4255,B,B,0.10039003,0.81441426,0.08519561
4256,B,B,0.11278411,0.84045875,0.04675712
4257,C,A,0.8468954,0.0185285,0.13457617
4258,C,C,0.040364567,0.46522215,0.4944132
4259,C,C,0.29340175,0.055122256,0.65147597
4260,C,B,0.05345545,0.86161023,0.08493434
4261,B,B,0.07665016,0.8846994,0.038650464
4262,C,B,0.073136605,0.46709055,0.45977294
4263,C,C,0.14784756,0.060569543,0.7915829
4264,B,B,0.02164592,0.9701259,0.008228144
4265,B,B,0.23694086,0.68534774,0.07771141
4266,A,A,0.9827675,0.0034062632,0.013826173
4267,B,A,0.5620639,0.19650702,0.24142906
4268,C,C,0.13739298,0.088674635,0.77393234
4269,C,C,0.2582321,0.05685234,0.68491554
4270,B,A,0.9160309,0.03024692,0.05372222
4271,A,A,0.897318,0.015114073,0.08756796
4272,B,B,0.07429178,0.8923322,0.03337599
4273,C,C,0.18388933,0.095837995,0.72027266
4274,A,A,0.91170186,0.015132911,0.07316519
4275,B,B,0.082035676,0.8548389,0.063125394
4276,B,B,0.0669752,0.87559015,0.05743465
4277,C,B,0.1461077,0.73096853,0.12292374
4278,B,B,0.20917691,0.56571764,0.22510543
4279,A,A,0.9645568,0.006894323,0.028548833
4280,B,B,0.111027665,0.76814055,0.12083176
4281,A,C,0.24234958,0.22556898,0.5320815
4282,B,C,0.060512513,0.3011423,0.6383452
4283,B,B,0.006425964,0.9866173,0.0069567505
4284,B,B,0.07280483,0.7925314,0.13466379
4285,C,C,0.12612416,0.057534866,0.816341
4286,A,A,0.7514938,0.042844255,0.20566197
4287,B,B,0.007361908,0.96878034,0.02385778
4288,B,B,0.09980828,0.8657519,0.034439825
4289,B,B,0.012191272,0.93294543,0.054863263
4290,A,A,0.93402153,0.03294769,0.03303079
4291,A,A,0.98220235,0.0037222535,0.014075417
4292,A,B,0.29059106,0.40054423,0.30886474
4293,B,A,0.4701366,0.44516605,0.08469737
4294,A,A,0.86512667,0.032980084,0.10189324
4295,B,B,0.051227223,0.9151416,0.033631183
4296,A,A,0.91793656,0.019589776,0.062473677
4297,A,A,0.84454393,0.042074405,0.11338166
4298,A,A,0.9706022,0.0044395975,0.024958216
4299,C,C,0.17070574,0.048526593,0.7807676
4300,C,C,0.0404028,0.10317981,0.85641736
4301,C,C,0.12194177,0.22425434,0.6538039
4302,C,C,0.019061275,0.10700876,0.87393
4303,A,A,0.95118415,0.009245395,0.03957045
4304,C,C,0.24408197,0.06606783,0.6898502
4305,C,C,0.09297368,0.104036726,0.80298966
4306,B,B,0.36817434,0.5163749,0.115450785
4307,C,A,0.7398392,0.04547529,0.21468554
4308,A,A,0.9778382,0.005447163,0.016714606
4309,A,A,0.98165375,0.0031050055,0.015241278
4310,B,B,0.023533856,0.9626817,0.013784473
4311,B,B,0.008766401,0.97123027,0.020003343
4312,B,B,0.02181296,0.95927024,0.018916799
4313,A,A,0.96591985,0.0024676954,0.03161247
4314,B,B,0.050748758,0.8521977,0.097053595
4315,C,C,0.29281208,0.07214354,0.6350444
4316,B,B,0.18621063,0.7698512,0.043938193
4317,C,B,0.033667862,0.92093086,0.04540134
4318,B,B,0.011278393,0.97158575,0.017135898
4319,B,B,0.0534801,0.88564694,0.0608729
4320,C,B,0.03511201,0.7836226,0.18126534
4321,B,C,0.052305136,0.3821067,0.5655882
4322,C,B,0.047404286,0.58182234,0.3707734
4323,A,B,0.34642923,0.5533801,0.100190654
4324,C,C,0.04803035,0.13957195,0.8123978
4325,B,B,0.04128978,0.9328493,0.025860945
4326,A,A,0.9884983,0.0012161315,0.01028562
4327,C,A,0.9196456,0.010036984,0.07031742
4328,A,A,0.8873887,0.022342084,0.09026921
4329,C,C,0.033209547,0.1623982,0.8043923
4330,A,A,0.9789711,0.003971991,0.017056933
4331,A,A,0.89600706,0.029792124,0.07420086
4332,B,B,0.030416625,0.88230115,0.087282136
4333,C,A,0.7232524,0.048971135,0.22777644
4334,A,A,0.80501276,0.0807783,0.114208855
4335,B,B,0.034743153,0.93935204,0.025904797
4336,A,A,0.9763144,0.0020716744,0.021613928
4337,B,B,0.048036683,0.9225282,0.029435115
4338,A,A,0.93079567,0.011724841,0.057479512
4339,B,B,0.08223532,0.82979536,0.08796937
4340,B,B,0.032750513,0.9451453,0.022104215
4341,A,A,0.96087974,0.0074568586,0.031663418
4342,A,A,0.55691516,0.34936064,0.09372424
4343,B,B,0.19626279,0.7480687,0.05566851
4344,A,A,0.9564206,0.009896305,0.033683155
4345,C,A,0.82813376,0.020166535,0.15169966
4346,B,B,0.011854723,0.97334605,0.014799218
4347,B,B,0.03236471,0.9279125,0.039722823
4348,A,A,0.98750997,0.0017943641,0.010695562
4349,C,C,0.16634598,0.036121756,0.7975322
4350,C,A,0.8271112,0.01184294,0.1610458
4351,A,A,0.6598048,0.18801676,0.15217847
4352,A,A,0.94564897,0.0072083613,0.047142666
4353,C,B,0.12586246,0.5159792,0.35815838
4354,B,B,0.03190903,0.95321745,0.01487354
4355,C,C,0.082854934,0.3591741,0.55797106
4356,A,A,0.9689904,0.0027262263,0.028283358
4357,B,B,0.08520472,0.7574235,0.15737173
4358,C,C,0.350633,0.19122073,0.45814633
4359,A,A,0.92503697,0.032820176,0.04214286
4360,C,C,0.05433935,0.07796189,0.8676988
4361,C,A,0.88560617,0.03193669,0.08245703
4362,A,A,0.94188744,0.016561432,0.041551046
4363,A,A,0.9251118,0.014352686,0.060535572
4364,B,B,0.021815939,0.9616588,0.016525233
4365,A,A,0.8180288,0.081290536,0.10068064
4366,A,A,0.9452031,0.015562927,0.039233867
4367,A,A,0.9608056,0.012092514,0.027102007
4368,C,C,0.13242649,0.029203746,0.8383698
4369,C,C,0.34330913,0.09580356,0.5608873
4370,C,C,0.016188428,0.0243454,0.95946616
4371,B,B,0.019963574,0.95990753,0.020128872
4372,C,C,0.40060952,0.039076112,0.5603144
4373,B,B,0.08562941,0.86726326,0.047107335
4374,B,B,0.17703913,0.5963944,0.22656657
4375,B,B,0.043934908,0.85479504,0.10127006
4376,B,B,0.14224038,0.7073738,0.15038583
4377,C,C,0.038456336,0.05193394,0.9096097
4378,A,A,0.9368258,0.02041159,0.04276263
4379,C,B,0.07345534,0.7132605,0.21328424
4380,B,B,0.06697399,0.8900851,0.042940978
4381,C,C,0.15500294,0.13376968,0.71122736
4382,C,A,0.5023545,0.0548335,0.44281194
4383,B,B,0.07080077,0.69897044,0.23022874
4384,B,B,0.11166591,0.72657865,0.16175541
4385,C,C,0.10540977,0.09159269,0.8029976
4386,B,B,0.10757167,0.8171512,0.07527705
4387,A,A,0.94556296,0.011186949,0.04325005
4388,B,B,0.10691063,0.8289772,0.06411212
4389,A,A,0.86822385,0.040554445,0.09122167
4390,A,C,0.24210137,0.30099383,0.45690483
4391,B,B,0.025600584,0.9546272,0.019772235
4392,A,A,0.8748201,0.031676043,0.093503885
4393,C,C,0.11737209,0.08484994,0.79777795
4394,B,B,0.38070953,0.46041372,0.15887676
4395,B,B,0.10965753,0.7637149,0.12662753
4396,A,A,0.6196535,0.018810729,0.36153573
4397,B,B,0.098795384,0.8069399,0.094264746
4398,C,B,0.02892617,0.6760748,0.29499903
4399,A,A,0.9175467,0.014497669,0.06795569
4400,C,A,0.57892287,0.03718419,0.38389292
4401,A,A,0.91334975,0.024414701,0.06223558
4402,C,A,0.906351,0.023969185,0.06967986
4403,A,A,0.92586833,0.015468909,0.058662802
4404,A,A,0.9424211,0.015002269,0.042576678
4405,A,A,0.9653487,0.010563304,0.024087977
4406,B,B,0.035986006,0.68462116,0.27939284
4407,B,C,0.22272752,0.05713095,0.72014153
4408,A,B,0.2399775,0.6169332,0.14308928
4409,C,C,0.13195874,0.057083078,0.81095815
4410,B,B,0.022771489,0.85429037,0.122938134
4411,A,A,0.96520376,0.006611866,0.028184395
4412,A,A,0.890674,0.015061634,0.09426429
4413,B,C,0.08602428,0.33434176,0.57963395
4414,C,C,0.27513075,0.036897164,0.687972
4415,B,B,0.31620362,0.58596706,0.09782939
4416,C,B,0.18909355,0.513585,0.29732147
4417,C,C,0.10683598,0.07700044,0.81616354
4418,B,B,0.069736786,0.89754874,0.03271454
4419,C,A,0.71245074,0.04792784,0.2396214
4420,B,B,0.1070735,0.8565055,0.03642099
4421,A,A,0.9726476,0.0059492937,0.021403063
4422,A,A,0.923373,0.008080695,0.068546325
4423,B,B,0.01913596,0.958454,0.022410123
4424,B,B,0.09817168,0.8346825,0.06714574
4425,A,A,0.6622403,0.036299318,0.3014604
4426,A,A,0.9752685,0.0051078023,0.01962368
4427,B,A,0.6483815,0.272743,0.07887551
4428,C,A,0.68144983,0.04581508,0.2727351
4429,C,C,0.3479533,0.07927856,0.57276815
4430,C,C,0.14081685,0.33302292,0.5261603
4431,C,A,0.4473804,0.3569444,0.19567521
4432,B,B,0.0126864165,0.967656,0.019657517
4433,A,A,0.7216186,0.06023116,0.21815026
4434,A,B,0.069217235,0.8865839,0.04419882
4435,A,C,0.4400943,0.10749785,0.45240787
4436,C,C,0.08528349,0.08821304,0.8265035
4437,A,A,0.99243873,0.001331947,0.0062293913
4438,B,B,0.04177958,0.90081507,0.05740529
4439,A,A,0.69920605,0.23619434,0.06459957
4440,C,C,0.12611859,0.20489411,0.6689873
4441,A,A,0.7036822,0.020303633,0.2760142
4442,C,C,0.18396963,0.1906124,0.62541795
4443,A,A,0.9108074,0.025712738,0.0634799
4444,A,A,0.96052283,0.0060651205,0.033412054
4445,C,C,0.19866991,0.2394541,0.56187606
4446,A,A,0.8161739,0.029780386,0.1540457
4447,C,C,0.37764898,0.027266258,0.5950847
4448,A,A,0.94827676,0.014586193,0.037136983
4449,B,B,0.12129057,0.8112,0.06750945
4450,C,C,0.4343503,0.05431523,0.5113345
4451,B,B,0.13768667,0.761893,0.10042036
4452,A,A,0.9426012,0.011595452,0.045803316
4453,B,B,0.042206705,0.9234064,0.034386866
4454,C,A,0.6119563,0.03896654,0.34907708
4455,A,A,0.9420731,0.012144433,0.04578244
4456,C,B,0.15598282,0.50434935,0.3396678
4457,A,A,0.93174696,0.026225096,0.042028017
4458,C,C,0.25696498,0.18487819,0.5581568
4459,C,C,0.16590165,0.08011615,0.75398225
4460,C,A,0.59616053,0.03900482,0.36483467
4461,A,A,0.7207272,0.037292574,0.24198018
4462,B,B,0.061487086,0.89114356,0.04736928
4463,A,A,0.8379778,0.023183096,0.13883913
4464,C,C,0.094260275,0.18059917,0.72514063
4465,B,B,0.037021283,0.93255997,0.03041876
4466,A,A,0.71987766,0.04664935,0.23347288
4467,A,A,0.904692,0.028358256,0.06694976
4468,B,B,0.017482325,0.97535557,0.0071621295
4469,B,B,0.40225142,0.4097759,0.18797272
4470,A,A,0.8276999,0.025614502,0.1466856
4471,B,B,0.023883218,0.960375,0.015741777
4472,C,A,0.68136054,0.020624513,0.29801494
4473,A,A,0.97451514,0.0046287677,0.02085607
4474,A,A,0.6900669,0.21085237,0.09908077
4475,C,C,0.41670948,0.03496585,0.5483247
4476,A,A,0.9831147,0.0022197645,0.014665433
4477,A,A,0.6422778,0.07096154,0.2867606
4478,C,C,0.14012828,0.04993155,0.80994016
4479,B,B,0.039362602,0.8847072,0.07593015
4480,B,B,0.06020729,0.9064093,0.033383403
4481,C,B,0.03117008,0.48918718,0.47964278
4482,A,A,0.9570308,0.0095510045,0.033418186
4483,B,B,0.07619441,0.86582994,0.057975642
4484,C,B,0.053415064,0.8250014,0.12158344
4485,C,C,0.08966402,0.06363916,0.8466968
4486,A,A,0.98706645,0.0017740384,0.0111594945
4487,A,A,0.79998755,0.06411375,0.1358987
4488,C,A,0.57997125,0.08674623,0.3332825
4489,A,A,0.93499386,0.010668325,0.054337807
4490,A,A,0.8633702,0.01996323,0.11666662
4491,A,A,0.8260016,0.06710905,0.10688931
4492,B,B,0.11213492,0.7100667,0.17779839
4493,A,A,0.9403192,0.01104902,0.04863177
4494,C,A,0.6556013,0.04345141,0.30094728
4495,C,C,0.060529556,0.19760722,0.74186325
4496,B,B,0.025813293,0.9509083,0.023278343
4497,B,B,0.008532209,0.97505695,0.016410833
4498,B,B,0.042491194,0.9234773,0.03403159
4499,B,B,0.11971804,0.80083716,0.079444885
4500,A,A,0.93232757,0.020108182,0.047564294
4501,A,A,0.9734344,0.0063372245,0.020228354
4502,A,A,0.929706,0.012582418,0.057711575
4503,B,C,0.08980833,0.21767409,0.6925176
4504,A,B,0.084317334,0.81853384,0.09714883
4505,C,B,0.02273981,0.95520127,0.022058949
4506,C,C,0.022788746,0.06450024,0.91271096
4507,B,B,0.028815664,0.8680086,0.10317579
4508,C,C,0.04518348,0.24573223,0.70908433
4509,B,B,0.03755328,0.93714595,0.025300762
4510,B,B,0.06413073,0.9054178,0.03045152
4511,B,B,0.016511394,0.96141857,0.022070026
4512,A,A,0.8404803,0.025551151,0.13396856
4513,B,C,0.13448846,0.3334025,0.5321091
4514,A,A,0.9833686,0.0023191047,0.014312301
4515,B,B,0.04550052,0.9088929,0.045606542
4516,B,B,0.01575172,0.8529183,0.13132994
4517,A,A,0.97714216,0.003944014,0.01891381
4518,C,C,0.34832856,0.08811172,0.5635597
4519,B,B,0.12876865,0.7467995,0.12443187
4520,A,A,0.8988043,0.017432168,0.08376347
4521,C,C,0.0536374,0.16648193,0.7798806
4522,C,C,0.3805815,0.11765216,0.5017663
4523,B,A,0.6576088,0.14654996,0.19584116
4524,C,A,0.5892055,0.04106458,0.36972985
4525,B,B,0.045390498,0.9206636,0.03394587
4526,B,B,0.0067691947,0.97527087,0.017959895
4527,B,B,0.05803755,0.9140707,0.027891789
4528,A,A,0.8560489,0.025161317,0.11878986
4529,B,B,0.2105395,0.68293333,0.106527194
4530,B,B,0.016471967,0.85631335,0.12721467
4531,A,B,0.09317028,0.86490625,0.041923508
4532,A,A,0.80933833,0.051223174,0.13943842
4533,C,A,0.5612915,0.045921747,0.3927868
4534,A,A,0.92690325,0.0060957074,0.067001075
4535,B,B,0.013925816,0.95316046,0.03291373
4536,C,A,0.6414354,0.08458255,0.27398205
4537,C,A,0.4743505,0.13182071,0.39382878
4538,A,A,0.9221456,0.016066438,0.061788004
4539,B,B,0.007715647,0.98759484,0.0046894313
4540,A,C,0.080533616,0.2077389,0.7117275
4541,C,C,0.0694701,0.060173705,0.8703562
4542,C,A,0.36511934,0.33296388,0.30191678
4543,A,A,0.9414282,0.015633807,0.042938
4544,C,C,0.041631825,0.15248157,0.8058867
4545,B,B,0.019466514,0.96265197,0.017881548
4546,C,C,0.01717606,0.027468402,0.9553555
4547,C,C,0.06487363,0.072807014,0.86231935
4548,C,C,0.10077197,0.17583051,0.7233975
4549,C,B,0.034148548,0.7188936,0.2469579
4550,C,A,0.60587347,0.05998502,0.33414158
4551,A,A,0.9809725,0.00547786,0.013549651
4552,B,B,0.033140052,0.9446092,0.022250721
4553,B,B,0.067027174,0.89520407,0.037768755
4554,A,A,0.8939931,0.01306157,0.09294528
4555,A,B,0.21439332,0.7106241,0.074982524
4556,B,B,0.012966341,0.9519748,0.035058837
4557,C,B,0.04102724,0.59185416,0.36711857
4558,A,A,0.87770677,0.063432515,0.05886067
4559,A,A,0.95544845,0.0132109085,0.031340577
4560,B,C,0.2476392,0.15516733,0.5971935
4561,A,A,0.86844176,0.027162703,0.10439554
4562,A,A,0.9822081,0.0022241797,0.015567756
4563,A,A,0.58743083,0.19517417,0.21739502
4564,C,A,0.6593966,0.027212149,0.3133913
4565,A,A,0.8806781,0.023660399,0.0956615
4566,A,A,0.88634485,0.022410953,0.09124421
4567,C,A,0.8302322,0.0072661308,0.1625017
4568,C,C,0.07483812,0.43140095,0.49376085
4569,B,B,0.06490505,0.9055828,0.029512236
4570,A,A,0.94929045,0.0142886955,0.03642086
4571,C,C,0.31475866,0.040470034,0.64477134
4572,C,C,0.1575501,0.10595374,0.73649615
4573,B,B,0.036483016,0.90278655,0.06073034
4574,C,C,0.23635556,0.050593004,0.71305144
4575,B,B,0.034355268,0.94132984,0.024314936
4576,B,B,0.039361842,0.9369455,0.02369272
4577,C,C,0.2040288,0.14114562,0.6548256
4578,C,C,0.026794974,0.19030747,0.78289753
4579,C,C,0.14994708,0.08221025,0.7678427
4580,A,A,0.98008347,0.0026880214,0.017228482
4581,C,C,0.05678208,0.046006285,0.8972117
4582,C,A,0.6142775,0.0308184,0.35490412
4583,B,B,0.05210464,0.9283556,0.019539777
4584,C,A,0.8261452,0.021156805,0.15269807
4585,C,C,0.06221799,0.46852234,0.46925956
4586,A,A,0.9808683,0.0027938855,0.016337814
4587,B,B,0.0349759,0.94541544,0.019608619
4588,B,B,0.08723097,0.8660535,0.046715457
4589,C,A,0.55659896,0.08065615,0.3627449
4590,C,C,0.091126256,0.028636234,0.8802375
4591,B,B,0.03557277,0.84994215,0.114485055
4592,C,A,0.4719193,0.06866727,0.4594134
4593,B,B,0.06726449,0.88287234,0.049863167
4594,B,B,0.021049745,0.95977926,0.019170968
4595,C,A,0.6103735,0.019237546,0.370389
4596,B,B,0.11528246,0.80144656,0.083271
4597,A,A,0.95856607,0.0064479075,0.034986023
4598,A,A,0.8496419,0.016429137,0.13392892
4599,A,A,0.9270145,0.016364394,0.056621153
4600,C,C,0.07122444,0.06633676,0.86243886
4601,B,A,0.47300738,0.14930406,0.3776886
4602,B,B,0.17962568,0.7374309,0.082943484
4603,B,B,0.30782,0.60486335,0.08731664
4604,B,B,0.017747816,0.89898205,0.0832702
4605,B,B,0.11742807,0.7949501,0.08762187
4606,B,B,0.029309774,0.94755286,0.023137378
4607,C,A,0.5841681,0.018836582,0.3969953
4608,A,A,0.6443884,0.077016175,0.27859542
4609,A,A,0.98243713,0.0026790837,0.014883706
4610,C,C,0.07970705,0.11420175,0.80609125
4611,A,A,0.92295474,0.011671809,0.06537348
4612,C,C,0.26442483,0.06378345,0.67179173
4613,C,C,0.04289354,0.085993804,0.8711126
4614,A,A,0.8581081,0.01865093,0.123241015
4615,B,B,0.1526983,0.7936831,0.053618602
4616,C,C,0.031857356,0.12555817,0.8425845
4617,B,B,0.05455509,0.9170604,0.028384533
4618,A,A,0.9399168,0.0068483907,0.053234827
4619,B,B,0.40304753,0.40565076,0.19130166
4620,C,C,0.41665673,0.07863281,0.50471044
4621,C,C,0.04713116,0.45294008,0.49992877
4622,C,C,0.0873607,0.1362195,0.7764198
4623,A,C,0.12509686,0.42995492,0.44494817
4624,C,C,0.19282602,0.28219056,0.5249834
4625,C,C,0.20169325,0.17245388,0.6258528
4626,A,A,0.9546573,0.0018840878,0.043458592
4627,B,B,0.07169661,0.8912724,0.037030924
4628,C,C,0.11809001,0.127646,0.754264
4629,A,A,0.97825545,0.0043296455,0.017414914
4630,A,A,0.93304276,0.011101024,0.055856176
4631,C,C,0.163186,0.040393695,0.79642034
4632,C,C,0.28792748,0.09308768,0.6189849
4633,C,C,0.25948235,0.04103429,0.69948334
4634,A,A,0.9473902,0.011447886,0.04116182
4635,A,A,0.8280465,0.071707115,0.10024636
4636,B,B,0.116885714,0.76171666,0.12139763
4637,A,A,0.9435063,0.01174199,0.04475167
4638,C,C,0.10332425,0.17740437,0.71927136
4639,B,B,0.026381133,0.9491144,0.024504466
4640,C,C,0.036125988,0.044452608,0.91942143
4641,C,A,0.5023452,0.09800414,0.39965075
4642,B,B,0.03737254,0.9093958,0.053231683
4643,C,C,0.19032738,0.042769175,0.76690346
4644,B,C,0.13591689,0.3753456,0.48873758
4645,B,B,0.026830781,0.9535092,0.019659996
4646,A,A,0.5516606,0.31725594,0.13108349
4647,A,A,0.9140014,0.024984537,0.061014134
4648,A,A,0.9249838,0.018229667,0.0567866
4649,B,C,0.035889518,0.318097,0.6460135
4650,B,B,0.12329632,0.82073826,0.0559654
4651,A,A,0.79069686,0.08888784,0.12041527
4652,A,A,0.9450669,0.010485401,0.044447556
4653,C,A,0.7435377,0.053903677,0.20255867
4654,C,A,0.6186632,0.037979137,0.34335768
4655,A,A,0.8811411,0.034092512,0.08476642
4656,B,B,0.030246915,0.89624935,0.07350379
4657,B,B,0.09737553,0.735319,0.16730544
4658,C,C,0.0878991,0.23043907,0.68166184
4659,C,B,0.06351544,0.59295285,0.34353167
4660,C,C,0.08518158,0.060798295,0.8540202
4661,A,A,0.62222826,0.17202812,0.20574364
4662,B,B,0.020768149,0.9636218,0.015610069
4663,B,B,0.028272178,0.9543399,0.017387912
4664,B,B,0.014533105,0.9738409,0.011625986
4665,C,A,0.52510685,0.10942743,0.36546573
4666,B,B,0.071154565,0.85504943,0.073795974
4667,A,B,0.066731654,0.8697554,0.06351292
4668,B,B,0.049723264,0.5473877,0.40288907
4669,B,C,0.2191915,0.26018235,0.5206262
4670,A,A,0.8143129,0.08997956,0.095707595
4671,A,A,0.7801126,0.12303169,0.09685566
4672,B,B,0.08273477,0.8333174,0.08394788
4673,A,A,0.9305228,0.010370653,0.05910656
4674,C,C,0.022910144,0.05606625,0.92102355
4675,C,A,0.7690647,0.05970451,0.17123075
4676,B,B,0.04590434,0.88364303,0.07045265
4677,B,B,0.20357615,0.511157,0.2852669
4678,B,B,0.2570966,0.65230125,0.090602085
4679,A,A,0.8200399,0.057438776,0.12252134
4680,B,B,0.04842566,0.88618016,0.06539413
4681,A,A,0.8735109,0.018891988,0.10759715
4682,C,C,0.06634376,0.36712927,0.5665269
4683,B,B,0.060602974,0.89713734,0.042259727
4684,B,B,0.04382924,0.9221676,0.034003146
4685,C,C,0.07987329,0.059732728,0.86039394
4686,C,C,0.11262699,0.03931129,0.84806174
4687,B,B,0.053097032,0.915933,0.030969968
4688,C,C,0.04660318,0.07592364,0.87747324
4689,C,A,0.3837802,0.3312338,0.28498602
4690,A,A,0.9858795,0.0024624816,0.011658028
4691,C,C,0.0182069,0.22662112,0.75517195
4692,B,B,0.23559543,0.42368555,0.34071895
4693,B,A,0.5245164,0.31798986,0.1574937
4694,B,B,0.11498171,0.82728124,0.05773707
4695,C,C,0.4423223,0.045461558,0.51221615
4696,A,A,0.9518071,0.017694537,0.030498356
4697,B,B,0.06654573,0.89504385,0.03841035
4698,B,B,0.12711796,0.7145452,0.15833685
4699,A,A,0.9574232,0.007599352,0.034977376
4700,B,B,0.18428192,0.758983,0.056735132
4701,C,C,0.08215219,0.17807503,0.7397728
4702,A,A,0.8754494,0.054520454,0.07003012
4703,C,C,0.16639398,0.118861906,0.71474415
4704,B,B,0.011121826,0.961978,0.026900157
4705,B,B,0.05553672,0.9130076,0.0314557
4706,B,B,0.034263365,0.8859911,0.07974552
4707,A,A,0.9630554,0.0032760636,0.033668514
4708,B,B,0.04774489,0.7591062,0.19314887
4709,C,A,0.5408989,0.34900066,0.110100426
4710,A,A,0.870768,0.022167027,0.107064985
4711,C,C,0.09405151,0.04788835,0.8580602
4712,C,C,0.0570307,0.4476089,0.49536043
4713,B,B,0.25639153,0.6227289,0.12087965
4714,A,B,0.073300615,0.84665287,0.0800465
4715,C,C,0.3817055,0.08934335,0.5289512
4716,C,A,0.7031228,0.017665895,0.27921125
4717,A,A,0.8454617,0.06521755,0.08932063
4718,A,A,0.5519225,0.30005875,0.14801876
4719,B,B,0.1468203,0.80876786,0.044411913
4720,A,A,0.6260338,0.13621671,0.23774946
4721,C,B,0.089377776,0.5356937,0.37492844
4722,C,C,0.12406244,0.03041946,0.84551805
4723,B,B,0.12605076,0.82461613,0.049333073
4724,B,B,0.09555062,0.83922684,0.065222494
4725,A,A,0.9889615,0.0012994764,0.0097390395
4726,A,A,0.98468137,0.002403669,0.012914915
4727,A,A,0.8577924,0.04468199,0.09752557
4728,A,A,0.97278124,0.003583421,0.023635315
4729,B,A,0.42814434,0.3413289,0.23052676
4730,A,A,0.6015055,0.31386563,0.084628895
4731,C,C,0.15380388,0.23585372,0.6103424
4732,A,A,0.9654196,0.0069594877,0.027620886
4733,B,B,0.0231215,0.86730987,0.109568626
4734,A,A,0.985338,0.0030916748,0.011570348
4735,A,A,0.6795726,0.0566963,0.26373112
4736,A,A,0.98881114,0.0013716269,0.009817282
4737,A,A,0.95002156,0.020853685,0.02912477
4738,A,B,0.09662509,0.6961355,0.20723931
4739,C,C,0.2836395,0.21506642,0.50129414
4740,B,B,0.1377341,0.7921938,0.07007215
4741,A,A,0.9878449,0.0017305384,0.0104245655
4742,A,A,0.9187707,0.028917551,0.052311733
4743,A,A,0.9603285,0.009723117,0.029948376
4744,B,C,0.27504686,0.35640267,0.36855054
4745,B,B,0.072489776,0.891302,0.036208265
4746,B,B,0.10605038,0.83582824,0.058121298
4747,A,A,0.9682035,0.006756955,0.025039546
4748,B,B,0.17719647,0.5258199,0.29698363
4749,A,A,0.83705795,0.073792085,0.08915
4750,C,A,0.5371417,0.023242947,0.4396154
4751,A,A,0.97740525,0.003924408,0.018670319
4752,B,A,0.95731807,0.006669016,0.03601285
4753,A,B,0.10755144,0.8311835,0.06126507
4754,C,A,0.7199659,0.1259149,0.15411931
4755,B,B,0.10853011,0.83111966,0.06035018
4756,B,B,0.05064524,0.7954803,0.15387444
4757,A,A,0.4216443,0.16949815,0.40885752
4758,A,A,0.92194873,0.028132264,0.049919013
4759,C,C,0.03127683,0.027690006,0.9410332
4760,A,A,0.91922677,0.015563837,0.06520942
4761,B,B,0.082889214,0.88583815,0.031272646
4762,A,A,0.9262196,0.020559883,0.05322058
4763,B,B,0.005573595,0.9828303,0.011596142
4764,C,C,0.122667275,0.065978736,0.811354
4765,A,A,0.9805648,0.002378903,0.017056309
4766,C,C,0.07524357,0.041173093,0.88358337
4767,C,C,0.35697174,0.103888065,0.53914016
4768,B,B,0.07489211,0.8923343,0.032773577
4769,B,B,0.053402588,0.9180604,0.028537007
4770,C,A,0.5607011,0.039675448,0.39962342
4771,A,A,0.99230325,0.0014615145,0.0062352987
4772,C,C,0.0174229,0.041945364,0.9406317
4773,A,A,0.96446145,0.0075880517,0.027950464
4774,C,C,0.3797802,0.08590106,0.5343187
4775,B,B,0.29431123,0.41328305,0.29240572
4776,B,B,0.13745548,0.7654692,0.09707535
4777,A,A,0.96142215,0.015470156,0.023107713
4778,B,B,0.2528012,0.5206418,0.22655699
4779,B,B,0.052551553,0.9263443,0.021104166
4780,C,C,0.06660232,0.055660818,0.8777369
4781,B,B,0.030950822,0.943282,0.025767146
4782,B,B,0.0987961,0.86357254,0.03763132
4783,C,C,0.06934719,0.035789445,0.8948633
4784,C,B,0.16482002,0.41766942,0.4175106
4785,B,B,0.006001798,0.98249096,0.011507276
4786,A,C,0.34539786,0.21989872,0.4347034
4787,A,A,0.93805146,0.00934061,0.05260796
4788,A,A,0.8956105,0.03555894,0.0688305
4789,B,B,0.11354235,0.664096,0.22236162
4790,A,A,0.97041005,0.004044738,0.025545273
4791,B,B,0.024653256,0.9348206,0.040526118
4792,B,A,0.86234844,0.021123232,0.116528414
4793,B,B,0.047902755,0.8843834,0.067713864
4794,B,B,0.08040849,0.8675794,0.052012064
4795,B,B,0.07919975,0.873117,0.047683187
4796,C,A,0.7930749,0.03504213,0.17188294
4797,C,A,0.6161505,0.034513995,0.34933555
4798,B,B,0.032061063,0.94328827,0.024650667
4799,C,C,0.17688084,0.175724,0.6473952
4800,A,A,0.9755544,0.0048093055,0.0196363
4801,A,A,0.82728666,0.01831038,0.15440293
4802,A,A,0.83451617,0.016687162,0.1487967
4803,A,A,0.9239431,0.026078701,0.049978144
4804,C,C,0.05935575,0.065266706,0.87537754
4805,C,C,0.20011988,0.14708872,0.65279144
4806,C,C,0.4425579,0.027299039,0.530143
4807,A,A,0.9556885,0.01214129,0.03217025
4808,A,A,0.9427496,0.012411831,0.044838507
4809,C,A,0.55368364,0.23692772,0.20938867
4810,C,C,0.19674814,0.051163606,0.75208825
4811,C,C,0.288711,0.06636034,0.6449287
4812,A,A,0.7996646,0.09532776,0.10500764
4813,A,A,0.98606527,0.002173875,0.011760893
4814,B,B,0.24144533,0.67722857,0.08132611
4815,A,A,0.5131891,0.3585876,0.12822336
4816,C,C,0.07453453,0.13858458,0.78688085
4817,B,B,0.017780852,0.9695625,0.012656729
4818,C,C,0.07552708,0.102451496,0.8220214
4819,A,C,0.21540134,0.20038746,0.5842112
4820,A,A,0.9524172,0.004900861,0.042681903
4821,C,C,0.04873164,0.04556868,0.90569973
4822,A,A,0.98056453,0.0014745496,0.017960915
4823,A,A,0.9620751,0.006730993,0.031193975
4824,B,B,0.035292707,0.9150627,0.049644552
4825,A,A,0.9744863,0.0048258053,0.020687846
4826,A,A,0.9262828,0.019694934,0.054022342
4827,C,C,0.13697621,0.1725699,0.69045395
4828,A,A,0.676757,0.2109249,0.1123181
4829,B,B,0.0664113,0.88890225,0.044686485
4830,C,C,0.036663495,0.19577734,0.7675592
4831,B,B,0.06982547,0.8877351,0.04243939
4832,A,A,0.98317873,0.0028717404,0.013949454
4833,C,C,0.0686322,0.058016025,0.87335175
4834,B,B,0.061813656,0.90111893,0.037067402
4835,B,B,0.0843185,0.8654032,0.050278414
4836,B,B,0.15751272,0.7873837,0.05510361
4837,B,B,0.21809179,0.65108705,0.13082117
4838,B,B,0.018332196,0.8796723,0.101995505
4839,C,C,0.069074884,0.351814,0.5791111
4840,B,B,0.054667875,0.9072953,0.038036916
4841,C,C,0.036188167,0.01947652,0.9443353
4842,A,A,0.9711084,0.0061817947,0.022709876
4843,A,A,0.794927,0.054327648,0.15074532
4844,C,C,0.06914512,0.27459896,0.65625596
4845,C,C,0.14137676,0.41782075,0.44080254
4846,C,C,0.20273629,0.07377693,0.7234868
4847,A,A,0.77490294,0.05522681,0.16987026
4848,C,B,0.067114174,0.7478228,0.18506306
4849,B,B,0.02900381,0.9469433,0.024052871
4850,C,A,0.57387674,0.03634223,0.3897811
4851,A,A,0.70562273,0.038834333,0.25554293
4852,B,B,0.05457916,0.91259533,0.032825496
4853,C,C,0.033382256,0.053571265,0.9130465
4854,B,B,0.04644084,0.832939,0.120620176
4855,A,A,0.92037755,0.019826422,0.059796013
4856,A,B,0.1895166,0.74976367,0.06071966
4857,B,B,0.21021469,0.6752195,0.114565834
4858,C,C,0.2660868,0.22448999,0.50942314
4859,B,B,0.010652023,0.98510796,0.0042400286
4860,C,C,0.22107214,0.066903085,0.7120248
4861,C,C,0.23586914,0.10612647,0.65800434
4862,C,B,0.021218613,0.5464973,0.43228412
4863,B,B,0.094330944,0.84227777,0.06339128
4864,B,B,0.068139344,0.8938764,0.03798418
4865,B,B,0.048272654,0.9267924,0.024934977
4866,C,C,0.066710986,0.0670306,0.8662585
4867,C,C,0.17202145,0.054874502,0.77310395
4868,A,A,0.9311048,0.01579049,0.053104736
4869,C,C,0.055326007,0.056348458,0.8883255
4870,C,C,0.20365551,0.05470073,0.7416438
4871,B,B,0.037152063,0.940427,0.022420991
4872,B,B,0.18227357,0.6715175,0.14620899
4873,B,B,0.13069488,0.7816794,0.08762573
4874,B,B,0.079294555,0.89155793,0.02914754
4875,C,C,0.08511924,0.04619779,0.8686829
4876,C,A,0.5812804,0.037001744,0.38171786
4877,B,B,0.04313459,0.83066684,0.12619856
4878,B,B,0.07025357,0.8996765,0.030069934
4879,B,B,0.08571087,0.8779076,0.036381517
4880,B,B,0.05853521,0.8254918,0.11597298
4881,C,C,0.11865121,0.10042152,0.78092724
4882,C,C,0.17207952,0.23740129,0.59051925
4883,B,B,0.13787079,0.8008495,0.061279766
4884,C,B,0.032221608,0.48582482,0.48195356
4885,C,C,0.12238029,0.06576387,0.81185585
4886,C,C,0.1205423,0.09439244,0.7850653
4887,B,B,0.027258746,0.9554056,0.017335651
4888,B,C,0.09058506,0.1166703,0.79274464
4889,A,A,0.69207126,0.032296035,0.27563268
4890,C,C,0.08232527,0.04251872,0.875156
4891,A,A,0.905087,0.01861359,0.07629936
4892,A,A,0.78945655,0.04191129,0.16863221
4893,A,A,0.7958523,0.015765758,0.18838185
4894,C,A,0.50530976,0.13003896,0.36465132
4895,C,B,0.08977488,0.45967564,0.45054948
4896,C,C,0.079445645,0.13554011,0.7850142
4897,A,A,0.87340856,0.05485595,0.071735494
4898,B,C,0.025166508,0.31458408,0.6602495
4899,A,A,0.8287174,0.035841975,0.13544065
4900,B,B,0.06216707,0.8817601,0.05607282
4901,C,C,0.033219647,0.14942972,0.81735057
4902,B,B,0.06453873,0.9011363,0.034325067
4903,C,A,0.57066345,0.026685067,0.40265143
4904,B,B,0.029224703,0.92323935,0.04753605
4905,C,C,0.13815095,0.085573845,0.7762752
4906,A,A,0.8180835,0.07696839,0.104948096
4907,B,B,0.027828539,0.951182,0.020989412
4908,A,A,0.8192799,0.09680119,0.08391884
4909,A,A,0.97214353,0.0039189244,0.023937568
4910,B,C,0.110633135,0.26132232,0.62804455
4911,A,B,0.17815976,0.75491315,0.06692713
4912,B,B,0.033507887,0.87975943,0.08673262
4913,B,B,0.016487103,0.96797055,0.015542393
4914,B,B,0.16312528,0.74691606,0.0899587
4915,A,A,0.91013914,0.015546326,0.074314475
4916,C,C,0.14997278,0.34170592,0.5083213
4917,A,A,0.9587753,0.006747045,0.03447763
4918,B,B,0.14080948,0.79259855,0.06659199
4919,B,C,0.2014839,0.3606854,0.43783078
4920,A,A,0.9854936,0.0024210284,0.012085453
4921,A,A,0.8658984,0.034387004,0.09971454
4922,B,B,0.23057714,0.67270434,0.09671852
4923,C,C,0.2648983,0.067965984,0.66713566
4924,A,A,0.93479484,0.013315198,0.051889997
4925,B,B,0.038081527,0.92993283,0.031985693
4926,C,C,0.05007615,0.076558165,0.87336564
4927,B,B,0.03364277,0.94962144,0.016735848
4928,A,A,0.9838436,0.0032434345,0.012912939
4929,C,C,0.20441955,0.10740227,0.6881781
4930,C,C,0.07856588,0.13415992,0.7872742
4931,A,A,0.9219213,0.006555887,0.07152289
4932,C,C,0.16658606,0.061979875,0.77143407
4933,B,B,0.056211393,0.919595,0.024193605
4934,C,A,0.65431935,0.052245326,0.29343536
4935,B,B,0.056705974,0.9130069,0.030287098
4936,C,C,0.3207371,0.038201317,0.64106154
4937,A,A,0.6868503,0.19303246,0.12011722
4938,A,A,0.8621237,0.03221407,0.10566225
4939,B,B,0.07751371,0.88997215,0.032514066
4940,C,C,0.061828576,0.13505456,0.80311686
4941,C,C,0.32845354,0.11016802,0.5613785
4942,B,B,0.033362098,0.9511605,0.015477341
4943,C,A,0.6606669,0.10258832,0.23674476
4944,C,B,0.32902923,0.5161169,0.15485387
4945,A,A,0.94414645,0.020404184,0.035449438
4946,A,C,0.116390295,0.09607053,0.78753924
4947,B,B,0.07954131,0.8800311,0.04042765
4948,A,A,0.97749627,0.0027567642,0.019746922
4949,A,A,0.96359354,0.00910656,0.027299784
4950,A,A,0.74224985,0.044279344,0.21347077
4951,B,B,0.036445014,0.92313695,0.04041806
4952,C,C,0.1814507,0.12038862,0.6981607
4953,C,C,0.14363465,0.30341068,0.5529547
4954,B,B,0.099029556,0.8677785,0.033192
4955,B,B,0.0841106,0.8144708,0.10141852
4956,A,A,0.8189127,0.018014722,0.1630727
4957,B,B,0.10813139,0.7420805,0.14978808
4958,A,A,0.8689484,0.031048743,0.100002825
4959,B,B,0.0908036,0.8426808,0.06651551
4960,A,A,0.84920126,0.08771697,0.063081704
4961,A,A,0.95301676,0.0128548285,0.03412844
4962,B,B,0.119800895,0.83741975,0.042779434
4963,A,A,0.96668273,0.0084081935,0.02490906
4964,C,C,0.05720184,0.41671768,0.5260804
4965,C,C,0.0754754,0.096004814,0.8285198
4966,B,B,0.03424056,0.83203715,0.13372226
4967,B,B,0.2728252,0.65588653,0.071288325
4968,C,A,0.607946,0.036739837,0.3553141
4969,A,A,0.8902384,0.021377582,0.08838405
4970,B,B,0.1470808,0.65164995,0.20126922
4971,C,C,0.11692759,0.08145068,0.8016218
4972,A,A,0.98699355,0.0024299403,0.010576627
4973,C,A,0.90157956,0.012880815,0.08553965
4974,A,A,0.8826809,0.02058737,0.096731745
4975,A,A,0.95004237,0.017953215,0.032004375
4976,C,C,0.23521253,0.055581518,0.7092059
4977,B,B,0.09138867,0.8627233,0.045888003
4978,A,A,0.99255615,0.0010238992,0.0064198934
4979,A,A,0.78291845,0.045359023,0.17172246
4980,C,A,0.69082195,0.044666518,0.2645115
4981,B,B,0.004660622,0.97155726,0.023782052
4982,C,C,0.09926288,0.043150075,0.8575871
4983,A,A,0.6090461,0.033302613,0.3576513
4984,C,C,0.29945025,0.03211841,0.6684314
4985,C,A,0.55487895,0.03491162,0.41020936
4986,A,B,0.075680844,0.88645643,0.037862718
4987,A,A,0.7944152,0.049021512,0.15656324
4988,A,A,0.6889865,0.06003773,0.25097576
4989,A,A,0.9361456,0.023572287,0.04028211
4990,A,A,0.97005606,0.00865242,0.021291625
4991,A,A,0.75180054,0.09795913,0.1502403
4992,B,B,0.06095025,0.9123833,0.026666442
4993,A,A,0.9896913,0.0011944133,0.0091142645
4994,B,B,0.08090259,0.63588226,0.28321522
4995,C,C,0.23606338,0.09731428,0.6666224
4996,A,A,0.94508994,0.017139092,0.037770957
4997,A,A,0.9763914,0.0056514475,0.017957129
4998,A,A,0.9869889,0.0021904605,0.010820674
4999,B,B,0.05427911,0.62553215,0.32018876
5000,B,B,0.011967215,0.97932124,0.008711626
5001,A,A,0.45639297,0.40722087,0.13638614
5002,A,A,0.7466626,0.07266283,0.18067455
5003,A,A,0.7797734,0.042524777,0.17770185
5004,A,A,0.9522597,0.0069847093,0.040755607
5005,A,A,0.91890174,0.029074404,0.05202384
5006,A,B,0.33638728,0.4995341,0.16407858
5007,A,A,0.957582,0.0073647113,0.035053324
5008,B,B,0.07583065,0.8617223,0.062446993
5009,B,B,0.12345288,0.79484075,0.081706345
5010,A,A,0.9863908,0.0015927679,0.012016441
5011,C,B,0.12220625,0.57467186,0.30312186
5012,C,C,0.07843013,0.06757455,0.8539953
5013,B,B,0.0155454585,0.97011954,0.014335099
5014,C,C,0.0399009,0.08852877,0.8715703
5015,C,A,0.6588155,0.03146001,0.30972448
5016,B,B,0.00349883,0.99255496,0.0039463076
5017,B,B,0.072675765,0.90115273,0.026171483
5018,B,B,0.006803721,0.9894387,0.003757533
5019,A,A,0.90819395,0.009270749,0.082535274
5020,C,C,0.06530851,0.070730425,0.8639611
5021,B,B,0.11300616,0.6939883,0.19300553
5022,B,B,0.040707078,0.9094145,0.049878325
5023,B,B,0.019486105,0.9571619,0.02335198
5024,A,A,0.8876857,0.028279873,0.084034376
5025,C,C,0.12914051,0.16785346,0.703006
5026,B,B,0.05169943,0.8725998,0.075700805
5027,B,B,0.22114159,0.694813,0.084045425
5028,A,A,0.9375847,0.011268556,0.051146735
5029,A,A,0.97087765,0.004035161,0.025087198
5030,A,A,0.6848343,0.041551434,0.2736142
5031,A,A,0.9884488,0.001970398,0.009580776
5032,B,B,0.04935462,0.83418775,0.11645765
5033,A,A,0.98456913,0.002133524,0.013297299
5034,B,B,0.025912164,0.951149,0.022938872
5035,C,A,0.5501634,0.022906374,0.42693022
5036,C,C,0.08624266,0.33908,0.57467735
5037,A,A,0.96429706,0.0032355739,0.03246732
5038,B,B,0.080854215,0.88204557,0.03710021
5039,C,C,0.031017551,0.051803537,0.91717887
5040,B,B,0.05703436,0.8825358,0.060429838
5041,C,A,0.47308922,0.13160424,0.39530656
5042,C,C,0.15964073,0.05992523,0.7804341
5043,B,B,0.010892796,0.97423446,0.014872772
5044,B,B,0.055461604,0.9190443,0.02549409
5045,A,B,0.4095982,0.51333904,0.077062786
5046,A,A,0.99073,0.0012486522,0.008021439
5047,A,A,0.8978016,0.027547063,0.07465141
5048,C,C,0.027563404,0.45238844,0.5200482
5049,B,B,0.05544768,0.88621575,0.058336597
5050,A,A,0.95566916,0.012994583,0.031336207
5051,B,B,0.007337069,0.9871939,0.0054690754
5052,C,A,0.8237784,0.013825511,0.16239612
5053,A,A,0.95858896,0.009628378,0.03178268
5054,B,A,0.8023969,0.023658624,0.17394441
5055,C,B,0.077862814,0.60286677,0.3192705
5056,A,A,0.8799355,0.015132967,0.10493152
5057,A,A,0.9898037,0.0010342968,0.009161986
5058,A,A,0.9536448,0.008646865,0.037708297
5059,B,B,0.049561795,0.86038345,0.09005479
5060,C,B,0.056522783,0.87363887,0.06983833
5061,A,A,0.7333861,0.12329489,0.14331904
5062,B,B,0.0748865,0.8780478,0.04706577
5063,C,C,0.22885647,0.08395802,0.68718547
5064,B,B,0.17702264,0.5193885,0.30358893
5065,B,B,0.035901327,0.9402184,0.023880193
5066,B,B,0.116907015,0.80535287,0.0777401
5067,A,A,0.95299655,0.013074667,0.03392882
5068,A,A,0.95292354,0.0076724077,0.03940405
5069,B,B,0.07812258,0.89731187,0.024565473
5070,A,A,0.9753008,0.0047751856,0.019923937
5071,B,B,0.07417183,0.7558274,0.17000069
5072,B,B,0.029703151,0.7332382,0.23705861
5073,A,A,0.993569,0.00094266835,0.0054882914
5074,A,A,0.8971286,0.0067917956,0.09607956
5075,A,A,0.9743844,0.005167851,0.020447668
5076,B,B,0.036607876,0.9133093,0.05008279
5077,B,B,0.2259527,0.7048407,0.06920663
5078,A,A,0.90759456,0.01226813,0.08013734
5079,B,B,0.17326297,0.47301725,0.35371974
5080,A,A,0.90942705,0.01922751,0.07134542
5081,A,A,0.9758272,0.0028069804,0.021365758
5082,C,C,0.16810884,0.046491455,0.78539973
5083,B,B,0.18465473,0.757125,0.0582203
5084,A,A,0.9751472,0.0039355042,0.020917295
5085,C,B,0.15757442,0.73390776,0.10851781
5086,B,B,0.22250988,0.6857635,0.091726616
5087,C,C,0.083874054,0.08691776,0.82920814
5088,A,B,0.09090229,0.85418826,0.05490939
5089,B,B,0.064775586,0.9011948,0.03402957
5090,B,B,0.030870728,0.93340915,0.035720088
5091,B,B,0.011258847,0.9828194,0.005921766
5092,C,B,0.0480222,0.71826994,0.23370783
5093,A,C,0.16386984,0.1530789,0.68305135
5094,A,A,0.6912703,0.0973183,0.21141131
5095,C,C,0.17105414,0.10308481,0.7258611
5096,C,C,0.04094544,0.09604747,0.8630071
5097,C,C,0.10342672,0.10903108,0.78754216
5098,A,A,0.9590496,0.0053682434,0.035582144
5099,C,C,0.1209813,0.06839427,0.8106245
5100,B,B,0.028785292,0.95042986,0.02078491
5101,B,B,0.01924473,0.92945653,0.051298782
5102,C,A,0.8694078,0.030570999,0.10002118
5103,C,C,0.048679907,0.10429548,0.8470246
5104,C,C,0.09141622,0.07012566,0.83845806
5105,A,A,0.9662438,0.0045451955,0.029211026
5106,C,C,0.018557573,0.04161015,0.93983227
5107,B,B,0.023030493,0.9539781,0.02299141
5108,B,B,0.023269262,0.9368807,0.03985006
5109,C,C,0.055877104,0.07660749,0.86751544
5110,B,A,0.44884524,0.30204454,0.24911024
5111,C,C,0.05936926,0.14615645,0.7944743
5112,A,A,0.98376566,0.0039018467,0.012332533
5113,B,B,0.063880816,0.8918081,0.044311088
5114,A,A,0.95972973,0.013018031,0.027252238
5115,C,C,0.35199922,0.048054505,0.59994626
5116,A,A,0.951723,0.007876956,0.04040019
5117,C,C,0.10045406,0.105550826,0.79399514
5118,B,B,0.41337642,0.4501037,0.13651985
5119,B,B,0.030756058,0.95704645,0.012197477
5120,A,A,0.8757544,0.021180054,0.10306548
5121,A,A,0.93418986,0.020074047,0.045736097
5122,B,B,0.042150166,0.9313224,0.026527496
5123,C,A,0.64257616,0.037225503,0.32019836
5124,B,B,0.030393079,0.95299417,0.01661284
5125,C,C,0.17886949,0.10120774,0.7199228
5126,B,B,0.107912496,0.70956904,0.18251853
5127,A,A,0.72113454,0.034011275,0.24485406
5128,C,C,0.20742868,0.15982164,0.6327497
5129,B,C,0.24976557,0.35381114,0.39642334
5130,A,A,0.68682605,0.1982076,0.11496629
5131,A,A,0.8930491,0.043063074,0.06388774
5132,A,B,0.29538512,0.57589,0.12872481
5133,A,A,0.71564937,0.1811895,0.10316115
5134,B,B,0.3064154,0.5635947,0.12998994
5135,A,B,0.3338931,0.5205991,0.14550783
5136,C,C,0.28119457,0.054602157,0.6642033
5137,A,C,0.2584669,0.15972465,0.5818084
5138,B,C,0.24163273,0.078364216,0.68000305
5139,B,B,0.022718158,0.9654837,0.011798145
5140,B,B,0.08011305,0.8086854,0.11120152
5141,C,A,0.7380657,0.04435074,0.21758348
5142,B,B,0.085987486,0.88991493,0.024097584
5143,C,A,0.78250486,0.049420882,0.1680742
5144,A,A,0.96010166,0.010963905,0.028934449
5145,B,B,0.032914165,0.89009625,0.07698958
5146,A,A,0.77241987,0.15569167,0.0718885
5147,C,A,0.87318045,0.030155854,0.09666371
5148,B,B,0.03821489,0.8389655,0.12281961
5149,C,B,0.045738798,0.64509153,0.3091696
5150,C,A,0.7258185,0.035351712,0.23882979
5151,A,A,0.9378533,0.009413179,0.052733548
5152,A,A,0.99476683,0.00046917226,0.0047640824
5153,C,C,0.051031265,0.42525163,0.5237171
5154,C,C,0.10374756,0.14086936,0.755383
5155,B,B,0.11253094,0.8407867,0.046682313
5156,C,C,0.038845133,0.121750414,0.83940446
5157,B,B,0.03756726,0.94243675,0.019995976
5158,B,B,0.086549595,0.881176,0.032274324
5159,C,C,0.07229061,0.14147085,0.7862385
5160,C,C,0.153118,0.036738407,0.8101436
5161,C,C,0.05757139,0.029976886,0.91245174
5162,C,B,0.13150494,0.8070124,0.06148269
5163,B,B,0.04266704,0.93169636,0.025636723
5164,A,A,0.97226894,0.0033183056,0.024412746
5165,C,C,0.12615705,0.35994774,0.5138952
5166,A,A,0.962354,0.010545026,0.02710105
5167,A,A,0.9680706,0.0068650083,0.025064347
5168,B,B,0.23668467,0.5898018,0.17351352
5169,B,B,0.20877954,0.71973217,0.07148827
5170,B,B,0.049574807,0.8514278,0.0989974
5171,B,B,0.029952263,0.9278198,0.042227894
5172,B,B,0.07802015,0.88820624,0.03377363
5173,C,C,0.24800555,0.28251323,0.46948123
5174,C,C,0.20557584,0.14079686,0.65362734
5175,A,A,0.36885133,0.27496076,0.35618788
5176,A,A,0.9030917,0.018792883,0.07811533
5177,B,B,0.16029514,0.76119643,0.0785083
5178,A,A,0.8134885,0.024356669,0.16215484
5179,C,B,0.2245187,0.43722302,0.33825833
5180,C,C,0.3854177,0.045049362,0.569533
5181,A,A,0.61823636,0.14993924,0.2318244
5182,B,B,0.07397301,0.8911548,0.034872137
5183,A,A,0.9749069,0.003093938,0.021999145
5184,B,B,0.33287168,0.57984674,0.087281585
5185,B,B,0.21544433,0.7124016,0.07215406
5186,C,C,0.40706724,0.10669461,0.48623815
5187,B,B,0.0641824,0.8737247,0.062092815
5188,C,A,0.4866619,0.027322132,0.4860159
5189,B,B,0.07107443,0.90059364,0.028331956
5190,C,C,0.34768838,0.08981315,0.56249845
5191,C,C,0.10960173,0.20205669,0.68834156
5192,C,C,0.09341527,0.15561667,0.7509681
5193,B,B,0.27784255,0.5237853,0.19837208
5194,A,A,0.97210604,0.00623983,0.021654189
5195,B,B,0.031737227,0.9431015,0.02516127
5196,A,B,0.03939777,0.88112473,0.0794775
5197,A,A,0.9285006,0.022548512,0.048950978
5198,C,A,0.52203166,0.10781322,0.37015513
5199,C,C,0.07853921,0.023796225,0.89766455
5200,A,A,0.95853287,0.006492286,0.034974918
5201,B,B,0.050612867,0.9076681,0.04171895
5202,C,C,0.18213744,0.060404647,0.75745785
5203,B,B,0.021873776,0.9646627,0.013463537
5204,A,A,0.92133474,0.01742576,0.061239503
5205,A,A,0.898532,0.011692262,0.0897758
5206,A,A,0.9945478,0.0006405848,0.0048116054
5207,C,B,0.16522576,0.6054444,0.22932984
5208,A,A,0.96260405,0.0022114136,0.03518465
5209,C,C,0.022087859,0.068097405,0.9098147
5210,B,B,0.043567475,0.846586,0.109846525
5211,A,A,0.92736787,0.025530174,0.04710198
5212,B,B,0.012271015,0.98374635,0.0039826245
5213,C,C,0.056553334,0.04701142,0.89643526
5214,B,B,0.08610303,0.889836,0.024060927
5215,C,A,0.69258803,0.01594934,0.2914627
5216,C,C,0.2402348,0.07787884,0.6818863
5217,C,C,0.09369233,0.07112023,0.8351874
5218,C,A,0.6739592,0.18236367,0.14367713
5219,C,A,0.44972157,0.14718273,0.4030957
5220,B,B,0.037475377,0.878176,0.084348716
5221,B,B,0.013118163,0.97096497,0.015916876
5222,A,A,0.91346705,0.013692939,0.072840005
5223,B,B,0.033483393,0.92639095,0.04012563
5224,A,B,0.026968917,0.94688046,0.026150689
5225,C,C,0.10916449,0.03042891,0.8604066
5226,B,B,0.06394244,0.7823753,0.15368235
5227,A,A,0.9428392,0.012062851,0.045097955
5228,B,B,0.07355955,0.8867002,0.03974019
5229,B,B,0.15087631,0.7763861,0.07273759
5230,A,A,0.9044704,0.020379618,0.075150065
5231,C,A,0.6042005,0.06763323,0.32816634
5232,B,A,0.4895489,0.37993512,0.13051596
5233,B,A,0.3893356,0.23257862,0.37808576
5234,B,B,0.0072438475,0.9841824,0.008573834
5235,A,A,0.89089155,0.041647986,0.06746049
5236,C,C,0.091461934,0.44294032,0.46559778
5237,B,B,0.2784628,0.5673236,0.15421364
5238,A,A,0.9859752,0.0010088992,0.013015846
5239,B,B,0.03222018,0.94682723,0.020952608
5240,A,A,0.89408207,0.038510248,0.06740766
5241,B,B,0.06869466,0.8880831,0.043222345
5242,C,C,0.39809835,0.086584434,0.5153172
5243,A,A,0.68609786,0.17942595,0.13447616
5244,B,B,0.08774485,0.8202504,0.09200471
5245,B,B,0.08459259,0.48293105,0.43247634
5246,A,C,0.47061038,0.030537728,0.49885193
5247,B,B,0.10278939,0.8451357,0.052074958
5248,B,B,0.22261606,0.68664354,0.09074036
5249,A,A,0.8249273,0.04244737,0.13262533
5250,B,B,0.029885834,0.91687965,0.053234547
5251,C,C,0.03913512,0.09544367,0.8654213
5252,C,C,0.07694905,0.23323594,0.68981504
5253,C,C,0.090424605,0.13581218,0.7737632
5254,B,B,0.009238151,0.9873674,0.00339448
5255,B,B,0.05340158,0.88968223,0.05691626
5256,A,A,0.65452415,0.050204173,0.29527164
5257,A,A,0.9827308,0.003983836,0.013285383
5258,B,B,0.025299454,0.9604926,0.014207891
5259,B,B,0.079556696,0.8472442,0.073199086
5260,C,C,0.21492779,0.109076135,0.6759961
5261,B,B,0.016891275,0.97139376,0.011714987
5262,C,A,0.56384504,0.0892754,0.3468796
5263,A,A,0.9685707,0.0038476153,0.027581716
5264,A,A,0.946624,0.014656244,0.038719784
5265,A,A,0.9418407,0.0067615854,0.05139769
5266,A,A,0.98976374,0.0012584189,0.008977747
5267,A,B,0.06432897,0.63593525,0.29973578
5268,C,A,0.37534893,0.2858895,0.33876157
5269,A,A,0.8843018,0.061061703,0.054636423
5270,A,A,0.5128784,0.31371662,0.17340495
5271,B,B,0.0125378445,0.98019385,0.00726827
5272,C,A,0.55379957,0.082648635,0.3635518
5273,A,A,0.8428628,0.025151752,0.13198549
5274,B,B,0.06736951,0.8892818,0.043348584
5275,A,A,0.54397833,0.3485775,0.10744423
5276,B,C,0.079977006,0.12607206,0.793951
5277,C,C,0.024542645,0.22355819,0.7518991
5278,B,B,0.027213123,0.9513013,0.021485623
5279,A,A,0.95061123,0.010131428,0.03925741
5280,B,B,0.017152045,0.9673612,0.015486755
5281,A,A,0.8286261,0.019730212,0.15164371
5282,A,A,0.7498294,0.09095218,0.15921845
5283,A,A,0.98590255,0.002818993,0.011278425
5284,A,A,0.7106785,0.061786156,0.22753537
5285,A,A,0.9050103,0.017787326,0.07720241
5286,A,A,0.9521064,0.012005402,0.035888128
5287,B,B,0.036294136,0.9306889,0.033016946
5288,C,C,0.08373065,0.14427742,0.77199197
5289,C,B,0.028730871,0.92270947,0.04855977
5290,A,A,0.8885698,0.03820195,0.07322826
5291,C,C,0.16901498,0.08022278,0.7507623
5292,A,A,0.99329716,0.00060602085,0.0060968394
5293,B,A,0.49437556,0.30082622,0.20479815
5294,C,C,0.310193,0.18888947,0.5009175
5295,C,C,0.0604112,0.106347494,0.83324134
5296,C,C,0.076964706,0.03003168,0.8930036
5297,B,B,0.03685108,0.9115217,0.051627316
5298,B,B,0.03398838,0.92497617,0.041035432
5299,A,A,0.9670504,0.0069487058,0.026000857
5300,C,C,0.06086551,0.04418435,0.8949501
5301,A,A,0.88116306,0.025400253,0.09343665
5302,B,B,0.0132716205,0.9781942,0.008534255
5303,A,A,0.9458296,0.009854219,0.044316158
5304,C,A,0.83393663,0.037975598,0.12808777
5305,A,A,0.9151972,0.03865603,0.04614674
5306,A,A,0.9807962,0.003202842,0.016000967
5307,A,A,0.9605317,0.0053429324,0.034125343
5308,C,C,0.071839586,0.28234392,0.6458165
5309,C,C,0.41231865,0.10621198,0.48146936
5310,B,B,0.13349287,0.81410676,0.052400358
5311,B,B,0.025201708,0.9350121,0.039786227
5312,B,B,0.20820333,0.71038663,0.08141
5313,B,B,0.06426448,0.7684345,0.16730094
5314,A,A,0.9258837,0.008252575,0.065863736
5315,A,A,0.97598153,0.0046653347,0.019353168
5316,B,C,0.14578947,0.20633236,0.64787817
5317,B,B,0.028632902,0.94255304,0.028814098
5318,A,A,0.9942491,0.00075948384,0.004991442
5319,A,A,0.965968,0.0041565937,0.029875426
5320,C,C,0.051652327,0.32986423,0.6184834
5321,C,C,0.34896696,0.1294323,0.5216008
5322,B,B,0.15690324,0.75645727,0.08663953
5323,C,C,0.15029332,0.03828703,0.81141967
5324,C,C,0.11268286,0.32266065,0.5646565
5325,C,C,0.10337571,0.03882923,0.85779506
5326,B,B,0.010720207,0.9579516,0.031328134
5327,B,B,0.08793884,0.846888,0.065173134
5328,C,C,0.069385275,0.06450822,0.8661065
5329,B,B,0.010959233,0.98337674,0.0056639817
5330,A,A,0.91654503,0.023522502,0.059932422
5331,A,A,0.9231089,0.01453989,0.062351234
5332,A,A,0.9555269,0.007874467,0.036598668
5333,A,B,0.10812841,0.79290235,0.09896923
5334,C,C,0.2783549,0.049285058,0.67236006
5335,C,C,0.100250676,0.116196476,0.7835529
5336,A,A,0.9810037,0.0017977231,0.017198574
5337,A,A,0.68889534,0.1223076,0.18879704
5338,A,A,0.9623133,0.0027260769,0.034960583
5339,C,C,0.42353007,0.07224284,0.50422716
5340,A,A,0.97240055,0.0056276773,0.021971745
5341,B,B,0.13658899,0.7813022,0.08210884
5342,B,B,0.07999264,0.8777707,0.042236645
5343,A,A,0.9737248,0.0021531982,0.02412202
5344,A,A,0.9485,0.007884031,0.043615986
5345,C,C,0.022705346,0.09511011,0.8821845
5346,A,A,0.8636723,0.019166568,0.11716111
5347,C,C,0.03795511,0.056612927,0.905432
5348,A,A,0.9465913,0.008081766,0.045326937
5349,A,A,0.6896965,0.044979732,0.26532382
5350,A,A,0.88004786,0.043897208,0.076054946
5351,B,B,0.056312382,0.7916407,0.15204698
5352,A,A,0.93626463,0.020094002,0.043641422
5353,A,A,0.67041177,0.06473444,0.2648539
5354,C,A,0.5417753,0.15548417,0.3027405
5355,A,A,0.9682103,0.0061682644,0.025621422
5356,B,B,0.10299408,0.7032481,0.19375788
5357,B,B,0.10379953,0.72026557,0.17593499
5358,C,C,0.027829729,0.032902904,0.93926734
5359,B,B,0.0670276,0.9063886,0.026583886
5360,B,B,0.035727736,0.93992156,0.024350662
5361,C,A,0.53408843,0.019212537,0.44669905
5362,A,A,0.95618445,0.0069507197,0.036864765
5363,B,B,0.20480263,0.66795737,0.12724
5364,A,A,0.7858705,0.0538235,0.16030595
5365,B,B,0.23536351,0.68507034,0.079566196
5366,B,B,0.04923343,0.91256034,0.038206164
5367,A,A,0.9541096,0.013111646,0.032778695
5368,C,A,0.51327634,0.08560106,0.40112257
5369,A,A,0.95541865,0.011576883,0.033004563
5370,A,A,0.88663816,0.014124563,0.09923725
5371,B,B,0.063242346,0.76567113,0.17108652
5372,B,B,0.09024968,0.8706975,0.03905285
5373,C,B,0.101464845,0.49257746,0.40595776
5374,C,C,0.019221265,0.028255694,0.9525231
5375,A,A,0.9583283,0.007767761,0.033903982
5376,A,A,0.96145266,0.011301757,0.02724558
5377,B,B,0.11674494,0.7926841,0.090570904
5378,A,A,0.98211193,0.0022715237,0.015616482
5379,C,C,0.021825759,0.09771693,0.8804573
5380,C,A,0.6455893,0.0363711,0.31803963
5381,A,A,0.94151014,0.015755827,0.042734064
5382,A,A,0.9768098,0.0037186989,0.019471569
5383,C,A,0.780805,0.012785511,0.20640942
5384,B,B,0.04380416,0.8616117,0.09458406
5385,B,B,0.0346872,0.93292224,0.032390546
5386,B,B,0.013385151,0.9168046,0.069810286
5387,B,B,0.062447157,0.8739941,0.06355869
5388,A,A,0.8347448,0.0411994,0.12405571
5389,C,C,0.1413121,0.09926073,0.75942713
5390,B,B,0.023037605,0.95958406,0.017378382
5391,C,C,0.28048036,0.084352575,0.6351671
5392,A,A,0.9800504,0.004099463,0.015850114
5393,C,C,0.15283607,0.0883657,0.75879824
5394,A,A,0.8903591,0.060915165,0.04872575
5395,C,C,0.13531242,0.10506686,0.7596207
5396,A,A,0.5317336,0.18448272,0.28378367
5397,A,A,0.919171,0.006711408,0.07411767
5398,C,A,0.92304915,0.024196992,0.05275376
5399,A,B,0.26771823,0.6619729,0.070308864
5400,B,B,0.013182763,0.9411813,0.045635935
5401,C,C,0.11756464,0.09346747,0.7889679
5402,C,C,0.09086298,0.078325,0.83081204
5403,C,C,0.034528274,0.44400093,0.52147084
5404,B,C,0.08632376,0.25255847,0.6611178
5405,A,A,0.97315186,0.00524968,0.021598483
5406,C,C,0.056735944,0.09551759,0.84774643
5407,B,B,0.027389858,0.9571061,0.015504091
5408,A,A,0.8982251,0.031293154,0.07048166
5409,A,A,0.9067289,0.035464052,0.05780702
5410,A,A,0.8216835,0.053986568,0.12432991
5411,A,A,0.9489411,0.008464339,0.042594668
5412,A,A,0.9427116,0.00674811,0.05054032
5413,B,B,0.025298141,0.95836025,0.016341599
5414,B,B,0.034385618,0.92102253,0.04459179
5415,A,A,0.45592958,0.45488316,0.08918729
5416,C,C,0.15461911,0.08729367,0.7580872
5417,A,A,0.94171405,0.011932944,0.04635301
5418,A,A,0.96083945,0.008348694,0.030811898
5419,C,C,0.10662299,0.089783475,0.8035935
5420,B,B,0.2728257,0.5124717,0.21470259
5421,B,B,0.011380996,0.9823334,0.0062855547
5422,B,B,0.080516055,0.5236727,0.39581126
5423,A,A,0.8987732,0.019021811,0.08220501
5424,C,C,0.27545485,0.07325244,0.65129274
5425,A,A,0.9752818,0.0034762572,0.021241993
5426,A,A,0.83874553,0.03612566,0.12512879
5427,B,B,0.008455535,0.9863897,0.0051547606
5428,B,B,0.0195276,0.92796123,0.05251115
5429,B,B,0.036252424,0.94716054,0.01658703
5430,A,A,0.9520931,0.012178995,0.035727955
5431,C,B,0.29513612,0.5724141,0.13244982
5432,B,B,0.037036557,0.94009364,0.022869801
5433,A,A,0.94535047,0.011544673,0.043104902
5434,B,B,0.030843992,0.9098697,0.059286367
5435,A,A,0.87877005,0.028024983,0.09320495
5436,A,A,0.9158417,0.033744153,0.050414126
5437,C,C,0.058981996,0.03963222,0.9013858
5438,C,C,0.09737636,0.019235794,0.88338786
5439,C,C,0.22965418,0.04722583,0.72312
5440,A,A,0.8509907,0.06399209,0.0850171
5441,A,A,0.82934004,0.012675404,0.15798452
5442,B,B,0.010302233,0.9668707,0.02282697
5443,A,A,0.976835,0.0042636907,0.018901262
5444,B,B,0.015312284,0.9137455,0.07094214
5445,C,A,0.71099406,0.027336312,0.26166967
5446,C,C,0.063816726,0.0754503,0.860733
5447,B,B,0.046642765,0.9340242,0.019333
5448,A,A,0.8574898,0.03205718,0.11045301
5449,A,A,0.8896491,0.025202096,0.08514877
5450,A,A,0.6448835,0.14411101,0.21100548
5451,B,B,0.031013051,0.9003653,0.068621665
5452,A,A,0.9819088,0.0020612823,0.016029853
5453,B,B,0.14042254,0.5588328,0.30074465
5454,C,C,0.04158079,0.3516892,0.60673004
5455,B,B,0.12677132,0.81731594,0.055912696
5456,A,A,0.8742334,0.060473103,0.06529342
5457,C,C,0.37557143,0.06151134,0.56291723
5458,C,A,0.5362675,0.0779495,0.38578302
5459,A,A,0.9715216,0.0059016645,0.022576705
5460,A,A,0.9690066,0.0037078056,0.027285611
5461,A,A,0.5917672,0.29115394,0.117078975
5462,A,A,0.9833798,0.0020418458,0.014578372
5463,C,C,0.13750394,0.088492766,0.7740033
5464,B,A,0.46404,0.43031985,0.105640166
5465,C,B,0.031834442,0.8791289,0.08903672
5466,C,A,0.51386243,0.060463786,0.42567378
5467,C,C,0.06127986,0.253526,0.6851941
5468,B,B,0.056017585,0.9118281,0.032154314
5469,A,B,0.21310867,0.6470783,0.13981308
5470,C,A,0.57685506,0.03997216,0.38317275
5471,C,A,0.5300572,0.042296596,0.42764616
5472,C,C,0.37247756,0.08915026,0.53837216
5473,B,B,0.04229278,0.91872096,0.038986232
5474,C,A,0.6015552,0.106583886,0.29186085
5475,B,B,0.07053616,0.89171726,0.037746668
5476,B,B,0.06116905,0.9075838,0.031247191
5477,C,C,0.036488947,0.16554268,0.79796845
5478,A,B,0.104927756,0.79732215,0.09775017
5479,B,B,0.04674319,0.9214917,0.031765155
5480,A,A,0.74825704,0.033338554,0.2184044
5481,A,A,0.95402527,0.009468207,0.036506448
5482,A,A,0.9762187,0.002982633,0.02079867
5483,B,B,0.012573323,0.97931415,0.008112464
5484,B,B,0.028401531,0.92129517,0.05030331
5485,A,A,0.9764322,0.00778314,0.015784573
5486,C,C,0.36160666,0.037298538,0.6010948
5487,B,B,0.06572541,0.90662456,0.027650056
5488,A,A,0.5494663,0.085932404,0.36460125
5489,A,A,0.9507308,0.009805505,0.03946374
5490,B,B,0.1481872,0.79625314,0.055559732
5491,A,A,0.9553577,0.015545623,0.029096609
5492,C,C,0.03761491,0.47531357,0.4870716
5493,A,A,0.9310139,0.020467274,0.048518904
5494,B,B,0.034503747,0.71785295,0.24764326
5495,A,A,0.87745845,0.023680963,0.098860525
5496,A,A,0.9835173,0.0016305445,0.014852211
5497,A,A,0.9610417,0.0061273472,0.03283092
5498,A,A,0.95259684,0.0136052715,0.03379783
5499,C,C,0.11175909,0.35989428,0.5283466
5500,A,A,0.5822337,0.16102879,0.2567375
5501,B,B,0.028885962,0.8703623,0.100751795
5502,A,A,0.9246895,0.017554937,0.057755623
5503,A,A,0.9682934,0.00749584,0.02421071
5504,B,A,0.86035126,0.038054116,0.10159465
5505,A,A,0.85046184,0.027921686,0.12161649
5506,A,B,0.3508442,0.5439468,0.10520894
5507,B,B,0.3447212,0.5372434,0.118035376
5508,A,A,0.69158214,0.06181802,0.24659982
5509,C,C,0.22153524,0.03784445,0.7406203
5510,B,B,0.014561276,0.9550739,0.030364823
5511,C,C,0.12041869,0.055670306,0.823911
5512,A,A,0.91555554,0.013010657,0.07143383
5513,B,B,0.06691089,0.88598484,0.04710429
5514,B,B,0.36897507,0.4494074,0.18161753
5515,C,A,0.864739,0.028516876,0.1067441
5516,B,B,0.06042254,0.7997665,0.13981105
5517,A,A,0.61047876,0.13104188,0.2584794
5518,B,B,0.066124834,0.8750131,0.058862023
5519,B,B,0.030196136,0.9244504,0.045353573
5520,B,B,0.015530857,0.977008,0.0074612275
5521,A,A,0.9411692,0.01378775,0.045043036
5522,C,C,0.095400125,0.05194527,0.85265464
5523,C,C,0.056344014,0.040930137,0.9027259
5524,C,C,0.12255867,0.041884057,0.8355573
5525,B,B,0.023371167,0.96206087,0.01456791
5526,B,B,0.023457447,0.9599835,0.016558988
5527,B,B,0.11138567,0.8111141,0.07750021
5528,A,A,0.9173886,0.02489678,0.05771461
5529,A,A,0.9509688,0.018954169,0.03007707
5530,B,B,0.040512975,0.90367323,0.055813853
5531,A,B,0.21820785,0.7051407,0.07665147
5532,C,A,0.81758744,0.046133332,0.13627928
5533,B,B,0.017495213,0.97378224,0.008722503
5534,A,A,0.84695035,0.07762351,0.07542611
5535,B,B,0.010769879,0.97461206,0.014617981
5536,A,A,0.87002355,0.035171703,0.09480473
5537,C,C,0.22595131,0.05050368,0.72354496
5538,B,B,0.3297884,0.52569026,0.14452137
5539,C,C,0.11470484,0.052526355,0.83276886
5540,C,C,0.048650045,0.08097067,0.8703793
5541,C,C,0.18469723,0.0554353,0.7598675
5542,B,B,0.010844446,0.9657611,0.023394434
5543,C,A,0.95675,0.0075337114,0.03571633
5544,A,A,0.97710985,0.0038134009,0.019076774
5545,C,C,0.021586895,0.08421803,0.89419514
5546,C,C,0.25818628,0.09218477,0.64962894
5547,A,A,0.88860714,0.020609735,0.09078304
5548,C,C,0.17629078,0.13519128,0.6885179
5549,C,C,0.06420399,0.029396018,0.9064
5550,C,A,0.5973485,0.021465614,0.38118586
5551,A,C,0.35881454,0.042174287,0.5990112
5552,C,A,0.66743904,0.02188514,0.31067586
5553,B,A,0.6784524,0.15247999,0.16906756
5554,A,A,0.9458121,0.01074084,0.043447025
5555,C,C,0.23801307,0.05634786,0.7056391
5556,C,C,0.14713272,0.18531723,0.6675501
5557,A,A,0.96446687,0.0061288257,0.02940434
5558,C,A,0.6169484,0.103541896,0.27950966
5559,C,C,0.3637865,0.018607548,0.61760604
5560,B,B,0.06356002,0.7753096,0.16113037
5561,C,C,0.06040546,0.06433755,0.87525696
5562,A,A,0.9446099,0.0139948595,0.0413953
5563,C,C,0.07959645,0.08099198,0.8394116
5564,C,C,0.27346736,0.047017556,0.6795151
5565,B,B,0.25326306,0.6076436,0.13909337
5566,B,B,0.041455757,0.89727926,0.061265063
5567,A,A,0.975947,0.00359888,0.020454058
5568,A,A,0.7130843,0.041052584,0.24586317
5569,C,C,0.033036176,0.07842375,0.88854
5570,C,C,0.08696392,0.09366005,0.81937605
5571,C,C,0.05457152,0.11901653,0.82641196
5572,A,A,0.9243329,0.010458174,0.06520885
5573,A,A,0.9738704,0.0031859963,0.022943608
5574,B,B,0.22223386,0.65372336,0.12404283
5575,C,A,0.8251152,0.020208905,0.1546759
5576,C,B,0.25726354,0.5860194,0.15671706
5577,C,C,0.16787155,0.043044046,0.78908443
5578,A,A,0.94702584,0.020568717,0.032405503
5579,C,C,0.14607024,0.2568047,0.597125
5580,B,B,0.05869943,0.686473,0.2548276
5581,A,A,0.9403089,0.008748338,0.050942697
5582,A,A,0.980981,0.0041251415,0.014893797
5583,B,B,0.016987208,0.97445107,0.008561776
5584,B,B,0.08439627,0.87864655,0.03695712
5585,B,B,0.093776084,0.84095436,0.06526959
5586,C,B,0.041608963,0.53381944,0.4245717
5587,C,C,0.05470653,0.11611521,0.8291782
5588,C,B,0.14691508,0.56532043,0.28776443
5589,C,C,0.20117314,0.07496843,0.7238584
5590,C,C,0.10466232,0.016571842,0.8787658
5591,C,C,0.16853349,0.15264593,0.67882055
5592,C,C,0.07988381,0.075326614,0.8447895
5593,B,B,0.07407946,0.8828861,0.0430344
5594,A,A,0.7732805,0.022638645,0.20408085
5595,C,C,0.0924855,0.36799604,0.5395185
5596,C,C,0.35350832,0.113151275,0.5333404
5597,C,C,0.32106614,0.075125106,0.6038087
5598,C,C,0.19899431,0.17462045,0.6263853
5599,B,B,0.013861565,0.96532714,0.020811263
5600,C,C,0.398369,0.06562117,0.5360098
5601,A,A,0.9303109,0.01926684,0.0504222
5602,C,A,0.7665809,0.039179042,0.19424006
5603,C,C,0.07897074,0.024939558,0.89608973
5604,A,A,0.98265773,0.0025645539,0.014777692
5605,C,C,0.1158461,0.06721257,0.8169414
5606,A,A,0.95643157,0.007048663,0.036519706
5607,B,B,0.020852027,0.9506805,0.028467411
5608,B,B,0.34739646,0.5621206,0.09048291
5609,B,B,0.06333831,0.9083442,0.028317377
5610,B,B,0.09972415,0.76442003,0.13585575
5611,C,C,0.1910792,0.05937273,0.7495481
5612,A,A,0.9813875,0.0029659919,0.015646495
5613,A,A,0.5453279,0.23540436,0.21926771
5614,A,A,0.9438405,0.013677112,0.04248236
5615,B,B,0.02861995,0.9610585,0.010321445
5616,A,A,0.9003196,0.022050023,0.07763036
5617,B,B,0.05712406,0.9069222,0.0359537
5618,C,C,0.20649892,0.06576662,0.72773445
5619,A,A,0.9514693,0.009630917,0.038899794
5620,A,A,0.7288798,0.03981783,0.23130232
5621,A,A,0.9824064,0.004906631,0.012687024
5622,A,A,0.97434855,0.0042261374,0.021425305
5623,A,A,0.91994745,0.018441591,0.06161098
5624,C,A,0.65588415,0.06047981,0.28363603
5625,C,C,0.07822214,0.032642517,0.88913536
5626,A,A,0.98491734,0.0021774834,0.012905086
5627,B,B,0.008366632,0.9710551,0.020578288
5628,C,A,0.6858711,0.052132025,0.26199684
5629,B,B,0.016600134,0.9762146,0.0071852948
5630,C,C,0.06206239,0.08956927,0.8483684
5631,A,A,0.6782247,0.04273326,0.2790421
5632,B,B,0.04570406,0.81173885,0.14255716
5633,C,B,0.20018,0.5267149,0.27310506
5634,A,A,0.9017985,0.034179922,0.064021595
5635,B,B,0.063062586,0.88649297,0.05044438
5636,A,A,0.9270267,0.012518458,0.060454786
5637,C,C,0.33768123,0.09497587,0.56734294
5638,B,B,0.13563867,0.8058286,0.05853276
5639,C,B,0.18048564,0.5423942,0.27712014
5640,A,A,0.8412475,0.08966439,0.06908813
5641,A,C,0.3598167,0.1371577,0.50302565
5642,C,A,0.6170313,0.0871672,0.29580152
5643,A,C,0.32148618,0.059437927,0.6190759
5644,A,A,0.9697734,0.0064856024,0.023741007
5645,C,C,0.25019488,0.18257573,0.56722933
5646,B,B,0.06527566,0.87435204,0.060372263
5647,C,C,0.16369057,0.13492568,0.7013837
5648,A,A,0.9718954,0.0074791084,0.02062547
5649,B,B,0.08331351,0.76869285,0.1479936
5650,C,C,0.05779915,0.06777992,0.8744209
5651,C,C,0.12705062,0.09747341,0.775476
5652,C,C,0.08492771,0.057521958,0.8575503
5653,B,B,0.019348852,0.96394277,0.016708342
5654,A,A,0.41858637,0.20071721,0.3806965
5655,C,C,0.104970224,0.42612928,0.4689004
5656,B,B,0.12098102,0.80676806,0.0722509
5657,B,B,0.0147145195,0.95181787,0.03346755
5658,B,B,0.04416946,0.91573894,0.040091712
5659,B,A,0.4599702,0.18873735,0.35129246
5660,C,C,0.07244464,0.42488497,0.5026704
5661,C,C,0.09262699,0.12586713,0.7815058
5662,A,A,0.9109159,0.023400491,0.06568359
5663,C,B,0.18143393,0.4388352,0.37973085
5664,A,B,0.44636822,0.46414778,0.08948395
5665,B,B,0.00850963,0.98728126,0.0042090267
5666,A,A,0.91117907,0.016732337,0.07208858
5667,B,B,0.02851453,0.9334258,0.038059678
5668,A,A,0.98508716,0.0032007121,0.011712163
5669,C,A,0.4374588,0.15154278,0.41099837
5670,A,A,0.9422296,0.010040279,0.04773016
5671,C,A,0.56909347,0.04654483,0.38436174
5672,A,A,0.89441985,0.0127384635,0.092841685
5673,A,A,0.9242439,0.021079702,0.054676447
5674,A,A,0.74335647,0.050443493,0.20620005
5675,C,C,0.048806924,0.103785284,0.84740776
5676,A,A,0.98495734,0.0021679767,0.012874652
5677,B,B,0.02196893,0.91274,0.06529113
5678,B,B,0.072587,0.8886809,0.038732145
5679,B,B,0.05704235,0.91614985,0.026807789
5680,B,B,0.10187364,0.84828407,0.0498423
5681,B,B,0.03684206,0.9189598,0.04419812
5682,C,C,0.0599202,0.058146644,0.88193315
5683,A,A,0.9506946,0.018515505,0.030789874
5684,A,A,0.8421744,0.06818876,0.08963682
5685,C,C,0.09333454,0.024004327,0.8826611
5686,A,A,0.953651,0.009065867,0.03728312
5687,A,A,0.91494226,0.025924498,0.059133142
5688,B,B,0.047363423,0.9233491,0.029287482
5689,C,C,0.06646787,0.25147355,0.6820585
5690,C,C,0.39267883,0.16028702,0.44703412
5691,A,A,0.82451296,0.096687876,0.07879913
5692,C,C,0.062406827,0.12447236,0.8131208
5693,C,C,0.09234646,0.07048777,0.8371658
5694,C,C,0.056089103,0.37220922,0.5717017
5695,C,A,0.5413408,0.12197482,0.3366843
5696,B,B,0.025203386,0.93972903,0.035067555
5697,A,A,0.62637144,0.29620513,0.07742343
5698,A,A,0.9174134,0.02339115,0.05919546
5699,C,A,0.7352817,0.028588297,0.23613
5700,C,C,0.24739066,0.045009878,0.70759946
5701,A,A,0.95510393,0.01439148,0.030504655
5702,C,C,0.10358517,0.093679026,0.80273587
5703,A,A,0.71665573,0.12770304,0.15564126
5704,C,B,0.17752197,0.5310501,0.291428
5705,C,C,0.04932391,0.060130406,0.89054567
5706,B,B,0.14592986,0.7869618,0.06710842
5707,C,A,0.7636924,0.015898991,0.22040863
5708,C,C,0.44970363,0.041864086,0.5084323
5709,C,C,0.082464285,0.12810159,0.7894342
5710,B,B,0.15250237,0.7353808,0.11211689
5711,A,A,0.9665386,0.0089553865,0.024505999
5712,A,B,0.37470663,0.49287364,0.1324197
5713,A,B,0.20654461,0.4549043,0.33855104
5714,B,B,0.022838606,0.9647906,0.012370848
5715,A,A,0.9732612,0.0056600613,0.021078892
5716,B,B,0.054530542,0.8930022,0.052467335
5717,A,A,0.9193259,0.01044417,0.07022993
5718,A,A,0.77852273,0.06765605,0.15382127
5719,A,A,0.95558363,0.005850665,0.038565762
5720,B,B,0.1034953,0.81324,0.08326473
5721,B,B,0.048674747,0.607327,0.34399828
5722,C,A,0.83970636,0.0192934,0.14100018
5723,A,A,0.9474343,0.010119018,0.042446654
5724,C,C,0.028105,0.14280689,0.8290881
5725,A,A,0.7938412,0.0744178,0.131741
5726,C,C,0.08354467,0.083464056,0.8329912
5727,B,C,0.066514626,0.24722125,0.6862642
5728,A,A,0.9917653,0.0010007852,0.007233845
5729,B,A,0.5033527,0.33025867,0.1663887
5730,B,B,0.055020228,0.86315995,0.081819855
5731,A,A,0.96115476,0.009620378,0.029224897
5732,A,A,0.93982464,0.016716026,0.04345939
5733,C,C,0.24895035,0.11387014,0.63717955
5734,C,A,0.61981165,0.071279794,0.30890855
5735,B,B,0.07485291,0.8936109,0.03153614
5736,C,C,0.019492801,0.2528584,0.72764885
5737,B,B,0.110592216,0.80677354,0.082634225
5738,B,B,0.04236956,0.8908676,0.066762835
5739,B,B,0.31988975,0.535063,0.14504719
5740,A,A,0.95622414,0.0058022267,0.03797359
5741,C,C,0.33528078,0.09780122,0.566918
5742,C,C,0.027447741,0.02990304,0.9426492
5743,C,C,0.13349631,0.0956577,0.77084595
5744,B,B,0.061833102,0.87643313,0.06173379
5745,B,B,0.11168634,0.62256986,0.26574388
5746,A,A,0.97374976,0.004403994,0.021846306
5747,A,A,0.825176,0.097461954,0.077362
5748,A,A,0.95986503,0.0028230017,0.03731197
5749,A,A,0.90592605,0.03457024,0.05950371
5750,C,A,0.64532954,0.13403226,0.22063816
5751,B,B,0.17889728,0.55935246,0.26175025
5752,A,A,0.9885147,0.0013181213,0.01016716
5753,C,C,0.25135684,0.06365092,0.68499225
5754,C,A,0.7246888,0.011459798,0.2638514
5755,B,B,0.013923297,0.95793957,0.028137129
5756,A,A,0.88654375,0.027701626,0.08575466
5757,A,A,0.94970906,0.016644847,0.033646148
5758,A,A,0.973126,0.0065499186,0.020324128
5759,B,B,0.00992018,0.963508,0.026571829
5760,B,A,0.8391877,0.058370337,0.10244201
5761,B,B,0.18272887,0.7310873,0.08618377
5762,C,C,0.2720007,0.052703977,0.6752953
5763,A,A,0.7778901,0.0752793,0.14683057
5764,C,B,0.20875421,0.7123321,0.078913614
5765,A,A,0.9724841,0.003522104,0.02399373
5766,A,A,0.98977786,0.0010844343,0.009137729
5767,C,C,0.048783254,0.19632354,0.7548932
5768,B,A,0.5161766,0.3825403,0.10128315
5769,C,C,0.07303001,0.094355315,0.8326147
5770,C,C,0.11097999,0.029917877,0.85910213
5771,A,A,0.93591654,0.014798108,0.04928536
5772,A,A,0.74971604,0.045617845,0.20466611
5773,A,A,0.95076025,0.009701718,0.039538022
5774,B,B,0.06141637,0.8850057,0.053577863
5775,A,A,0.85772634,0.059749473,0.0825242
5776,B,B,0.24687211,0.46742553,0.28570238
5777,A,B,0.041804593,0.8578891,0.10030622
5778,A,A,0.98723024,0.0020195849,0.010750117
5779,C,C,0.17826468,0.056029957,0.7657054
5780,A,A,0.92175305,0.008005839,0.07024112
5781,B,C,0.09184429,0.27962008,0.6285357
5782,C,C,0.08046161,0.13432385,0.78521454
5783,A,A,0.9867291,0.0024528657,0.010818099
5784,C,C,0.096457094,0.2066155,0.6969274
5785,A,A,0.9103593,0.013593684,0.0760469
5786,B,B,0.1076648,0.831775,0.060560226
5787,A,A,0.92835355,0.010456205,0.061190296
5788,B,B,0.26194033,0.47548753,0.2625722
5789,C,C,0.09842247,0.03643096,0.8651465
5790,C,C,0.37812516,0.20619272,0.41568217
5791,C,C,0.26731202,0.05583815,0.6768499
5792,B,B,0.013751355,0.9691134,0.017135264
5793,C,B,0.2769898,0.63083166,0.09217858
5794,C,C,0.09137724,0.3417141,0.5669086
5795,B,B,0.026794808,0.9240895,0.0491157
5796,B,B,0.11030669,0.63508373,0.25460958
5797,C,C,0.12788956,0.09933838,0.7727721
5798,B,B,0.10208359,0.834117,0.06379933
5799,C,B,0.063073814,0.5109674,0.4259588
5800,A,A,0.90483034,0.030028515,0.06514115
5801,B,B,0.051565222,0.9232818,0.025152965
5802,C,C,0.13736269,0.37341306,0.4892243
5803,A,A,0.9601389,0.005498396,0.03436266
5804,B,B,0.06328589,0.63042843,0.30628568
5805,B,B,0.052045595,0.91402906,0.0339254
5806,A,B,0.16527167,0.545919,0.28880924
5807,A,A,0.9420437,0.01865481,0.03930148
5808,B,B,0.017228968,0.9688616,0.013909478
5809,A,A,0.91974604,0.012639689,0.06761428
5810,C,A,0.5331881,0.042888008,0.42392385
5811,A,A,0.9343151,0.013162666,0.05252227
5812,A,A,0.9332446,0.020868076,0.045887306
5813,A,B,0.041315384,0.9303982,0.028286334
5814,B,B,0.026379813,0.94150996,0.032110244
5815,C,C,0.08418793,0.07606611,0.839746
5816,C,A,0.64420193,0.054070946,0.3017271
5817,C,C,0.039754435,0.015729928,0.94451565
5818,A,A,0.9327564,0.018479984,0.04876361
5819,C,A,0.8711496,0.03309065,0.09575972
5820,C,C,0.09170403,0.036838457,0.8714575
5821,B,B,0.03850886,0.9285896,0.032901507
5822,C,C,0.11859041,0.08882778,0.7925818
5823,B,B,0.3960659,0.44938582,0.15454824
5824,A,A,0.911806,0.026849113,0.06134488
5825,A,A,0.9416534,0.0099675385,0.048379023
5826,B,B,0.13827829,0.641807,0.21991472
5827,B,B,0.01909464,0.9483682,0.0325371
5828,A,A,0.96646315,0.005721781,0.027815118
5829,C,C,0.20321253,0.079031415,0.71775603
5830,A,A,0.9668657,0.0056170477,0.027517263
5831,A,A,0.7111767,0.044824958,0.2439983
5832,C,C,0.072661944,0.26658693,0.66075116
5833,C,C,0.22633098,0.09762723,0.6760418
5834,C,C,0.14391173,0.0736996,0.7823886
5835,A,B,0.24352169,0.68027115,0.076207176
5836,C,C,0.12032312,0.081839174,0.79783773
5837,A,A,0.96780014,0.004076458,0.02812333
5838,A,A,0.8703839,0.026798246,0.10281778
5839,C,C,0.0882883,0.10322193,0.8084898
5840,A,A,0.94204974,0.009190413,0.048759837
5841,C,C,0.061697256,0.049580883,0.8887218
5842,B,B,0.031315096,0.944979,0.02370588
5843,B,C,0.05424141,0.34715095,0.5986076
5844,A,A,0.9902536,0.0019934312,0.0077529117
5845,A,A,0.9771071,0.0039485698,0.018944366
5846,A,A,0.48456958,0.37351218,0.14191818
5847,C,C,0.033374723,0.040512692,0.92611253
5848,B,B,0.15397106,0.76319677,0.082832135
5849,A,A,0.93824947,0.017835917,0.04391453
5850,B,B,0.082800694,0.8029866,0.11421267
5851,A,A,0.89919335,0.046732187,0.05407453
5852,C,B,0.29021028,0.4360302,0.2737595
5853,C,B,0.0312126,0.77366465,0.19512273
5854,B,B,0.20110492,0.6682107,0.13068445
5855,C,C,0.063807644,0.09026989,0.84592247
5856,A,A,0.80976325,0.023093458,0.16714323
5857,A,A,0.7881523,0.037597492,0.17425025
5858,A,A,0.94921964,0.013905215,0.036875095
5859,C,C,0.11361223,0.076312184,0.8100756
5860,A,B,0.19167794,0.6689431,0.13937896
5861,A,A,0.86257637,0.047168896,0.09025479
5862,B,B,0.018862031,0.91342205,0.06771589
5863,C,C,0.15455267,0.09878522,0.74666214
5864,C,A,0.84638244,0.0048340256,0.14878349
5865,C,C,0.19410217,0.08432815,0.7215697
5866,A,A,0.9619273,0.0048130066,0.033259757
5867,C,C,0.05360717,0.037806295,0.90858656
5868,C,B,0.26985866,0.5396766,0.1904648
5869,C,A,0.55630285,0.03391947,0.40977767
5870,B,B,0.021792313,0.9100851,0.06812266
5871,A,A,0.9670931,0.0054077846,0.027499216
5872,C,C,0.15706399,0.033427626,0.8095083
5873,C,C,0.021253679,0.053750932,0.92499536
5874,C,A,0.76495326,0.04577102,0.18927577
5875,C,B,0.10680292,0.63770497,0.25549215
5876,B,A,0.5377983,0.31616658,0.1460352
5877,B,B,0.05332029,0.8882864,0.058393274
5878,B,A,0.80070215,0.045567323,0.15373053
5879,A,A,0.9277768,0.017297188,0.05492601
5880,B,C,0.18720165,0.08308151,0.72971684
5881,C,B,0.16259545,0.71071714,0.1266874
5882,B,B,0.37143627,0.44121605,0.18734765
5883,A,A,0.9125012,0.010659326,0.07683946
5884,B,B,0.025247734,0.92549103,0.04926129
5885,A,A,0.97999257,0.001965148,0.018042294
5886,C,B,0.3384854,0.34046578,0.3210488
5887,C,C,0.08415984,0.24569042,0.67014974
5888,C,A,0.74135274,0.010605825,0.24804136
5889,B,B,0.050626177,0.92917114,0.020202639
5890,A,A,0.95544887,0.011544652,0.033006474
5891,B,B,0.03644293,0.90018165,0.06337547
5892,C,C,0.056274988,0.046877477,0.89684755
5893,C,A,0.9587937,0.00530588,0.035900403
5894,C,C,0.23904409,0.26188147,0.49907446
5895,B,B,0.011424433,0.9817022,0.0068734377
5896,A,A,0.98420006,0.0014169519,0.014382977
5897,B,B,0.024018744,0.9514286,0.024552612
5898,A,A,0.88567257,0.01462595,0.099701494
5899,C,C,0.2117595,0.20303251,0.58520794
5900,C,B,0.013159694,0.9056851,0.081155166
5901,A,A,0.94852024,0.014416206,0.037063573
5902,B,B,0.022768032,0.96489036,0.012341618
5903,B,B,0.08035812,0.8892351,0.03040682
5904,A,A,0.8398134,0.054136578,0.10605003
5905,B,B,0.035521165,0.91505855,0.049420286
5906,C,C,0.20650996,0.14384341,0.64964664
5907,A,A,0.75510764,0.14920558,0.09568673
5908,A,A,0.983964,0.0037063984,0.012329626
5909,A,A,0.86359894,0.008740996,0.12766002
5910,C,C,0.15284304,0.028910067,0.81824684
5911,C,C,0.337848,0.043541845,0.6186101
5912,C,C,0.30481136,0.11985721,0.57533145
5913,A,A,0.8869016,0.009612547,0.1034858
5914,B,B,0.06127239,0.83737034,0.10135726
5915,B,B,0.14897978,0.7361937,0.11482652
5916,A,A,0.7247996,0.08319925,0.19200112
5917,C,C,0.09903154,0.04603427,0.8549343
5918,B,B,0.16845146,0.7086157,0.122932814
5919,B,B,0.013654372,0.95187116,0.034474403
5920,A,A,0.96289605,0.0025748375,0.03452907
5921,C,C,0.3216702,0.10396004,0.5743698
5922,A,B,0.44912964,0.45868587,0.09218445
5923,B,B,0.055789355,0.73985934,0.2043513
5924,C,C,0.06370112,0.19012971,0.74616915
5925,B,B,0.028161632,0.90322584,0.068612546
5926,C,C,0.03850779,0.08029514,0.88119704
5927,A,B,0.34400147,0.5449946,0.111003935
5928,A,A,0.9710921,0.004748627,0.02415928
5929,A,A,0.99271375,0.0010359369,0.006250252
5930,B,B,0.15676296,0.4871113,0.35612577
5931,A,A,0.95578176,0.005756029,0.038462173
5932,C,A,0.694521,0.034948148,0.27053088
5933,B,A,0.7796566,0.13501965,0.085323796
5934,C,A,0.76706547,0.045420453,0.18751404
5935,B,A,0.72896886,0.056289583,0.2147415
5936,A,A,0.5628384,0.04569519,0.39146644
5937,B,B,0.11547919,0.77088267,0.113638096
5938,C,C,0.13592985,0.10404676,0.7600234
5939,B,B,0.10038305,0.8107981,0.0888189
5940,B,B,0.13339636,0.7759545,0.090649076
5941,C,C,0.18991674,0.11282889,0.69725436
5942,B,B,0.05426293,0.8094971,0.13623993
5943,A,A,0.9756083,0.0054780548,0.018913623
5944,A,A,0.98263574,0.0033869003,0.013977401
5945,A,A,0.9332508,0.009999017,0.056750216
5946,C,C,0.04532302,0.094008796,0.8606681
5947,B,B,0.019886337,0.9516018,0.028511873
5948,B,B,0.023132129,0.8846521,0.092215724
5949,A,A,0.91529375,0.033801597,0.050904695
5950,A,A,0.9805486,0.004396958,0.015054396
5951,B,B,0.025641147,0.95186186,0.022497067
5952,A,A,0.941726,0.012564353,0.045709684
5953,A,A,0.8110864,0.088201046,0.10071251
5954,B,B,0.055019476,0.58206356,0.36291695
5955,B,B,0.21110591,0.43086088,0.3580332
5956,A,A,0.5819167,0.07604962,0.34203368
5957,A,A,0.9556608,0.013771453,0.030567769
5958,B,B,0.022453487,0.9555167,0.022029893
5959,B,B,0.052250575,0.86773914,0.080010235
5960,A,A,0.98371214,0.0013868681,0.014900997
5961,C,B,0.029785326,0.8302841,0.13993059
5962,C,C,0.26769456,0.11537949,0.616926
5963,B,B,0.027211336,0.9210529,0.051735707
5964,C,C,0.36758035,0.11457249,0.5178472
5965,A,A,0.8814211,0.007215792,0.111363076
5966,A,A,0.98590785,0.0029645686,0.011127544
5967,B,B,0.089093536,0.8678287,0.043077674
5968,C,C,0.14129293,0.2553685,0.60333866
5969,B,B,0.05377843,0.9195348,0.026686667
5970,C,C,0.06779693,0.10413437,0.82806873
5971,B,B,0.068905674,0.8665402,0.064554095
5972,C,A,0.762598,0.05444735,0.18295474
5973,B,B,0.025471503,0.95488584,0.019642685
5974,C,C,0.33964443,0.04152422,0.6188313
5975,B,B,0.10730715,0.8394857,0.05320715
5976,C,C,0.2604904,0.11085824,0.6286514
5977,B,B,0.0592549,0.9027856,0.037959427
5978,A,A,0.8906189,0.033479407,0.07590166
5979,A,A,0.9597128,0.010617653,0.029669497
5980,A,A,0.9531636,0.008321041,0.03851534
5981,A,A,0.964999,0.0067848903,0.028216118
5982,B,B,0.089956425,0.71838146,0.1916621
5983,A,A,0.9278757,0.022967491,0.049156763
5984,C,C,0.2263364,0.05737019,0.7162934
5985,C,A,0.835509,0.021983925,0.14250708
5986,C,C,0.13559392,0.053377774,0.81102836
5987,C,C,0.28514916,0.052495755,0.66235507
5988,C,C,0.3954814,0.068742424,0.5357762
5989,A,A,0.98516,0.0016088224,0.013231137
5990,C,A,0.5520732,0.09813332,0.34979355
5991,C,C,0.28880805,0.036400795,0.6747912
5992,A,A,0.9682851,0.0049968166,0.026718168
5993,B,B,0.074343435,0.83149296,0.09416359
5994,B,B,0.25846457,0.64574635,0.09578912
5995,A,A,0.98037237,0.002819058,0.016808692
5996,A,A,0.96193266,0.013406903,0.024660354
5997,B,B,0.120529935,0.7964922,0.08297789
5998,A,A,0.93791044,0.0050007715,0.057088703
5999,A,A,0.9856235,0.002318265,0.012058215
6000,A,A,0.89996934,0.04058782,0.059442773
6001,A,A,0.698111,0.20087379,0.10101522
6002,C,C,0.046790265,0.064632945,0.88857675
6003,C,C,0.06033721,0.29878476,0.6408781
6004,A,A,0.97593904,0.0050156848,0.019045293
6005,C,B,0.117652625,0.44753173,0.4348157
6006,B,B,0.025681121,0.9290785,0.045240335
6007,C,C,0.017355826,0.10832859,0.8743156
6008,A,A,0.7347526,0.06729897,0.1979484
6009,A,A,0.5230989,0.21754879,0.25935236
6010,B,B,0.079236895,0.8731894,0.047573667
6011,B,B,0.046784945,0.7368549,0.21636014
6012,B,B,0.018840775,0.9135117,0.06764759
6013,B,A,0.59328496,0.30926725,0.097447805
6014,C,C,0.25316307,0.08126764,0.66556925
6015,B,B,0.022755956,0.9359261,0.041318007
6016,A,A,0.9532939,0.015787253,0.030918784
6017,B,C,0.3211073,0.3278589,0.35103378
6018,B,B,0.04589416,0.9057671,0.048338726
6019,C,C,0.04170906,0.36847067,0.5898202
6020,A,A,0.98702,0.001920669,0.011059282
6021,B,B,0.1442144,0.8035669,0.052218787
6022,A,A,0.9349177,0.008522969,0.056559283
6023,B,B,0.049017467,0.73523927,0.21574321
6024,A,A,0.96197164,0.010872565,0.027155839
6025,B,B,0.08242822,0.6451989,0.2723729
6026,B,B,0.032698102,0.93283445,0.034467462
6027,A,A,0.8304818,0.068072185,0.10144602
6028,B,B,0.06810181,0.8340209,0.097877346
6029,A,A,0.96636915,0.0049793017,0.028651588
6030,C,C,0.07517129,0.038388778,0.8864399
6031,A,A,0.92997694,0.007429687,0.062593296
6032,A,A,0.9621057,0.0053975284,0.032496795
6033,B,A,0.6061548,0.28188133,0.11196388
6034,C,C,0.1030524,0.10086618,0.7960814
6035,A,A,0.8223353,0.02008607,0.1575786
6036,C,C,0.03515319,0.19774032,0.7671064
6037,C,C,0.16685165,0.057779144,0.7753692
6038,A,A,0.9329681,0.013494089,0.053537823
6039,A,A,0.7987192,0.024816236,0.17646451
6040,C,C,0.24725737,0.09822202,0.65452063
6041,C,C,0.13566668,0.09318431,0.771149
6042,C,C,0.10615925,0.045869235,0.84797156
6043,C,C,0.15186064,0.37178344,0.47635594
6044,B,B,0.03079485,0.8679583,0.10124681
6045,B,A,0.79524624,0.114815496,0.08993831
6046,C,A,0.969749,0.005446347,0.024804726
6047,C,C,0.096632704,0.058122884,0.8452444
6048,B,B,0.027113583,0.9420443,0.03084211
6049,A,A,0.86174285,0.029307863,0.10894941
6050,B,B,0.015197186,0.97744966,0.0073532085
6051,B,B,0.15003084,0.68780154,0.16216764
6052,A,A,0.944244,0.01107173,0.044684183
6053,A,A,0.82560384,0.020926127,0.15347008
6054,C,C,0.06614937,0.08367012,0.8501805
6055,A,A,0.84620094,0.051297776,0.102501325
6056,B,B,0.012861586,0.9791879,0.007950452
6057,C,C,0.20051683,0.26119944,0.5382837
6058,C,A,0.6139895,0.05238747,0.33362305
6059,A,A,0.6707564,0.051651236,0.2775924
6060,B,B,0.14282876,0.7232834,0.1338878
6061,B,B,0.08127401,0.89392203,0.024804007
6062,C,C,0.1580322,0.053625952,0.7883418
6063,C,C,0.15641344,0.064589374,0.7789972
6064,C,A,0.567298,0.059841543,0.3728605
6065,C,A,0.38709417,0.37426665,0.23863922
6066,C,A,0.8872931,0.013399635,0.09930731
6067,B,C,0.45663846,0.068655476,0.47470614
6068,C,C,0.12541685,0.058063373,0.81651974
6069,C,C,0.07036868,0.10894045,0.8206909
6070,C,C,0.1802439,0.038178965,0.7815771
6071,C,C,0.08068731,0.2852568,0.6340559
6072,B,B,0.052333057,0.91478217,0.03288483
6073,A,B,0.2915875,0.6560415,0.052370932
6074,C,C,0.12225855,0.19066446,0.687077
6075,C,C,0.17322178,0.20258187,0.6241963
6076,A,A,0.941063,0.009379194,0.049557783
6077,C,C,0.26662987,0.07204907,0.66132104
6078,B,B,0.0988198,0.85231596,0.04886418
6079,C,A,0.52829933,0.05198735,0.41971338
6080,A,A,0.9408775,0.0071921404,0.051930327
6081,B,B,0.21438275,0.60851127,0.17710595
6082,B,B,0.04859671,0.7850666,0.16633667
6083,B,B,0.05600873,0.83665854,0.10733266
6084,A,A,0.8511571,0.014286459,0.13455638
6085,C,A,0.7131357,0.029314224,0.25755006
6086,B,B,0.06931701,0.9017857,0.028897304
6087,B,B,0.0161246,0.9742164,0.009658986
6088,A,A,0.9643771,0.005233111,0.030389775
6089,C,C,0.36595494,0.11634475,0.51770025
6090,B,B,0.14121097,0.7122442,0.14654481
6091,A,A,0.79411393,0.101747856,0.10413819
6092,B,B,0.21157536,0.6470095,0.1414152
6093,B,B,0.022630453,0.93290824,0.04446123
6094,A,A,0.9142035,0.032095294,0.05370124
6095,C,C,0.08657428,0.1192251,0.79420066
6096,B,B,0.073635064,0.8381576,0.08820735
6097,A,A,0.7495171,0.12451721,0.12596565
6098,A,A,0.9525651,0.006454038,0.040980928
6099,C,B,0.10433043,0.8149801,0.08068947
6100,B,B,0.24878609,0.6261656,0.12504831
6101,C,B,0.07940534,0.48329931,0.43729532
6102,A,A,0.96412504,0.0062301205,0.029644776
6103,C,C,0.26122412,0.036625758,0.70215005
6104,C,C,0.10315047,0.0438227,0.85302687
6105,B,B,0.078142606,0.8788164,0.043040942
6106,B,B,0.020325681,0.9601809,0.019493472
6107,B,B,0.06712151,0.89713734,0.035741165
6108,C,C,0.1591128,0.06662492,0.77426225
6109,B,B,0.043293383,0.9036772,0.053029306
6110,A,A,0.79406357,0.087891616,0.11804487
6111,C,A,0.9096134,0.024209961,0.06617669
6112,A,A,0.9669926,0.0073521463,0.025655298
6113,C,C,0.2921044,0.11021016,0.5976854
6114,A,A,0.8040056,0.034142304,0.1618521
6115,A,A,0.49181166,0.26847607,0.23971227
6116,A,A,0.971981,0.0061727506,0.021846287
6117,A,A,0.98661846,0.0020448384,0.011336712
6118,B,B,0.04456356,0.9222735,0.03316295
6119,A,A,0.8717303,0.026771368,0.101498306
6120,C,C,0.15283382,0.20679887,0.6403673
6121,C,C,0.015524981,0.028563144,0.95591193
6122,B,B,0.021271037,0.9632576,0.015471313
6123,C,C,0.104226954,0.037821487,0.8579516
6124,C,C,0.38442424,0.18609671,0.42947906
6125,B,A,0.7943104,0.07561382,0.13007574
6126,A,A,0.96124864,0.0035232995,0.035228074
6127,A,A,0.8549503,0.047863487,0.09718631
6128,C,C,0.095786296,0.2153973,0.6888164
6129,A,A,0.93835294,0.01439877,0.047248278
6130,C,C,0.14880905,0.033561647,0.8176293
6131,B,B,0.024878934,0.797566,0.17755502
6132,B,B,0.06956296,0.65229416,0.27814284
6133,C,A,0.7539109,0.0662901,0.17979906
6134,A,A,0.8070313,0.02927834,0.16369045
6135,C,C,0.04195925,0.032585856,0.92545485
6136,C,A,0.6892365,0.046011038,0.26475254
6137,C,C,0.081547976,0.14124282,0.7772092
6138,B,B,0.035095334,0.9041268,0.060777906
6139,B,B,0.029849127,0.93696404,0.033186924
6140,B,B,0.17673093,0.72953284,0.09373616
6141,C,C,0.030711146,0.38483325,0.5844556
6142,B,B,0.027637694,0.95218784,0.020174509
6143,B,B,0.022060141,0.9697557,0.008184132
6144,C,A,0.5546937,0.13127965,0.31402668
6145,C,C,0.17992406,0.08552166,0.73455423
6146,B,B,0.0748812,0.8844959,0.04062293
6147,A,A,0.8250811,0.017250067,0.15766872
6148,B,B,0.018936431,0.90182745,0.07923607
6149,C,A,0.95106715,0.010689083,0.038243756
6150,B,B,0.021753332,0.96844906,0.00979762
6151,B,B,0.05578591,0.92100453,0.023209518
6152,B,B,0.06144295,0.9113119,0.027245149
6153,A,A,0.9098206,0.008394876,0.08178451
6154,A,A,0.90825284,0.026463052,0.06528408
6155,B,B,0.25974706,0.6541698,0.086083025
6156,B,B,0.10660127,0.85092986,0.04246882
6157,B,B,0.15527794,0.7845793,0.060142785
6158,C,C,0.23717631,0.13094907,0.6318747
6159,B,B,0.29470396,0.4793794,0.22591668
6160,C,A,0.7250085,0.029797478,0.24519391
6161,C,B,0.111268856,0.61190116,0.27683
6162,C,C,0.13407624,0.33440158,0.5315222
6163,B,B,0.27456856,0.6146916,0.11073979
6164,A,A,0.9010223,0.015086117,0.08389163
6165,C,A,0.7136553,0.021298792,0.2650459
6166,A,A,0.887589,0.03152236,0.08088868
6167,A,A,0.7563878,0.13003163,0.113580495
6168,C,C,0.03697436,0.040361743,0.92266387
6169,C,A,0.64484924,0.16682518,0.18832557
6170,B,B,0.038621888,0.9333757,0.028002346
6171,A,A,0.9172189,0.023191964,0.059589062
6172,A,A,0.81982446,0.048512436,0.13166313
6173,A,A,0.94874716,0.012139383,0.039113425
6174,C,C,0.26673046,0.15406397,0.5792056
6175,A,A,0.41936344,0.25983155,0.320805
6176,C,A,0.7252528,0.16877738,0.10596986
6177,C,C,0.07503761,0.12109967,0.8038627
6178,A,A,0.98349875,0.0030767357,0.013424513
6179,B,C,0.14768712,0.17507054,0.67724234
6180,B,B,0.0071666487,0.9704733,0.022360116
6181,A,A,0.86842644,0.060677644,0.07089585
6182,B,B,0.09353679,0.86705637,0.03940684
6183,B,B,0.03486185,0.9413984,0.023739776
6184,B,B,0.08087185,0.85121334,0.067914754
6185,B,B,0.091569304,0.8603777,0.048052914
6186,A,A,0.93377125,0.014043022,0.052185647
6187,A,A,0.95926815,0.008981598,0.031750314
6188,B,B,0.06303164,0.58080184,0.35616648
6189,B,B,0.011401403,0.95383924,0.034759365
6190,B,B,0.013586621,0.9435874,0.042825926
6191,B,B,0.025048025,0.9456417,0.029310318
6192,C,C,0.14574136,0.24384609,0.61041254
6193,A,A,0.9625077,0.0073114065,0.030180793
6194,B,B,0.20429495,0.6913005,0.10440452
6195,B,B,0.03587183,0.9378668,0.026261391
6196,C,C,0.13166073,0.34339666,0.5249427
6197,A,A,0.9332095,0.015992122,0.05079837
6198,B,B,0.25526127,0.4895651,0.25517362
6199,A,A,0.9330311,0.01343555,0.05353343
6200,A,A,0.7377544,0.04581366,0.21643193
6201,A,A,0.9813432,0.0030183636,0.015638508
6202,C,C,0.35455662,0.12981638,0.51562697
6203,C,C,0.04687187,0.33879715,0.61433107
6204,C,C,0.09041832,0.042943865,0.8666378
6205,A,A,0.95933735,0.00875488,0.03190781
6206,B,B,0.14423202,0.67399746,0.18177058
6207,A,B,0.12789051,0.8182004,0.053909067
6208,B,B,0.047492314,0.8642012,0.08830653
6209,B,B,0.1070385,0.81280833,0.08015322
6210,A,A,0.6538008,0.09635882,0.24984044
6211,C,A,0.5140561,0.17413619,0.31180775
6212,C,C,0.07075386,0.07653297,0.8527131
6213,A,A,0.9449125,0.009052847,0.046034627
6214,C,C,0.08698359,0.1466766,0.7663398
6215,C,C,0.05574771,0.041052297,0.9032
6216,B,B,0.03395867,0.9518656,0.014175717
6217,C,B,0.10227645,0.844398,0.053325467
6218,B,B,0.059200455,0.7426495,0.19814993
6219,A,A,0.85700077,0.014014122,0.12898508
6220,A,B,0.047979265,0.87314826,0.07887238
6221,A,C,0.058981374,0.14145781,0.7995608
6222,A,A,0.76288605,0.05593376,0.1811802
6223,B,B,0.010562755,0.9717049,0.017732373
6224,C,C,0.36284423,0.047304336,0.58985144
6225,B,B,0.038400024,0.9456158,0.015984103
6226,C,A,0.779168,0.027369946,0.19346198
6227,C,A,0.7122764,0.013228126,0.27449548
6228,A,A,0.981282,0.0024360644,0.016281907
6229,C,C,0.04511328,0.18215582,0.77273095
6230,A,A,0.98470414,0.0021953892,0.013100496
6231,A,A,0.93577176,0.003915285,0.060313016
6232,A,A,0.9301629,0.010082149,0.059754927
6233,A,A,0.9192884,0.02501337,0.05569817
6234,C,C,0.12707785,0.24597669,0.62694544
6235,B,B,0.018353261,0.9689155,0.012731187
6236,A,A,0.8982648,0.024108754,0.07762636
6237,C,B,0.21584097,0.60966444,0.17449461
6238,C,C,0.4292525,0.041151762,0.52959573
6239,C,C,0.076354675,0.39165628,0.53198904
6240,A,A,0.7589753,0.054730635,0.186294
6241,B,B,0.07130787,0.5055561,0.423136
6242,C,C,0.26206943,0.27442676,0.4635038
6243,B,B,0.20355503,0.6709587,0.12548625
6244,A,A,0.93723464,0.0028661592,0.059899267
6245,C,C,0.15306488,0.03755354,0.8093816
6246,A,A,0.97346354,0.004914846,0.021621503
6247,A,A,0.91692805,0.025316257,0.057755727
6248,B,B,0.09766377,0.84402966,0.058306564
6249,C,C,0.07454591,0.34949216,0.5759619
6250,B,B,0.3243948,0.58811146,0.08749368
6251,B,B,0.031458143,0.7132976,0.25524428
6252,A,A,0.8421888,0.06174755,0.09606359
6253,B,B,0.071226664,0.88214046,0.046632893
6254,A,A,0.8851756,0.021902133,0.092922255
6255,B,B,0.052344237,0.9266119,0.021043843
6256,A,A,0.98301494,0.0020451625,0.014939994
6257,B,B,0.059345197,0.87369376,0.06696105
6258,B,B,0.03419167,0.9441047,0.021703629
6259,B,B,0.26553145,0.5304579,0.20401064
6260,A,A,0.98591995,0.0020022176,0.012077773
6261,C,C,0.18118605,0.106856145,0.7119578
6262,C,C,0.22623941,0.08614719,0.68761337
6263,B,B,0.033872813,0.9520075,0.014119782
6264,C,C,0.40040335,0.13915859,0.46043813
6265,B,B,0.04111504,0.92112386,0.03776107
6266,C,A,0.5787506,0.15633826,0.2649111
6267,A,C,0.11582764,0.31684202,0.56733036
6268,C,C,0.20060734,0.07671977,0.72267294
6269,A,A,0.8301019,0.027265131,0.14263298
6270,A,A,0.8964111,0.017287074,0.086301856
6271,C,C,0.23142406,0.17466019,0.5939157
6272,A,A,0.7763756,0.09583151,0.12779287
6273,C,C,0.044888835,0.058110178,0.89700097
6274,C,C,0.20814654,0.04210777,0.7497457
6275,A,A,0.9664729,0.007757767,0.025769364
6276,C,C,0.33870578,0.06318752,0.5981067
6277,A,A,0.8379905,0.022850612,0.1391589
6278,C,C,0.06257687,0.25782138,0.6796017
6279,B,A,0.87757826,0.01854625,0.103875495
6280,A,A,0.83584017,0.0099292835,0.15423055
6281,C,C,0.041767627,0.24957126,0.70866114
6282,A,A,0.9254313,0.013499069,0.06106961
6283,B,B,0.034402225,0.9421366,0.023461156
6284,B,B,0.062821224,0.88702285,0.050155856
6285,C,A,0.420986,0.19858107,0.38043293
6286,C,C,0.07995988,0.2154558,0.70458436
6287,C,C,0.05355137,0.07441997,0.87202865
6288,C,C,0.15628155,0.13086966,0.7128488
6289,B,B,0.15037149,0.75256777,0.09706072
6290,A,A,0.96258765,0.0087106135,0.028701745
6291,C,C,0.2106793,0.11060503,0.67871565
6292,A,A,0.9618173,0.01039446,0.027788207
6293,B,B,0.0075549446,0.9875873,0.004857717
6294,C,C,0.21965818,0.19722852,0.58311325
6295,A,A,0.9561902,0.008713405,0.03509638
6296,A,A,0.83826303,0.040643923,0.12109309
6297,C,C,0.15189506,0.17277311,0.67533183
6298,A,A,0.89683574,0.026834795,0.07632948
6299,C,C,0.32593298,0.24743725,0.42662978
6300,A,A,0.92188585,0.012800355,0.06531373
6301,A,A,0.98192775,0.0053934557,0.012678763
6302,B,B,0.020276494,0.96801,0.011713429
6303,B,B,0.27827767,0.62975305,0.09196928
6304,B,B,0.011313349,0.98194134,0.0067452155
6305,A,A,0.7473205,0.063212045,0.18946745
6306,C,B,0.25810033,0.6250809,0.11681876
6307,C,C,0.04114741,0.055038482,0.90381414
6308,A,A,0.6711506,0.033053607,0.2957958
6309,C,C,0.13121499,0.21809106,0.65069395
6310,C,A,0.9235277,0.01847686,0.057995517
6311,C,A,0.4856159,0.047182456,0.46720162
6312,B,B,0.09497135,0.64110893,0.26391974
6313,C,C,0.040217053,0.1000382,0.8597448
6314,B,A,0.7506961,0.13092788,0.118376
6315,C,C,0.06702289,0.3824715,0.55050564
6316,B,B,0.3311685,0.47879997,0.19003156
6317,C,C,0.20527227,0.051696476,0.74303126
6318,C,B,0.07541509,0.5049102,0.41967475
6319,C,C,0.07237332,0.17734171,0.750285
6320,A,A,0.9900242,0.0009269464,0.009048846
6321,B,B,0.08812685,0.8015112,0.11036188
6322,B,B,0.0025524304,0.996042,0.0014056232
6323,B,B,0.12983935,0.80860287,0.061557777
6324,A,A,0.987086,0.002769266,0.01014478
6325,A,A,0.91227144,0.02266228,0.065066256
6326,C,C,0.088647015,0.1788117,0.7325413
6327,C,C,0.16344579,0.107356615,0.7291976
6328,A,A,0.96575826,0.0062763304,0.027965449
6329,C,C,0.19958404,0.04082642,0.75958955
6330,C,A,0.54380226,0.113724396,0.34247333
6331,A,A,0.94757354,0.016670996,0.035755437
6332,C,C,0.34882632,0.05902085,0.5921528
6333,C,A,0.679404,0.042582247,0.27801377
6334,C,C,0.076770216,0.05336277,0.869867
6335,B,B,0.13132532,0.8119007,0.05677409
6336,A,B,0.45665,0.458404,0.084946014
6337,A,A,0.8896573,0.015425567,0.094917186
6338,C,C,0.42592388,0.03988966,0.5341865
6339,B,B,0.14836739,0.8022829,0.049349606
6340,A,A,0.78799605,0.032186974,0.17981696
6341,A,A,0.9078247,0.01640372,0.07577153
6342,C,A,0.72600937,0.024927706,0.24906287
6343,A,A,0.8699953,0.053144936,0.07685978
6344,A,A,0.9607435,0.009900234,0.029356232
6345,A,A,0.9795799,0.0030510402,0.017368976
6346,B,B,0.035055004,0.7302261,0.2347189
6347,A,A,0.98638654,0.0022124138,0.011401104
6348,A,A,0.97047263,0.0027348346,0.026792586
6349,C,C,0.13151772,0.077847525,0.79063475
6350,A,A,0.90850645,0.023713754,0.06777976
6351,C,B,0.12821023,0.6995051,0.17228468
6352,C,A,0.9259769,0.008293365,0.06572982
6353,A,A,0.9666186,0.0077277357,0.025653685
6354,A,A,0.91952956,0.02566144,0.054809
6355,B,B,0.023845797,0.9650105,0.011143659
6356,A,A,0.9321928,0.017278975,0.0505282
6357,A,A,0.7637304,0.04860347,0.18766616
6358,C,C,0.1498223,0.119031765,0.7311459
6359,C,B,0.059387308,0.62927884,0.31133384
6360,C,C,0.43941012,0.020067746,0.54052216
6361,A,A,0.9737041,0.0047650137,0.021530937
6362,A,A,0.9885761,0.0019851904,0.009438782
6363,B,B,0.060382623,0.78357315,0.15604427
6364,C,C,0.27867866,0.15887703,0.5624443
6365,B,B,0.012673158,0.9588287,0.028498173
6366,A,A,0.955126,0.01190223,0.03297175
6367,B,B,0.10248843,0.8535992,0.043912414
6368,A,A,0.97645,0.0028405068,0.020709384
6369,B,B,0.050285947,0.9243472,0.02536675
6370,B,B,0.073504515,0.88324946,0.043245926
6371,C,A,0.5222975,0.06178233,0.4159201
6372,B,B,0.026221616,0.87447286,0.099305525
6373,B,B,0.13770178,0.7586166,0.10368167
6374,C,C,0.21782775,0.11207036,0.67010194
6375,C,A,0.40306693,0.3239739,0.27295917
6376,A,A,0.92250377,0.014855203,0.062640995
6377,A,A,0.63732773,0.05675285,0.30591944
6378,C,C,0.028789826,0.0505668,0.9206434
6379,A,A,0.8823036,0.013009901,0.10468655
6380,C,A,0.5140496,0.09429873,0.39165172
6381,C,A,0.7974984,0.03655949,0.16594212
6382,B,B,0.085960485,0.8485343,0.0655053
6383,A,A,0.93304986,0.020265797,0.046684336
6384,B,B,0.06115465,0.8752938,0.06355158
6385,A,A,0.8927358,0.032019146,0.07524505
6386,B,B,0.09820553,0.848156,0.053638395
6387,A,A,0.9541493,0.0061150515,0.039735552
6388,C,A,0.5185989,0.05804173,0.42335933
6389,C,C,0.06495619,0.058901906,0.87614185
6390,A,A,0.82374936,0.06310129,0.113149345
6391,B,B,0.041896675,0.8081389,0.14996438
6392,C,C,0.09606189,0.05571605,0.848222
6393,C,C,0.123880595,0.08190626,0.7942132
6394,B,B,0.042093035,0.8003807,0.1575262
6395,C,C,0.31038418,0.01983083,0.66978496
6396,B,B,0.05375552,0.9000193,0.046225242
6397,A,A,0.9737022,0.0039055485,0.022392292
6398,C,C,0.020183204,0.021470673,0.9583461
6399,A,A,0.976258,0.0016113534,0.022130622
6400,B,B,0.24672234,0.6820067,0.07127096
6401,A,A,0.87573797,0.0129377665,0.11132427
6402,C,C,0.035130255,0.12925172,0.835618
6403,A,A,0.977625,0.0036773093,0.018697593
6404,B,B,0.014423997,0.9774161,0.008159936
6405,A,A,0.9241185,0.011609916,0.06427162
6406,B,B,0.014104285,0.975203,0.010692792
6407,C,C,0.024886498,0.10607908,0.86903435
6408,B,C,0.31879273,0.23361741,0.44758984
6409,C,B,0.035430998,0.711904,0.25266504
6410,B,C,0.08793195,0.22410212,0.6879659
6411,B,B,0.013274321,0.9531134,0.033612333
6412,B,B,0.06992741,0.89019006,0.03988252
6413,A,B,0.17204142,0.6004214,0.22753716
6414,B,B,0.07250439,0.88544244,0.042053297
6415,B,B,0.1856926,0.67760533,0.13670215
6416,A,A,0.54769033,0.23444892,0.21786071
6417,C,C,0.074533895,0.21950379,0.70596236
6418,C,C,0.27281916,0.09319607,0.6339848
6419,A,A,0.9514246,0.0059890565,0.04258635
6420,B,B,0.033913616,0.9296802,0.03640616
6421,B,A,0.5048198,0.3672038,0.12797645
6422,A,A,0.9456717,0.012311907,0.042016484
6423,B,B,0.047621064,0.93453264,0.017846279
6424,B,B,0.016049597,0.9757159,0.008234428
6425,B,B,0.05159065,0.74468404,0.2037253
6426,A,A,0.9688362,0.005986644,0.025177231
6427,A,A,0.9831388,0.0018162562,0.015044978
6428,B,B,0.04099275,0.8995244,0.059482947
6429,B,B,0.036570527,0.93123317,0.032196265
6430,A,A,0.91752136,0.030389704,0.052088995
6431,B,B,0.058992177,0.9052038,0.03580396
6432,C,A,0.8737569,0.029577255,0.09666588
6433,A,A,0.93152964,0.015381361,0.05308903
6434,A,A,0.8901718,0.05207959,0.057748675
6435,C,C,0.2773847,0.04348118,0.6791341
6436,B,B,0.1762093,0.6176754,0.20611532
6437,A,A,0.9658672,0.01077904,0.023353722
6438,B,B,0.032287866,0.85860354,0.109108604
6439,C,A,0.77786547,0.022899231,0.19923532
6440,A,A,0.988336,0.0015198468,0.010144036
6441,A,A,0.915866,0.01467577,0.06945825
6442,C,C,0.0797112,0.08183676,0.83845204
6443,A,A,0.98652226,0.0015966638,0.011880997
6444,C,C,0.06142385,0.19576757,0.7428086
6445,A,A,0.9517335,0.00966257,0.038603865
6446,C,A,0.68360883,0.06202869,0.2543624
6447,C,C,0.034532234,0.10956102,0.8559068
6448,C,C,0.14171118,0.058566626,0.79972225
6449,A,A,0.85071665,0.035343003,0.11394045
6450,B,B,0.019615948,0.9703545,0.010029496
6451,C,A,0.8411341,0.03765728,0.1212087
6452,A,A,0.4518535,0.16839567,0.37975088
6453,A,A,0.96282226,0.007905712,0.029271998
6454,B,B,0.02945844,0.9257805,0.04476119
6455,B,B,0.07757782,0.82388204,0.098540194
6456,B,B,0.106616065,0.78129345,0.11209045
6457,C,C,0.01956118,0.40404713,0.5763917
6458,A,A,0.9369584,0.01519181,0.04784979
6459,B,B,0.037901867,0.93778765,0.02431052
6460,C,C,0.15806313,0.05901651,0.78292036
6461,A,A,0.765399,0.00650092,0.22810012
6462,C,C,0.34795693,0.035327844,0.61671525
6463,A,A,0.9735477,0.0041807564,0.022271438
6464,A,A,0.81125337,0.0913249,0.09742173
6465,B,B,0.023469,0.96219087,0.014340129
6466,B,B,0.057217687,0.9164876,0.026294732
6467,A,A,0.9525349,0.009148443,0.038316667
6468,B,B,0.100624464,0.65260977,0.24676575
6469,A,A,0.97011054,0.005007643,0.024881903
6470,C,A,0.81422764,0.03709577,0.14867668
6471,B,B,0.063182905,0.8271836,0.109633535
6472,A,B,0.0393513,0.9468023,0.013846339
6473,B,B,0.029485527,0.96089715,0.00961735
6474,C,C,0.14881611,0.27387026,0.5773136
6475,C,C,0.34224045,0.055628654,0.60213095
6476,A,A,0.96717507,0.0044308715,0.02839411
6477,B,B,0.025034677,0.9364421,0.038523186
6478,A,A,0.81988865,0.0256154,0.15449594
6479,C,C,0.19152187,0.15717286,0.6513052
6480,C,B,0.079229265,0.73926646,0.1815043
6481,A,A,0.97481185,0.0031960881,0.021992153
6482,C,C,0.43105066,0.09551817,0.4734312
6483,C,B,0.15150432,0.7432301,0.105265625
6484,B,A,0.7864824,0.052397467,0.16112018
6485,A,A,0.80475736,0.021631872,0.17361072
6486,C,A,0.69021726,0.04284408,0.2669387
6487,C,B,0.10357369,0.51142085,0.38500544
6488,B,B,0.07160885,0.8823593,0.046031747
6489,A,A,0.94202507,0.010982405,0.046992492
6490,A,A,0.97091347,0.008890501,0.02019605
6491,C,C,0.07204718,0.06049711,0.8674557
6492,C,C,0.20065022,0.21291469,0.5864351
6493,C,C,0.08603458,0.31342083,0.6005446
6494,A,A,0.9245814,0.0046930453,0.07072558
6495,A,A,0.97570145,0.002161035,0.022137389
6496,A,A,0.98225635,0.0038645365,0.013879049
6497,B,B,0.025202097,0.88759744,0.08720044
6498,A,B,0.083141625,0.85092634,0.06593205
6499,A,A,0.92201513,0.01085047,0.06713437
6500,B,B,0.074314825,0.7118201,0.21386506
6501,B,B,0.15782478,0.7546639,0.08751132
6502,B,B,0.0607831,0.8952116,0.044005327
6503,C,C,0.20009632,0.20533334,0.59457034
6504,C,C,0.065496534,0.1979417,0.7365617
6505,B,B,0.011249907,0.97281647,0.015933614
6506,C,C,0.055559307,0.06008244,0.8843582
6507,C,C,0.047380224,0.0816103,0.8710095
6508,A,B,0.3795099,0.4702335,0.15025657
6509,B,B,0.043995313,0.8774581,0.07854661
6510,B,B,0.16895205,0.76542103,0.06562688
6511,A,A,0.9152821,0.017500822,0.06721706
6512,A,A,0.9277538,0.0121585475,0.060087647
6513,B,B,0.21785584,0.53552204,0.24662206
6514,C,C,0.08185753,0.03301037,0.88513213
6515,A,A,0.97134024,0.0049641915,0.02369561
6516,A,A,0.5708129,0.04079367,0.3883934
6517,A,A,0.953461,0.008781789,0.037757143
6518,B,B,0.010780099,0.98511595,0.0041039432
6519,A,A,0.9197761,0.03050801,0.0497159
6520,A,A,0.6899267,0.02562103,0.28445232
6521,A,B,0.35738885,0.5254258,0.11718533
6522,A,A,0.9773812,0.005140791,0.01747794
6523,A,A,0.9720081,0.005783228,0.022208657
6524,B,A,0.40667117,0.30965817,0.2836707
6525,B,B,0.2363482,0.59760314,0.16604868
6526,B,B,0.051469628,0.90928954,0.039240755
6527,C,A,0.86080515,0.014747131,0.12444773
6528,C,C,0.24915753,0.025730843,0.72511166
6529,A,A,0.9733272,0.005613359,0.021059342
6530,C,A,0.4526009,0.11013615,0.43726307
6531,A,A,0.9455426,0.0105246855,0.043932747
6532,C,C,0.062389612,0.041032445,0.8965779
6533,B,B,0.10454294,0.79927313,0.09618399
6534,A,C,0.4234614,0.035589695,0.54094887
6535,B,A,0.7406277,0.07627685,0.18309546
6536,A,A,0.9795196,0.0042221462,0.01625826
6537,B,B,0.09059627,0.8301359,0.079267815
6538,B,B,0.012253251,0.9813194,0.006427314
6539,A,A,0.95079386,0.009401797,0.039804343
6540,B,B,0.025684968,0.8719414,0.102373615
6541,A,B,0.052467648,0.8372433,0.11028901
6542,A,A,0.8082873,0.07864523,0.11306739
6543,B,A,0.53437597,0.10480848,0.3608156
6544,C,B,0.22162254,0.45536974,0.3230078
6545,A,C,0.4400169,0.072304055,0.48767915
6546,B,A,0.8248506,0.06433806,0.11081138
6547,A,A,0.98272014,0.0025035234,0.014776425
6548,C,A,0.9466918,0.0048525007,0.04845564
6549,C,C,0.13471517,0.060615607,0.8046692
6550,A,A,0.97427136,0.0025280786,0.02320052
6551,B,B,0.030501561,0.51182735,0.45767108
6552,C,C,0.37430266,0.07615937,0.54953796
6553,B,A,0.5799188,0.33900237,0.08107883
6554,C,C,0.067295454,0.06470218,0.86800236
6555,B,B,0.11044679,0.84237474,0.047178395
6556,B,B,0.054584082,0.90534174,0.040074077
6557,C,C,0.15426886,0.08713805,0.7585931
6558,C,C,0.072414406,0.30056933,0.62701625
6559,C,C,0.018060328,0.12263368,0.85930604
6560,C,C,0.039461624,0.2603516,0.70018685
6561,B,B,0.07819372,0.88168377,0.0401225
6562,C,C,0.44519326,0.028236458,0.52657026
6563,B,C,0.21744952,0.17726782,0.60528266
6564,C,C,0.20579417,0.0310739,0.7631319
6565,C,C,0.13432682,0.08116437,0.78450876
6566,A,A,0.75811696,0.06651466,0.17536837
6567,B,B,0.016364003,0.97403413,0.009601862
6568,B,B,0.018508619,0.9166465,0.064844824
6569,A,A,0.8741538,0.019775536,0.106070735
6570,B,B,0.02115296,0.88734967,0.09149733
6571,A,A,0.6778324,0.052772906,0.26939467
6572,A,A,0.8047824,0.014862985,0.18035457
6573,C,A,0.8259391,0.02209456,0.15196632
6574,C,C,0.46152583,0.061818957,0.47665524
6575,A,A,0.9122993,0.036096364,0.05160437
6576,C,C,0.37348038,0.07167298,0.55484664
6577,B,B,0.066289544,0.90393364,0.029776737
6578,A,A,0.83171976,0.039909612,0.12837061
6579,C,C,0.113360874,0.10113841,0.7855007
6580,B,B,0.011172915,0.98343605,0.00539109
6581,C,A,0.5899225,0.06924167,0.34083587
6582,C,A,0.85758096,0.020208418,0.12221065
6583,C,C,0.12864202,0.40867987,0.46267802
6584,B,B,0.030243361,0.9558186,0.013938014
6585,C,B,0.009259749,0.9643035,0.026436796
6586,C,C,0.32083017,0.3218553,0.35731453
6587,A,A,0.94465446,0.013852639,0.041492883
6588,A,A,0.9173363,0.03842323,0.044240598
6589,B,B,0.06681856,0.8952139,0.037967525
6590,C,A,0.6708054,0.046092447,0.2831021
6591,A,A,0.9300248,0.008789902,0.061185222
6592,B,B,0.059138935,0.8716379,0.06922322
6593,C,C,0.12471055,0.07423656,0.80105287
6594,B,B,0.03663903,0.91030645,0.0530545
6595,C,B,0.24136995,0.5107239,0.24790615
6596,B,B,0.059070807,0.8963615,0.044567663
6597,A,A,0.93539464,0.024077239,0.040528126
6598,A,A,0.8929572,0.027148122,0.07989463
6599,C,C,0.10275401,0.02980116,0.8674448
6600,C,C,0.13104865,0.32858968,0.5403617
6601,C,A,0.58628404,0.055007797,0.35870823
6602,B,B,0.18125582,0.69840026,0.120343864
6603,A,A,0.95423955,0.0059829643,0.039777435
6604,A,A,0.79321766,0.04102766,0.1657547
6605,A,A,0.93332,0.015738476,0.0509416
6606,A,A,0.95846003,0.009437152,0.032102782
6607,A,A,0.98286575,0.0018142078,0.015320064
6608,A,A,0.98191077,0.0023277926,0.015761422
6609,C,B,0.029140037,0.54014057,0.43071938
6610,A,A,0.88562304,0.03088118,0.0834958
6611,C,C,0.09695116,0.08965045,0.81339836
6612,A,A,0.9916592,0.001269619,0.007071146
6613,C,C,0.15745762,0.04899794,0.7935445
6614,A,A,0.79237294,0.046855856,0.16077128
6615,A,A,0.84533864,0.06635462,0.088306755
6616,C,C,0.08421054,0.09879325,0.81699616
6617,B,A,0.6593698,0.22826849,0.11236166
6618,A,A,0.9494189,0.0077499584,0.042831123
6619,A,A,0.85387284,0.027090695,0.11903652
6620,B,B,0.124261834,0.755442,0.120296106
6621,C,C,0.26719698,0.28380322,0.44899976
6622,A,A,0.88348186,0.0137664685,0.10275168
6623,A,A,0.8659656,0.019220091,0.11481429
6624,C,A,0.7473814,0.04969554,0.20292301
6625,B,A,0.57284516,0.10625714,0.32089773
6626,C,C,0.17369613,0.07283484,0.75346905
6627,A,A,0.95911944,0.006516077,0.03436451
6628,A,A,0.9409765,0.012932771,0.04609076
6629,A,A,0.9829038,0.0027505776,0.014345621
6630,B,B,0.031916,0.9234471,0.044637013
6631,C,C,0.053229287,0.32835147,0.61841923
6632,B,B,0.010267254,0.95107347,0.038659167
6633,A,A,0.9319545,0.015452082,0.05259342
6634,B,B,0.03924179,0.75596833,0.20478985
6635,A,A,0.97059643,0.004167361,0.025236188
6636,B,B,0.29834598,0.62846464,0.0731894
6637,A,C,0.22559921,0.35533842,0.41906235
6638,C,C,0.050865687,0.122855164,0.8262791
6639,A,A,0.9555564,0.0129688345,0.03147477
6640,B,B,0.040801965,0.8960747,0.06312333
6641,B,B,0.20252796,0.70375437,0.093717605
6642,C,A,0.81935996,0.0541736,0.12646648
6643,B,A,0.45030788,0.44969603,0.099996105
6644,A,B,0.11945605,0.7601746,0.12036935
6645,C,A,0.90523833,0.0033292805,0.09143236
6646,B,B,0.05814357,0.9123386,0.029517781
6647,A,A,0.954222,0.013609909,0.032168042
6648,C,C,0.21694805,0.24314298,0.53990895
6649,C,C,0.11599781,0.078367025,0.8056352
6650,B,B,0.050213493,0.85457176,0.09521479
6651,A,C,0.23418163,0.3715627,0.39425573
6652,A,A,0.81379944,0.08105024,0.10515034
6653,B,B,0.13578357,0.7733242,0.09089216
6654,A,B,0.38853934,0.44651216,0.16494855
6655,A,A,0.9750312,0.0043507307,0.02061811
6656,C,C,0.03588456,0.03785394,0.92626154
6657,A,A,0.47759503,0.3910732,0.13133174
6658,B,A,0.6452151,0.19612847,0.15865642
6659,A,A,0.9864885,0.0029789272,0.010532558
6660,C,C,0.09241838,0.0902118,0.81736976
6661,B,B,0.037464984,0.87465,0.087884985
6662,C,C,0.04092028,0.41770592,0.5413738
6663,B,B,0.052774336,0.9066413,0.040584434
6664,C,C,0.058877017,0.20595251,0.7351704
6665,A,A,0.90006965,0.016031526,0.08389881
6666,A,A,0.7974564,0.06762108,0.13492256
6667,C,C,0.25891417,0.039658874,0.701427
6668,A,A,0.88356316,0.021806555,0.09463024
6669,A,A,0.98985463,0.0011249646,0.009020434
6670,A,A,0.95412165,0.009785017,0.036093317
6671,A,A,0.6970609,0.19737588,0.105563164
6672,A,A,0.9505047,0.010893179,0.03860208
6673,B,B,0.037099317,0.94415134,0.018749455
6674,C,C,0.052906122,0.104756124,0.8423378
6675,A,A,0.9874641,0.0016014607,0.010934406
6676,B,B,0.021020897,0.95667243,0.022306742
6677,B,B,0.2990086,0.60652506,0.094466336
6678,C,C,0.44407204,0.08744577,0.46848217
6679,B,B,0.0370209,0.9059633,0.05701587
6680,C,C,0.46184614,0.030509135,0.5076447
6681,A,A,0.9576604,0.0071923747,0.03514734
6682,C,C,0.02210346,0.03615627,0.9417403
6683,B,B,0.07951444,0.7456459,0.17483965
6684,A,A,0.9359196,0.015005985,0.049074396
6685,B,B,0.041109543,0.93109673,0.027793715
6686,B,B,0.1428448,0.757752,0.09940323
6687,C,C,0.10443961,0.16815557,0.7274048
6688,A,A,0.97752255,0.0038061987,0.018671237
6689,C,B,0.1953947,0.42996624,0.3746391
6690,C,C,0.13086358,0.16834162,0.7007948
6691,B,B,0.024577025,0.93917227,0.036250632
6692,B,B,0.029220367,0.9549732,0.0158065
6693,B,B,0.122306235,0.7638156,0.11387816
6694,C,C,0.095576145,0.08516621,0.8192577
6695,C,C,0.15015128,0.038029596,0.8118191
6696,C,C,0.06331364,0.059489686,0.87719667
6697,B,B,0.01359716,0.9735531,0.01284965
6698,B,B,0.008222091,0.95772153,0.03405639
6699,B,B,0.05419885,0.6248954,0.32090575
6700,B,B,0.018173642,0.9570535,0.0247729
6701,A,A,0.9111292,0.029735792,0.05913509
6702,B,B,0.020973114,0.84603673,0.13299017
6703,A,A,0.80748934,0.079208106,0.11330257
6704,C,C,0.07004189,0.092301466,0.8376567
6705,C,C,0.048075292,0.025991865,0.9259328
6706,B,C,0.041196093,0.34852254,0.61028135
6707,C,C,0.11887863,0.18427001,0.69685143
6708,A,A,0.9392137,0.017802685,0.042983565
6709,B,B,0.06766952,0.91326565,0.019064864
6710,A,A,0.9858182,0.0018072333,0.012374544
6711,B,B,0.25404385,0.65560824,0.090347975
6712,B,B,0.022942241,0.9530276,0.024030128
6713,A,A,0.3945179,0.23518085,0.37030128
6714,C,C,0.1529872,0.042300884,0.8047119
6715,C,C,0.29858503,0.12603077,0.5753842
6716,C,A,0.6129401,0.042344816,0.3447151
6717,A,A,0.9438606,0.0106284255,0.045510937
6718,B,B,0.07924251,0.84680647,0.073951006
6719,C,A,0.63302755,0.04825269,0.31871966
6720,B,B,0.046334423,0.92176074,0.03190477
6721,A,A,0.92436624,0.013668212,0.06196553
6722,A,A,0.9442169,0.013799563,0.0419835
6723,C,C,0.04156806,0.18724775,0.77118415
6724,B,B,0.021011107,0.9676573,0.011331589
6725,A,A,0.9756653,0.005022136,0.019312665
6726,C,C,0.29621258,0.09466147,0.60912603
6727,C,C,0.2181167,0.2694954,0.51238793
6728,A,A,0.82243544,0.08662064,0.09094386
6729,A,A,0.8487432,0.05599953,0.09525721
6730,A,C,0.22814937,0.12157137,0.6502792
6731,B,B,0.048611425,0.8908412,0.060547374
6732,C,A,0.5592454,0.08874354,0.35201105
6733,A,A,0.92882526,0.012611288,0.05856347
6734,A,A,0.9051997,0.01377664,0.08102364
6735,B,B,0.048167862,0.9281927,0.023639591
6736,B,B,0.06941938,0.8460645,0.08451613
6737,B,A,0.65951115,0.078423895,0.26206493
6738,C,C,0.06344099,0.06702973,0.86952925
6739,C,C,0.08864005,0.20388283,0.7074771
6740,A,A,0.89840096,0.025395626,0.07620339
6741,B,B,0.085047424,0.84886193,0.0660907
6742,C,C,0.035437446,0.10383833,0.8607242
6743,B,B,0.040735666,0.91187245,0.047392007
6744,C,C,0.413743,0.076312214,0.50994486
6745,C,A,0.669619,0.042261068,0.2881199
6746,A,B,0.3207724,0.52176505,0.1574625
6747,C,C,0.18892258,0.07887228,0.73220515
6748,C,C,0.034899868,0.029371642,0.93572855
6749,C,B,0.34146392,0.4054057,0.25313035
6750,C,C,0.08851134,0.14282678,0.7686619
6751,B,B,0.06751734,0.69563484,0.23684786
6752,A,A,0.9386433,0.017333766,0.044023007
6753,A,A,0.96284854,0.0067042625,0.030447219
6754,C,C,0.31509936,0.035835315,0.6490653
6755,A,A,0.52769303,0.3325289,0.13977817
6756,A,A,0.86456156,0.014340273,0.12109814
6757,B,B,0.17752536,0.75539297,0.06708165
6758,A,A,0.9047393,0.018705228,0.0765555
6759,A,A,0.89299375,0.03977159,0.0672348
6760,A,A,0.9667796,0.0060180402,0.027202321
6761,B,B,0.008871163,0.9852821,0.005846791
6762,B,B,0.049861617,0.89909446,0.05104391
6763,A,A,0.8421421,0.016498117,0.14135975
6764,B,B,0.11504957,0.78635496,0.09859548
6765,C,B,0.07124361,0.6601042,0.26865223
6766,A,A,0.9494445,0.011182501,0.039372995
6767,C,C,0.08747438,0.13850091,0.7740247
6768,C,C,0.065284245,0.1853404,0.74937534
6769,B,B,0.0069587957,0.9829253,0.010115805
6770,C,C,0.21120997,0.06177481,0.7270152
6771,A,A,0.9412583,0.0097011,0.04904058
6772,C,C,0.09936321,0.14954668,0.75109005
6773,C,C,0.29290333,0.05956662,0.64753
6774,C,C,0.16292611,0.016163072,0.8209109
6775,C,A,0.6906147,0.13801385,0.17137152
6776,B,B,0.2376557,0.6554239,0.10692046
6777,B,C,0.3257044,0.20262119,0.47167444
6778,B,B,0.12558487,0.81777686,0.05663824
6779,B,B,0.036483016,0.90278655,0.06073034
6780,A,C,0.14905691,0.2115518,0.6393913
6781,A,A,0.93119264,0.008952852,0.05985459
6782,C,C,0.14374875,0.17604169,0.6802095
6783,C,C,0.035926618,0.09046267,0.8736107
6784,A,A,0.98391217,0.0035152377,0.0125726415
6785,C,A,0.60600156,0.11962318,0.2743753
6786,A,A,0.71016777,0.079486884,0.21034534
6787,C,C,0.17779182,0.2549198,0.5672884
6788,A,A,0.8971472,0.021977128,0.08087568
6789,A,A,0.97744787,0.004990285,0.01756189
6790,B,B,0.03953495,0.94101006,0.019455
6791,A,A,0.97817665,0.0025483528,0.019274972
6792,B,B,0.024937525,0.96044487,0.014617727
6793,C,B,0.060281172,0.4800843,0.45963454
6794,C,C,0.054105513,0.18980207,0.7560924
6795,A,A,0.9783851,0.0038088704,0.017806105
6796,B,B,0.0765353,0.8842204,0.0392443
6797,C,C,0.23972149,0.02744625,0.73283225
6798,C,C,0.116843835,0.35781038,0.5253458
6799,C,A,0.6134828,0.09980878,0.28670844
6800,A,A,0.91638106,0.014478417,0.069140576
6801,C,C,0.056584183,0.080159664,0.86325616
6802,B,B,0.04924017,0.91179264,0.038967185
6803,A,A,0.8667505,0.049078446,0.08417107
6804,A,A,0.93642694,0.007162347,0.056410763
6805,C,C,0.047427155,0.082425356,0.87014747
6806,B,B,0.03534615,0.94912124,0.0155325625
6807,B,B,0.30878904,0.5999979,0.091213085
6808,A,A,0.9775169,0.0027188263,0.019764258
6809,A,B,0.33956414,0.57862264,0.08181321
6810,B,B,0.022671178,0.9601351,0.017193682
6811,C,B,0.16140868,0.60533226,0.23325905
6812,A,A,0.8923724,0.044078615,0.06354896
6813,B,B,0.04425826,0.5238303,0.4319114
6814,C,C,0.0745183,0.14659692,0.7788848
6815,C,C,0.04066419,0.09800863,0.8613271
6816,C,C,0.029880472,0.03609066,0.9340289
6817,B,B,0.11995687,0.8295531,0.050489955
6818,A,A,0.9836309,0.003515153,0.012853886
6819,A,A,0.9824483,0.004325694,0.013226017
6820,C,A,0.7537847,0.02978168,0.2164336
6821,C,C,0.30702132,0.047264755,0.64571387
6822,A,A,0.8595161,0.0351313,0.10535265
6823,C,C,0.099265054,0.1818008,0.7189342
6824,A,A,0.9513427,0.010028306,0.038628984
6825,B,B,0.031878833,0.9349805,0.033140533
6826,B,B,0.050604127,0.86563593,0.08375994
6827,C,C,0.31404644,0.081022166,0.60493135
6828,B,B,0.006077116,0.9866349,0.007287912
6829,B,C,0.04364712,0.47513276,0.48122013
6830,A,A,0.9654557,0.0047866865,0.029757602
6831,A,A,0.84490806,0.04216333,0.11292859
6832,A,A,0.87999713,0.027914949,0.092087984
6833,B,B,0.050043907,0.9096975,0.040258586
6834,A,A,0.962962,0.007814898,0.029223148
6835,B,B,0.1328225,0.52914196,0.3380356
6836,B,B,0.06407014,0.8613576,0.07457213
6837,A,A,0.9504588,0.016279992,0.03326111
6838,C,A,0.52530223,0.017937437,0.45676026
6839,C,A,0.911036,0.014244078,0.07472001
6840,B,B,0.0640337,0.8248904,0.11107589
6841,C,A,0.49366143,0.14019959,0.36613896
6842,A,A,0.73864967,0.034372833,0.22697751
6843,A,A,0.92763704,0.024470368,0.047892608
6844,C,C,0.06480561,0.44852594,0.4866684
6845,B,B,0.065405965,0.8948176,0.039776474
6846,B,B,0.040351983,0.9299447,0.029703336
6847,A,A,0.87814826,0.0068169795,0.115034714
6848,A,A,0.83191085,0.046207827,0.12188123
6849,A,A,0.97807777,0.003495513,0.018426744
6850,A,A,0.87454474,0.045574494,0.07988074
6851,B,B,0.031919256,0.9571716,0.010909071
6852,C,B,0.15013207,0.70523465,0.14463332
6853,B,B,0.17055249,0.57908314,0.25036433
6854,C,C,0.18408686,0.07770525,0.73820794
6855,C,C,0.09766994,0.05746529,0.8448647
6856,C,C,0.06429446,0.3318957,0.60380983
6857,C,C,0.072357774,0.32986176,0.59778047
6858,C,A,0.8140917,0.02371812,0.16219021
6859,B,B,0.09764189,0.8378177,0.064540304
6860,C,C,0.08153442,0.033291314,0.8851743
6861,B,B,0.019827455,0.9675002,0.012672355
6862,B,B,0.14788258,0.74054784,0.11156967
6863,C,A,0.41816086,0.4010109,0.18082818
6864,A,A,0.9692299,0.0049268915,0.025843231
6865,A,A,0.9446337,0.009849045,0.045517277
6866,A,A,0.9086824,0.024739161,0.066578425
6867,C,C,0.0767531,0.11632329,0.80692357
6868,C,C,0.34980857,0.09064973,0.5595417
6869,B,B,0.014815567,0.9692266,0.015957808
6870,A,A,0.86659396,0.018153261,0.115252785
6871,C,A,0.7359745,0.09193971,0.1720858
6872,B,B,0.089923576,0.77625203,0.1338244
6873,C,C,0.44085366,0.09854859,0.46059775
6874,B,B,0.10971031,0.84915113,0.0411385
6875,B,B,0.031428915,0.9312205,0.037350558
6876,C,C,0.039401434,0.42973277,0.5308658
6877,C,B,0.2799742,0.6088675,0.11115826
6878,B,B,0.012087641,0.9664665,0.02144587
6879,A,A,0.98902273,0.001239471,0.009737724
6880,A,A,0.9570572,0.007427612,0.035515193
6881,A,A,0.8917129,0.026614774,0.0816723
6882,A,A,0.9355758,0.012014565,0.05240962
6883,A,A,0.64500874,0.08275625,0.272235
6884,A,A,0.97026664,0.0025283606,0.02720508
6885,B,B,0.08787908,0.8717038,0.04041714
6886,B,B,0.02710772,0.89617187,0.0767203
6887,C,C,0.06091507,0.034263503,0.90482146
6888,B,B,0.044873916,0.76786786,0.1872582
6889,C,A,0.5519393,0.12511124,0.32294938
6890,C,C,0.15855424,0.15975043,0.6816954
6891,C,C,0.13245586,0.24145147,0.62609273
6892,A,A,0.51275474,0.021323865,0.46592134
6893,A,A,0.9699061,0.0044295355,0.025664376
6894,A,A,0.93980074,0.014132055,0.046067216
6895,B,B,0.019800704,0.9639478,0.01625144
6896,C,A,0.46481138,0.0865785,0.44861013
6897,B,B,0.011352893,0.9771739,0.011473108
6898,A,B,0.0056959214,0.9854048,0.008899304
6899,B,B,0.031343527,0.946345,0.022311542
6900,A,A,0.85940206,0.061811745,0.07878619
6901,C,A,0.5379029,0.029213732,0.43288335
6902,C,C,0.03084962,0.06977864,0.8993717
6903,B,B,0.020707559,0.9575752,0.021717142
6904,C,C,0.085506395,0.12184506,0.7926485
6905,B,B,0.24200511,0.40158486,0.35641
6906,A,A,0.91786194,0.022913473,0.059224665
6907,B,A,0.52206564,0.3361625,0.14177181
6908,B,B,0.045665607,0.9117931,0.042541288
6909,C,C,0.13566554,0.07879316,0.78554124
6910,B,B,0.045807846,0.92340785,0.030784357
6911,A,A,0.87544477,0.034562275,0.08999292
6912,A,A,0.8978688,0.017644795,0.08448632
6913,B,B,0.014857934,0.96056,0.024582058
6914,B,B,0.040214088,0.9365645,0.023221357
6915,B,B,0.021230828,0.9362064,0.04256268
6916,A,A,0.8287001,0.11050312,0.06079679
6917,C,C,0.46589243,0.052294474,0.48181304
6918,B,B,0.022499962,0.9235979,0.053902123
6919,B,B,0.14128785,0.66607845,0.19263363
6920,C,C,0.1738264,0.13639392,0.6897797
6921,C,C,0.058393545,0.229748,0.71185845
6922,B,B,0.114171945,0.8354691,0.050358955
6923,C,B,0.11881586,0.7425255,0.1386586
6924,B,B,0.034266893,0.95005935,0.015673706
6925,A,C,0.2979087,0.024730114,0.67736125
6926,A,A,0.8487693,0.07814199,0.073088594
6927,A,A,0.97946554,0.0043721558,0.016162384
6928,A,A,0.9866194,0.0010871361,0.012293498
6929,C,C,0.10160167,0.18577318,0.7126251
6930,B,B,0.07615755,0.8482525,0.07558998
6931,A,A,0.98956645,0.0015175239,0.008916104
6932,C,C,0.035448775,0.29388487,0.6706664
6933,C,C,0.39169475,0.088658504,0.51964676
6934,B,B,0.06845188,0.88298815,0.04855996
6935,C,C,0.04784445,0.05318492,0.89897066
6936,A,A,0.95194143,0.009402535,0.03865599
6937,B,B,0.12358786,0.6496595,0.22675256
6938,B,B,0.09165337,0.82251084,0.08583577
6939,C,B,0.12409633,0.46050203,0.41540167
6940,A,A,0.95889825,0.007512842,0.03358883
6941,C,C,0.109564096,0.067508034,0.82292795
6942,C,C,0.05239192,0.18874823,0.7588598
6943,C,A,0.62699306,0.05802259,0.31498432
6944,C,B,0.16569246,0.52150995,0.31279764
6945,A,A,0.8993821,0.02662209,0.07399583
6946,C,B,0.045270357,0.5073233,0.44740632
6947,C,C,0.36344838,0.12952544,0.50702626
6948,A,A,0.81132036,0.07978032,0.108899266
6949,C,C,0.08217549,0.11156684,0.80625767
6950,C,C,0.1171589,0.10912252,0.77371866
6951,C,C,0.080844104,0.089330584,0.82982534
6952,C,C,0.042739503,0.051862065,0.9053984
6953,C,A,0.7296684,0.031287733,0.23904389
6954,C,A,0.5801837,0.10132159,0.31849468
6955,A,A,0.9601961,0.013737295,0.026066605
6956,A,A,0.9579355,0.0056444346,0.036420025
6957,A,A,0.7464977,0.08144823,0.17205408
6958,B,B,0.022177486,0.9065641,0.071258456
6959,A,A,0.9145865,0.0155981155,0.06981551
6960,B,B,0.23944119,0.640648,0.11991081
6961,C,B,0.033459555,0.6416908,0.3248496
6962,A,A,0.98392916,0.0022191673,0.013851602
6963,C,C,0.048212666,0.033192694,0.91859466
6964,C,C,0.02672305,0.134712,0.83856493
6965,A,A,0.8519701,0.06461663,0.083413325
6966,B,C,0.13686836,0.13820834,0.7249233
6967,C,B,0.13565248,0.72171676,0.14263074
6968,B,B,0.026237838,0.9119293,0.061832856
6969,A,A,0.9856801,0.0023125815,0.012007354
6970,B,B,0.060549594,0.86148536,0.077965036
6971,C,C,0.11298143,0.16955486,0.7174638
6972,B,B,0.10646282,0.8086347,0.08490254
6973,A,A,0.9855439,0.0030274822,0.011428573
6974,C,C,0.1579636,0.39565817,0.4463782
6975,C,C,0.17663552,0.08291967,0.7404448
6976,A,A,0.9775144,0.0049404213,0.017545165
6977,A,A,0.8660786,0.029914383,0.10400701
6978,C,C,0.21623108,0.14574629,0.63802266
6979,A,A,0.95684683,0.015851548,0.027301643
6980,A,A,0.7678514,0.0572986,0.1748499
6981,B,B,0.06331497,0.9013596,0.035325445
6982,B,B,0.08606248,0.7870455,0.126892
6983,A,A,0.80976367,0.101753436,0.08848295
6984,B,B,0.11162243,0.8400954,0.04828219
6985,B,B,0.4161101,0.4931609,0.09072892
6986,B,A,0.50633395,0.3356866,0.15797944
6987,B,B,0.22703864,0.6963472,0.07661422
6988,B,B,0.014796435,0.97188777,0.013315807
6989,C,C,0.14945516,0.066444404,0.7841005
6990,C,C,0.26172364,0.16359465,0.57468176
6991,B,B,0.046649817,0.8888983,0.06445194
6992,C,A,0.73815054,0.0469599,0.21488957
6993,A,A,0.94122326,0.009286683,0.049490113
6994,A,A,0.69066703,0.0971748,0.21215813
6995,C,C,0.4074468,0.064297296,0.52825594
6996,C,C,0.26799977,0.11194282,0.6200574
6997,C,B,0.09075131,0.81001705,0.09923159
6998,A,A,0.98138624,0.003139666,0.015474101
6999,C,C,0.052183006,0.054109015,0.893708
7000,C,C,0.33703896,0.046475567,0.6164855
7001,B,A,0.8780711,0.051873505,0.07005537
7002,C,C,0.06258041,0.11271009,0.82470953
7003,B,B,0.11130815,0.8293898,0.05930203
7004,C,A,0.7727895,0.05282669,0.17438383
7005,C,C,0.21538173,0.0785326,0.7060857
7006,C,C,0.04219377,0.1414246,0.81638163
7007,A,A,0.9871904,0.002949914,0.009859602
7008,B,B,0.10160114,0.82760894,0.070789866
7009,A,A,0.8955467,0.047609046,0.056844268
7010,B,B,0.0340128,0.9408768,0.025110465
7011,A,A,0.8930598,0.042893957,0.06404617
7012,B,B,0.2647093,0.61043346,0.12485725
7013,B,B,0.11222056,0.83026797,0.05751153
7014,C,C,0.06971462,0.04559744,0.8846879
7015,B,B,0.052532446,0.86368966,0.08377786
7016,C,C,0.23874626,0.044213094,0.71704066
7017,A,A,0.8404614,0.03221961,0.127319
7018,A,A,0.89542556,0.014894007,0.08968049
7019,C,A,0.5087627,0.040154938,0.45108235
7020,B,B,0.04521191,0.9032631,0.051525015
7021,A,A,0.8806626,0.023139706,0.09619779
7022,C,C,0.37758854,0.12191323,0.50049824
7023,B,B,0.09959442,0.7858019,0.11460368
7024,C,C,0.15589358,0.2777142,0.56639224
7025,C,C,0.09554172,0.050015498,0.8544428
7026,C,C,0.12726088,0.3009124,0.5718267
7027,A,A,0.8849324,0.009543203,0.10552435
7028,B,B,0.011160685,0.973651,0.015188384
7029,B,B,0.026027132,0.95153946,0.022433417
7030,A,B,0.1895368,0.75445426,0.056008905
7031,C,C,0.043662693,0.047453396,0.9088839
7032,A,A,0.8908046,0.031616088,0.077579334
7033,C,C,0.1836695,0.061626755,0.75470376
7034,B,B,0.074023105,0.8645735,0.061403412
7035,C,A,0.68203145,0.0263625,0.29160607
7036,A,A,0.983186,0.0023887851,0.014425198
7037,C,C,0.03741409,0.047530092,0.9150559
7038,B,B,0.018466294,0.9594066,0.022127105
7039,B,B,0.37483606,0.50049037,0.12467363
7040,B,B,0.05527058,0.91416067,0.030568799
7041,A,A,0.9870307,0.0017191159,0.011250211
7042,A,A,0.8153958,0.013103558,0.17150073
7043,B,B,0.06357838,0.9096521,0.026769416
7044,B,B,0.053907286,0.8840946,0.06199812
7045,B,B,0.23472616,0.50016564,0.26510826
7046,C,C,0.14293061,0.12865357,0.72841585
7047,C,C,0.16377445,0.04426294,0.7919626
7048,B,B,0.05705593,0.69324315,0.24970092
7049,C,C,0.032001533,0.046663687,0.9213348
7050,C,C,0.091106154,0.03558998,0.8733039
7051,C,C,0.105848044,0.06848933,0.8256627
7052,C,A,0.87163,0.013713292,0.11465678
7053,C,C,0.21800768,0.08859096,0.6934013
7054,A,A,0.969543,0.006637861,0.023819085
7055,C,A,0.8605072,0.004871106,0.13462166
7056,A,A,0.8986563,0.0076189996,0.09372468
7057,A,A,0.978404,0.004128441,0.017467536
7058,A,A,0.5533133,0.0696518,0.37703487
7059,C,C,0.26823726,0.036081035,0.69568163
7060,A,A,0.91247666,0.0115251085,0.075998254
7061,B,B,0.030246997,0.9509888,0.01876408
7062,B,B,0.013890688,0.9646975,0.021411791
7063,A,C,0.05324405,0.39151323,0.5552428
7064,A,A,0.8113416,0.10723941,0.08141897
7065,A,A,0.9717738,0.008913727,0.019312486
7066,B,B,0.35001254,0.5234256,0.12656184
7067,B,B,0.043654483,0.8297041,0.12664133
7068,A,A,0.42477596,0.2745133,0.30071083
7069,C,A,0.6060081,0.1698066,0.22418526
7070,B,A,0.6713171,0.1699028,0.1587801
7071,C,C,0.12212975,0.18148784,0.69638234
7072,C,C,0.31857133,0.29676634,0.3846624
7073,C,C,0.34732994,0.04894251,0.6037276
7074,C,C,0.052083667,0.041981637,0.9059347
7075,C,C,0.21854098,0.039908826,0.7415502
7076,B,B,0.039985303,0.84843254,0.111582145
7077,A,A,0.9239309,0.0146510545,0.061417963
7078,B,B,0.017250445,0.9728283,0.009921207
7079,C,C,0.37674516,0.20585264,0.41740224
7080,A,B,0.14214636,0.6928988,0.16495477
7081,B,B,0.03911232,0.9324683,0.028419282
7082,C,C,0.08296605,0.20705731,0.7099766
7083,A,A,0.96177256,0.00924697,0.028980492
7084,B,B,0.14016156,0.79501706,0.06482138
7085,A,A,0.9674118,0.009872518,0.022715643
7086,A,A,0.5914086,0.05816131,0.3504301
7087,C,C,0.10974628,0.06342422,0.8268295
7088,C,C,0.10752174,0.41182995,0.4806483
7089,B,B,0.22637583,0.7145967,0.05902745
7090,A,A,0.79992574,0.020220082,0.17985407
7091,B,A,0.48713997,0.27749816,0.23536186
7092,A,A,0.9157546,0.02871291,0.055532414
7093,B,B,0.13392955,0.501079,0.36499146
7094,C,C,0.049254052,0.10266613,0.84807974
7095,A,A,0.85243887,0.037378117,0.11018304
7096,C,A,0.8928232,0.018409211,0.08876755
7097,B,B,0.05687514,0.89886403,0.04426077
7098,B,B,0.05696925,0.85200113,0.09102965
7099,A,A,0.97344434,0.0045452914,0.022010298
7100,C,C,0.1690307,0.10299396,0.7279753
7101,A,A,0.9832277,0.0024794834,0.014292752
7102,C,C,0.38025236,0.0510177,0.5687299
7103,A,A,0.85724914,0.072030455,0.0707204
7104,A,A,0.798781,0.022695703,0.17852324
7105,B,B,0.13655937,0.5640673,0.2993734
7106,B,B,0.02937372,0.94822425,0.022402044
7107,A,A,0.9751923,0.0020554382,0.022752268
7108,C,C,0.36105576,0.12554179,0.5134024
7109,A,A,0.9797157,0.0024889063,0.017795378
7110,A,A,0.9563736,0.011353762,0.0322727
7111,B,B,0.028028559,0.9474128,0.024558613
7112,B,B,0.24173562,0.6475715,0.110692866
7113,A,A,0.9847184,0.0011649362,0.014116622
7114,B,B,0.07556874,0.8482699,0.07616143
7115,A,A,0.9133263,0.026682524,0.05999121
7116,B,B,0.107262254,0.78804344,0.10469434
7117,B,B,0.08760878,0.86134857,0.051042728
7118,A,A,0.979251,0.0032040589,0.017544944
7119,C,C,0.1728491,0.12538981,0.7017611
7120,C,C,0.14433327,0.0684349,0.7872318
7121,C,C,0.039313644,0.1102704,0.8504159
7122,A,A,0.97181064,0.0053896727,0.022799728
7123,C,C,0.3255457,0.1128857,0.5615686
7124,B,B,0.21323754,0.71365595,0.073106594
7125,A,A,0.97274435,0.00391793,0.023337683
7126,B,B,0.06665726,0.8897273,0.043615412
7127,A,A,0.95585495,0.0073330863,0.036812045
7128,B,B,0.007744633,0.9869357,0.0053196773
7129,B,B,0.03109485,0.94089764,0.028007472
7130,C,C,0.083309785,0.076241255,0.8404489
7131,A,A,0.7624139,0.13202345,0.10556257
7132,A,A,0.9776448,0.0031709147,0.019184273
7133,A,A,0.96526015,0.005877731,0.028862063
7134,C,C,0.1462275,0.26326427,0.5905083
7135,A,A,0.68668705,0.21874692,0.09456604
7136,A,A,0.89072114,0.022084951,0.08719383
7137,A,A,0.7890209,0.105338015,0.105641045
7138,A,A,0.7997302,0.116313994,0.08395582
7139,C,C,0.44864905,0.020813935,0.530537
7140,A,A,0.8719149,0.026702097,0.10138296
7141,C,A,0.5510408,0.033994984,0.4149642
7142,C,C,0.13705876,0.09426541,0.76867586
7143,A,A,0.90419585,0.011906973,0.08389721
7144,B,B,0.05022301,0.9169478,0.03282927
7145,A,A,0.47833282,0.307058,0.21460915
7146,B,B,0.11173251,0.82819366,0.06007381
7147,B,B,0.012695455,0.9799805,0.00732401
7148,B,B,0.05046271,0.89438933,0.05514796
7149,B,B,0.02036966,0.9706692,0.008961202
7150,B,B,0.02737027,0.9011326,0.07149713
7151,A,A,0.9120131,0.013427898,0.074559055
7152,B,B,0.1134578,0.77960557,0.106936626
7153,B,B,0.04459771,0.90731734,0.048085023
7154,C,C,0.1000152,0.2072137,0.692771
7155,A,A,0.98493385,0.0022261424,0.01283992
7156,C,C,0.16747749,0.25654516,0.5759774
7157,B,B,0.18723424,0.6859114,0.12685442
7158,A,A,0.8051971,0.10692882,0.08787407
7159,B,B,0.02494555,0.94947284,0.025581567
7160,B,B,0.060707998,0.89877117,0.040520877
7161,A,A,0.9698243,0.0061973846,0.023978274
7162,C,C,0.096225336,0.436682,0.46709272
7163,C,B,0.05585122,0.48398942,0.46015936
7164,B,B,0.026467595,0.9339158,0.039616577
7165,A,C,0.3907186,0.18621053,0.42307094
7166,B,B,0.14095631,0.72469866,0.13434504
7167,B,B,0.12441041,0.70332944,0.17226015
7168,C,C,0.43139422,0.092528366,0.47607744
7169,A,A,0.9519701,0.012904591,0.035125323
7170,C,C,0.05573521,0.21723236,0.72703236
7171,A,A,0.97727793,0.0039811153,0.018741027
7172,C,C,0.023009341,0.057937853,0.9190527
7173,B,B,0.061570667,0.9144546,0.023974732
7174,A,A,0.96521395,0.0045657395,0.03022024
7175,A,A,0.9213059,0.02253009,0.056164097
7176,C,C,0.0730016,0.056038428,0.87096006
7177,B,B,0.048544265,0.89678526,0.054670587
7178,B,B,0.09569857,0.8721057,0.032195695
7179,C,C,0.02910841,0.054218523,0.91667306
7180,B,B,0.016717393,0.9641017,0.019181035
7181,B,B,0.05858283,0.9160264,0.02539083
7182,C,C,0.066958524,0.06173767,0.8713038
7183,C,A,0.4983306,0.07345699,0.42821252
7184,C,A,0.86096436,0.041313037,0.09772262
7185,C,B,0.033741493,0.9045305,0.06172799
7186,C,C,0.033950318,0.06804323,0.8980065
7187,A,A,0.86543816,0.028929472,0.1056323
7188,C,C,0.30043638,0.055058267,0.6445054
7189,B,B,0.12290787,0.8185327,0.058559377
7190,A,A,0.95543236,0.0074382676,0.03712949
7191,B,B,0.027993465,0.9096316,0.06237494
7192,C,C,0.30210182,0.05440845,0.6434897
7193,C,C,0.13462314,0.09141455,0.77396226
7194,A,A,0.9253091,0.012641723,0.062049102
7195,B,B,0.034224566,0.8177261,0.14804934
7196,B,B,0.039601706,0.91908747,0.041310843
7197,A,A,0.9530946,0.00994102,0.036964394
7198,C,C,0.14534463,0.17745556,0.6771998
7199,B,B,0.20119451,0.5027706,0.29603496
7200,B,C,0.12152228,0.301885,0.5765927
7201,A,A,0.97377783,0.004400586,0.021821532
7202,C,C,0.06497199,0.08021542,0.8548126
7203,B,B,0.13536018,0.74721795,0.11742186
7204,A,A,0.68786633,0.07774146,0.23439223
7205,A,A,0.9599353,0.005304164,0.034760408
7206,C,C,0.03230137,0.06885629,0.89884233
7207,B,A,0.64912784,0.21575865,0.1351134
7208,C,C,0.14861317,0.10470878,0.746678
7209,A,A,0.9594515,0.011917159,0.028631344
7210,A,A,0.8850794,0.031036247,0.08388446
7211,C,C,0.1580771,0.15516225,0.6867606
7212,A,B,0.13483022,0.8045948,0.06057497
7213,C,B,0.059014466,0.87195355,0.06903198
7214,A,A,0.84781337,0.093304485,0.05888216
7215,B,B,0.087268725,0.8749707,0.037760567
7216,B,B,0.3153724,0.57772774,0.10689984
7217,A,A,0.9243646,0.012236858,0.063398615
7218,B,B,0.07034422,0.9083347,0.02132102
7219,B,B,0.057700377,0.907549,0.03475063
7220,B,B,0.03437221,0.8256611,0.13996671
7221,B,B,0.1380091,0.81017923,0.051811676
7222,B,B,0.10657411,0.76613957,0.12728631
7223,A,A,0.9930127,0.0010760158,0.005911231
7224,A,A,0.6931265,0.04231225,0.26456124
7225,B,B,0.026010402,0.95785075,0.01613884
7226,B,B,0.03963054,0.8727371,0.087632336
7227,B,B,0.14392877,0.75074047,0.10533082
7228,A,A,0.90927416,0.019596362,0.071129546
7229,B,B,0.012758706,0.9802649,0.006976348
7230,A,A,0.9844993,0.0026981106,0.012802593
7231,C,B,0.022544852,0.809113,0.16834214
7232,B,B,0.088189594,0.86647356,0.045336794
7233,C,C,0.18741183,0.25789294,0.5546952
7234,A,A,0.85379505,0.02069068,0.1255143
7235,B,B,0.15326779,0.8078653,0.038866907
7236,A,C,0.3081928,0.094868906,0.5969384
7237,B,B,0.010273084,0.9462358,0.04349121
7238,C,C,0.12013111,0.09044928,0.7894196
7239,C,C,0.43656638,0.092869036,0.47056457
7240,A,B,0.17161357,0.7318043,0.09658207
7241,B,B,0.023561262,0.9517709,0.024667788
7242,B,B,0.052223563,0.927944,0.019832395
7243,B,B,0.021377847,0.9387633,0.039858893
7244,C,C,0.14043112,0.03691337,0.82265556
7245,A,A,0.8883258,0.031696383,0.07997784
7246,A,A,0.98344964,0.002488335,0.014062056
7247,C,A,0.68003786,0.046696033,0.27326617
7248,B,B,0.06903261,0.8493804,0.08158707
7249,C,C,0.29040062,0.18818422,0.5214151
7250,C,C,0.1595642,0.09117793,0.74925786
7251,B,B,0.055676714,0.8258729,0.118450455
7252,B,B,0.1682057,0.5270983,0.30469602
7253,B,B,0.04896064,0.91842324,0.032616086
7254,A,B,0.17454535,0.41881737,0.40663728
7255,C,A,0.8882757,0.00844373,0.1032806
7256,A,A,0.89660645,0.016979165,0.08641442
7257,C,C,0.072090544,0.08590971,0.84199977
7258,C,A,0.5321398,0.07328673,0.39457348
7259,B,B,0.021115473,0.86061966,0.11826484
7260,B,B,0.22886449,0.70390004,0.067235485
7261,C,C,0.05461425,0.13223816,0.8131476
7262,A,A,0.74512875,0.16239381,0.09247749
7263,C,C,0.2670262,0.28955987,0.44341394
7264,B,B,0.082737066,0.8655948,0.051668137
7265,C,A,0.9480729,0.011237512,0.040689643
7266,B,B,0.046362408,0.91906375,0.034573838
7267,A,A,0.9570324,0.0061847423,0.036782797
7268,B,B,0.01644446,0.9399843,0.043571196
7269,A,A,0.99003875,0.0017239391,0.008237342
7270,B,A,0.41906238,0.4115376,0.16939998
7271,A,A,0.79112655,0.03930219,0.1695713
7272,B,B,0.032229993,0.95432097,0.013449101
7273,C,C,0.39443898,0.13887143,0.46668953
7274,C,C,0.20997103,0.06551584,0.72451305
7275,B,B,0.08184879,0.68007797,0.23807323
7276,B,B,0.08949713,0.8600465,0.050456446
7277,B,B,0.024374485,0.9626424,0.012983129
7278,C,C,0.049569447,0.11861409,0.8318165
7279,B,B,0.06178826,0.9012658,0.03694585
7280,B,B,0.2746118,0.5590202,0.16636804
7281,A,A,0.99234277,0.0015904602,0.0060666944
7282,B,B,0.025405891,0.9336261,0.040968094
7283,C,C,0.14825445,0.15633242,0.69541305
7284,C,A,0.72846204,0.041989382,0.2295486
7285,C,A,0.6193586,0.017981146,0.36266023
7286,C,C,0.2714712,0.07174661,0.65678227
7287,B,B,0.03126845,0.91153514,0.05719639
7288,C,C,0.05558703,0.1876756,0.7567374
7289,C,C,0.1042153,0.11211435,0.78367037
7290,A,A,0.9668256,0.0039114505,0.029263025
7291,C,C,0.40983027,0.10664985,0.4835199
7292,B,B,0.23203662,0.39615384,0.3718095
7293,B,B,0.20161393,0.6482614,0.15012467
7294,A,A,0.91092163,0.018933833,0.07014451
7295,B,B,0.16164921,0.74605227,0.092298485
7296,B,A,0.7897687,0.061500046,0.14873125
7297,B,B,0.10644421,0.854259,0.03929683
7298,A,A,0.81967634,0.096472986,0.08385068
7299,A,A,0.98472136,0.0034328825,0.01184576
7300,A,A,0.90872806,0.01482385,0.0764481
7301,C,A,0.60967946,0.049699727,0.34062082
7302,C,C,0.23739037,0.054226186,0.70838344
7303,C,C,0.2359777,0.10000051,0.6640218
7304,A,A,0.75460416,0.069099806,0.17629595
7305,A,A,0.9833161,0.004163177,0.012520664
7306,B,B,0.12407993,0.81645226,0.05946782
7307,A,A,0.9620554,0.007934206,0.030010419
7308,A,A,0.77652925,0.048189938,0.17528082
7309,C,A,0.5044417,0.08639179,0.40916646
7310,A,A,0.9444963,0.010189743,0.045314
7311,B,B,0.10467382,0.62255865,0.27276754
7312,B,B,0.3057641,0.45533293,0.238903
7313,B,B,0.08982751,0.82792014,0.08225235
7314,B,B,0.02237541,0.93229866,0.045325898
7315,C,A,0.59119153,0.122132264,0.28667626
7316,A,A,0.89120585,0.03686694,0.07192716
7317,C,C,0.18622491,0.118337184,0.6954379
7318,A,A,0.48758227,0.35146227,0.16095543
7319,B,B,0.043541417,0.87380075,0.08265779
7320,A,A,0.8731434,0.031582505,0.0952741
7321,A,B,0.066124976,0.9033374,0.03053769
7322,A,A,0.9860321,0.0029645693,0.011003314
7323,B,B,0.022034723,0.961175,0.016790243
7324,C,C,0.16207735,0.38171592,0.45620668
7325,C,C,0.06679651,0.08745332,0.8457501
7326,B,B,0.026822092,0.9349085,0.038269423
7327,A,A,0.7846035,0.019668894,0.19572763
7328,A,A,0.9900081,0.0019470056,0.008044788
7329,C,C,0.089244545,0.16388512,0.74687034
7330,A,A,0.9924629,0.0012349173,0.0063021784
7331,A,A,0.9489599,0.007328316,0.043711763
7332,C,C,0.058746655,0.40419534,0.53705806
7333,B,B,0.061909713,0.8977787,0.040311567
7334,B,B,0.017131468,0.9672047,0.01566383
7335,B,B,0.09587424,0.8628471,0.041278712
7336,B,A,0.6069157,0.21482018,0.17826413
7337,C,C,0.1117779,0.059192076,0.82903
7338,C,C,0.3674567,0.13012776,0.50241554
7339,C,C,0.10203301,0.37225106,0.5257159
7340,B,A,0.64926434,0.22955175,0.121184014
7341,A,A,0.7537592,0.05904429,0.18719651
7342,C,C,0.046388406,0.06704487,0.88656676
7343,A,A,0.7416371,0.0854952,0.17286767
7344,A,A,0.8723193,0.020836776,0.10684386
7345,B,B,0.029692614,0.9069236,0.06338379
7346,A,A,0.47294134,0.42124465,0.10581404
7347,C,C,0.08087767,0.18137139,0.737751
7348,C,C,0.18214339,0.30810434,0.5097522
7349,B,B,0.16664909,0.76835674,0.0649942
7350,B,B,0.12188898,0.77111787,0.10699309
7351,C,B,0.1530773,0.53796935,0.30895337
7352,C,C,0.23884502,0.06435114,0.6968038
7353,A,A,0.9808653,0.0035505262,0.015584147
7354,A,A,0.9854117,0.001936093,0.012652176
7355,A,A,0.9735396,0.0072888844,0.019171635
7356,C,C,0.08626962,0.095108,0.8186224
7357,C,C,0.09657011,0.14100735,0.7624226
7358,B,B,0.12041914,0.81905043,0.060530424
7359,A,A,0.9732824,0.0072698174,0.019447746
7360,A,C,0.20845371,0.3764604,0.41508585
7361,C,C,0.18139862,0.12212782,0.69647354
7362,C,C,0.0584451,0.07943407,0.8621208
7363,B,B,0.009573139,0.97840184,0.012025037
7364,A,A,0.8965369,0.025314562,0.07814854
7365,A,A,0.92754525,0.008835577,0.06361914
7366,A,A,0.91326594,0.02233107,0.06440304
7367,C,C,0.06324776,0.11361206,0.82314014
7368,A,A,0.95197016,0.009378397,0.03865146
7369,A,B,0.14605427,0.70401084,0.14993489
7370,B,B,0.03513036,0.9436058,0.021263907
7371,A,A,0.98894227,0.0013534839,0.009704162
7372,B,B,0.02224005,0.96475595,0.01300403
7373,B,B,0.0814361,0.8865297,0.0320342
7374,B,B,0.031251784,0.9369427,0.031805445
7375,A,A,0.97279716,0.0047138804,0.0224889
7376,B,B,0.21225101,0.7188764,0.06887258
7377,A,A,0.9326608,0.011106638,0.056232523
7378,A,A,0.93063325,0.019815534,0.049551215
7379,A,A,0.96329314,0.0067959786,0.029910928
7380,A,A,0.98515147,0.0020615403,0.012786973
7381,A,A,0.9678637,0.0062215724,0.025914734
7382,B,B,0.12704355,0.73290205,0.1400543
7383,C,B,0.11092076,0.5894877,0.29959148
7384,A,A,0.9710074,0.0048119584,0.024180545
7385,C,C,0.06576655,0.1104139,0.8238196
7386,A,A,0.94370615,0.011871274,0.044422504
7387,A,A,0.8966775,0.041769505,0.061552994
7388,A,A,0.8056304,0.0056212326,0.18874837
7389,C,C,0.1330803,0.053615723,0.813304
7390,C,B,0.21634966,0.6737772,0.10987305
7391,B,B,0.10434038,0.83319026,0.062469397
7392,C,C,0.21778761,0.065721765,0.7164906
7393,B,B,0.14086959,0.70258254,0.15654787
7394,C,C,0.035066627,0.07974805,0.8851853
7395,B,B,0.033897974,0.9489691,0.017132884
7396,C,C,0.15089865,0.031181704,0.8179196
7397,B,B,0.095165245,0.8319978,0.07283694
7398,B,B,0.14597966,0.7981454,0.05587496
7399,A,A,0.9702968,0.0048942603,0.024808878
7400,C,B,0.15745126,0.57087004,0.27167863
7401,C,C,0.09156324,0.03951131,0.86892545
7402,A,A,0.9424502,0.0152081335,0.042341728
7403,C,C,0.083628885,0.06820959,0.84816146
7404,B,B,0.025847165,0.9569017,0.017251182
7405,C,A,0.5151871,0.21653293,0.26827994
7406,C,C,0.13267252,0.04911192,0.8182156
7407,C,C,0.2569418,0.0948987,0.64815944
7408,C,B,0.0140683865,0.9748991,0.011032536
7409,A,A,0.5784785,0.26499417,0.1565274
7410,B,B,0.1028719,0.8230241,0.074103944
7411,C,C,0.08732484,0.3814637,0.5312115
7412,B,B,0.045270942,0.91832924,0.036399744
7413,A,A,0.90116876,0.024607413,0.07422381
7414,A,A,0.9590172,0.011179364,0.029803451
7415,C,A,0.56679285,0.076934,0.35627317
7416,B,B,0.10376769,0.5822266,0.31400573
7417,A,B,0.32321674,0.47309402,0.20368919
7418,C,B,0.09436944,0.59171313,0.31391746
7419,A,A,0.64298815,0.23253183,0.12447999
7420,A,A,0.9718829,0.0025228886,0.025594141
7421,A,A,0.9406859,0.015031501,0.04428254
7422,C,C,0.14513929,0.11499658,0.7398642
7423,A,C,0.34065616,0.0831885,0.57615536
7424,C,A,0.3583142,0.32183,0.31985584
7425,B,B,0.026009642,0.9462093,0.027781047
7426,A,A,0.9180837,0.016952379,0.064964
7427,A,A,0.9770588,0.0037050413,0.019236134
7428,B,B,0.032169525,0.9417501,0.02608035
7429,A,A,0.84855115,0.015416208,0.1360326
7430,C,B,0.16857186,0.6611547,0.17027345
7431,C,C,0.24078673,0.15687159,0.60234165
7432,A,A,0.6707193,0.19338466,0.13589604
7433,B,B,0.022583766,0.9649111,0.01250505
7434,B,B,0.061883647,0.8341511,0.10396527
7435,C,C,0.20240821,0.29685226,0.50073946
7436,C,C,0.041228138,0.16158263,0.7971892
7437,C,C,0.04631174,0.05811068,0.89557755
7438,A,A,0.9926186,0.00059582025,0.0067856233
7439,B,A,0.7576818,0.15621284,0.08610537
7440,C,A,0.53520155,0.19413553,0.27066296
7441,B,B,0.05224052,0.9216633,0.02609615
7442,B,B,0.16044313,0.74698144,0.09257544
7443,C,C,0.11013629,0.19709232,0.6927714
7444,A,A,0.83793503,0.05460243,0.10746242
7445,C,C,0.08750521,0.08407696,0.82841784
7446,A,A,0.9869065,0.0022082983,0.010885206
7447,A,A,0.7152063,0.054292988,0.23050061
7448,B,B,0.025480716,0.95449275,0.020026473
7449,C,C,0.03562275,0.22687204,0.7375052
7450,C,B,0.03303622,0.7786205,0.18834326
7451,A,A,0.55423236,0.04530658,0.40046108
7452,C,B,0.19910918,0.47035193,0.33053896
7453,C,C,0.084999144,0.07531067,0.83969027
7454,B,B,0.05450971,0.8640809,0.08140941
7455,C,C,0.12447698,0.07513832,0.8003847
7456,B,B,0.020078741,0.94593805,0.033983156
7457,C,C,0.08827344,0.049899355,0.8618272
7458,C,C,0.42848882,0.022944376,0.5485668
7459,A,A,0.87643397,0.026308669,0.09725739
7460,C,C,0.3334385,0.037384376,0.6291771
7461,B,B,0.022379298,0.9057226,0.07189808
7462,C,C,0.336117,0.14995362,0.51392937
7463,A,A,0.9415064,0.018768461,0.039725132
7464,B,B,0.0540246,0.9245103,0.021465126
7465,C,C,0.1422089,0.3489957,0.5087954
7466,C,B,0.10316217,0.49889463,0.39794317
7467,C,A,0.5969388,0.049198065,0.35386312
7468,C,C,0.14326885,0.07839984,0.7783314
7469,C,C,0.116229266,0.11072913,0.77304155
7470,B,B,0.1773179,0.6943235,0.12835862
7471,C,C,0.024797536,0.038512923,0.9366895
7472,A,A,0.95357025,0.0085149305,0.037914842
7473,C,C,0.25504887,0.025551198,0.7193999
7474,C,C,0.13380419,0.052198496,0.8139973
7475,A,A,0.8539261,0.012886185,0.13318771
7476,C,A,0.49950635,0.103717476,0.39677614
7477,B,B,0.1684074,0.7658316,0.06576108
7478,A,A,0.87489736,0.01905611,0.10604648
7479,A,A,0.69112337,0.06220678,0.24666983
7480,B,B,0.014286732,0.96095634,0.024756977
7481,A,A,0.8884748,0.04284956,0.06867554
7482,C,C,0.20772359,0.052910283,0.7393662
7483,B,B,0.02712748,0.95725703,0.0156154325
7484,B,B,0.10719241,0.76372606,0.12908155
7485,C,B,0.18228276,0.49115908,0.32655817
7486,C,A,0.66911346,0.12767084,0.20321572
7487,B,B,0.03675615,0.915307,0.047936864
7488,A,A,0.735877,0.028686713,0.23543635
7489,B,C,0.14672847,0.31360903,0.53966254
7490,B,B,0.122490376,0.84188753,0.035622068
7491,C,C,0.06324648,0.04957728,0.8871762
7492,C,A,0.8270803,0.020547347,0.15237242
7493,C,C,0.2797467,0.06677138,0.65348196
7494,A,A,0.9595462,0.00908296,0.031370766
7495,A,C,0.13550882,0.1065963,0.7578949
7496,C,C,0.098768614,0.035545666,0.8656857
7497,C,C,0.2168599,0.17057562,0.6125645
7498,A,A,0.9786145,0.001931103,0.019454474
7499,B,B,0.029798083,0.95478237,0.0154195335
7500,A,A,0.96894985,0.007462638,0.023587463
7501,C,A,0.60925,0.023268724,0.3674813
7502,B,B,0.0094129,0.97639537,0.014191796
7503,B,B,0.13816978,0.7927716,0.06905866
7504,B,B,0.05285981,0.76821834,0.17892182
7505,C,A,0.82680464,0.024565678,0.14862964
7506,C,C,0.06776826,0.24494962,0.6872821
7507,B,B,0.06914926,0.84539324,0.08545755
7508,B,B,0.03805685,0.908501,0.05344213
7509,B,B,0.17902067,0.78019446,0.040784933
7510,C,C,0.35172,0.1900619,0.4582181
7511,A,B,0.41408843,0.4793156,0.10659598
7512,B,C,0.062760085,0.33250415,0.6047358
7513,C,C,0.14206624,0.12315959,0.7347742
7514,B,A,0.8506154,0.05877651,0.090608105
7515,B,B,0.07382694,0.8927436,0.033429503
7516,A,A,0.93353385,0.024518149,0.04194804
7517,C,C,0.07458766,0.44831985,0.47709247
7518,A,A,0.943967,0.011669059,0.04436393
7519,B,B,0.14023,0.7485901,0.111179836
7520,C,C,0.06993808,0.10879159,0.82127035
7521,C,C,0.1873475,0.13927202,0.67338043
7522,C,C,0.18201564,0.07692923,0.74105513
7523,A,A,0.9205688,0.029780975,0.049650215
7524,A,A,0.96439815,0.0068796473,0.028722266
7525,A,A,0.95139503,0.0075566303,0.04104837
7526,B,B,0.01024988,0.9700015,0.019748617
7527,A,A,0.98325884,0.0030861,0.013655089
7528,A,A,0.93028307,0.016795058,0.05292197
7529,C,C,0.17391579,0.119609,0.70647526
7530,A,A,0.9919327,0.0014036433,0.006663698
7531,A,A,0.89192367,0.02691399,0.081162356
7532,A,A,0.8954807,0.019555133,0.08496418
7533,B,B,0.06859901,0.74012816,0.1912728
7534,A,A,0.93419266,0.010553185,0.055254187
7535,C,C,0.20456049,0.037117846,0.75832164
7536,A,A,0.86144984,0.018207982,0.120342225
7537,B,B,0.060839158,0.8793408,0.05981995
7538,C,C,0.03303882,0.07462756,0.8923336
7539,C,C,0.18758713,0.11488369,0.6975292
7540,A,A,0.96147215,0.008024085,0.030503746
7541,B,B,0.07740954,0.88381016,0.038780298
7542,A,A,0.94504404,0.012336775,0.042619195
7543,C,C,0.21369368,0.023163266,0.76314306
7544,A,B,0.07390485,0.8531693,0.0729258
7545,B,B,0.030338867,0.95922524,0.010435871
7546,B,B,0.07584793,0.8643383,0.059813786
7547,B,A,0.7321552,0.05399359,0.2138512
7548,A,A,0.88710505,0.019633198,0.09326174
7549,B,C,0.10145961,0.174436,0.7241044
7550,B,B,0.0795357,0.87188864,0.04857567
7551,B,B,0.28078127,0.6533634,0.065855294
7552,C,C,0.09253148,0.09718073,0.8102878
7553,A,A,0.82537127,0.059889775,0.114739
7554,A,A,0.9641361,0.0050520655,0.03081183
7555,B,B,0.020467099,0.97038233,0.009150528
7556,C,C,0.15572836,0.14162469,0.7026469
7557,B,B,0.05632167,0.9041713,0.039507043
7558,B,B,0.103634246,0.8314349,0.06493092
7559,B,B,0.019213608,0.94327325,0.03751314
7560,C,B,0.05478358,0.5389522,0.40626422
7561,A,A,0.9514356,0.013867182,0.034697164
7562,B,B,0.056805514,0.9173847,0.02580975
7563,A,A,0.8686991,0.01658682,0.11471417
7564,C,C,0.072236,0.16584876,0.7619152
7565,C,C,0.33189616,0.09823845,0.5698654
7566,B,B,0.01643425,0.97049886,0.013066914
7567,B,A,0.58864665,0.19319892,0.21815445
7568,B,B,0.04625693,0.9298718,0.023871278
7569,C,C,0.17316248,0.11250788,0.71432966
7570,C,C,0.31602752,0.05693924,0.6270333
7571,A,A,0.9437609,0.0113256965,0.044913515
7572,C,A,0.44609863,0.324842,0.22905943
7573,A,B,0.07148225,0.89701694,0.03150093
7574,B,B,0.04509014,0.8956024,0.05930742
7575,B,B,0.082684085,0.87257725,0.044738572
7576,A,A,0.43493792,0.19159563,0.37346643
7577,A,A,0.97138155,0.0029243897,0.025694143
7578,C,C,0.33244735,0.23669177,0.43086094
7579,C,C,0.13160986,0.044221904,0.82416826
7580,B,B,0.054758348,0.9206575,0.024584053
7581,B,B,0.02379165,0.9464388,0.029769571
7582,C,C,0.4180096,0.07661421,0.5053762
7583,B,B,0.021799993,0.9662002,0.011999759
7584,C,C,0.104934804,0.424326,0.4707392
7585,B,B,0.027322318,0.7649332,0.20774445
7586,A,A,0.9876253,0.0025660463,0.009808698
7587,C,C,0.0532625,0.11810496,0.8286325
7588,B,B,0.116559885,0.8369508,0.046489306
7589,A,A,0.86361736,0.044396084,0.091986574
7590,A,A,0.7307142,0.033209592,0.23607615
7591,B,B,0.052147016,0.8057543,0.1420987
7592,C,C,0.047957074,0.17823067,0.7738123
7593,A,A,0.9490336,0.008358532,0.04260784
7594,B,B,0.058836054,0.8037883,0.13737561
7595,C,C,0.44611427,0.058593173,0.4952925
7596,B,B,0.11231281,0.75021785,0.1374693
7597,B,B,0.06393617,0.8730994,0.06296446
7598,C,C,0.032979887,0.07077274,0.8962473
7599,B,B,0.07470127,0.8303502,0.09494858
7600,B,B,0.21003217,0.6418357,0.14813212
7601,A,A,0.9741934,0.0028525626,0.022953998
7602,A,A,0.94313353,0.008124386,0.048741978
7603,A,A,0.9323858,0.019387607,0.048226602
7604,B,B,0.16109438,0.58194035,0.25696525
7605,C,C,0.4139581,0.119148806,0.46689308
7606,C,C,0.25251153,0.176392,0.5710964
7607,B,B,0.038655836,0.9255101,0.035834048
7608,A,A,0.9266242,0.010904908,0.062470917
7609,A,A,0.9586248,0.005462225,0.035913017
7610,A,A,0.8973845,0.015261267,0.0873542
7611,A,A,0.82434905,0.083489165,0.0921618
7612,A,A,0.8066884,0.07444376,0.11886782
7613,A,A,0.9305201,0.011907794,0.05757212
7614,C,C,0.07084167,0.031767495,0.8973909
7615,C,C,0.15355252,0.20699792,0.6394496
7616,B,B,0.08161401,0.8846575,0.03372854
7617,A,A,0.8889652,0.04052916,0.07050572
7618,A,A,0.7108467,0.18012786,0.1090255
7619,B,B,0.032182194,0.9346499,0.03316788
7620,B,C,0.34490487,0.30114737,0.3539478
7621,B,B,0.04081429,0.9343011,0.024884725
7622,A,A,0.9713119,0.005142953,0.023545196
7623,B,B,0.044529352,0.91168153,0.043789055
7624,A,A,0.58133274,0.09301974,0.3256475
7625,A,A,0.92515695,0.016745511,0.058097634
7626,B,B,0.080882154,0.8733753,0.04574258
7627,B,B,0.023509493,0.9280109,0.048479617
7628,B,B,0.3297306,0.57996434,0.090304956
7629,A,A,0.91006786,0.015436775,0.07449536
7630,C,C,0.3742991,0.06278659,0.56291425
7631,A,B,0.033678398,0.94494313,0.021378351
7632,C,C,0.053238727,0.06742676,0.87933445
7633,A,A,0.9840315,0.0021335704,0.013834954
7634,C,C,0.061349463,0.13121386,0.80743665
7635,C,C,0.05030908,0.17238905,0.7773019
7636,C,A,0.69144195,0.05399516,0.25456297
7637,C,C,0.1514004,0.056864824,0.79173476
7638,B,B,0.015548923,0.97517926,0.009271794
7639,C,C,0.19332477,0.101421155,0.7052541
7640,C,B,0.26001304,0.39996928,0.34001765
7641,A,C,0.4195407,0.06888554,0.51157373
7642,C,C,0.20971622,0.07446149,0.71582234
7643,C,B,0.02351254,0.7590788,0.21740863
7644,C,C,0.079047725,0.42593858,0.49501374
7645,A,A,0.98998976,0.0022100739,0.0078001386
7646,A,A,0.9059303,0.017668463,0.076401316
7647,C,C,0.15746489,0.04789482,0.79464036
7648,C,A,0.8298995,0.027908659,0.14219189
7649,A,A,0.8147049,0.024591342,0.16070375
7650,C,A,0.8944194,0.010573567,0.095007084
7651,C,A,0.47322688,0.06637914,0.460394
7652,B,B,0.18757926,0.72696906,0.08545171
7653,B,B,0.1435496,0.76384926,0.09260111
7654,A,A,0.5744459,0.22890045,0.1966536
7655,C,C,0.0868199,0.30188468,0.61129546
7656,C,C,0.18146762,0.1133109,0.7052215
7657,B,B,0.053237975,0.92416686,0.022595178
7658,B,B,0.015557121,0.9529347,0.03150818
7659,C,C,0.07443759,0.26960647,0.655956
7660,B,B,0.049932763,0.870475,0.07959223
7661,A,B,0.1542838,0.72276634,0.12294987
7662,C,B,0.049455732,0.51064473,0.4398995
7663,A,A,0.87092704,0.04580582,0.08326719
7664,B,B,0.08682817,0.87261,0.04056187
7665,B,B,0.03134847,0.8630862,0.105565205
7666,A,C,0.37360108,0.15387991,0.47251895
7667,B,B,0.0040441463,0.9920031,0.0039528757
7668,C,C,0.25845802,0.105766885,0.63577515
7669,A,A,0.9452559,0.007070621,0.04767345
7670,B,B,0.0824778,0.7209989,0.19652328
7671,A,A,0.98236185,0.0030633474,0.014574738
7672,C,A,0.7295147,0.021454155,0.24903113
7673,C,C,0.05082576,0.1403035,0.80887073
7674,B,B,0.09569469,0.76870817,0.1355972
7675,B,B,0.019234803,0.9687574,0.012007796
7676,B,B,0.1580684,0.7405427,0.10138884
7677,A,A,0.9713856,0.0035856601,0.025028761
7678,B,B,0.2750977,0.6466761,0.078226194
7679,B,B,0.11400486,0.8199028,0.06609236
7680,A,A,0.53633475,0.2568366,0.20682867
7681,C,C,0.107574634,0.26843607,0.62398934
7682,A,A,0.9219839,0.008949722,0.069066375
7683,B,B,0.10755261,0.82831055,0.06413684
7684,C,C,0.08603945,0.22010083,0.6938597
7685,C,A,0.7317399,0.03573642,0.23252365
7686,A,A,0.9700917,0.0071816985,0.02272652
7687,C,C,0.47479835,0.027796444,0.4974051
7688,C,C,0.09270333,0.24686338,0.66043323
7689,B,B,0.020232502,0.96728534,0.0124820955
7690,C,C,0.068126015,0.10328351,0.8285904
7691,A,A,0.97044104,0.0048814476,0.024677474
7692,B,B,0.02497967,0.9383426,0.036677748
7693,B,B,0.04555836,0.9113814,0.04306024
7694,C,A,0.6620503,0.055738766,0.28221092
7695,C,A,0.5893935,0.02876733,0.38183922
7696,A,A,0.88196546,0.045019016,0.07301549
7697,A,A,0.9603743,0.005403422,0.03422238
7698,B,B,0.016664986,0.9711178,0.01221711
7699,B,B,0.0751789,0.8885528,0.03626827
7700,B,B,0.02364082,0.96654665,0.009812606
7701,A,A,0.82457745,0.021210704,0.15421182
7702,A,A,0.5887621,0.025510862,0.38572696
7703,B,B,0.392186,0.5143513,0.09346265
7704,B,B,0.10218379,0.85869414,0.039122146
7705,A,C,0.2734035,0.12959076,0.5970057
7706,B,B,0.062422946,0.9088596,0.028717456
7707,C,C,0.072729796,0.057661023,0.8696091
7708,A,A,0.973142,0.004734461,0.02212345
7709,B,B,0.06994173,0.80067354,0.12938474
7710,C,A,0.5243394,0.022908252,0.4527524
7711,B,B,0.061765607,0.8953403,0.04289408
7712,B,B,0.10773043,0.79111135,0.10115812
7713,B,B,0.10217597,0.7301963,0.1676278
7714,B,B,0.019619137,0.85825986,0.12212098
7715,C,C,0.09200593,0.07642397,0.8315701
7716,B,B,0.15230593,0.7391739,0.10852023
7717,A,A,0.923725,0.011904174,0.06437087
7718,B,B,0.0073911576,0.9840879,0.008521039
7719,A,A,0.97028965,0.0062570777,0.023453336
7720,A,A,0.9663352,0.011234695,0.022430029
7721,C,C,0.15151218,0.10754849,0.7409394
7722,B,B,0.087165184,0.7342464,0.17858836
7723,C,B,0.12813434,0.64926815,0.22259751
7724,A,A,0.97440606,0.00514677,0.020447243
7725,C,C,0.09332734,0.17973658,0.72693604
7726,B,B,0.033772398,0.8266478,0.1395797
7727,C,C,0.17709044,0.22566149,0.5972481
7728,B,B,0.11884296,0.5901598,0.29099727
7729,C,C,0.32459676,0.069410816,0.60599244
7730,C,B,0.092783265,0.56392306,0.3432936
7731,B,B,0.011523178,0.9775268,0.010949962
7732,C,C,0.13497372,0.21761933,0.64740694
7733,A,A,0.8858469,0.034008432,0.08014461
7734,A,A,0.99008876,0.0016463407,0.008264852
7735,C,C,0.3361337,0.20501354,0.45885274
7736,A,A,0.7472546,0.1698841,0.0828613
7737,C,C,0.17678486,0.085016206,0.73819894
7738,A,A,0.98515433,0.0020151911,0.012830454
7739,A,A,0.9350241,0.009056079,0.055919763
7740,A,A,0.9601709,0.010657629,0.029171534
7741,B,B,0.080003574,0.8899393,0.030057142
7742,C,C,0.37165347,0.08221145,0.54613507
7743,A,A,0.96228206,0.009840286,0.02787762
7744,B,B,0.28469762,0.61001134,0.10529101
7745,C,C,0.024772568,0.049680963,0.92554647
7746,A,A,0.8729606,0.030254195,0.09678513
7747,C,C,0.12048843,0.062025942,0.8174856
7748,B,B,0.35887247,0.4835919,0.15753561
7749,B,B,0.016528841,0.96222794,0.02124318
7750,C,C,0.11414905,0.02564037,0.86021054
7751,A,A,0.9563415,0.012522274,0.031136202
7752,A,A,0.931068,0.017212993,0.051719066
7753,C,C,0.26429924,0.0496788,0.686022
7754,C,C,0.097087964,0.08124166,0.8216704
7755,B,B,0.011520432,0.9826931,0.0057865707
7756,A,A,0.6810522,0.13229826,0.1866495
7757,C,C,0.04157782,0.044091746,0.9143305
7758,B,B,0.07309551,0.8053065,0.12159802
7759,B,B,0.029279053,0.9370419,0.033678975
7760,A,A,0.880471,0.032134235,0.087394826
7761,A,B,0.19123112,0.73629034,0.07247855
7762,C,C,0.09599761,0.15758018,0.74642223
7763,C,C,0.03600951,0.19452249,0.769468
7764,C,C,0.08256958,0.089582495,0.82784796
7765,A,A,0.58756185,0.23639923,0.17603894
7766,B,A,0.9009096,0.022770742,0.07631968
7767,A,A,0.8051353,0.024212603,0.17065208
7768,C,C,0.14958096,0.16366278,0.6867563
7769,A,A,0.7196881,0.07610481,0.204207
7770,C,A,0.8070427,0.04085744,0.15209976
7771,C,C,0.20691976,0.3303921,0.46268812
7772,B,B,0.0838415,0.8160907,0.10006782
7773,A,A,0.9654399,0.004242897,0.030317247
7774,C,C,0.08976427,0.07839125,0.8318445
7775,A,A,0.89415956,0.025433099,0.08040738
7776,A,A,0.99461824,0.00082244974,0.0045592776
7777,B,B,0.019684985,0.9671777,0.0131371915
7778,A,A,0.985748,0.0025917839,0.011660237
7779,B,B,0.046787757,0.82126546,0.13194677
7780,A,A,0.9686904,0.0035460298,0.027763503
7781,B,B,0.045259405,0.6349833,0.3197573
7782,A,A,0.9793856,0.002137171,0.01847731
7783,B,B,0.033791535,0.931402,0.034806505
7784,C,B,0.03259589,0.63260853,0.33479553
7785,A,B,0.22683261,0.6286841,0.14448331
7786,A,A,0.9354375,0.011350162,0.053212326
7787,C,C,0.17819744,0.19578926,0.62601334
7788,C,C,0.08479366,0.15376577,0.7614406
7789,C,C,0.41440055,0.068843976,0.51675546
7790,C,C,0.16206832,0.18718842,0.6507433
7791,C,C,0.36195982,0.06152569,0.5765144
7792,B,B,0.059865057,0.9193488,0.02078622
7793,A,A,0.8331778,0.036505233,0.130317
7794,A,A,0.8836884,0.048191324,0.068120345
7795,A,A,0.85736156,0.05651004,0.08612845
7796,B,B,0.0421751,0.92785245,0.029972529
7797,C,A,0.6137087,0.1776588,0.20863254
7798,C,C,0.03377752,0.053098522,0.91312397
7799,A,A,0.63841665,0.1198517,0.24173175
7800,C,B,0.13410129,0.54449046,0.3214083
7801,B,B,0.23601754,0.62732464,0.1366579
7802,A,A,0.84906334,0.059550926,0.09138567
7803,A,A,0.97706705,0.0045579015,0.018375106
7804,B,B,0.0385703,0.7513399,0.21008982
7805,B,B,0.056022193,0.91205883,0.031918976
7806,B,B,0.19337891,0.6635349,0.14308622
7807,B,B,0.041639302,0.9354277,0.022932956
7808,A,A,0.88465106,0.01110126,0.104247704
7809,B,B,0.030012954,0.9439223,0.02606479
7810,B,B,0.064566955,0.9088091,0.026623992
7811,B,B,0.053777922,0.49295586,0.45326632
7812,A,A,0.8276548,0.010093062,0.16225222
7813,B,B,0.047532108,0.9330311,0.019436877
7814,C,C,0.104572445,0.13004571,0.7653819
7815,A,A,0.9332131,0.00474621,0.062040705
7816,C,C,0.2087874,0.09117002,0.70004255
7817,A,A,0.77849764,0.035766657,0.1857357
7818,C,A,0.8568326,0.028030736,0.1151367
7819,A,A,0.8479973,0.09010802,0.06189466
7820,A,A,0.9597326,0.0066329655,0.033634454
7821,C,C,0.23088554,0.035811316,0.7333031
7822,B,B,0.12188801,0.82769877,0.050413135
7823,B,B,0.13920896,0.7943104,0.06648057
7824,C,C,0.13712098,0.09014783,0.77273124
7825,A,A,0.9037679,0.019017922,0.077214174
7826,C,C,0.10602494,0.04778221,0.8461928
7827,C,A,0.58357525,0.083076715,0.3333481
7828,B,B,0.122249074,0.8292846,0.04846626
7829,A,A,0.9710844,0.0033806737,0.02553484
7830,B,B,0.07676405,0.8456581,0.07757788
7831,A,A,0.9352881,0.020724937,0.043986972
7832,B,A,0.46625277,0.41675946,0.116987824
7833,A,A,0.9215425,0.021053629,0.05740385
7834,B,A,0.7294573,0.14710034,0.123442315
7835,C,B,0.27902555,0.40304682,0.31792763
7836,B,B,0.029168097,0.9541413,0.016690616
7837,B,B,0.07623218,0.70880085,0.21496698
7838,C,C,0.21801695,0.20525326,0.5767298
7839,C,C,0.23772137,0.109003514,0.65327513
7840,C,A,0.6129439,0.087622106,0.299434
7841,C,C,0.057982508,0.28000137,0.6620161
7842,A,A,0.9820403,0.0029004328,0.015059192
7843,A,A,0.931618,0.021613661,0.04676834
7844,A,A,0.96041155,0.011568054,0.028020393
7845,B,B,0.032076504,0.8025542,0.16536933
7846,A,A,0.9903756,0.0011288901,0.008495527
7847,C,C,0.40880108,0.064784095,0.52641475
7848,C,C,0.07193953,0.14005864,0.78800184
7849,B,B,0.3195484,0.55542785,0.12502378
7850,C,C,0.07795428,0.27778786,0.6442579
7851,C,C,0.20117314,0.07496843,0.7238584
7852,C,B,0.048368756,0.743643,0.2079883
7853,C,C,0.26990962,0.033508077,0.6965823
7854,B,B,0.36628708,0.40718406,0.22652887
7855,A,A,0.9702936,0.0036531587,0.026053349
7856,B,B,0.03339175,0.9509257,0.015682586
7857,C,C,0.051287364,0.38992876,0.5587838
7858,A,B,0.32129478,0.59954256,0.079162605
7859,B,B,0.15432236,0.7601079,0.085569814
7860,A,A,0.9560017,0.003347628,0.040650696
7861,C,C,0.08865926,0.3130657,0.598275
7862,A,A,0.95755565,0.005740325,0.036704034
7863,B,B,0.15926181,0.7851061,0.05563197
7864,A,A,0.8220849,0.08113952,0.09677557
7865,B,B,0.13798574,0.72312874,0.13888553
7866,C,C,0.036339782,0.0270681,0.9365921
7867,A,A,0.9876797,0.0018037107,0.010516533
7868,C,A,0.6993623,0.14055923,0.16007851
7869,B,B,0.17252536,0.7144905,0.11298418
7870,C,C,0.18388091,0.07973694,0.7363822
7871,C,C,0.15281495,0.06664333,0.7805417
7872,B,B,0.0117719155,0.9805366,0.0076915245
7873,B,B,0.04063417,0.7601491,0.19921678
7874,A,A,0.78152996,0.07916722,0.13930285
7875,A,A,0.8634566,0.011856483,0.12468697
7876,A,B,0.109054826,0.7017235,0.18922165
7877,A,A,0.9307383,0.01806461,0.0511971
7878,B,B,0.0355874,0.9396575,0.024755048
7879,A,A,0.8083497,0.044008557,0.14764167
7880,A,A,0.9252527,0.01745535,0.057291985
7881,B,B,0.06797018,0.879855,0.052174866
7882,C,C,0.08118044,0.09120604,0.82761353
7883,A,B,0.1684531,0.7612306,0.07031637
7884,C,C,0.086694315,0.05875601,0.85454965
7885,B,B,0.0129336035,0.97849154,0.00857482
7886,A,A,0.8581842,0.031553563,0.11026226
7887,C,A,0.8697559,0.02220093,0.10804316
7888,A,A,0.9874072,0.0018436614,0.010749153
7889,C,C,0.12334427,0.10829085,0.76836485
7890,A,A,0.96925855,0.00769272,0.023048764
7891,B,B,0.19589615,0.73323816,0.0708657
7892,B,B,0.085412465,0.8713723,0.043215174
7893,B,B,0.037248075,0.9454928,0.017259022
7894,B,B,0.11717089,0.8242882,0.058540847
7895,A,A,0.9598645,0.0036323827,0.036503065
7896,C,C,0.062721565,0.09837699,0.8389014
7897,C,C,0.43601337,0.052395202,0.51159143
7898,A,A,0.7618332,0.09408429,0.14408252
7899,A,A,0.85405475,0.04653986,0.099405356
7900,A,A,0.945802,0.008152754,0.046045363
7901,B,B,0.008961021,0.97974384,0.011295133
7902,B,B,0.012306038,0.98138875,0.006305172
7903,B,B,0.20891166,0.695287,0.09580146
7904,A,A,0.9300566,0.021531641,0.048411824
7905,B,B,0.07437658,0.8972159,0.028407559
7906,B,B,0.023187729,0.9623431,0.014469182
7907,A,A,0.9525207,0.011207852,0.03627143
7908,A,A,0.70067483,0.039769962,0.25955528
7909,C,B,0.15635894,0.52559495,0.31804615
7910,C,C,0.020373246,0.07147642,0.9081503
7911,A,A,0.9575171,0.010198375,0.03228451
7912,A,A,0.98270905,0.0030201518,0.01427069
7913,B,B,0.19216783,0.7016256,0.10620663
7914,C,A,0.47303972,0.066600576,0.4603598
7915,B,B,0.07799477,0.88962364,0.03238168
7916,C,C,0.019649044,0.10960155,0.87074935
7917,B,B,0.24237645,0.64878565,0.10883785
7918,C,C,0.14187963,0.12894754,0.72917277
7919,B,B,0.12229484,0.7518578,0.12584728
7920,B,B,0.02249332,0.9495295,0.02797712
7921,C,C,0.14423412,0.08861528,0.76715064
7922,C,B,0.25081426,0.594364,0.15482175
7923,A,A,0.8608197,0.019514339,0.11966602
7924,C,C,0.18752751,0.08951701,0.72295547
7925,C,C,0.30910352,0.09707079,0.59382564
7926,B,B,0.3255693,0.43790922,0.23652144
7927,B,B,0.0560418,0.91204005,0.031918153
7928,A,A,0.72680205,0.1162873,0.15691067
7929,C,B,0.114036955,0.4560818,0.42988116
7930,A,A,0.8537627,0.053267505,0.092969686
7931,C,C,0.11842533,0.11172574,0.76984894
7932,C,C,0.09595629,0.114497125,0.7895466
7933,A,A,0.5360285,0.0706772,0.39329422
7934,A,A,0.98684233,0.0017831468,0.011374414
7935,C,B,0.055198528,0.8527121,0.09208944
7936,B,B,0.030377178,0.9222631,0.047359694
7937,C,A,0.67780083,0.032626487,0.28957278
7938,A,A,0.868068,0.014756177,0.117175795
7939,A,B,0.23166092,0.6814485,0.08689061
7940,B,A,0.57824886,0.3041135,0.11763752
7941,C,C,0.3994316,0.19267003,0.40789843
7942,B,B,0.021019584,0.7813474,0.19763301
7943,A,A,0.9443083,0.008246848,0.047444787
7944,A,A,0.9309345,0.019135,0.04993044
7945,A,A,0.98831356,0.0016941914,0.009992246
7946,A,A,0.9732853,0.0048081097,0.021906616
7947,C,A,0.62841195,0.02955782,0.3420303
7948,A,A,0.96983725,0.003939729,0.026222967
7949,C,A,0.4866619,0.027322132,0.4860159
7950,C,C,0.055271804,0.055537354,0.88919085
7951,C,C,0.051988296,0.18721999,0.7607917
7952,B,B,0.09069914,0.57568055,0.3336203
7953,B,B,0.17979316,0.7450816,0.07512523
7954,B,B,0.007980482,0.98634934,0.005670113
7955,C,A,0.40124366,0.35446307,0.24429327
7956,C,C,0.10935668,0.14752974,0.7431136
7957,B,B,0.15199791,0.76473147,0.08327065
7958,B,B,0.27027968,0.54045856,0.18926178
7959,B,B,0.0041596116,0.9932069,0.00263349
7960,B,A,0.6853652,0.119821556,0.19481324
7961,A,A,0.9407653,0.016643116,0.042591553
7962,C,C,0.24411179,0.12584886,0.63003933
7963,C,A,0.71020275,0.0627534,0.22704388
7964,C,C,0.04945328,0.29784432,0.6527024
7965,C,A,0.9246951,0.021137856,0.054167144
7966,B,A,0.41355947,0.28117403,0.30526647
7967,C,C,0.059487615,0.3696342,0.57087815
7968,B,B,0.047765404,0.9281204,0.024114199
7969,B,B,0.07773506,0.9000707,0.022194255
7970,B,B,0.054416064,0.9088878,0.036696136
7971,A,A,0.91890657,0.020703088,0.060390424
7972,B,B,0.109877706,0.8350502,0.05507211
7973,A,A,0.3562873,0.33783194,0.30588067
7974,A,A,0.82504314,0.04268395,0.1322729
7975,A,A,0.86405796,0.031078449,0.10486352
7976,C,C,0.097894385,0.06725454,0.8348511
7977,B,B,0.021633893,0.9192945,0.05907169
7978,C,C,0.24224064,0.006365578,0.75139374
7979,C,B,0.08848481,0.6770476,0.23446752
7980,C,C,0.07895036,0.24522908,0.6758206
7981,C,C,0.05529843,0.09053242,0.85416913
7982,C,B,0.03554171,0.60543275,0.35902554
7983,C,C,0.23954323,0.032423925,0.7280329
7984,A,A,0.9653319,0.006710442,0.027957661
7985,B,B,0.070915334,0.8871348,0.04194995
7986,B,B,0.12503983,0.80197024,0.07299001
7987,C,C,0.16637453,0.19121629,0.6424092
7988,B,B,0.034105793,0.9337976,0.03209672
7989,A,A,0.9336445,0.013903622,0.052451957
7990,A,A,0.969191,0.010043,0.020765927
7991,B,B,0.014274905,0.9760148,0.009710295
7992,C,B,0.12524363,0.66906095,0.2056954
7993,A,A,0.8451115,0.014192339,0.14069612
7994,A,A,0.916661,0.029042881,0.054296073
7995,B,A,0.6309851,0.2503159,0.118698955
7996,B,B,0.007813737,0.9881734,0.004012895
7997,C,C,0.052436434,0.47271445,0.4748492
7998,B,B,0.093718685,0.85233283,0.053948417
7999,A,B,0.3748551,0.4466333,0.17851155
8000,B,B,0.20995145,0.7162398,0.07380865
8001,C,C,0.16609697,0.03388278,0.8000203
8002,A,C,0.4667455,0.059257384,0.47399715
8003,C,C,0.14145353,0.027497057,0.83104944
8004,B,B,0.01310332,0.95742875,0.029467959
8005,C,C,0.11179306,0.23069113,0.6575158
8006,C,C,0.043392953,0.042240486,0.91436654
8007,A,C,0.0911104,0.22770187,0.6811877
8008,B,A,0.9194327,0.022133522,0.05843378
8009,C,A,0.73010683,0.031726222,0.23816694
8010,C,C,0.08592895,0.09642074,0.8176503
8011,A,A,0.86385304,0.07355478,0.062592134
8012,C,C,0.2942828,0.078537576,0.6271796
8013,C,A,0.6649522,0.03428127,0.30076647
8014,A,A,0.74982333,0.07774913,0.17242756
8015,A,A,0.9791711,0.0044134045,0.01641542
8016,A,A,0.52724403,0.19338086,0.27937514
8017,A,A,0.8544351,0.055588838,0.089976
8018,C,C,0.16988762,0.08747894,0.7426334
8019,C,C,0.06671989,0.062880754,0.87039936
8020,A,A,0.924207,0.01195829,0.063834734
8021,A,A,0.93193483,0.021334928,0.046730198
8022,B,B,0.044375826,0.92407554,0.031548537
8023,C,C,0.13058771,0.23667918,0.6327331
8024,B,B,0.026832588,0.9129364,0.060230993
8025,C,C,0.076768436,0.36602694,0.5572046
8026,A,A,0.9748776,0.004146439,0.020976022
8027,B,B,0.09815464,0.84624153,0.055603776
8028,C,A,0.48244962,0.07072981,0.44682053
8029,A,B,0.32117626,0.41336486,0.26545888
8030,C,C,0.053159643,0.09778833,0.84905195
8031,C,C,0.1917377,0.09113712,0.71712524
8032,C,A,0.81340206,0.033885125,0.15271279
8033,A,A,0.9314216,0.01167197,0.056906395
8034,C,C,0.061050795,0.037438568,0.90151066
8035,B,B,0.019941673,0.956256,0.02380236
8036,B,B,0.116107516,0.8353693,0.048523232
8037,C,C,0.14273965,0.10936414,0.7478962
8038,C,C,0.4345162,0.038146153,0.5273377
8039,A,A,0.9377929,0.02031473,0.04189246
8040,B,B,0.09069719,0.8080015,0.101301275
8041,C,C,0.03659141,0.014427721,0.9489809
8042,B,B,0.03874641,0.92145616,0.039797425
8043,A,A,0.9595096,0.00928451,0.03120584
8044,A,A,0.8832728,0.047118235,0.06960888
8045,C,C,0.05300815,0.06768337,0.87930846
8046,C,C,0.1162627,0.053934887,0.82980245
8047,B,B,0.24818541,0.59193784,0.15987675
8048,B,B,0.02977842,0.9465774,0.023644103
8049,C,C,0.057077944,0.11721714,0.82570493
8050,A,A,0.96940887,0.005223983,0.025367176
8051,B,B,0.06513841,0.89729065,0.03757098
8052,C,C,0.1562811,0.053274173,0.79044473
8053,C,C,0.043983463,0.14125006,0.8147665
8054,B,B,0.04170402,0.93087095,0.027424995
8055,B,B,0.07731985,0.89119035,0.031489793
8056,A,A,0.96463436,0.0048427763,0.030522786
8057,A,A,0.80113465,0.01800347,0.18086189
8058,C,C,0.40831342,0.022995042,0.5686915
8059,B,A,0.7500765,0.028221762,0.22170177
8060,C,C,0.041374203,0.080669016,0.87795675
8061,A,A,0.96726346,0.0029791154,0.02975747
8062,B,B,0.037458,0.91558456,0.04695739
8063,B,B,0.061980758,0.91349727,0.02452191
8064,B,B,0.18500485,0.5546245,0.26037067
8065,A,A,0.95653975,0.010790895,0.032669377
8066,B,B,0.14170974,0.6590013,0.19928893
8067,B,B,0.073424466,0.87919134,0.047384214
8068,C,C,0.056115784,0.15707532,0.7868089
8069,A,A,0.64153796,0.20531665,0.15314542
8070,A,A,0.6475025,0.08757717,0.26492035
8071,A,B,0.14213759,0.7982231,0.05963933
8072,A,A,0.9835603,0.0022502905,0.014189388
8073,C,B,0.13837019,0.7754624,0.086167455
8074,C,A,0.5159511,0.12212352,0.36192548
8075,B,B,0.05180491,0.9163143,0.031880748
8076,C,C,0.056046896,0.019556208,0.92439693
8077,C,C,0.1071763,0.11512163,0.777702
8078,B,B,0.02552757,0.93100154,0.0434709
8079,B,B,0.014348311,0.974394,0.011257673
8080,A,B,0.26862717,0.59793717,0.13343568
8081,C,A,0.6873361,0.088584274,0.22407958
8082,A,A,0.982973,0.0030690175,0.01395799
8083,B,B,0.02601867,0.95152605,0.022455327
8084,A,A,0.8742163,0.041476093,0.08430757
8085,C,C,0.095403306,0.040231626,0.8643651
8086,A,A,0.96405226,0.0032107949,0.03273696
8087,C,C,0.06014103,0.45788088,0.4819781
8088,B,B,0.11970998,0.5993511,0.2809389
8089,B,B,0.024203483,0.9595212,0.016275382
8090,A,A,0.83813274,0.012331777,0.1495355
8091,B,B,0.014672547,0.9449362,0.040391184
8092,B,B,0.34240532,0.54462886,0.11296579
8093,B,B,0.09431043,0.8486905,0.05699906
8094,B,B,0.019029489,0.96649677,0.014473807
8095,A,A,0.89482725,0.01961332,0.08555951
8096,C,B,0.056946594,0.58812565,0.35492772
8097,A,A,0.91978467,0.024233073,0.055982247
8098,B,B,0.16757984,0.49288517,0.33953503
8099,B,B,0.021458888,0.9652062,0.013334995
8100,A,A,0.959311,0.010532393,0.030156493
8101,A,A,0.9163496,0.017801886,0.06584849
8102,A,B,0.15106533,0.7826511,0.06628351
8103,B,B,0.0685325,0.8300018,0.1014657
8104,A,A,0.96484727,0.008928043,0.026224772
8105,A,A,0.8686058,0.030682934,0.1007113
8106,A,A,0.9650645,0.006257066,0.028678467
8107,B,B,0.035186537,0.9414789,0.023334635
8108,B,B,0.14697014,0.79456514,0.05846468
8109,A,B,0.38101003,0.49973294,0.119257055
8110,C,A,0.58134127,0.041047398,0.3776113
8111,B,B,0.23755452,0.67786807,0.08457737
8112,C,C,0.08637633,0.2579254,0.6556983
8113,B,B,0.07775826,0.61790776,0.30433393
8114,A,A,0.91667134,0.005851816,0.07747677
8115,C,A,0.68370175,0.059068054,0.25723025
8116,C,C,0.096132204,0.036941186,0.8669266
8117,C,B,0.2312595,0.39500734,0.37373322
8118,C,A,0.95498365,0.006122798,0.03889355
8119,A,A,0.47890973,0.121097535,0.39999273
8120,C,A,0.8929281,0.0153440125,0.09172782
8121,C,A,0.56395286,0.067590795,0.3684563
8122,A,A,0.93031275,0.028978642,0.04070855
8123,A,A,0.91381633,0.031549506,0.05463413
8124,A,A,0.8775519,0.03483243,0.087615706
8125,A,A,0.96184754,0.013475728,0.024676723
8126,B,B,0.119416185,0.791006,0.08957776
8127,B,B,0.11273242,0.7919248,0.09534276
8128,A,A,0.9732468,0.004029307,0.022723949
8129,B,B,0.045904912,0.8591389,0.094956264
8130,C,A,0.7648916,0.013666892,0.22144142
8131,C,C,0.115541115,0.37715772,0.5073012
8132,B,B,0.1309434,0.7740821,0.09497453
8133,A,A,0.91425604,0.032253385,0.053490587
8134,A,A,0.9872593,0.0023968103,0.010343942
8135,A,A,0.79544365,0.044304803,0.16025151
8136,C,C,0.114276774,0.06358467,0.8221385
8137,B,B,0.10593409,0.726264,0.1678019
8138,C,C,0.10512879,0.062284846,0.83258635
8139,A,A,0.8897603,0.020465266,0.089774415
8140,A,A,0.85934,0.04924535,0.09141465
8141,A,A,0.6828651,0.072175585,0.24495932
8142,C,C,0.071956605,0.097395234,0.8306482
8143,C,C,0.3626889,0.08810362,0.5492075
8144,A,A,0.5565841,0.10322673,0.34018907
8145,B,B,0.10715582,0.8446694,0.048174776
8146,B,B,0.03331999,0.95470804,0.011971979
8147,C,A,0.44842896,0.17376854,0.37780246
8148,C,A,0.53613716,0.24980351,0.21405926
8149,B,B,0.11287425,0.8384627,0.04866313
8150,B,B,0.045754645,0.9172366,0.0370087
8151,C,C,0.022147352,0.057621203,0.92023146
8152,A,A,0.8787161,0.008135573,0.113148324
8153,A,A,0.92293674,0.024129836,0.0529334
8154,C,C,0.04737666,0.016744563,0.93587875
8155,A,A,0.55801225,0.2528986,0.18908918
8156,B,B,0.054801412,0.7641746,0.18102403
8157,C,C,0.124339625,0.12309273,0.75256765
8158,B,B,0.032819726,0.944172,0.023008183
8159,A,A,0.99262756,0.001455805,0.0059166634
8160,C,C,0.066534966,0.09909611,0.8343689
8161,B,A,0.46353972,0.4088947,0.12756558
8162,B,B,0.026935486,0.92888707,0.044177543
8163,C,B,0.0788954,0.7645995,0.15650503
8164,C,A,0.55391794,0.16675383,0.2793283
8165,A,A,0.89811826,0.025910651,0.07597102
8166,C,C,0.27195397,0.08494016,0.64310586
8167,C,C,0.22705838,0.098877884,0.67406374
8168,A,A,0.93648905,0.009714621,0.0537963
8169,A,A,0.9033629,0.021683397,0.0749537
8170,B,B,0.032093,0.9412639,0.026643109
8171,B,C,0.19690752,0.29929402,0.5037984
8172,B,B,0.017669588,0.9729013,0.0094290795
8173,C,A,0.7878044,0.017860759,0.1943348
8174,C,C,0.15503733,0.13702826,0.70793444
8175,A,A,0.90554065,0.013942265,0.080517106
8176,C,C,0.027718512,0.1540851,0.8181964
8177,A,C,0.15774107,0.08637401,0.7558849
8178,C,C,0.39347145,0.040039472,0.5664891
8179,B,B,0.0114548765,0.97632843,0.012216746
8180,C,C,0.04772265,0.3996626,0.55261475
8181,A,A,0.7638895,0.110363334,0.12574723
8182,B,B,0.33018523,0.5900927,0.07972193
8183,C,C,0.09616517,0.13235343,0.77148145
8184,A,A,0.90462184,0.018456034,0.076922156
8185,A,A,0.96874833,0.008002969,0.02324865
8186,A,A,0.95674926,0.010067804,0.033182915
8187,C,C,0.17617616,0.049701262,0.77412254
8188,A,A,0.91329515,0.038061768,0.04864305
8189,B,B,0.043773614,0.79981196,0.15641436
8190,A,A,0.9724999,0.008726003,0.018774059
8191,A,A,0.8979036,0.02285207,0.07924436
8192,A,A,0.79782265,0.103077136,0.0991002
8193,A,A,0.8152729,0.10451039,0.08021676
8194,B,B,0.025232673,0.9344552,0.040312104
8195,B,B,0.031946395,0.941594,0.026459644
8196,A,A,0.9618825,0.006003492,0.032113973
8197,C,C,0.027845057,0.16519696,0.806958
8198,B,B,0.06723076,0.87749124,0.055278033
8199,A,A,0.54435384,0.14348482,0.31216133
8200,A,A,0.95354295,0.00867868,0.0377784
8201,A,A,0.88463956,0.046112143,0.06924834
8202,C,C,0.3278015,0.053854648,0.6183439
8203,C,A,0.5123035,0.09854298,0.38915345
8204,A,A,0.94546354,0.0050003785,0.049536027
8205,A,A,0.96530414,0.0043781046,0.030317716
8206,C,C,0.04921407,0.12848467,0.82230127
8207,B,B,0.3081812,0.60962117,0.08219764
8208,B,B,0.05849705,0.8291849,0.112318054
8209,A,A,0.91603494,0.013334369,0.07063073
8210,C,C,0.03258457,0.051256917,0.91615844
8211,C,C,0.051218387,0.1853584,0.7634232
8212,B,A,0.47432053,0.36377043,0.16190904
8213,B,A,0.4580503,0.42606282,0.11588681
8214,B,B,0.11508581,0.7431575,0.14175671
8215,C,C,0.34050432,0.09002606,0.56946963
8216,A,A,0.9516925,0.010707914,0.037599534
8217,A,A,0.92614853,0.010322335,0.063529134
8218,A,A,0.93551755,0.014256927,0.050225526
8219,C,C,0.31993473,0.064821966,0.6152434
8220,C,C,0.046554767,0.11663856,0.8368067
8221,A,A,0.7983992,0.01905328,0.1825475
8222,B,B,0.09203591,0.87299925,0.03496483
8223,C,C,0.48806012,0.022149447,0.48979047
8224,A,B,0.18035726,0.7695449,0.05009786
8225,B,B,0.050854057,0.8917163,0.057429686
8226,C,C,0.23081571,0.31769443,0.4514899
8227,C,C,0.058867883,0.048764873,0.89236724
8228,B,B,0.026455466,0.90810156,0.06544294
8229,B,B,0.11243169,0.849089,0.03847935
8230,C,C,0.16885906,0.07653872,0.7546022
8231,B,B,0.015155733,0.97172236,0.0131219365
8232,B,B,0.02062508,0.9711573,0.008217633
8233,C,C,0.033960763,0.22504498,0.7409943
8234,C,C,0.16993271,0.0826357,0.7474315
8235,B,C,0.17392403,0.31463084,0.5114451
8236,C,C,0.3291873,0.04743584,0.62337685
8237,A,A,0.72890973,0.015013619,0.25607663
8238,A,A,0.8204139,0.07561559,0.10397052
8239,B,B,0.04708118,0.85394835,0.098970436
8240,C,A,0.5487788,0.0772934,0.37392786
8241,C,C,0.37268278,0.04702574,0.5802915
8242,A,A,0.76188153,0.12390884,0.114209644
8243,A,A,0.8375494,0.054451074,0.10799962
8244,A,A,0.8772561,0.029953627,0.0927903
8245,C,B,0.28881168,0.47915074,0.23203759
8246,C,B,0.021727817,0.8355053,0.1427668
8247,A,A,0.822086,0.07422245,0.1036915
8248,C,C,0.1069718,0.050017316,0.84301096
8249,A,A,0.9861574,0.0031274538,0.010715167
8250,C,B,0.08183656,0.861417,0.056746405
8251,B,B,0.13513406,0.8132375,0.05162854
8252,A,A,0.9797855,0.003286515,0.016927948
8253,A,A,0.6855922,0.016787617,0.2976202
8254,B,B,0.031126387,0.94187194,0.027001726
8255,C,C,0.10228395,0.4029609,0.4947551
8256,A,A,0.8120331,0.06170287,0.126264
8257,B,B,0.30644011,0.48304725,0.21051264
8258,A,A,0.92890906,0.013053811,0.058037095
8259,C,C,0.037483413,0.14888546,0.8136312
8260,B,B,0.053596817,0.91676164,0.029641584
8261,C,C,0.05358578,0.07063122,0.875783
8262,B,B,0.01664063,0.9637584,0.019601004
8263,C,C,0.02696345,0.47802532,0.49501118
8264,C,C,0.19500603,0.096111424,0.7088825
8265,C,C,0.08897716,0.2217227,0.6893002
8266,B,A,0.5076728,0.3300272,0.16230011
8267,B,B,0.23430037,0.6947219,0.0709777
8268,C,C,0.08436714,0.19161709,0.72401583
8269,A,A,0.83719045,0.018457696,0.14435184
8270,C,B,0.09722531,0.6714968,0.23127784
8271,B,B,0.03567884,0.9324872,0.031834036
8272,A,A,0.9465878,0.010684804,0.042727377
8273,C,C,0.03537876,0.16832153,0.7962997
8274,B,B,0.061684534,0.8260943,0.11222118
8275,B,B,0.2238951,0.71276367,0.063341305
8276,B,B,0.1540734,0.79148996,0.05443666
8277,C,C,0.12517501,0.41519272,0.45963234
8278,C,B,0.038991988,0.8196234,0.14138453
8279,C,C,0.050911658,0.47180393,0.4772843
8280,A,A,0.9721397,0.0036774673,0.02418288
8281,B,B,0.091499366,0.85299295,0.055507693
8282,C,C,0.44424275,0.069407806,0.48634946
8283,A,A,0.9668891,0.0078002336,0.025310699
8284,B,A,0.4692729,0.30339542,0.22733168
8285,C,B,0.10823131,0.458068,0.43370068
8286,B,B,0.06865075,0.89536476,0.035984438
8287,B,B,0.15505707,0.76469886,0.080244064
8288,C,B,0.23962599,0.4879106,0.27246338
8289,B,B,0.05237772,0.8305121,0.11711024
8290,B,B,0.031760104,0.9422299,0.026010022
8291,B,B,0.04580037,0.8956184,0.058581267
8292,C,C,0.1253163,0.028737467,0.84594625
8293,C,C,0.26226878,0.04135702,0.6963742
8294,B,B,0.1387829,0.8241793,0.037037868
8295,B,B,0.058445256,0.90721875,0.03433596
8296,B,B,0.038058277,0.9459391,0.016002573
8297,C,C,0.0816734,0.038845155,0.87948143
8298,C,A,0.46778506,0.09309431,0.43912068
8299,B,B,0.024672829,0.95017743,0.025149789
8300,C,C,0.1109369,0.07971958,0.8093436
8301,C,C,0.026359418,0.47550312,0.49813747
8302,B,B,0.1195729,0.7985185,0.08190869
8303,C,A,0.36564907,0.29631764,0.33803326
8304,B,B,0.11469383,0.83270025,0.05260592
8305,C,C,0.35058922,0.050451357,0.59895945
8306,C,A,0.5612111,0.12758629,0.31120256
8307,A,A,0.7480676,0.1542422,0.09769023
8308,B,B,0.050756853,0.9205032,0.028739978
8309,C,A,0.66745263,0.044107277,0.2884401
8310,A,A,0.91331923,0.018371738,0.06830904
8311,A,A,0.91740495,0.029020252,0.053574756
8312,B,A,0.4477098,0.3770818,0.17520832
8313,C,B,0.22621405,0.5660086,0.20777737
8314,B,B,0.07237554,0.8938661,0.03375842
8315,C,C,0.18944153,0.07937477,0.73118377
8316,C,C,0.2034223,0.04140374,0.7551739
8317,B,B,0.13265246,0.7244444,0.14290312
8318,B,B,0.028075727,0.959453,0.012471242
8319,B,B,0.032843404,0.86381155,0.10334505
8320,C,A,0.74037945,0.035946872,0.22367372
8321,C,C,0.019727362,0.053355187,0.9269174
8322,C,A,0.9126847,0.0042309444,0.08308436
8323,B,B,0.0133106345,0.9757028,0.010986569
8324,B,B,0.34706104,0.53563434,0.11730464
8325,B,B,0.02793224,0.9543371,0.017730668
8326,A,A,0.87275714,0.044959333,0.08228355
8327,C,C,0.16400501,0.21942781,0.61656725
8328,A,A,0.79638255,0.040649336,0.16296814
8329,C,C,0.291972,0.05634936,0.6516786
8330,C,A,0.5443104,0.1350944,0.32059518
8331,C,C,0.13143393,0.09488744,0.7736786
8332,C,C,0.19774505,0.032788437,0.7694665
8333,B,B,0.051282775,0.9270193,0.021697912
8334,B,B,0.012629272,0.9788124,0.0085584335
8335,C,B,0.08721682,0.54423314,0.3685501
8336,C,C,0.07748555,0.041954026,0.88056046
8337,A,A,0.71850604,0.08866051,0.19283344
8338,A,A,0.48244834,0.356017,0.16153474
8339,C,C,0.07477244,0.020822318,0.90440524
8340,A,B,0.14849691,0.78233594,0.069167204
8341,C,C,0.42645532,0.029754546,0.54379016
8342,A,A,0.6016609,0.16735893,0.2309802
8343,C,C,0.11071771,0.095304094,0.79397815
8344,B,B,0.17717648,0.73454934,0.08827425
8345,A,A,0.85027957,0.047096036,0.10262437
8346,B,B,0.08801817,0.80633485,0.10564704
8347,C,C,0.11292459,0.08417046,0.80290496
8348,A,A,0.9776855,0.0050549596,0.017259585
8349,A,A,0.95641613,0.008368648,0.03521534
8350,C,C,0.04018795,0.057314783,0.90249723
8351,B,B,0.024451744,0.96328115,0.012267073
8352,B,B,0.033474453,0.9161988,0.05032678
8353,B,B,0.085044034,0.8382424,0.07671354
8354,C,C,0.28468883,0.050735425,0.6645758
8355,A,A,0.87137675,0.043508776,0.08511446
8356,A,A,0.88677925,0.045769352,0.06745147
8357,A,A,0.98492014,0.0034784405,0.01160146
8358,A,A,0.9554556,0.0068176873,0.03772666
8359,C,C,0.092511974,0.33955896,0.5679291
8360,A,A,0.94233215,0.010720361,0.04694751
8361,C,C,0.33060414,0.3238984,0.34549743
8362,C,C,0.40236524,0.03669748,0.5609373
8363,B,B,0.0438983,0.502126,0.4539757
8364,C,A,0.5406981,0.0494932,0.4098087
8365,C,C,0.14518525,0.38120115,0.4736136
8366,A,A,0.9546374,0.0063849916,0.03897759
8367,B,B,0.008737368,0.9828241,0.008438609
8368,A,A,0.9435671,0.011292158,0.045140713
8369,A,B,0.36848375,0.42189854,0.20961772
8370,C,C,0.09619077,0.078883484,0.8249257
8371,A,A,0.90782225,0.025151882,0.06702584
8372,B,B,0.061745312,0.9088513,0.029403342
8373,A,A,0.7996564,0.036990866,0.16335273
8374,A,A,0.9649899,0.0064866105,0.028523462
8375,A,A,0.9187762,0.018351497,0.0628722
8376,A,A,0.8379913,0.012240689,0.14976798
8377,C,A,0.546199,0.056830898,0.39697006
8378,B,B,0.016119115,0.9653509,0.018529939
8379,B,A,0.6446461,0.22889833,0.12645556
8380,A,A,0.9199342,0.017519351,0.062546395
8381,C,A,0.70019734,0.07203673,0.22776596
8382,A,A,0.8997197,0.022439342,0.077840894
8383,B,B,0.17423369,0.69524574,0.13052054
8384,A,A,0.9831887,0.0033226095,0.013488735
8385,A,A,0.8958791,0.012779626,0.09134124
8386,A,A,0.9843205,0.0022513866,0.013428044
8387,B,B,0.012812108,0.9625742,0.024613619
8388,A,A,0.9090254,0.012316378,0.0786583
8389,C,C,0.067970484,0.20850073,0.7235288
8390,B,B,0.026858399,0.9283153,0.044826254
8391,B,B,0.027207261,0.87835914,0.094433606
8392,A,A,0.9662814,0.004447033,0.029271495
8393,B,B,0.23296799,0.66604626,0.100985765
8394,C,C,0.22089203,0.12821075,0.65089726
8395,B,B,0.118111245,0.8201834,0.061705295
8396,A,A,0.96719074,0.0052585094,0.027550748
8397,B,B,0.07703966,0.8048261,0.118134275
8398,A,A,0.9567714,0.0086134225,0.034615252
8399,C,C,0.043270268,0.045088112,0.9116416
8400,A,A,0.9634199,0.008719571,0.0278606
8401,C,C,0.22948514,0.07328369,0.6972312
8402,A,A,0.976259,0.0047936155,0.018947395
8403,A,A,0.96417546,0.003419523,0.032404974
8404,C,C,0.12348614,0.06540954,0.8111043
8405,B,B,0.1566681,0.80161864,0.0417133
8406,B,B,0.0854672,0.8532781,0.061254703
8407,B,B,0.030584684,0.8981402,0.07127508
8408,C,A,0.7913514,0.05113937,0.15750924
8409,A,A,0.9012964,0.01955287,0.07915068
8410,B,B,0.022004897,0.9644119,0.01358318
8411,C,C,0.34099615,0.1254293,0.5335746
8412,A,A,0.954338,0.01208851,0.033573415
8413,A,C,0.3106071,0.09659605,0.5927968
8414,A,A,0.9679087,0.007271579,0.024819698
8415,B,B,0.07231831,0.87343395,0.05424777
8416,B,B,0.036707066,0.7938226,0.16947031
8417,C,C,0.08411162,0.05488493,0.8610034
8418,B,B,0.08086634,0.7096408,0.2094928
8419,B,B,0.16029258,0.64909565,0.19061173
8420,B,B,0.09662243,0.8656361,0.03774143
8421,A,A,0.95673966,0.00952182,0.033738554
8422,A,A,0.9566509,0.008563986,0.034785096
8423,B,B,0.42895785,0.45632273,0.114719406
8424,A,A,0.9607037,0.0076844995,0.031611864
8425,C,A,0.8389105,0.014902063,0.1461874
8426,A,A,0.45807454,0.43177447,0.110151045
8427,A,A,0.9206509,0.014527682,0.06482144
8428,A,A,0.94006234,0.01126177,0.048675813
8429,B,B,0.055940118,0.8780377,0.06602225
8430,B,B,0.02580306,0.9598669,0.014329969
8431,A,A,0.93266684,0.007853265,0.059479877
8432,A,A,0.9595486,0.0064899,0.033961494
8433,C,C,0.3576486,0.162139,0.4802123
8434,B,B,0.058369506,0.9208339,0.020796582
8435,B,B,0.3175917,0.5852338,0.097174525
8436,A,A,0.9516509,0.01152714,0.036821935
8437,B,B,0.022633584,0.943672,0.03369443
8438,B,A,0.8305661,0.046170358,0.123263545
8439,C,C,0.17710519,0.06241599,0.76047885
8440,A,A,0.9607861,0.010130624,0.029083349
8441,A,A,0.88668203,0.008303619,0.105014294
8442,C,C,0.14105146,0.17688459,0.682064
8443,B,B,0.08117951,0.8764206,0.04239993
8444,B,B,0.062386956,0.7563126,0.18130043
8445,B,B,0.06258834,0.88708955,0.050322026
8446,A,A,0.94836116,0.00885877,0.0427801
8447,C,C,0.14778768,0.37068126,0.48153105
8448,C,C,0.035262406,0.029634437,0.9351031
8449,C,C,0.19498354,0.056315348,0.7487011
8450,A,A,0.9556597,0.011573599,0.032766666
8451,A,A,0.84439987,0.027757851,0.1278422
8452,A,A,0.98788816,0.0026060503,0.009505801
8453,C,C,0.30506542,0.06501129,0.6299233
8454,B,B,0.11732947,0.79503876,0.08763176
8455,B,B,0.028562106,0.95972186,0.011715992
8456,C,C,0.30938435,0.03336241,0.6572533
8457,B,B,0.0515818,0.92528564,0.023132592
8458,C,C,0.046693627,0.029554274,0.9237521
8459,B,B,0.076822914,0.88116574,0.04201133
8460,B,B,0.075265884,0.8541776,0.07055656
8461,B,B,0.028482705,0.9504001,0.021117056
8462,C,C,0.07247301,0.11312827,0.8143987
8463,C,C,0.19939233,0.114253424,0.6863543
8464,C,C,0.30968583,0.088081814,0.6022324
8465,A,A,0.960172,0.0100941565,0.02973382
8466,A,A,0.94666535,0.008541986,0.04479274
8467,A,A,0.82037795,0.043777455,0.13584466
8468,A,A,0.9670543,0.0048883576,0.028057331
8469,B,B,0.038996357,0.9097708,0.05123279
8470,A,A,0.9812355,0.0046572224,0.014107224
8471,C,A,0.65984637,0.067376256,0.27277747
8472,C,C,0.07523332,0.3037253,0.6210414
8473,C,C,0.06370564,0.12017066,0.8161238
8474,C,C,0.10229098,0.051036008,0.84667295
8475,C,C,0.31222078,0.1175875,0.57019174
8476,B,B,0.069738746,0.7048368,0.22542442
8477,C,A,0.6630397,0.02062316,0.3163371
8478,A,A,0.9013546,0.04809235,0.050552987
8479,A,A,0.9585021,0.0068401764,0.03465769
8480,C,C,0.078937836,0.20554139,0.71552074
8481,B,B,0.016282847,0.96660465,0.017112419
8482,B,B,0.031695638,0.9510766,0.01722775
8483,C,C,0.09718363,0.2013148,0.7015016
8484,C,C,0.27331215,0.22652802,0.5001598
8485,A,B,0.22474346,0.62827694,0.1469796
8486,B,B,0.029015891,0.9127831,0.05820105
8487,C,C,0.227083,0.15499713,0.61791986
8488,A,A,0.94818664,0.011251869,0.040561516
8489,A,A,0.95248014,0.006705984,0.040813908
8490,A,A,0.95560604,0.00952701,0.03486693
8491,A,A,0.9857041,0.0025536038,0.011742244
8492,B,B,0.033096783,0.95345104,0.013452137
8493,C,C,0.082120694,0.080207475,0.8376718
8494,A,C,0.35283068,0.038104158,0.6090652
8495,B,C,0.15233085,0.18102074,0.66664845
8496,A,A,0.9819548,0.0029047157,0.015140543
8497,C,C,0.23992997,0.047257748,0.71281236
8498,B,B,0.06697491,0.8652412,0.06778389
8499,C,A,0.6542942,0.03250025,0.31320548
8500,C,C,0.33334854,0.025105573,0.6415459
8501,B,B,0.0068472037,0.98838115,0.004771697
8502,C,C,0.13868445,0.017624147,0.84369147
8503,B,A,0.71856016,0.049419906,0.23201993
8504,A,A,0.9671866,0.0060710497,0.026742322
8505,B,B,0.024504501,0.9340752,0.041420408
8506,B,B,0.033053108,0.9478923,0.019054513
8507,B,B,0.21710752,0.67593896,0.10695355
8508,A,A,0.9246345,0.015158748,0.06020676
8509,A,A,0.95492136,0.010707291,0.03437143
8510,C,B,0.035475,0.50922596,0.45529896
8511,A,A,0.9692919,0.008585301,0.022122871
8512,B,C,0.23475108,0.21772179,0.5475271
8513,A,A,0.97505367,0.0026936564,0.022252712
8514,C,C,0.02077156,0.026525596,0.9527029
8515,B,B,0.030567974,0.83074385,0.13868825
8516,C,A,0.7627242,0.05305728,0.18421845
8517,A,B,0.16588607,0.66102105,0.17309289
8518,B,B,0.038714837,0.53715694,0.42412823
8519,C,C,0.23285185,0.23539986,0.53174835
8520,A,B,0.06943482,0.90065926,0.029905913
8521,B,B,0.06706099,0.8802885,0.052650467
8522,C,C,0.10074381,0.09233353,0.8069226
8523,B,B,0.17467058,0.74265015,0.08267923
8524,B,B,0.035115685,0.92809975,0.036784675
8525,B,B,0.071620636,0.5203402,0.4080392
8526,A,A,0.9939287,0.00073775026,0.0053335377
8527,B,B,0.25765324,0.4667482,0.27559853
8528,C,C,0.04746493,0.12437549,0.8281596
8529,B,B,0.008085493,0.9749274,0.01698711
8530,B,A,0.4969636,0.18360294,0.31943345
8531,A,A,0.99420726,0.0007366594,0.0050559994
8532,C,C,0.32796237,0.21678464,0.45525298
8533,A,A,0.9357911,0.007849488,0.056359503
8534,B,B,0.2449207,0.63909924,0.11598004
8535,C,C,0.106454186,0.14472988,0.74881595
8536,A,A,0.863794,0.028247803,0.10795819
8537,A,A,0.43175605,0.36300537,0.20523855
8538,C,A,0.60317373,0.037193358,0.35963288
8539,A,A,0.82968736,0.040724747,0.12958795
8540,B,B,0.046232,0.8897703,0.063997604
8541,A,A,0.9705368,0.0032884744,0.026174664
8542,C,A,0.9214837,0.018279722,0.060236614
8543,B,B,0.0695417,0.8594583,0.070999995
8544,C,C,0.04362857,0.07962635,0.87674505
8545,A,A,0.65036774,0.06977397,0.27985835
8546,C,C,0.06901019,0.09439895,0.8365909
8547,A,A,0.9892203,0.0017746359,0.00900502
8548,A,A,0.92177653,0.021229975,0.056993507
8549,A,A,0.9681616,0.0025844048,0.029254055
8550,C,C,0.029101873,0.07134885,0.89954925
8551,B,B,0.041306783,0.9112954,0.04739785
8552,B,B,0.11255588,0.811567,0.07587715
8553,B,B,0.111464545,0.82566607,0.06286936
8554,A,A,0.9895281,0.0017687201,0.008703131
8555,A,A,0.6156411,0.16579805,0.21856089
8556,A,A,0.900355,0.027241506,0.07240355
8557,B,B,0.03008477,0.91728914,0.052626137
8558,C,C,0.22162162,0.03825566,0.74012274
8559,C,C,0.13495389,0.03656766,0.82847846
8560,A,A,0.9664755,0.0059081344,0.027616452
8561,C,C,0.19977644,0.02862882,0.7715947
8562,C,C,0.04253898,0.26434323,0.69311774
8563,A,A,0.9129354,0.013002965,0.07406164
8564,A,A,0.8359953,0.07214913,0.09185559
8565,C,C,0.07175895,0.06974632,0.85849476
8566,B,B,0.029063623,0.9551721,0.015764331
8567,A,A,0.93832314,0.015956612,0.04572027
8568,B,B,0.02084829,0.96095484,0.018196864
8569,C,A,0.5614837,0.123698816,0.3148174
8570,A,A,0.9333565,0.013017069,0.053626403
8571,B,B,0.009992087,0.94727683,0.042731054
8572,C,A,0.8332201,0.06622785,0.10055198
8573,A,A,0.9686735,0.0043426966,0.026983803
8574,A,A,0.972089,0.00494192,0.022969123
8575,B,B,0.043176204,0.91841704,0.0384068
8576,A,A,0.9367858,0.014172008,0.049042106
8577,A,A,0.5554938,0.21503296,0.2294733
8578,A,A,0.8060212,0.081773214,0.11220553
8579,C,C,0.14653084,0.10065187,0.7528173
8580,B,A,0.4310734,0.26697758,0.30194902
8581,C,C,0.31611764,0.10551154,0.57837087
8582,A,A,0.8160877,0.091822654,0.092089646
8583,B,B,0.13688911,0.7881715,0.07493941
8584,B,B,0.024851466,0.838137,0.13701162
8585,A,A,0.9741905,0.0029333942,0.022876127
8586,A,B,0.2982141,0.5942083,0.10757755
8587,A,A,0.9628809,0.008499505,0.028619567
8588,C,C,0.026205052,0.067935035,0.90585995
8589,A,A,0.8865783,0.025114903,0.088306755
8590,C,C,0.25374672,0.058253948,0.6879993
8591,A,A,0.9811585,0.004071094,0.014770302
8592,C,C,0.039478946,0.090484776,0.8700363
8593,A,A,0.79809463,0.016607115,0.18529831
8594,B,C,0.16263641,0.10811588,0.72924775
8595,C,C,0.043327443,0.15709262,0.79958
8596,C,C,0.090536304,0.031283915,0.8781798
8597,A,A,0.89036316,0.021711683,0.08792515
8598,C,C,0.4340478,0.08545452,0.48049772
8599,C,C,0.041090306,0.05223477,0.9066749
8600,A,A,0.9218498,0.02334969,0.05480061
8601,A,A,0.9649053,0.005314675,0.02978007
8602,B,B,0.095403865,0.8489173,0.055678774
8603,B,B,0.074730545,0.86378735,0.0614821
8604,C,C,0.22555615,0.3065513,0.46789256
8605,A,A,0.9629779,0.0026621348,0.034359988
8606,C,B,0.06535857,0.79563534,0.13900605
8607,C,C,0.038268145,0.026739506,0.9349923
8608,B,B,0.056547295,0.91986716,0.0235855
8609,A,A,0.99295604,0.0009583353,0.0060855923
8610,A,A,0.9471437,0.016673584,0.036182743
8611,C,C,0.24665184,0.029786648,0.7235616
8612,C,C,0.3559759,0.15573117,0.48829287
8613,B,C,0.046733145,0.42688704,0.5263798
8614,B,B,0.30606022,0.60534364,0.08859615
8615,A,A,0.9813906,0.0024213106,0.016188035
8616,B,B,0.034436595,0.91526353,0.050299805
8617,B,B,0.076065674,0.8674243,0.05651007
8618,B,B,0.059849102,0.7281621,0.21198884
8619,A,A,0.7460538,0.04820603,0.2057402
8620,B,B,0.1843716,0.72508556,0.09054287
8621,A,A,0.90908843,0.0265062,0.0644054
8622,C,C,0.45780045,0.048598032,0.49360153
8623,C,A,0.83377665,0.015856128,0.15036723
8624,A,A,0.9416502,0.007961648,0.050388113
8625,B,B,0.30589205,0.60895705,0.08515091
8626,C,A,0.46646786,0.08107371,0.4524584
8627,C,C,0.108339466,0.027835924,0.86382467
8628,A,A,0.84496075,0.025839983,0.12919931
8629,C,A,0.7690674,0.03697305,0.19395953
8630,B,B,0.005837561,0.98834586,0.0058166916
8631,B,B,0.08457709,0.85774195,0.05768105
8632,A,A,0.92128444,0.006469629,0.072246015
8633,C,C,0.11300636,0.038133193,0.84886044
8634,C,B,0.14689651,0.62580925,0.22729427
8635,A,A,0.98024565,0.0031078088,0.016646488
8636,B,B,0.17979747,0.718596,0.10160658
8637,C,C,0.06064644,0.19640824,0.7429454
8638,C,C,0.060950525,0.09543586,0.8436136
8639,C,A,0.61349696,0.043785963,0.34271714
8640,A,A,0.7787457,0.03450588,0.18674837
8641,B,B,0.017574338,0.94706637,0.035359308
8642,C,B,0.2733352,0.61671716,0.109947674
8643,B,B,0.09771154,0.85771924,0.04456924
8644,C,C,0.05203708,0.12123724,0.8267256
8645,B,B,0.044853758,0.87036675,0.08477945
8646,B,B,0.03882259,0.9309308,0.030246664
8647,C,C,0.03297873,0.26219368,0.70482755
8648,B,B,0.038403705,0.94610405,0.015492173
8649,C,C,0.34270784,0.042279217,0.61501294
8650,A,A,0.6723434,0.20098825,0.1266684
8651,A,A,0.9724051,0.0047386084,0.022856401
8652,C,C,0.13718061,0.1327784,0.730041
8653,B,B,0.026775157,0.9509455,0.022279337
8654,C,C,0.06840256,0.1067609,0.8248366
8655,B,B,0.13215145,0.7223865,0.14546205
8656,B,B,0.024161957,0.9531819,0.022656059
8657,B,B,0.09374599,0.84541065,0.06084342
8658,C,C,0.20178916,0.036502123,0.7617087
8659,B,C,0.15148078,0.27523834,0.57328093
8660,A,C,0.14335787,0.1971461,0.65949607
8661,A,A,0.9681805,0.0040231184,0.027796384
8662,C,A,0.71907485,0.029956022,0.25096908
8663,C,C,0.1751503,0.061695274,0.76315445
8664,C,C,0.11784524,0.077834584,0.80432016
8665,A,A,0.9706727,0.0063646976,0.022962568
8666,B,B,0.06876727,0.89803135,0.033201456
8667,A,A,0.63955104,0.05696881,0.30348012
8668,B,B,0.25516066,0.6244125,0.12042678
8669,A,A,0.9671884,0.008743958,0.024067612
8670,A,A,0.8134616,0.051280003,0.13525838
8671,A,A,0.89257234,0.024185251,0.08324241
8672,B,B,0.16507031,0.72573835,0.1091913
8673,B,B,0.016017817,0.9701484,0.013833759
8674,C,B,0.056837335,0.74649125,0.1966714
8675,C,C,0.048665285,0.054221597,0.89711314
8676,B,A,0.4335645,0.29189768,0.2745377
8677,C,C,0.15015696,0.10532848,0.7445146
8678,B,B,0.03904852,0.936156,0.024795463
8679,B,B,0.041243955,0.93568575,0.023070369
8680,C,C,0.2141865,0.33442155,0.45139194
8681,B,B,0.059736215,0.9088344,0.03142937
8682,C,C,0.11879944,0.21553102,0.66566956
8683,A,A,0.986673,0.0030425014,0.010284462
8684,C,C,0.098967515,0.069915324,0.8311171
8685,A,A,0.80878425,0.025107032,0.16610871
8686,A,A,0.9556105,0.007283551,0.03710596
8687,A,A,0.9386714,0.018588489,0.042740125
8688,B,B,0.059348248,0.90445834,0.03619342
8689,A,A,0.8450916,0.091184884,0.06372355
8690,B,B,0.10145351,0.8481841,0.050362367
8691,C,A,0.89295316,0.032892786,0.07415415
8692,B,B,0.029866245,0.9132249,0.05690886
8693,B,B,0.028538007,0.9505478,0.020914204
8694,C,C,0.23553054,0.21912926,0.54534024
8695,C,A,0.6022875,0.076900765,0.32081184
8696,B,B,0.10967493,0.8457687,0.044556316
8697,A,A,0.7728725,0.09064088,0.13648674
8698,A,A,0.7501107,0.090053484,0.15983577
8699,A,A,0.95410156,0.004895063,0.041003406
8700,A,A,0.9414251,0.008439797,0.050135143
8701,C,C,0.18334083,0.066206545,0.7504526
8702,B,B,0.015797408,0.93544626,0.04875637
8703,B,B,0.063834205,0.8662017,0.069964156
8704,A,A,0.99538827,0.00056170154,0.0040499945
8705,A,A,0.96609,0.010910364,0.02299968
8706,C,B,0.05669712,0.5621959,0.381107
8707,B,B,0.17030972,0.7619002,0.06779005
8708,B,B,0.19043905,0.730812,0.07874894
8709,B,B,0.071859464,0.8590652,0.069075376
8710,B,B,0.2842697,0.5960863,0.11964404
8711,B,B,0.14581585,0.6696262,0.18455794
8712,B,B,0.013896246,0.9787909,0.007312817
8713,B,B,0.05860115,0.89228815,0.04911067
8714,B,B,0.05838374,0.86348504,0.078131236
8715,A,A,0.8067782,0.02494113,0.16828066
8716,C,C,0.15433243,0.07578555,0.7698821
8717,B,B,0.37044,0.46450365,0.16505638
8718,A,A,0.7804801,0.03799996,0.18151997
8719,C,C,0.38237342,0.056480393,0.5611462
8720,C,B,0.06647587,0.8854994,0.04802472
8721,B,B,0.20478281,0.71924174,0.07597543
8722,C,C,0.17710519,0.06241599,0.76047885
8723,B,B,0.1844421,0.61748946,0.19806844
8724,B,B,0.053046055,0.903714,0.043239925
8725,C,C,0.16700657,0.08314107,0.74985236
8726,A,A,0.875961,0.027870191,0.096168846
8727,C,C,0.123055525,0.32391047,0.553034
8728,C,C,0.13015626,0.16801591,0.7018278
8729,A,A,0.87025535,0.04431207,0.0854326
8730,B,B,0.033988647,0.9398113,0.026200071
8731,A,A,0.5827912,0.046393164,0.3708156
8732,A,A,0.9902478,0.0011831719,0.0085690385
8733,B,B,0.07869681,0.8638733,0.057429958
8734,B,B,0.11380112,0.81541234,0.07078665
8735,C,C,0.15711366,0.025611453,0.8172749
8736,C,B,0.02187509,0.9681171,0.010007783
8737,B,B,0.030588098,0.8914874,0.07792444
8738,B,B,0.014336997,0.97750443,0.00815853
8739,A,A,0.66797024,0.057910137,0.27411965
8740,A,A,0.81759936,0.047927007,0.13447362
8741,C,C,0.16764492,0.08249616,0.7498589
8742,A,A,0.8991646,0.023349877,0.07748551
8743,A,A,0.6242607,0.17155795,0.20418131
8744,A,A,0.9143249,0.025957085,0.059718005
8745,C,C,0.07056319,0.04075469,0.88868207
8746,C,C,0.20276783,0.30262932,0.4946028
8747,A,A,0.9847178,0.001280524,0.014001688
8748,A,A,0.9521901,0.009610833,0.038199004
8749,B,B,0.19000448,0.7219406,0.08805493
8750,A,A,0.81030846,0.030162597,0.15952896
8751,A,B,0.22866838,0.6754872,0.09584439
8752,C,A,0.673405,0.047065817,0.27952918
8753,B,B,0.03373115,0.8891903,0.07707855
8754,A,A,0.9699911,0.0046167662,0.025392197
8755,A,A,0.9165226,0.025160376,0.05831703
8756,A,A,0.9751906,0.0051468187,0.019662589
8757,A,A,0.89848673,0.03289654,0.06861683
8758,A,A,0.62905204,0.113823526,0.25712433
8759,A,A,0.9290357,0.013157836,0.05780647
8760,C,C,0.20559226,0.21626222,0.57814556
8761,C,A,0.4818517,0.075581506,0.44256678
8762,B,B,0.1174023,0.8197092,0.06288848
8763,C,C,0.04789141,0.14435944,0.80774915
8764,B,B,0.0934058,0.8620696,0.044524584
8765,B,B,0.08659349,0.85502917,0.05837739
8766,A,A,0.6514317,0.156824,0.19174439
8767,C,C,0.04891553,0.35210535,0.59897906
8768,C,C,0.05341413,0.068130314,0.8784556
8769,B,B,0.10267655,0.83891296,0.058410414
8770,C,B,0.1211982,0.6243844,0.25441745
8771,C,C,0.33019105,0.07468414,0.59512484
8772,A,A,0.8887805,0.009556565,0.10166299
8773,B,B,0.030391667,0.9413273,0.028281054
8774,B,B,0.08485994,0.85785043,0.057289686
8775,C,A,0.4640588,0.16914517,0.36679605
8776,C,A,0.77236253,0.0141913025,0.21344613
8777,C,A,0.9298844,0.018256087,0.051859427
8778,B,B,0.032952692,0.92455584,0.042491417
8779,B,B,0.2477029,0.54922485,0.2030723
8780,A,A,0.9123854,0.011917568,0.075697005
8781,C,C,0.16120706,0.09078091,0.74801207
8782,B,B,0.102362595,0.814913,0.08272453
8783,B,B,0.279489,0.6498837,0.07062724
8784,C,C,0.037299093,0.13760626,0.8250946
8785,A,A,0.95385826,0.012931746,0.03320998
8786,C,A,0.46718898,0.08527511,0.4475359
8787,C,B,0.14630446,0.5041944,0.34950107
8788,B,B,0.023970373,0.9456944,0.030335193
8789,C,A,0.5485128,0.104047626,0.34743956
8790,A,A,0.983788,0.0022122955,0.013999718
8791,B,B,0.03191436,0.91798604,0.050099555
8792,B,B,0.01001479,0.9793356,0.010649532
8793,C,C,0.29515842,0.05154005,0.6533015
8794,A,A,0.9406802,0.012931861,0.04638794
8795,B,B,0.023349402,0.9290542,0.047596384
8796,A,A,0.9432628,0.009997146,0.046740036
8797,B,B,0.012342262,0.95421153,0.033446178
8798,B,B,0.06429423,0.87785244,0.057853285
8799,B,A,0.5538936,0.08210779,0.36399853
8800,A,A,0.96523774,0.0031222876,0.031640008
8801,A,A,0.94122475,0.010784939,0.04799033
8802,C,C,0.37878022,0.11104876,0.510171
8803,C,A,0.91391987,0.035285037,0.050795168
8804,B,B,0.048677683,0.63304174,0.31828058
8805,A,A,0.95091105,0.0080041485,0.04108486
8806,B,B,0.0111214025,0.98024154,0.0086370325
8807,A,A,0.97873974,0.004803375,0.016456863
8808,C,C,0.33272943,0.06211516,0.6051554
8809,C,C,0.25593397,0.0764494,0.6676166
8810,A,A,0.7693387,0.037680194,0.19298106
8811,A,A,0.94553834,0.0144736,0.039988045
8812,B,B,0.054426186,0.9226458,0.02292798
8813,A,A,0.5542677,0.22997975,0.21575253
8814,B,C,0.106176466,0.34723136,0.54659224
8815,C,A,0.5729676,0.12095669,0.30607572
8816,A,A,0.91545737,0.020302786,0.06423982
8817,B,B,0.040139385,0.92980975,0.030050755
8818,A,A,0.99576473,0.0004908334,0.0037444502
8819,A,A,0.85781264,0.05268879,0.08949864
8820,C,C,0.069730975,0.1624843,0.7677847
8821,C,A,0.8711356,0.046826508,0.082037956
8822,B,B,0.015944745,0.9708811,0.013174158
8823,A,A,0.955721,0.0076662004,0.036612812
8824,C,C,0.039635245,0.05981472,0.90055
8825,A,A,0.90754706,0.01626728,0.07618573
8826,B,B,0.050748758,0.8521977,0.097053595
8827,B,B,0.018505037,0.9659859,0.0155090755
8828,A,A,0.9738628,0.004264535,0.021872627
8829,B,B,0.034659546,0.9366482,0.028692322
8830,A,A,0.9608236,0.0045906617,0.034585755
8831,C,C,0.07241872,0.06165435,0.8659269
8832,B,B,0.0227898,0.94472134,0.032488823
8833,B,C,0.31021273,0.32293445,0.36685282
8834,A,A,0.99020433,0.0017252044,0.00807049
8835,C,C,0.08715809,0.07214636,0.84069556
8836,C,A,0.7719939,0.08729015,0.14071599
8837,B,B,0.019027147,0.9189394,0.06203339
8838,A,A,0.9674,0.005989928,0.026610142
8839,B,B,0.11880207,0.8399624,0.041235518
8840,A,A,0.96610284,0.007148292,0.026748937
8841,C,B,0.028458951,0.48868343,0.48285756
8842,C,A,0.5816562,0.06627455,0.35206923
8843,A,A,0.6219782,0.27622443,0.10179733
8844,B,C,0.066649064,0.26027775,0.6730732
8845,A,A,0.96541005,0.00476152,0.029828377
8846,A,C,0.14045525,0.115546554,0.7439982
8847,A,A,0.94247013,0.010879254,0.046650536
8848,A,A,0.76357734,0.0604445,0.17597814
8849,A,A,0.9657945,0.005192746,0.029012743
8850,A,A,0.87263936,0.031666104,0.09569447
8851,C,C,0.03909214,0.0808274,0.8800804
8852,B,B,0.031383283,0.9314891,0.037127584
8853,A,A,0.9536228,0.011790265,0.03458684
8854,C,C,0.40528706,0.054982636,0.5397303
8855,B,B,0.033704832,0.90860444,0.057690665
8856,A,A,0.502347,0.37133127,0.1263218
8857,C,C,0.09156872,0.17964613,0.7287851
8858,B,B,0.05085399,0.90801024,0.041135773
8859,A,A,0.9874664,0.0015091918,0.011024333
8860,C,C,0.029505573,0.4507138,0.5197806
8861,B,B,0.09516295,0.8185536,0.086283416
8862,C,C,0.22666474,0.034112364,0.7392229
8863,A,A,0.99445903,0.000650705,0.0048902393
8864,C,A,0.5519069,0.08150603,0.36658707
8865,A,A,0.91902626,0.012304446,0.06866938
8866,B,B,0.066640824,0.90544635,0.027912913
8867,C,C,0.04409817,0.20241462,0.7534872
8868,A,B,0.33732304,0.5544057,0.10827129
8869,A,A,0.6086577,0.025451355,0.365891
8870,A,A,0.59776205,0.30293134,0.09930656
8871,B,B,0.03685062,0.89384437,0.06930498
8872,A,A,0.965578,0.0065868427,0.027835138
8873,C,A,0.85139954,0.022612398,0.1259881
8874,C,A,0.6518814,0.06330015,0.28481844
8875,A,A,0.917077,0.03133624,0.0515868
8876,A,A,0.9156959,0.028830292,0.055473696
8877,A,A,0.97876215,0.0020620972,0.019175893
8878,C,C,0.074131936,0.054435946,0.8714321
8879,A,A,0.78325194,0.068315275,0.14843276
8880,A,A,0.96536905,0.005139686,0.029491326
8881,C,C,0.16130738,0.07963583,0.75905675
8882,C,C,0.04663928,0.13951373,0.81384695
8883,A,A,0.9851842,0.0009457542,0.013870004
8884,B,B,0.009963865,0.9826187,0.007417527
8885,B,B,0.049172826,0.91563517,0.035192013
8886,A,A,0.8655354,0.026306713,0.1081579
8887,C,A,0.6925692,0.017611487,0.28981927
8888,C,A,0.44104996,0.15620787,0.4027422
8889,A,A,0.91394067,0.012327965,0.07373136
8890,C,C,0.11374594,0.0669144,0.8193397
8891,B,B,0.03762163,0.88228565,0.080092706
8892,A,A,0.95041907,0.0083114505,0.041269444
8893,A,A,0.9413968,0.007393989,0.0512093
8894,B,B,0.18856326,0.6828326,0.1286042
8895,B,B,0.027525427,0.9445566,0.02791807
8896,C,C,0.052656855,0.13219257,0.8151505
8897,A,A,0.57650733,0.21033674,0.21315597
8898,C,B,0.11452564,0.5054413,0.3800331
8899,C,C,0.041705005,0.060580898,0.89771414
8900,A,A,0.9716059,0.0025099395,0.025884254
8901,C,A,0.64880335,0.117053434,0.23414324
8902,A,A,0.8780555,0.044930506,0.07701392
8903,A,A,0.86901814,0.02505335,0.10592852
8904,B,A,0.62386423,0.22381756,0.15231816
8905,A,A,0.8620348,0.022576664,0.11538854
8906,B,B,0.25579873,0.6311336,0.11306761
8907,C,C,0.2513556,0.15986982,0.5887746
8908,C,A,0.43160307,0.37781093,0.19058594
8909,A,A,0.9606873,0.005204098,0.034108534
8910,B,B,0.086301126,0.8733333,0.040365636
8911,A,A,0.93489695,0.019942079,0.045160886
8912,C,C,0.28714284,0.020333834,0.6925233
8913,A,C,0.14276363,0.2425119,0.61472446
8914,A,A,0.9431787,0.014510481,0.042310804
8915,B,B,0.014551376,0.9682843,0.017164329
8916,A,A,0.962415,0.0056565423,0.03192844
8917,A,A,0.7698041,0.13909413,0.09110175
8918,B,B,0.1761607,0.54889804,0.27494127
8919,B,B,0.06832736,0.89524645,0.03642616
8920,C,C,0.29997572,0.070873275,0.629151
8921,A,A,0.8723096,0.023803735,0.10388662
8922,C,B,0.23469736,0.41130224,0.35400033
8923,A,A,0.94190335,0.01508596,0.04301074
8924,C,B,0.029041652,0.902122,0.06883634
8925,A,A,0.89799035,0.017710477,0.08429917
8926,B,B,0.22146237,0.6007484,0.17778927
8927,A,A,0.97286916,0.005923765,0.021207063
8928,B,B,0.09841592,0.8509674,0.050616626
8929,C,A,0.6071328,0.1972972,0.19557
8930,A,A,0.87541926,0.032627545,0.09195318
8931,A,A,0.97486067,0.0031779658,0.02196137
8932,C,A,0.6523822,0.060898103,0.2867197
8933,A,A,0.87664545,0.021540152,0.101814486
8934,A,A,0.9304345,0.011418506,0.0581469
8935,C,C,0.061672967,0.0739481,0.8643789
8936,B,B,0.037054226,0.89848006,0.06446565
8937,C,B,0.13136257,0.605344,0.26329353
8938,C,C,0.13176964,0.23521867,0.6330117
8939,C,C,0.058839627,0.045503765,0.89565665
8940,B,B,0.019332638,0.95298254,0.027684776
8941,C,C,0.049076356,0.044744242,0.9061794
8942,B,B,0.020895338,0.9103846,0.06872006
8943,C,C,0.11491864,0.03957533,0.8455061
8944,A,A,0.9425826,0.010171623,0.047245875
8945,A,A,0.9650707,0.007055822,0.027873475
8946,C,B,0.07051886,0.6905176,0.23896356
8947,C,A,0.77010965,0.04170306,0.18818726
8948,B,B,0.060695097,0.88747126,0.051833637
8949,B,B,0.03530771,0.8709676,0.09372466
8950,B,B,0.03430274,0.8841225,0.081574865
8951,A,A,0.81914026,0.11313728,0.06772246
8952,C,C,0.05227066,0.076829724,0.8708996
8953,A,C,0.1107246,0.16812035,0.72115505
8954,A,A,0.81683046,0.059743207,0.123426355
8955,A,A,0.7024071,0.03602372,0.2615691
8956,C,C,0.109501265,0.046691235,0.8438075
8957,C,C,0.07737522,0.026379531,0.89624524
8958,B,B,0.06696383,0.89958656,0.033449538
8959,A,A,0.9428215,0.0173625,0.03981599
8960,C,C,0.2592081,0.039529298,0.70126265
8961,B,B,0.017875232,0.9711997,0.010925131
8962,C,C,0.08841321,0.10736014,0.80422664
8963,C,C,0.17877,0.040712975,0.780517
8964,A,A,0.88977903,0.026844218,0.083376825
8965,C,C,0.30932108,0.041877642,0.6488012
8966,A,A,0.9199964,0.016942762,0.06306075
8967,A,A,0.94895077,0.011396253,0.039653007
8968,B,B,0.029652122,0.8033784,0.16696945
8969,C,C,0.04772519,0.05803758,0.8942372
8970,C,C,0.170632,0.10775535,0.7216127
8971,B,B,0.16825241,0.7262264,0.10552127
8972,A,A,0.97579056,0.003418246,0.020791115
8973,C,C,0.1033971,0.07942855,0.8171744
8974,A,A,0.8943243,0.019561457,0.08611421
8975,A,A,0.73034626,0.09917729,0.17047647
8976,A,A,0.53162104,0.37132484,0.09705417
8977,C,C,0.15215263,0.13695304,0.71089435
8978,A,C,0.43943822,0.02261214,0.5379497
8979,C,C,0.4422776,0.044047896,0.5136745
8980,A,A,0.9885085,0.0017267676,0.009764596
8981,B,C,0.085797615,0.20453484,0.7096675
8982,A,A,0.8127926,0.078591,0.108616374
8983,B,B,0.054592248,0.78991336,0.15549435
8984,B,B,0.119318,0.74541247,0.13526961
8985,C,C,0.2726494,0.049877662,0.67747295
8986,A,A,0.8655734,0.029537998,0.10488862
8987,B,B,0.03876299,0.94351363,0.01772329
8988,A,B,0.27247116,0.3931146,0.33441415
8989,A,A,0.872193,0.04905559,0.07875139
8990,B,B,0.214777,0.5385277,0.24669519
8991,B,B,0.06371852,0.91101164,0.025269859
8992,C,C,0.21879055,0.075361304,0.7058481
8993,B,B,0.06549833,0.727968,0.2065337
8994,C,A,0.86649346,0.024772033,0.10873457
8995,B,A,0.50790715,0.2937222,0.19837064
8996,A,A,0.98898137,0.0012525469,0.0097661745
8997,C,C,0.18887149,0.32061386,0.49051467
8998,B,B,0.040651277,0.94198656,0.01736211
8999,A,A,0.9767015,0.005161867,0.018136563
9000,A,A,0.991608,0.0012866432,0.0071053803
9001,B,B,0.058799762,0.8895308,0.05166944
9002,C,C,0.2595913,0.06960337,0.67080534
9003,A,A,0.98995084,0.0010931656,0.008956024
9004,B,B,0.0068256552,0.9678037,0.02537057
9005,C,C,0.29828435,0.03322359,0.6684921
9006,B,B,0.034122642,0.9385178,0.027359571
9007,A,A,0.9400671,0.006347886,0.05358498
9008,C,A,0.5827008,0.071050406,0.34624892
9009,A,A,0.6734154,0.0948912,0.23169339
9010,A,A,0.9658292,0.0044228323,0.029747972
9011,A,A,0.97375184,0.002811386,0.023436861
9012,B,A,0.695704,0.051576376,0.2527196
9013,A,A,0.9317009,0.010819825,0.057479292
9014,B,B,0.024792172,0.9504532,0.024754608
9015,A,A,0.86953604,0.017237801,0.11322613
9016,A,A,0.9165106,0.03021243,0.05327697
9017,C,C,0.28485212,0.07645453,0.6386934
9018,B,B,0.07953971,0.86354613,0.056914188
9019,B,C,0.33571875,0.27847418,0.38580713
9020,C,C,0.23965368,0.0609104,0.69943595
9021,A,A,0.9853313,0.0015316522,0.013136979
9022,A,A,0.8700037,0.017204676,0.11279162
9023,B,B,0.054941844,0.90873605,0.036322124
9024,C,B,0.02714051,0.7539203,0.2189392
9025,B,B,0.09495288,0.8760556,0.028991532
9026,B,B,0.017270392,0.9581349,0.024594726
9027,C,C,0.43303317,0.035270043,0.5316968
9028,A,A,0.9806322,0.0034385954,0.015929205
9029,B,B,0.015563816,0.9677212,0.016714912
9030,A,A,0.7261315,0.08872651,0.18514195
9031,A,A,0.92119306,0.030016303,0.048790563
9032,B,B,0.026844604,0.9586443,0.014511157
9033,C,A,0.81745714,0.0125206085,0.1700223
9034,C,C,0.28601152,0.04832069,0.66566783
9035,A,A,0.9854858,0.0024389552,0.012075206
9036,B,B,0.13624531,0.77577853,0.08797618
9037,C,C,0.044635374,0.049123738,0.9062409
9038,C,C,0.14860909,0.06811755,0.7832734
9039,C,A,0.5796285,0.086952195,0.33341926
9040,A,A,0.9391268,0.01070196,0.05017123
9041,A,C,0.4756521,0.017481456,0.50686646
9042,B,B,0.052910995,0.8962023,0.05088665
9043,C,C,0.09183009,0.036306165,0.8718637
9044,C,B,0.18124345,0.46821755,0.35053903
9045,A,B,0.095069766,0.8753311,0.029599166
9046,A,A,0.9496236,0.012968834,0.037407614
9047,A,A,0.93738073,0.012385461,0.050233815
9048,A,A,0.6727874,0.12070512,0.20650749
9049,C,A,0.5373975,0.039761044,0.4228415
9050,B,B,0.045611776,0.9279217,0.026466493
9051,C,C,0.07580324,0.09652289,0.82767385
9052,C,C,0.1389279,0.08177356,0.77929854
9053,B,B,0.32669085,0.5785986,0.09471058
9054,B,B,0.09698736,0.76734805,0.13566461
9055,A,A,0.81611735,0.11905287,0.06482981
9056,C,C,0.066779695,0.119126804,0.8140935
9057,C,C,0.17012616,0.07247091,0.75740296
9058,B,B,0.022125829,0.967203,0.01067112
9059,A,A,0.9292581,0.015136202,0.05560566
9060,A,A,0.9533883,0.005525671,0.04108607
9061,C,C,0.052445635,0.13477685,0.81277746
9062,B,B,0.2659481,0.6510218,0.08303011
9063,B,B,0.08197144,0.7727035,0.14532498
9064,C,A,0.7213822,0.09767684,0.18094099
9065,B,B,0.023473674,0.9368815,0.03964481
9066,C,C,0.025620056,0.04769731,0.9266826
9067,A,A,0.9497157,0.01033157,0.039952733
9068,C,A,0.47634637,0.11641041,0.40724322
9069,C,B,0.10595652,0.793561,0.10048239
9070,A,A,0.78863716,0.08672688,0.12463595
9071,B,B,0.043058127,0.92673796,0.030203883
9072,B,B,0.34782434,0.57582873,0.07634692
9073,C,A,0.5010819,0.040329494,0.45858854
9074,A,A,0.96471244,0.004188931,0.031098537
9075,C,C,0.074976645,0.32659292,0.59843045
9076,C,A,0.6011316,0.09821387,0.30065453
9077,B,B,0.08726613,0.84567004,0.067063764
9078,B,B,0.09450422,0.77319753,0.13229828
9079,C,C,0.053102173,0.14417097,0.80272686
9080,C,C,0.051619582,0.26475766,0.6836228
9081,B,B,0.040065076,0.9023291,0.05760579
9082,C,C,0.04776446,0.1296426,0.82259285
9083,C,C,0.035955712,0.04486166,0.91918266
9084,B,B,0.031933613,0.93869126,0.029375015
9085,B,B,0.36214238,0.43766665,0.20019093
9086,B,B,0.05780939,0.8923897,0.049800847
9087,A,A,0.9254266,0.01643143,0.05814201
9088,B,B,0.1069083,0.7395649,0.15352677
9089,C,C,0.07723895,0.22459367,0.6981674
9090,B,C,0.20017835,0.12301013,0.6768115
9091,C,A,0.73846734,0.09104757,0.17048508
9092,C,C,0.056503076,0.30107498,0.6424219
9093,C,C,0.48181388,0.032472406,0.48571372
9094,C,A,0.7814527,0.08110143,0.13744585
9095,B,B,0.032117814,0.9442909,0.023591258
9096,A,A,0.9091854,0.019256854,0.07155772
9097,A,A,0.9402946,0.009865882,0.049839515
9098,B,B,0.18432356,0.6934616,0.12221483
9099,C,C,0.2767422,0.062817365,0.66044044
9100,B,B,0.09861341,0.8419494,0.059437163
9101,A,A,0.9812416,0.001556444,0.017202005
9102,C,B,0.16964334,0.69278634,0.13757029
9103,C,C,0.389132,0.056905758,0.5539623
9104,A,A,0.8535019,0.024796085,0.12170195
9105,B,B,0.22204268,0.5880992,0.18985814
9106,A,A,0.8927265,0.02520869,0.082064904
9107,B,B,0.12432689,0.8206671,0.055005994
9108,B,B,0.08398249,0.77312577,0.14289173
9109,A,A,0.9576233,0.0062039373,0.036172815
9110,A,A,0.77135223,0.028878024,0.1997698
9111,A,A,0.5104228,0.39898002,0.09059717
9112,A,A,0.61024326,0.03952163,0.35023504
9113,B,B,0.19450618,0.683836,0.121657796
9114,B,B,0.12243707,0.7523924,0.1251705
9115,A,A,0.97953475,0.0042717108,0.016193567
9116,A,A,0.99469095,0.0008549364,0.0044540837
9117,A,A,0.9814951,0.004168538,0.014336246
9118,B,B,0.027315812,0.9583199,0.014364246
9119,B,B,0.03578157,0.9021414,0.06207699
9120,B,B,0.03064216,0.9478861,0.021471731
9121,C,C,0.08322827,0.26177073,0.65500104
9122,B,B,0.13236977,0.8256978,0.041932467
9123,C,A,0.80588233,0.03755056,0.15656717
9124,B,B,0.027534008,0.8139913,0.15847468
9125,A,A,0.7111539,0.19097786,0.09786819
9126,C,C,0.19828324,0.042153303,0.75956345
9127,C,C,0.21414405,0.037664477,0.74819154
9128,B,B,0.20682393,0.7237986,0.06937752
9129,B,B,0.02393442,0.95130783,0.024757728
9130,C,B,0.10794012,0.518342,0.37371784
9131,B,B,0.046573583,0.81377625,0.13965017
9132,C,C,0.14390971,0.06848771,0.78760254
9133,B,B,0.029023308,0.9459625,0.025014168
9134,C,C,0.03770975,0.049455725,0.9128345
9135,B,B,0.19693986,0.6432743,0.1597859
9136,A,A,0.9705575,0.0060391002,0.023403427
9137,A,A,0.95810795,0.0072088963,0.034683075
9138,A,A,0.93727034,0.025438461,0.037291247
9139,A,A,0.85794073,0.07019905,0.071860224
9140,A,A,0.8889069,0.044101328,0.06699178
9141,C,A,0.65664035,0.014264496,0.3290951
9142,C,C,0.14858492,0.107193865,0.7442212
9143,B,B,0.06599569,0.751876,0.1821283
9144,B,B,0.09222149,0.8177629,0.090015575
9145,A,A,0.92684937,0.012348783,0.06080183
9146,B,B,0.103592105,0.74734825,0.1490597
9147,B,B,0.06894239,0.86335284,0.067704774
9148,A,A,0.9537613,0.006190985,0.04004771
9149,C,B,0.07683501,0.8863332,0.036831733
9150,B,B,0.05353258,0.92452866,0.02193882
9151,A,A,0.97732043,0.006270935,0.016408648
9152,C,C,0.031228947,0.24741518,0.7213559
9153,A,A,0.9315676,0.009387079,0.059045278
9154,A,B,0.34413543,0.52998275,0.12588184
9155,C,A,0.7080499,0.03163072,0.26031938
9156,C,C,0.3574194,0.15398736,0.48859322
9157,B,B,0.027321197,0.9503089,0.022369845
9158,B,B,0.05669558,0.8972903,0.046014156
9159,A,A,0.91933113,0.014810843,0.06585799
9160,C,C,0.3862093,0.20816599,0.40562472
9161,A,A,0.88617593,0.06425853,0.0495655
9162,C,A,0.46743244,0.07827088,0.45429668
9163,A,A,0.6723276,0.19513485,0.13253756
9164,A,A,0.98059356,0.0030592156,0.016347254
9165,B,B,0.07010105,0.8999858,0.029913092
9166,B,B,0.024414299,0.96143025,0.014155484
9167,B,B,0.050739944,0.92232096,0.026939088
9168,C,C,0.049382903,0.07818536,0.8724318
9169,C,C,0.09513458,0.10032229,0.8045432
9170,A,A,0.9369275,0.011967364,0.051105034
9171,B,B,0.07034492,0.8364444,0.09321071
9172,C,A,0.5407515,0.01176881,0.4474797
9173,A,A,0.81123286,0.070184246,0.11858289
9174,A,A,0.9510516,0.017766949,0.03118143
9175,B,B,0.052405465,0.6652694,0.2823252
9176,A,A,0.9161997,0.009219432,0.074580885
9177,B,B,0.21532826,0.7103037,0.07436805
9178,C,A,0.5412604,0.03202991,0.42670968
9179,B,B,0.06677292,0.90703285,0.026194284
9180,B,B,0.13403143,0.7324883,0.13348033
9181,A,A,0.9437673,0.0045398804,0.051692814
9182,B,B,0.061684776,0.8768274,0.061487816
9183,A,A,0.9763697,0.005115072,0.018515231
9184,B,B,0.015188536,0.92171335,0.06309821
9185,B,B,0.11410993,0.5948163,0.2910737
9186,A,A,0.96867377,0.0069964444,0.02432982
9187,A,A,0.9526646,0.013686053,0.033649426
9188,A,A,0.82785404,0.022688271,0.14945768
9189,B,B,0.10769604,0.84523755,0.04706636
9190,C,C,0.4584245,0.0118131675,0.5297624
9191,B,B,0.065920204,0.78901064,0.1450692
9192,A,A,0.87009317,0.027261222,0.10264566
9193,C,A,0.61428887,0.016063822,0.36964735
9194,C,C,0.08318974,0.4178688,0.4989415
9195,B,B,0.029428534,0.93654275,0.034028698
9196,B,B,0.032234628,0.9325865,0.035178866
9197,A,A,0.9523974,0.009278254,0.03832432
9198,C,A,0.43436554,0.1333351,0.4322993
9199,C,C,0.044864677,0.06329632,0.89183897
9200,C,A,0.6196371,0.1740951,0.2062678
9201,C,C,0.11310625,0.06895187,0.81794196
9202,A,A,0.911988,0.02956626,0.058445722
9203,A,A,0.5257455,0.37596485,0.09828968
9204,C,C,0.15807104,0.061143946,0.7807851
9205,B,B,0.017530194,0.9645028,0.017967008
9206,C,A,0.69520295,0.061548587,0.2432484
9207,B,B,0.23020673,0.70239913,0.067394085
9208,B,C,0.08356171,0.44917053,0.46726772
9209,C,A,0.7169231,0.06196852,0.22110832
9210,B,B,0.022245118,0.8380597,0.13969514
9211,C,C,0.26878035,0.10187507,0.6293446
9212,B,B,0.1018533,0.74450195,0.15364474
9213,A,A,0.9825608,0.0024583223,0.014980855
9214,C,C,0.084252484,0.11943605,0.7963115
9215,B,B,0.039610725,0.8932474,0.06714183
9216,C,A,0.5502461,0.04431462,0.40543926
9217,A,A,0.6798275,0.04459234,0.27558017
9218,A,A,0.9364586,0.014220396,0.049321078
9219,C,A,0.9577952,0.011123844,0.031080987
9220,B,C,0.07718016,0.3892196,0.5336003
9221,B,B,0.051576354,0.91330296,0.035120733
9222,A,A,0.97561556,0.0034587004,0.02092569
9223,B,A,0.44369906,0.41484275,0.1414582
9224,A,A,0.9416534,0.0099675385,0.048379023
9225,A,A,0.8264084,0.09634423,0.07724734
9226,B,B,0.07407935,0.85210836,0.073812395
9227,B,B,0.034269102,0.89901793,0.066712976
9228,A,B,0.17481716,0.75788236,0.067300454
9229,C,C,0.17793533,0.1924481,0.6296166
9230,C,C,0.3135675,0.18056059,0.50587195
9231,A,A,0.9877087,0.0016465767,0.010644754
9232,B,B,0.07619481,0.63908875,0.2847164
9233,C,C,0.14124595,0.400461,0.4582931
9234,A,A,0.8616459,0.057636984,0.08071712
9235,C,B,0.047495954,0.869216,0.08328799
9236,C,A,0.92219573,0.007459882,0.07034434
9237,B,B,0.17971694,0.7164719,0.10381108
9238,A,C,0.30569413,0.10595054,0.58835536
9239,A,A,0.6969897,0.2116527,0.09135761
9240,C,C,0.10243069,0.06603085,0.83153844
9241,A,A,0.9365962,0.018060807,0.045342986
9242,A,A,0.9437765,0.016165009,0.040058594
9243,C,B,0.07927764,0.5453194,0.37540296
9244,B,B,0.09926479,0.8268208,0.0739144
9245,C,C,0.23571074,0.0659663,0.69832295
9246,B,B,0.06668097,0.8967963,0.036522817
9247,B,B,0.0161172,0.9610235,0.022859268
9248,C,C,0.33627215,0.075560905,0.58816695
9249,A,B,0.13621542,0.8195439,0.04424066
9250,C,C,0.3117704,0.07911258,0.6091171
9251,A,A,0.83190435,0.044299673,0.12379599
9252,C,A,0.911465,0.0073459484,0.08118906
9253,A,A,0.9174092,0.01214258,0.070448324
9254,B,B,0.012304811,0.9772759,0.0104193855
9255,C,C,0.14344652,0.1313634,0.72519004
9256,B,B,0.043780692,0.90232396,0.053895343
9257,B,A,0.6316329,0.21488366,0.15348344
9258,A,A,0.46849525,0.23726313,0.2942416
9259,C,C,0.0787952,0.33149576,0.58970904
9260,C,A,0.617775,0.1295099,0.25271508
9261,B,B,0.04767409,0.88950336,0.06282265
9262,C,B,0.056267295,0.5992423,0.3444904
9263,A,A,0.9794288,0.0042051533,0.016366031
9264,A,A,0.9573183,0.001958703,0.04072301
9265,B,B,0.013879004,0.9765919,0.009529144
9266,A,A,0.8942202,0.009869606,0.09591025
9267,C,B,0.045917027,0.6540768,0.30000612
9268,C,A,0.91902536,0.014709433,0.06626521
9269,B,B,0.016801288,0.96793747,0.01526126
9270,A,A,0.91536087,0.025495881,0.059143256
9271,B,B,0.031048754,0.9474204,0.02153086
9272,C,C,0.034646347,0.16523302,0.80012065
9273,A,A,0.65392685,0.04585933,0.30021375
9274,A,A,0.92993593,0.015411661,0.054652408
9275,C,A,0.4924803,0.076143645,0.43137607
9276,A,A,0.9668853,0.0065741264,0.02654054
9277,B,B,0.06676066,0.8643878,0.06885156
9278,C,A,0.43677792,0.1977327,0.36548945
9279,A,A,0.95603174,0.006559865,0.037408367
9280,B,B,0.052350745,0.87061816,0.07703101
9281,C,A,0.8590081,0.010214387,0.13077755
9282,B,B,0.010323637,0.9832122,0.006464138
9283,C,A,0.720995,0.10845746,0.17054753
9284,A,A,0.8220303,0.062365178,0.11560445
9285,A,A,0.9460077,0.00931996,0.044672243
9286,C,A,0.6406469,0.061793,0.2975601
9287,A,A,0.94817084,0.010573319,0.041255828
9288,C,C,0.39308578,0.029826079,0.5770882
9289,C,A,0.6383262,0.09277433,0.2688995
9290,C,C,0.04754412,0.23530859,0.7171473
9291,A,A,0.98366416,0.003012598,0.01332335
9292,B,B,0.028468048,0.838881,0.13265087
9293,B,B,0.22455508,0.6967605,0.07868445
9294,C,C,0.09351592,0.2946641,0.61182
9295,A,A,0.97390395,0.0033358627,0.022760158
9296,B,B,0.017076181,0.97396404,0.008959742
9297,B,B,0.05846323,0.500763,0.44077381
9298,B,B,0.050611433,0.90401417,0.045374405
9299,A,B,0.20952876,0.6896813,0.10078993
9300,C,C,0.0679353,0.056342743,0.87572193
9301,C,A,0.43569273,0.2381099,0.32619733
9302,A,B,0.22270365,0.7039975,0.07329888
9303,A,A,0.9673648,0.0072939782,0.025341187
9304,C,C,0.406912,0.11373225,0.47935572
9305,A,A,0.97719646,0.0040252344,0.018778281
9306,B,B,0.14095229,0.80212975,0.056917876
9307,C,C,0.19082665,0.25348032,0.555693
9308,A,A,0.60566884,0.032861974,0.3614692
9309,C,C,0.05290114,0.030742744,0.91635615
9310,C,C,0.288916,0.18329884,0.5277852
9311,A,A,0.89561933,0.013265011,0.09111561
9312,B,B,0.10314201,0.8550728,0.041785162
9313,B,B,0.05934892,0.8174256,0.12322544
9314,B,B,0.1845683,0.7241536,0.09127814
9315,C,A,0.47771803,0.05456874,0.46771324
9316,A,A,0.8104494,0.116276175,0.0732744
9317,A,A,0.9657714,0.0036913687,0.03053724
9318,C,C,0.32280776,0.05828193,0.6189103
9319,A,A,0.5924261,0.026935147,0.38063875
9320,C,C,0.10723588,0.31958848,0.57317555
9321,B,B,0.02264334,0.9346697,0.04268694
9322,B,B,0.062299866,0.8475658,0.09013433
9323,C,C,0.35662076,0.04732687,0.59605235
9324,A,A,0.95465195,0.0052164663,0.040131554
9325,B,B,0.03273493,0.91454697,0.052718133
9326,A,A,0.9703437,0.005658966,0.023997307
9327,A,A,0.95374024,0.0148445815,0.031415243
9328,C,C,0.07260267,0.10147681,0.8259205
9329,B,B,0.014958254,0.87814873,0.106893085
9330,B,B,0.040963512,0.59351224,0.36552423
9331,A,A,0.9030341,0.008625054,0.08834086
9332,B,B,0.10821484,0.83637244,0.055412773
9333,C,C,0.03496267,0.057377335,0.90765995
9334,B,B,0.12183202,0.5574509,0.3207171
9335,A,A,0.5809472,0.25596425,0.16308859
9336,B,B,0.15821719,0.7410742,0.10070853
9337,A,A,0.5427662,0.34143946,0.115794346
9338,A,A,0.8860725,0.027066234,0.0868612
9339,B,B,0.09284335,0.8613393,0.045817435
9340,C,A,0.52465403,0.40449798,0.070848085
9341,B,B,0.0041994876,0.9916747,0.0041258056
9342,C,C,0.10683127,0.09887137,0.7942974
9343,B,B,0.06816204,0.8712586,0.06057933
9344,B,B,0.13045016,0.697797,0.17175286
9345,B,B,0.14336596,0.8064039,0.050230224
9346,B,B,0.12524378,0.8185954,0.056160804
9347,A,A,0.9658842,0.0057537053,0.02836207
9348,B,B,0.027005225,0.92094845,0.05204639
9349,B,B,0.0649189,0.79230726,0.14277385
9350,A,A,0.93399334,0.016893975,0.049112678
9351,B,B,0.07875683,0.60697776,0.31426543
9352,C,C,0.041196864,0.11306648,0.8457366
9353,A,A,0.9425427,0.010665618,0.046791654
9354,A,A,0.95241517,0.011594069,0.035990797
9355,A,A,0.7800407,0.09316253,0.12679683
9356,A,A,0.9771852,0.005323524,0.017491225
9357,B,B,0.21264611,0.613063,0.1742909
9358,C,C,0.19224398,0.17623363,0.6315224
9359,A,A,0.91104233,0.015623069,0.07333457
9360,C,A,0.5208159,0.09368724,0.3854969
9361,A,B,0.27037096,0.57634443,0.15328452
9362,C,C,0.062679075,0.30093914,0.63638175
9363,A,A,0.9692068,0.0065835444,0.02420974
9364,B,B,0.03323422,0.94090146,0.025864275
9365,B,B,0.09766368,0.8617931,0.040543243
9366,A,A,0.98727626,0.0020446237,0.010679023
9367,C,C,0.16746958,0.09833053,0.7341999
9368,B,A,0.5177386,0.362277,0.11998441
9369,A,A,0.97787607,0.0032968887,0.018827077
9370,A,A,0.99274606,0.0007763228,0.0064775837
9371,A,A,0.98353195,0.0019738805,0.014494228
9372,A,A,0.97931826,0.006386124,0.014295654
9373,C,C,0.065642655,0.061678253,0.8726791
9374,B,B,0.14447048,0.7862009,0.069328524
9375,A,A,0.7377899,0.08114952,0.18106052
9376,A,A,0.95138276,0.0062562805,0.042361032
9377,C,A,0.8801797,0.010353386,0.10946685
9378,C,C,0.14821704,0.12874366,0.7230393
9379,C,C,0.10372669,0.035402905,0.8608704
9380,A,A,0.95910174,0.009462089,0.031436175
9381,A,A,0.9816094,0.0031372772,0.015253364
9382,B,B,0.07298184,0.75173116,0.17528696
9383,C,C,0.0297223,0.30496508,0.6653125
9384,B,C,0.31138864,0.09791027,0.5907011
9385,C,C,0.17849882,0.032336853,0.78916436
9386,C,C,0.09439494,0.16791433,0.73769075
9387,B,B,0.1272238,0.8159516,0.056824688
9388,A,A,0.9906561,0.0006482822,0.008695749
9389,C,C,0.14310889,0.17413726,0.68275386
9390,B,B,0.06740617,0.8041971,0.12839676
9391,C,C,0.067731716,0.03428398,0.89798427
9392,B,B,0.12670642,0.82482785,0.04846571
9393,B,B,0.032207895,0.9507222,0.017069982
9394,C,C,0.31998315,0.059374347,0.62064254
9395,A,A,0.78133386,0.021565573,0.19710054
9396,A,A,0.87443775,0.048958894,0.07660331
9397,B,B,0.13745311,0.6672536,0.19529323
9398,A,B,0.33078754,0.5523222,0.116890244
9399,C,C,0.05444291,0.17149588,0.7740612
9400,B,B,0.04325406,0.7612468,0.19549914
9401,C,C,0.056461453,0.30036643,0.64317214
9402,C,C,0.15532286,0.037140228,0.8075369
9403,C,C,0.10093998,0.10625407,0.7928059
9404,B,B,0.018548438,0.97160137,0.00985024
9405,B,B,0.14664003,0.78164524,0.07171474
9406,B,B,0.12733814,0.82860297,0.04405887
9407,C,C,0.14796309,0.2703731,0.58166385
9408,C,C,0.2969039,0.16387732,0.5392187
9409,C,B,0.06157752,0.5010007,0.4374218
9410,A,A,0.98737365,0.0016584147,0.0109679615
9411,A,A,0.98567945,0.0023291102,0.011991434
9412,B,B,0.099241085,0.86234814,0.03841078
9413,A,A,0.9589623,0.0051768185,0.035860863
9414,B,B,0.1158189,0.7916454,0.09253569
9415,C,C,0.060660817,0.08605487,0.8532843
9416,B,B,0.1990335,0.68840855,0.112557985
9417,A,A,0.86593664,0.052646782,0.0814166
9418,C,A,0.54543495,0.13877423,0.31579077
9419,A,A,0.97617096,0.0044758725,0.01935315
9420,C,C,0.104932725,0.12206982,0.7729975
9421,B,B,0.027320253,0.95671725,0.015962487
9422,C,C,0.19435547,0.22734337,0.57830113
9423,A,A,0.9523866,0.006049709,0.0415636
9424,A,A,0.9325934,0.011788724,0.05561778
9425,A,C,0.34752044,0.1736317,0.47884786
9426,C,A,0.4794764,0.05299949,0.46752414
9427,A,A,0.86165494,0.03295468,0.10539034
9428,C,C,0.2465141,0.044197373,0.70928854
9429,C,B,0.31779572,0.5670665,0.115137815
9430,A,A,0.97818357,0.0043202,0.017496217
9431,C,C,0.025576988,0.09159751,0.8828255
9432,C,C,0.06541354,0.105662465,0.828924
9433,C,C,0.044429712,0.17507179,0.78049856
9434,C,C,0.35725597,0.20217574,0.44056824
9435,A,A,0.9379401,0.02409992,0.037959993
9436,A,A,0.49619317,0.2699926,0.23381431
9437,C,C,0.071057014,0.13235173,0.7965913
9438,B,B,0.029141152,0.9517053,0.019153593
9439,A,A,0.97417307,0.0029035169,0.022923442
9440,A,A,0.92471075,0.014436732,0.060852583
9441,B,B,0.01597224,0.962043,0.021984829
9442,A,A,0.9830263,0.0029139093,0.014059678
9443,A,A,0.8814783,0.05927525,0.0592464
9444,A,A,0.97981787,0.003933065,0.016248956
9445,B,B,0.076151945,0.76890737,0.15494063
9446,C,A,0.51429224,0.048564907,0.43714285
9447,B,B,0.018252326,0.96599615,0.01575153
9448,B,B,0.05883801,0.91103727,0.030124735
9449,C,C,0.1120992,0.22797973,0.6599211
9450,A,A,0.89018464,0.046183072,0.0636322
9451,A,A,0.9351076,0.018734835,0.04615766
9452,C,C,0.07132705,0.068644516,0.86002845
9453,C,C,0.09587275,0.11820348,0.7859238
9454,A,A,0.9494491,0.0064476295,0.044103276
9455,C,A,0.95294064,0.004363423,0.04269582
9456,B,B,0.06353773,0.69858354,0.23787868
9457,C,C,0.18096937,0.3553406,0.46368998
9458,B,B,0.022257777,0.9566423,0.02109987
9459,A,A,0.80783486,0.03511366,0.15705152
9460,B,B,0.025427656,0.8939823,0.08059011
9461,B,B,0.025049932,0.9533146,0.021635434
9462,C,B,0.09227661,0.5499114,0.35781196
9463,A,A,0.97506917,0.0032673995,0.021663362
9464,C,C,0.060751684,0.16399916,0.7752491
9465,A,A,0.88194656,0.014940036,0.10311336
9466,A,A,0.9495348,0.011034662,0.039430577
9467,C,B,0.091103405,0.5414791,0.36741748
9468,A,B,0.08995835,0.78758013,0.12246149
9469,A,A,0.89561236,0.020056345,0.084331304
9470,A,A,0.970361,0.0068897246,0.022749148
9471,B,B,0.035505384,0.8758209,0.0886738
9472,C,C,0.1535165,0.10378892,0.74269456
9473,B,B,0.14314944,0.79781586,0.059034713
9474,B,B,0.28500107,0.6192669,0.095732056
9475,A,A,0.71979576,0.036886927,0.24331723
9476,B,B,0.2870279,0.5705493,0.14242277
9477,A,A,0.9866916,0.0019534172,0.0113550825
9478,A,A,0.98365086,0.0033597716,0.0129893925
9479,B,B,0.08446332,0.8598137,0.05572298
9480,A,A,0.87426805,0.06550847,0.060223557
9481,B,B,0.19664241,0.69221747,0.11114013
9482,A,A,0.9424501,0.006747956,0.050801914
9483,A,A,0.91025865,0.015663583,0.07407773
9484,B,B,0.24287263,0.5285103,0.22861712
9485,B,B,0.09266679,0.85847884,0.048854325
9486,A,B,0.21104313,0.5958199,0.19313693
9487,A,A,0.8687629,0.037772343,0.09346481
9488,A,A,0.9744838,0.0047940547,0.0207222
9489,A,A,0.9355394,0.024033846,0.04042675
9490,B,B,0.08216698,0.86987513,0.04795786
9491,B,B,0.03581019,0.85567707,0.10851278
9492,B,B,0.044652604,0.89279073,0.06255667
9493,C,B,0.10632324,0.812269,0.081407785
9494,B,B,0.013524183,0.978555,0.00792087
9495,C,C,0.089119054,0.027603542,0.88327736
9496,B,B,0.05228298,0.908682,0.03903497
9497,A,A,0.9059463,0.010194492,0.083859205
9498,A,A,0.90992427,0.00823186,0.08184386
9499,B,A,0.51812196,0.2829957,0.19888237
9500,C,C,0.05219978,0.11285214,0.83494806
9501,A,A,0.7025701,0.14295463,0.15447529
9502,B,B,0.12535518,0.67142737,0.20321748
9503,C,A,0.4919716,0.048964985,0.45906344
9504,B,B,0.006299345,0.9774433,0.016257329
9505,C,C,0.05088888,0.19949916,0.7496119
9506,C,B,0.044292916,0.65779454,0.2979125
9507,C,C,0.12181573,0.21562716,0.66255707
9508,A,A,0.9388372,0.0087743895,0.052388407
9509,B,A,0.5387703,0.3555127,0.10571702
9510,C,C,0.26195097,0.024774838,0.7132742
9511,A,A,0.9328797,0.012096169,0.055024117
9512,A,A,0.9724745,0.008708189,0.01881727
9513,A,B,0.27150616,0.57913494,0.14935888
9514,A,B,0.36716926,0.3682864,0.26454437
9515,C,A,0.5040643,0.045666393,0.45026934
9516,A,A,0.98717505,0.0031846287,0.009640207
9517,A,A,0.95181656,0.012578976,0.03560442
9518,A,A,0.9862844,0.0016685267,0.012047162
9519,A,A,0.6544312,0.26593667,0.07963213
9520,C,B,0.04871237,0.8455699,0.10571766
9521,C,C,0.15923569,0.1965613,0.644203
9522,B,B,0.04440116,0.9304081,0.025190758
9523,A,A,0.92632836,0.0061430335,0.06752866
9524,C,C,0.062464252,0.13454373,0.8029919
9525,B,B,0.13087569,0.6969207,0.17220365
9526,B,B,0.087714665,0.7395909,0.17269437
9527,C,B,0.08966808,0.51970494,0.39062703
9528,C,C,0.07753902,0.062253293,0.86020774
9529,C,C,0.059982773,0.031833034,0.90818423
9530,B,B,0.019189324,0.9357468,0.045063835
9531,C,B,0.2680601,0.44657502,0.2853649
9532,C,B,0.035576183,0.5015038,0.46292
9533,A,A,0.9096814,0.016103778,0.07421481
9534,C,B,0.17759988,0.6749821,0.14741799
9535,C,C,0.074860595,0.030557383,0.894582
9536,C,C,0.054751392,0.0993688,0.84587985
9537,A,A,0.9125018,0.034697443,0.052800726
9538,C,C,0.047680978,0.11427786,0.8380412
9539,C,C,0.109882645,0.11752789,0.77258945
9540,C,A,0.7727867,0.030026982,0.19718635
9541,C,C,0.16177,0.072487555,0.7657424
9542,B,B,0.03074489,0.9366138,0.032641295
9543,B,B,0.08516632,0.83925384,0.07557986
9544,B,B,0.035064634,0.8919049,0.07303053
9545,A,A,0.8185741,0.028884541,0.15254134
9546,C,C,0.069016896,0.071975745,0.85900736
9547,A,A,0.7014269,0.039646592,0.2589265
9548,C,C,0.05467109,0.1504202,0.7949087
9549,A,A,0.6799637,0.23809676,0.08193955
9550,B,B,0.007979897,0.98564374,0.0063764085
9551,C,C,0.074363194,0.04581174,0.8798251
9552,A,A,0.82613933,0.008686531,0.16517416
9553,B,B,0.025073497,0.9409761,0.033950474
9554,B,B,0.09067561,0.6612442,0.2480802
9555,A,A,0.8771197,0.024253314,0.098627
9556,C,C,0.03542644,0.049837682,0.91473585
9557,C,C,0.20618026,0.019811649,0.77400815
9558,C,C,0.35323212,0.08231936,0.56444854
9559,B,B,0.102245934,0.8141424,0.08361178
9560,B,B,0.022771657,0.9283073,0.048921037
9561,B,B,0.077911355,0.8113203,0.110768326
9562,C,C,0.065301694,0.42817926,0.506519
9563,A,A,0.698578,0.047222935,0.254199
9564,B,B,0.035085455,0.8039187,0.1609959
9565,A,A,0.9538435,0.008537836,0.03761867
9566,B,B,0.14130671,0.56908154,0.28961176
9567,C,C,0.06390921,0.065227285,0.87086344
9568,C,B,0.20030531,0.48962763,0.31006715
9569,B,B,0.026159918,0.9399695,0.033870634
9570,B,B,0.04511604,0.9296141,0.025269844
9571,A,A,0.9492203,0.008628308,0.04215135
9572,C,C,0.123793386,0.13872963,0.737477
9573,A,B,0.020620398,0.9343965,0.044983115
9574,C,A,0.8557176,0.033575304,0.11070712
9575,A,A,0.79100263,0.051530853,0.15746659
9576,A,A,0.9398121,0.016568163,0.043619636
9577,A,A,0.95221686,0.01645958,0.03132344
9578,C,A,0.5390503,0.056097884,0.40485176
9579,C,C,0.050964538,0.054686133,0.89434934
9580,A,A,0.85856986,0.034296412,0.10713377
9581,A,A,0.908175,0.012112042,0.079713024
9582,A,B,0.25001258,0.44808033,0.30190703
9583,B,B,0.40265056,0.4391282,0.15822122
9584,B,B,0.103457,0.68040496,0.21613806
9585,C,C,0.05781188,0.09470392,0.84748423
9586,B,A,0.6624513,0.14291966,0.19462897
9587,A,A,0.8214859,0.07427769,0.10423645
9588,A,A,0.98552793,0.0020166475,0.012455382
9589,B,B,0.042077545,0.93347514,0.024447352
9590,C,C,0.3945727,0.1441871,0.46124017
9591,C,C,0.33153796,0.023352746,0.64510924
9592,C,B,0.085735194,0.82964337,0.08462146
9593,C,C,0.3092411,0.020744514,0.6700145
9594,C,C,0.039944384,0.11810817,0.84194744
9595,C,C,0.19092426,0.3359066,0.47316918
9596,B,B,0.03725752,0.9259269,0.03681562
9597,A,A,0.90330666,0.031941183,0.06475211
9598,B,B,0.021861067,0.9524935,0.025645537
9599,A,A,0.9662288,0.0053726546,0.028398627
9600,B,B,0.052816648,0.8119563,0.13522704
9601,C,C,0.13450637,0.20203033,0.6634633
9602,A,A,0.8986967,0.012260799,0.089042425
9603,C,B,0.13572817,0.48333642,0.3809354
9604,B,B,0.10747031,0.8371772,0.05535248
9605,B,B,0.08042582,0.871125,0.04844912
9606,A,A,0.9025278,0.03214898,0.065323226
9607,A,A,0.95673406,0.011643346,0.031622645
9608,B,B,0.08415621,0.84582406,0.07001977
9609,A,A,0.8563355,0.07853675,0.065127745
9610,B,B,0.4174716,0.5116234,0.07090502
9611,A,A,0.9560542,0.00867443,0.03527132
9612,C,C,0.07923828,0.20603915,0.71472263
9613,B,A,0.90963566,0.031708505,0.058655903
9614,B,B,0.05380516,0.92053956,0.025655229
9615,C,B,0.21821037,0.41040698,0.37138265
9616,C,C,0.19590874,0.043231416,0.7608599
9617,A,A,0.95754504,0.0035594911,0.038895413
9618,A,A,0.98820764,0.0022418583,0.009550558
9619,A,A,0.96661234,0.008795642,0.024592003
9620,C,C,0.1636052,0.05678684,0.77960795
9621,A,A,0.9720733,0.004317665,0.02360891
9622,A,B,0.111735374,0.8219491,0.06631553
9623,B,B,0.08762532,0.78755385,0.12482082
9624,A,A,0.92534,0.013103238,0.06155665
9625,A,A,0.9206711,0.018894961,0.060433973
9626,B,B,0.33856335,0.4179688,0.24346782
9627,C,C,0.07741568,0.16466404,0.7579202
9628,C,C,0.36491314,0.18491378,0.45017308
9629,B,B,0.06768163,0.90625685,0.026061524
9630,C,C,0.18750453,0.029676005,0.78281945
9631,C,C,0.1683592,0.19671585,0.63492495
9632,A,A,0.47253495,0.1624713,0.36499372
9633,C,C,0.12146859,0.42745546,0.45107594
9634,A,A,0.8609774,0.03806108,0.10096151
9635,B,B,0.024562292,0.9447765,0.030661272
9636,A,A,0.9195198,0.007885855,0.0725944
9637,A,A,0.95945895,0.009562065,0.030978993
9638,A,A,0.83889765,0.033414517,0.12768789
9639,B,B,0.10527648,0.8083063,0.08641724
9640,C,A,0.73484486,0.054434624,0.21072058
9641,A,A,0.9549094,0.010697098,0.03439347
9642,C,B,0.16251434,0.54240733,0.29507828
9643,C,B,0.033110492,0.94533515,0.021554358
9644,C,C,0.24689071,0.023697378,0.7294119
9645,B,B,0.118000306,0.82017803,0.061821632
9646,A,B,0.11829463,0.81189877,0.06980663
9647,C,C,0.36922434,0.022711348,0.60806435
9648,B,C,0.08583993,0.12162326,0.7925368
9649,B,B,0.032986224,0.94828117,0.018732594
9650,C,C,0.053762298,0.106597036,0.8396407
9651,B,B,0.04834943,0.9021576,0.049492896
9652,C,A,0.7854781,0.037655983,0.17686585
9653,C,B,0.12559843,0.6114936,0.26290795
9654,A,A,0.9355887,0.011797113,0.052614234
9655,A,A,0.9133628,0.015201568,0.07143562
9656,C,B,0.029146874,0.88187087,0.08898234
9657,B,A,0.84179616,0.02870979,0.12949403
9658,C,C,0.04508485,0.04824577,0.90666944
9659,B,B,0.029981486,0.88996077,0.08005775
9660,B,A,0.7134337,0.1720359,0.11453047
9661,B,B,0.055880416,0.5031982,0.44092146
9662,C,C,0.20169365,0.11719105,0.6811153
9663,C,A,0.81658554,0.052576613,0.13083781
9664,B,B,0.029234236,0.9520661,0.01869967
9665,B,B,0.12984382,0.81206995,0.058086213
9666,C,C,0.04543169,0.083021164,0.8715471
9667,B,B,0.06301401,0.65595305,0.28103295
9668,C,C,0.08362343,0.05634804,0.8600285
9669,A,A,0.98118824,0.0037627479,0.015049017
9670,B,A,0.80045,0.08839142,0.111158624
9671,B,B,0.123183906,0.79343724,0.083378814
9672,B,B,0.111698024,0.6544735,0.2338285
9673,A,A,0.7880589,0.073269635,0.13867149
9674,A,A,0.91276,0.008095015,0.07914496
9675,A,A,0.97038984,0.0055397335,0.0240703
9676,C,B,0.08268614,0.78789514,0.12941863
9677,C,C,0.06166692,0.07897069,0.85936236
9678,A,A,0.985925,0.0013246203,0.012750363
9679,B,B,0.02122182,0.9529136,0.025864625
9680,A,A,0.94541335,0.014677017,0.039909758
9681,A,A,0.75160825,0.034138016,0.21425372
9682,B,B,0.08650205,0.8806333,0.0328646
9683,A,A,0.9453544,0.0118872225,0.04275838
9684,A,A,0.95361644,0.0060994616,0.040284097
9685,B,B,0.016457185,0.9407979,0.042744897
9686,A,A,0.64740014,0.0844444,0.2681555
9687,A,A,0.9266459,0.008467442,0.06488664
9688,B,B,0.16460538,0.6791572,0.1562374
9689,C,C,0.10838345,0.04318378,0.8484327
9690,A,A,0.98560846,0.002712373,0.011679218
9691,C,C,0.044501077,0.04444455,0.9110544
9692,C,B,0.14902015,0.64211535,0.20886451
9693,B,A,0.36725706,0.28982624,0.3429167
9694,C,C,0.0669869,0.08180964,0.85120344
9695,A,A,0.925411,0.01955472,0.055034325
9696,A,A,0.95272195,0.011160489,0.036117595
9697,B,B,0.038362198,0.93992746,0.021710373
9698,B,B,0.033984527,0.93004185,0.03597361
9699,B,B,0.068666115,0.8163317,0.11500221
9700,C,C,0.05697779,0.3481256,0.59489655
9701,C,C,0.11128697,0.07808946,0.8106235
9702,A,A,0.88443905,0.026681008,0.08888004
9703,B,B,0.046905592,0.57366866,0.37942573
9704,C,C,0.4067508,0.01994377,0.5733055
9705,A,A,0.7504465,0.0666791,0.18287449
9706,A,A,0.90206796,0.0059966077,0.0919354
9707,A,B,0.2412383,0.6657133,0.093048394
9708,A,A,0.9941176,0.00070201885,0.0051802862
9709,B,B,0.19349001,0.65468353,0.15182649
9710,A,A,0.8969559,0.012766934,0.09027722
9711,A,A,0.9620602,0.0052220924,0.03271767
9712,C,C,0.1501002,0.13875118,0.7111486
9713,A,A,0.96251845,0.007346796,0.030134834
9714,B,B,0.0420304,0.9218032,0.036166366
9715,C,C,0.20566337,0.027212152,0.7671245
9716,B,B,0.037840664,0.72232676,0.23983254
9717,A,A,0.80108684,0.03855454,0.16035867
9718,A,A,0.92091054,0.01850822,0.06058128
9719,A,A,0.80850655,0.11716152,0.07433191
9720,A,A,0.939729,0.017141545,0.043129493
9721,C,C,0.10756668,0.071086,0.82134736
9722,C,A,0.6766266,0.033161703,0.29021165
9723,A,A,0.9637056,0.0076739537,0.02862046
9724,A,A,0.8771042,0.06524172,0.057654064
9725,C,C,0.084256195,0.12103191,0.7947118
9726,A,A,0.7912095,0.043676354,0.16511413
9727,B,B,0.02480938,0.9287801,0.046410456
9728,C,C,0.14054553,0.13535625,0.7240982
9729,A,A,0.95214134,0.008630047,0.03922859
9730,A,A,0.97553027,0.004545114,0.019924581
9731,B,B,0.023726422,0.96760374,0.008669855
9732,B,B,0.17624035,0.65554875,0.16821083
9733,C,A,0.4727004,0.05595264,0.471347
9734,B,B,0.029175716,0.89457476,0.07624955
9735,B,B,0.047102276,0.92196983,0.030927964
9736,C,A,0.8361766,0.02799918,0.1358242
9737,C,B,0.17613433,0.66444105,0.15942468
9738,A,A,0.9357669,0.009501559,0.054731637
9739,B,B,0.23757252,0.6249681,0.13745943
9740,B,B,0.046284266,0.92671925,0.026996486
9741,B,B,0.035197362,0.89915943,0.06564324
9742,A,A,0.92980903,0.018629448,0.051561557
9743,C,B,0.29865712,0.4544165,0.24692635
9744,C,A,0.93765306,0.012495686,0.049851336
9745,A,A,0.8284288,0.037516505,0.13405472
9746,A,A,0.62536204,0.030722141,0.34391573
9747,B,B,0.048402186,0.90745497,0.044142865
9748,B,B,0.022241592,0.95571184,0.022046506
9749,C,A,0.69032985,0.028555024,0.28111517
9750,C,C,0.12716314,0.057791293,0.8150456
9751,A,A,0.58935535,0.27552417,0.13512045
9752,C,C,0.33721185,0.28442097,0.37836727
9753,B,B,0.13402112,0.7719693,0.09400958
9754,C,A,0.7102126,0.04493817,0.24484925
9755,B,B,0.11194968,0.8191426,0.06890778
9756,A,A,0.99269307,0.0005256105,0.006781306
9757,B,B,0.020376487,0.94788736,0.031736087
9758,C,B,0.23314899,0.43699205,0.32985887
9759,C,C,0.4155918,0.06540285,0.5190053
9760,B,B,0.12940232,0.74511516,0.12548254
9761,A,C,0.1010627,0.046116207,0.8528211
9762,B,B,0.05047096,0.92098516,0.028543878
9763,B,B,0.024969686,0.95935845,0.01567192
9764,B,B,0.36653006,0.5109627,0.12250724
9765,B,B,0.1718477,0.75280076,0.075351536
9766,C,A,0.6790168,0.0096619865,0.3113211
9767,C,A,0.72009885,0.05717546,0.22272567
9768,C,C,0.058666214,0.060130343,0.8812034
9769,C,C,0.14105694,0.045260962,0.81368214
9770,B,B,0.046790794,0.922612,0.030597163
9771,A,A,0.93925357,0.01201343,0.048732992
9772,B,B,0.0065699983,0.9867887,0.0066412585
9773,A,A,0.91028416,0.026076583,0.06363932
9774,B,B,0.034414038,0.939548,0.026037974
9775,B,B,0.17087054,0.6655893,0.16354023
9776,B,B,0.11162339,0.8448458,0.043530926
9777,A,A,0.9485354,0.015986618,0.035477895
9778,A,A,0.9778567,0.003977145,0.01816623
9779,B,B,0.021420797,0.94897795,0.029601282
9780,C,C,0.15417857,0.14118555,0.70463586
9781,B,B,0.06656536,0.86814487,0.06528977
9782,C,C,0.06255769,0.018902712,0.9185396
9783,B,B,0.009743234,0.9805142,0.009742648
9784,C,C,0.12694646,0.23268102,0.6403725
9785,A,A,0.94363135,0.009187333,0.047181252
9786,C,C,0.1906946,0.12332489,0.68598044
9787,A,A,0.95129687,0.007402432,0.04130071
9788,C,C,0.10323584,0.0898489,0.8069153
9789,C,C,0.083722256,0.44045594,0.4758218
9790,B,B,0.12691247,0.68314713,0.18994035
9791,B,B,0.036191948,0.93735194,0.0264562
9792,C,C,0.11122321,0.06162517,0.82715166
9793,B,B,0.021118648,0.89983815,0.07904325
9794,C,B,0.33412287,0.35275403,0.3131231
9795,B,B,0.2116505,0.7152017,0.07314789
9796,A,A,0.9928161,0.0011808239,0.006003138
9797,A,A,0.94934434,0.005634944,0.04502062
9798,B,B,0.39493847,0.42780805,0.1772535
9799,C,C,0.06834623,0.0725238,0.8591299
9800,B,B,0.12162394,0.82679635,0.05157977
9801,B,B,0.06418139,0.83126587,0.10455271
9802,C,B,0.29375166,0.36470228,0.34154603
9803,C,C,0.20430505,0.29793605,0.49775895
9804,C,C,0.070048556,0.043390717,0.8865608
9805,C,C,0.13634619,0.2841425,0.5795113
9806,A,A,0.4878518,0.036288902,0.47585928
9807,A,A,0.9347105,0.0107418075,0.05454765
9808,C,C,0.025080444,0.11337804,0.86154157
9809,A,A,0.9250335,0.019295067,0.05567143
9810,B,C,0.2714641,0.09111873,0.6374171
9811,A,A,0.7842064,0.116319105,0.0994745
9812,A,A,0.9790493,0.0056057386,0.01534487
9813,A,A,0.6282698,0.081079915,0.29065034
9814,C,C,0.35867444,0.100609206,0.5407163
9815,A,A,0.9019904,0.03731063,0.060698975
9816,A,A,0.9947336,0.00074104173,0.0045254347
9817,B,B,0.21618304,0.4849398,0.29887715
9818,C,C,0.14565486,0.060450032,0.7938951
9819,B,B,0.0234972,0.95965165,0.016851189
9820,A,A,0.70571274,0.016726684,0.2775606
9821,B,B,0.109573506,0.80681485,0.08361166
9822,B,B,0.0416694,0.8932461,0.06508452
9823,A,A,0.9868988,0.0014302171,0.011670939
9824,A,A,0.52972376,0.070324056,0.39995214
9825,C,A,0.6278457,0.065573104,0.3065812
9826,C,C,0.07900597,0.16577391,0.7552201
9827,C,C,0.1112015,0.08583137,0.80296713
9828,A,A,0.7592011,0.06992816,0.1708708
9829,B,B,0.05363281,0.8934281,0.052939136
9830,B,A,0.6464322,0.19083507,0.16273275
9831,B,B,0.18059807,0.69411033,0.12529157
9832,B,B,0.02180661,0.9547129,0.02348055
9833,C,C,0.13915907,0.29697818,0.5638628
9834,B,B,0.01502426,0.97575504,0.00922069
9835,C,C,0.060620826,0.124621786,0.81475735
9836,C,B,0.01838488,0.5817524,0.39986265
9837,B,B,0.12800683,0.7017286,0.17026456
9838,C,C,0.09507165,0.06691506,0.83801323
9839,A,A,0.88564724,0.019502262,0.094850555
9840,B,B,0.084984556,0.87515926,0.039856177
9841,C,A,0.5610933,0.12835547,0.31055126
9842,B,B,0.04548513,0.90387404,0.05064086
9843,C,A,0.65050656,0.23954296,0.1099505
9844,B,B,0.08280735,0.8811128,0.036079846
9845,A,A,0.9678142,0.008706423,0.023479285
9846,C,A,0.57134426,0.0830079,0.3456479
9847,A,A,0.99403363,0.00066311983,0.0053032464
9848,A,A,0.7934262,0.10877594,0.09779778
9849,C,A,0.5221972,0.052518114,0.42528474
9850,C,C,0.06186428,0.053553462,0.8845822
9851,A,A,0.9561092,0.012511146,0.031379636
9852,B,B,0.027851274,0.93968904,0.032459687
9853,B,B,0.06760246,0.844593,0.0878046
9854,A,A,0.74282694,0.058580592,0.1985925
9855,B,A,0.77580404,0.040674273,0.18352175
9856,C,C,0.2815843,0.059238534,0.6591771
9857,A,A,0.9549316,0.006805795,0.038262542
9858,B,B,0.25303546,0.56580967,0.1811549
9859,C,C,0.08037391,0.12172557,0.79790056
9860,B,B,0.0056593656,0.9865536,0.0077870777
9861,C,C,0.37470338,0.07532751,0.5499691
9862,C,C,0.16081397,0.072213404,0.7669726
9863,C,C,0.23355094,0.04086728,0.7255818
9864,C,C,0.060815774,0.08445857,0.8547256
9865,A,A,0.90325016,0.017836591,0.078913264
9866,C,A,0.8789265,0.03891015,0.08216336
9867,A,A,0.9073621,0.016379766,0.076258115
9868,B,B,0.07186284,0.87022907,0.057908084
9869,A,A,0.90078306,0.017312856,0.08190407
9870,B,B,0.07716023,0.89493805,0.027901744
9871,A,A,0.955299,0.009619352,0.035081618
9872,B,B,0.12179662,0.73380244,0.14440097
9873,A,A,0.93755066,0.01716236,0.04528697
9874,C,B,0.042653788,0.67582065,0.2815256
9875,A,A,0.79814637,0.022549957,0.1793036
9876,C,C,0.06269894,0.10504208,0.832259
9877,C,B,0.031594846,0.76474816,0.20365702
9878,B,B,0.1068589,0.838713,0.0544281
9879,C,A,0.865874,0.023089105,0.11103693
9880,A,B,0.08184392,0.8785429,0.039613158
9881,A,A,0.95817065,0.0067321244,0.035097193
9882,B,B,0.087794974,0.81689155,0.095313445
9883,B,B,0.29470253,0.5847202,0.12057716
9884,A,A,0.9742177,0.0043164645,0.021465793
9885,C,C,0.4084572,0.07291222,0.51863056
9886,C,C,0.07616303,0.03625362,0.8875834
9887,B,B,0.027757518,0.9323065,0.03993587
9888,C,C,0.12851363,0.06463576,0.8068506
9889,B,B,0.22289714,0.667908,0.109194845
9890,A,A,0.970073,0.0064131417,0.023513919
9891,A,A,0.5807155,0.263994,0.15529053
9892,C,B,0.032172646,0.826419,0.14140835
9893,B,B,0.06935203,0.8666638,0.063984126
9894,C,B,0.20505033,0.42182282,0.37312686
9895,A,A,0.772191,0.11479304,0.11301596
9896,C,C,0.061072115,0.053028185,0.88589966
9897,A,A,0.92328763,0.0077970996,0.06891536
9898,C,C,0.07136674,0.1276836,0.8009497
9899,B,B,0.07388151,0.89689195,0.029226556
9900,B,B,0.029310243,0.80785793,0.16283175
9901,B,B,0.09081572,0.79083246,0.11835184
9902,C,C,0.08044502,0.09041451,0.8291405
9903,A,A,0.993189,0.00137513,0.0054358407
9904,C,C,0.46755043,0.016077226,0.5163724
9905,B,B,0.24547687,0.6747517,0.07977145
9906,C,C,0.23804595,0.0663759,0.6955781
9907,C,C,0.07761635,0.18706837,0.7353153
9908,A,A,0.94305104,0.007376381,0.049572628
9909,A,B,0.14776233,0.77296656,0.07927112
9910,A,B,0.19113603,0.69605035,0.11281359
9911,C,C,0.37050602,0.046933692,0.58256036
9912,A,A,0.47644484,0.37105498,0.15250023
9913,A,A,0.96553135,0.0069037275,0.027564963
9914,C,C,0.026124699,0.10610876,0.86776656
9915,C,B,0.13085878,0.5196064,0.34953478
9916,A,A,0.98382574,0.0021467211,0.014027579
9917,B,B,0.111213975,0.8168409,0.07194513
9918,B,B,0.42236912,0.4744114,0.10321944
9919,B,B,0.015735477,0.9700608,0.014203643
9920,B,B,0.064010695,0.7906611,0.1453282
9921,C,A,0.8725339,0.014552547,0.11291362
9922,A,A,0.9629194,0.008892567,0.028188061
9923,B,C,0.11914774,0.36572242,0.5151298
9924,C,C,0.1531747,0.04646065,0.8003647
9925,C,C,0.26332518,0.23436102,0.5023138
9926,C,C,0.28820404,0.044873267,0.66692275
9927,B,B,0.05815718,0.8994363,0.042406537
9928,C,A,0.6059423,0.038261145,0.35579658
9929,C,A,0.7288931,0.017300243,0.25380665
9930,B,B,0.12296758,0.8191642,0.05786815
9931,C,C,0.030852431,0.21704338,0.75210416
9932,C,C,0.059535943,0.3264782,0.61398584
9933,C,A,0.7502862,0.015452046,0.23426172
9934,C,C,0.12173355,0.15898584,0.71928054
9935,A,A,0.61628413,0.017529832,0.36618608
9936,B,A,0.47152442,0.3892698,0.13920571
9937,A,A,0.93031937,0.018842256,0.05083838
9938,C,B,0.017880354,0.8266897,0.15542996
9939,C,C,0.07343543,0.027733993,0.8988306
9940,C,C,0.40192294,0.0626174,0.53545964
9941,A,A,0.9655834,0.0064429645,0.027973607
9942,B,B,0.33907017,0.5843077,0.076622196
9943,A,A,0.95164394,0.013707592,0.034648474
9944,C,C,0.049238592,0.15479909,0.79596233
9945,B,B,0.17190725,0.68905604,0.13903676
9946,C,C,0.12836576,0.20449527,0.66713893
9947,A,C,0.29270378,0.06727463,0.64002156
9948,C,A,0.5878867,0.050125472,0.36198783
9949,A,A,0.95310265,0.017707344,0.029190008
9950,C,C,0.0596528,0.22275627,0.7175909
9951,A,A,0.9736242,0.0076241638,0.01875155
9952,B,B,0.16389614,0.64517945,0.19092445
9953,C,C,0.036922064,0.03738355,0.92569435
9954,B,B,0.057264417,0.9003684,0.042367194
9955,C,C,0.09741678,0.30727163,0.5953116
9956,A,A,0.76606303,0.015265217,0.21867177
9957,C,C,0.0861376,0.08481186,0.82905054
9958,C,C,0.07198057,0.15756519,0.7704542
9959,B,B,0.025831787,0.86854905,0.10561917
9960,A,A,0.88767,0.024143036,0.08818698
9961,C,A,0.72102886,0.051095407,0.22787571
9962,C,B,0.30006608,0.5282876,0.1716463
9963,B,B,0.024955764,0.95482343,0.02022077
9964,C,C,0.0798257,0.07369257,0.8464817
9965,C,C,0.27745196,0.033083163,0.68946487
9966,A,A,0.9595158,0.007914439,0.032569833
9967,C,A,0.8167709,0.019891176,0.16333793
9968,A,A,0.9657376,0.004760915,0.029501542
9969,B,B,0.015836729,0.9636465,0.020516751
9970,A,A,0.75057316,0.015429346,0.23399748
9971,A,A,0.9398292,0.010999647,0.04917115
9972,A,A,0.9276615,0.004933644,0.06740488
9973,C,C,0.3305233,0.13588956,0.53358716
9974,C,C,0.07709296,0.0477239,0.87518317
9975,B,B,0.09053262,0.81413245,0.09533498
9976,B,B,0.11142877,0.7873433,0.10122784
9977,A,A,0.9095955,0.02702657,0.06337797
9978,C,C,0.046393383,0.064109795,0.8894968
9979,C,C,0.11482221,0.0992408,0.785937
9980,C,A,0.828509,0.041748002,0.12974298
9981,C,C,0.09409868,0.4208424,0.48505887
9982,B,B,0.30104584,0.55152977,0.1474244
9983,B,B,0.061284803,0.8632596,0.075455554
9984,A,A,0.9042651,0.023683509,0.072051354
9985,C,C,0.031091336,0.05306635,0.9158423
9986,B,B,0.061959933,0.7951808,0.14285928
9987,A,A,0.9282432,0.012387304,0.059369545
9988,A,A,0.9474405,0.012205863,0.040353637
9989,C,C,0.06738092,0.17182541,0.7607936
9990,C,C,0.12680286,0.12787506,0.74532205
9991,B,B,0.031506564,0.9362315,0.03226197
9992,A,A,0.986566,0.002208884,0.01122512
9993,A,A,0.8992889,0.044928372,0.055782776
9994,A,A,0.96426123,0.0058588115,0.029879952
9995,C,A,0.51756763,0.060707536,0.42172483
9996,C,A,0.8759875,0.011671833,0.11234068
9997,A,A,0.7255852,0.09083012,0.1835847
9998,C,C,0.048090674,0.10527391,0.84663546
9999,A,A,0.96217364,0.006603765,0.031222586
10000,C,A,0.5880875,0.04070586,0.3712067
10001,A,A,0.96386826,0.0069554844,0.029176306
10002,A,A,0.96390206,0.0036303133,0.032467682
10003,C,C,0.17653614,0.30169418,0.5217697
10004,B,B,0.20013268,0.677189,0.12267832
10005,C,C,0.16274536,0.073138244,0.76411647
10006,C,A,0.73339105,0.06502164,0.20158733
10007,C,C,0.053901248,0.009998018,0.9361007
10008,B,B,0.027143573,0.93089885,0.041957546
10009,A,A,0.9377494,0.009159206,0.053091474
10010,A,B,0.14016823,0.8088318,0.05099993
10011,A,A,0.9655897,0.005939344,0.028470963
10012,B,C,0.09506452,0.111683615,0.7932518
10013,B,B,0.031804215,0.95197916,0.016216613
10014,B,B,0.013591287,0.9797171,0.006691649
10015,A,A,0.95214933,0.0067366865,0.041114062
10016,B,B,0.12874635,0.8136901,0.057563566
10017,C,C,0.29960963,0.13803081,0.5623596
10018,A,A,0.95732987,0.008347889,0.034322284
10019,B,B,0.33853403,0.5294798,0.13198622
10020,A,A,0.9658514,0.009708437,0.024440084
10021,B,B,0.09498993,0.6887456,0.21626449
10022,C,C,0.08079792,0.0378791,0.8813229
10023,C,C,0.049086917,0.10828292,0.84263015
10024,A,A,0.9612072,0.004181709,0.034611132
10025,C,C,0.39717695,0.013516139,0.5893069
10026,A,A,0.8773875,0.02936239,0.09325009
10027,A,A,0.881545,0.02822479,0.09023015
10028,B,B,0.056512915,0.92014354,0.023343619
10029,A,A,0.92175555,0.012695188,0.06554921
10030,A,A,0.9520341,0.012477196,0.035488583
10031,B,B,0.051397152,0.91376984,0.03483303
10032,C,C,0.45574844,0.035107676,0.5091438
10033,C,A,0.82663244,0.02414015,0.14922741
10034,A,A,0.9905874,0.0015478806,0.007864738
10035,C,B,0.09433906,0.4856032,0.4200577
10036,A,A,0.7763189,0.048604004,0.17507714
10037,B,B,0.052983966,0.8806785,0.06633758
10038,B,B,0.2140364,0.7005137,0.08544992
10039,A,A,0.9319485,0.009660004,0.05839154
10040,A,B,0.23723799,0.6754636,0.08729835
10041,A,A,0.9820946,0.003167041,0.014738409
10042,C,C,0.24788328,0.04797589,0.70414084
10043,C,C,0.052007444,0.07072924,0.87726337
10044,A,A,0.94829273,0.007911993,0.04379525
10045,B,B,0.016147643,0.97468877,0.009163621
10046,B,C,0.21609499,0.17011793,0.6137871
10047,C,C,0.049860653,0.17405948,0.7760799
10048,A,A,0.9485575,0.004079722,0.047362864
10049,B,B,0.04153927,0.92688125,0.03157953
10050,C,C,0.41906267,0.035944693,0.5449927
10051,B,B,0.027111558,0.9341395,0.03874898
10052,B,B,0.09227692,0.82916456,0.07855853
10053,A,A,0.8650969,0.06200676,0.07289628
10054,C,C,0.32722148,0.10018251,0.572596
10055,A,A,0.67962813,0.13982613,0.18054575
10056,C,C,0.165373,0.03850268,0.7961243
10057,C,C,0.32575908,0.14394495,0.53029597
10058,C,C,0.23842153,0.050706945,0.7108715
10059,A,A,0.9650509,0.006070922,0.028878223
10060,C,C,0.19622093,0.19534063,0.60843843
10061,C,C,0.18010485,0.07966688,0.7402282
10062,B,B,0.0061527463,0.9911273,0.0027200263
10063,B,B,0.044992004,0.9121309,0.04287708
10064,C,C,0.04072697,0.12311635,0.83615667
10065,A,A,0.9259112,0.022957124,0.051131684
10066,B,B,0.033973694,0.9301629,0.035863448
10067,B,B,0.10836958,0.8423123,0.049318198
10068,B,B,0.05807541,0.9219119,0.020012772
10069,B,B,0.025645198,0.9356077,0.038747143
10070,A,A,0.9228588,0.009219659,0.06792159
10071,A,A,0.95786357,0.00660383,0.035532583
10072,B,B,0.009433983,0.98677295,0.0037930564
10073,B,B,0.028870774,0.938195,0.032934166
10074,B,B,0.0054896693,0.9767327,0.0177776
10075,A,A,0.9677374,0.00541832,0.026844304
10076,B,B,0.019514937,0.9229239,0.05756119
10077,B,B,0.0068450645,0.98952407,0.003630915
10078,C,A,0.76566046,0.031870186,0.20246941
10079,A,A,0.97972083,0.0034213408,0.016857808
10080,B,B,0.08863352,0.84741384,0.063952655
10081,C,B,0.08062686,0.8668394,0.05253375
10082,C,A,0.8311328,0.037777,0.1310901
10083,A,B,0.06671261,0.89045805,0.042829335
10084,B,B,0.09918625,0.8407366,0.060077056
10085,C,C,0.13037105,0.230097,0.63953197
10086,B,B,0.021766705,0.96013516,0.018098028
10087,B,B,0.29304984,0.59285486,0.114095315
10088,B,B,0.058013335,0.90293807,0.039048556
10089,A,A,0.9600563,0.0049268217,0.03501684
10090,A,B,0.19722266,0.69923294,0.10354445
10091,A,A,0.9220643,0.03181378,0.046121966
10092,A,A,0.9584506,0.010281854,0.031267628
10093,C,A,0.48687902,0.030372813,0.48274818
10094,B,B,0.002710552,0.9957913,0.0014981371
10095,C,A,0.5377618,0.05091259,0.41132566
10096,A,A,0.8614849,0.031988997,0.1065262
10097,A,A,0.7710883,0.047226302,0.1816854
10098,A,A,0.9378299,0.0036187677,0.058551338
10099,B,A,0.70934546,0.1872995,0.10335505
10100,A,A,0.8858745,0.02373325,0.09039225
10101,A,A,0.96269983,0.0078487145,0.029451406
10102,C,C,0.106708705,0.09291892,0.8003724
10103,B,B,0.028543917,0.9495219,0.021934213
10104,C,C,0.062840134,0.24047844,0.69668144
10105,C,C,0.084772535,0.1984455,0.7167819
10106,C,C,0.12057818,0.10361183,0.77580994
10107,A,A,0.9837974,0.0022193345,0.013983239
10108,A,A,0.84653676,0.033376053,0.12008723
10109,C,C,0.21099979,0.05578044,0.73321974
10110,B,B,0.016357336,0.9575159,0.026126876
10111,C,B,0.21827187,0.58172,0.20000808
10112,A,A,0.8137737,0.03545006,0.15077622
10113,C,A,0.5563576,0.13177617,0.31186622
10114,C,A,0.8159748,0.040561404,0.14346392
10115,C,C,0.16026784,0.12607919,0.71365297
10116,A,A,0.9251155,0.027625874,0.047258645
10117,C,C,0.042824958,0.019712128,0.937463
10118,B,A,0.5928625,0.06275772,0.3443798
10119,A,A,0.94434285,0.015177664,0.040479507
10120,B,B,0.050923083,0.70931953,0.23975742
10121,A,A,0.98587716,0.0020797292,0.012043107
10122,C,C,0.06608841,0.18631801,0.7475936
10123,B,B,0.05618486,0.91810834,0.02570685
10124,B,B,0.05060467,0.90940875,0.039986596
10125,C,C,0.040754903,0.17804275,0.7812024
10126,A,A,0.90541095,0.023251306,0.071337745
10127,B,B,0.13126121,0.8069398,0.06179895
10128,B,B,0.010775942,0.96486104,0.024363026
10129,C,C,0.07184472,0.06751617,0.8606391
10130,C,A,0.74038345,0.018130548,0.24148603
10131,B,B,0.27739313,0.63985664,0.08275025
10132,C,A,0.5382911,0.0886816,0.3730273
10133,A,A,0.8586237,0.038471457,0.10290482
10134,A,A,0.923907,0.015915036,0.06017798
10135,B,B,0.022633458,0.7306846,0.24668196
10136,A,A,0.9808095,0.0037084597,0.015482045
10137,A,A,0.9499691,0.0030719659,0.04695895
10138,C,C,0.038853187,0.0296108,0.93153596
10139,C,A,0.7060514,0.07176579,0.22218286
10140,B,B,0.013672657,0.97606975,0.010257521
10141,B,B,0.03335568,0.8770845,0.08955986
10142,C,C,0.42360055,0.11089461,0.46550485
10143,C,A,0.7032974,0.06407456,0.2326281
10144,B,B,0.030350044,0.9358418,0.03380815
10145,A,A,0.86255765,0.060418624,0.0770236
10146,A,A,0.9684659,0.01013386,0.0214002
10147,B,B,0.05721097,0.8323362,0.11045283
10148,B,B,0.064691804,0.8606708,0.07463739
10149,A,A,0.8209127,0.040323347,0.13876398
10150,A,A,0.9345798,0.005811993,0.05960826
10151,B,B,0.04507897,0.624079,0.33084196
10152,B,B,0.018186357,0.97036093,0.011452754
10153,C,A,0.6372426,0.09218372,0.2705737
10154,C,C,0.0566116,0.10374919,0.8396391
10155,A,A,0.5801016,0.33175474,0.08814359
10156,A,A,0.9389053,0.0047957697,0.056298845
10157,C,C,0.030421382,0.2742834,0.6952953
10158,B,B,0.03306779,0.94775105,0.019181231
10159,A,A,0.97658074,0.0040194844,0.019399827
10160,A,A,0.8960661,0.028485557,0.07544834
10161,A,A,0.9708327,0.0029040275,0.026263285
10162,A,A,0.98797053,0.0017637683,0.010265677
10163,A,A,0.98160297,0.0053239297,0.013073156
10164,C,A,0.68384916,0.027633216,0.28851762
10165,A,A,0.97915834,0.0032848453,0.017556813
10166,B,B,0.037412304,0.9323918,0.03019587
10167,C,B,0.3058037,0.45095137,0.24324499
10168,A,A,0.9765613,0.004859667,0.018579034
10169,A,A,0.8872505,0.0308908,0.081858784
10170,B,B,0.30701166,0.61618453,0.07680382
10171,C,A,0.5871263,0.023095815,0.38977784
10172,C,A,0.7735191,0.029910326,0.19657055
10173,C,C,0.2356934,0.12834463,0.63596195
10174,C,C,0.07113929,0.07306499,0.85579574
10175,C,C,0.019592276,0.2869936,0.69341415
10176,B,B,0.2655643,0.4050974,0.3293383
10177,B,B,0.0708415,0.84203696,0.08712151
10178,C,A,0.43128663,0.15973043,0.40898293
10179,B,B,0.045047075,0.9018856,0.053067304
10180,B,B,0.07937733,0.88594115,0.034681562
10181,C,C,0.1467031,0.042495705,0.81080115
10182,B,B,0.050782207,0.9221412,0.027076509
10183,C,C,0.18412295,0.040483598,0.7753934
10184,B,B,0.013957801,0.9484939,0.037548237
10185,C,C,0.06718088,0.06327951,0.8695396
10186,A,A,0.93511355,0.016999973,0.047886573
10187,B,B,0.17759065,0.7512314,0.07117795
10188,A,A,0.6702779,0.04520647,0.2845157
10189,B,B,0.11417223,0.8074195,0.07840825
10190,B,B,0.13175121,0.76788956,0.10035918
10191,B,B,0.07656443,0.8644332,0.059002373
10192,C,C,0.17140804,0.053620096,0.77497184
10193,B,B,0.041253123,0.88378584,0.07496109
10194,A,A,0.8217537,0.05295966,0.1252866
10195,A,A,0.90906805,0.020269426,0.0706626
10196,A,A,0.716862,0.03236544,0.2507726
10197,A,A,0.992353,0.0010721623,0.0065748096
10198,C,C,0.274592,0.05863101,0.666777
10199,C,C,0.18562241,0.26262182,0.5517558
10200,B,B,0.26877707,0.44885275,0.28237018
10201,C,C,0.1491595,0.36378333,0.48705724
10202,A,A,0.9360695,0.019972894,0.043957647
10203,B,B,0.085105166,0.86090213,0.05399274
10204,C,C,0.27155092,0.07585461,0.6525945
10205,C,A,0.53809136,0.2644631,0.19744551
10206,A,A,0.8915427,0.016876556,0.09158074
10207,C,B,0.06322703,0.60399556,0.3327774
10208,B,B,0.13405034,0.8061706,0.05977903
10209,A,A,0.87912166,0.03248772,0.08839055
10210,A,A,0.9796132,0.0026358035,0.017750992
10211,B,B,0.1318196,0.7583457,0.10983466
10212,A,A,0.8482892,0.0062033753,0.14550748
10213,A,A,0.9587947,0.010024761,0.031180525
10214,A,A,0.97923034,0.002934941,0.017834801
10215,A,A,0.9323828,0.019023176,0.04859402
10216,A,A,0.9244289,0.015869299,0.059701808
10217,B,A,0.5849844,0.33880094,0.07621465
10218,A,A,0.9021809,0.029446213,0.06837292
10219,C,C,0.024006581,0.055033974,0.9209595
10220,A,A,0.92910516,0.016082726,0.054812133
10221,B,B,0.008073437,0.987452,0.0044744955
10222,B,B,0.042456295,0.8798085,0.077735275
10223,A,A,0.9094014,0.021056661,0.06954195
10224,C,C,0.056710944,0.2159025,0.72738653
10225,A,B,0.05832957,0.91607934,0.025591183
10226,B,B,0.03783135,0.93778175,0.02438678
10227,C,C,0.027877856,0.110203765,0.86191833
10228,A,A,0.9132966,0.011044657,0.07565877
10229,A,A,0.99232954,0.0009035883,0.006766996
10230,A,A,0.86596197,0.0068860594,0.12715194
10231,B,B,0.017028535,0.9728395,0.010131956
10232,C,C,0.13967922,0.34818378,0.51213706
10233,A,A,0.67243224,0.15499847,0.17256923
10234,A,A,0.9594888,0.009689292,0.030821959
10235,A,A,0.9851023,0.0028035813,0.012094053
10236,A,A,0.9523959,0.008402888,0.03920117
10237,B,B,0.101620734,0.8380098,0.060369506
10238,C,A,0.41207486,0.3843854,0.2035397
10239,B,B,0.034733772,0.94023496,0.025031276
10240,C,C,0.1403594,0.036694113,0.8229465
10241,C,B,0.06306998,0.6523309,0.28459913
10242,A,A,0.9511781,0.0047691045,0.04405275
10243,C,A,0.749065,0.0383997,0.21253522
10244,B,B,0.022271197,0.9583292,0.01939962
10245,C,C,0.058702458,0.06490317,0.87639433
10246,B,B,0.017046934,0.97439086,0.008562193
10247,A,A,0.8783104,0.024505971,0.09718359
10248,C,A,0.5830391,0.014183475,0.40277746
10249,A,A,0.9894505,0.0016580957,0.008891408
10250,B,B,0.08553445,0.87900025,0.03546529
10251,C,C,0.22362928,0.10198956,0.6743812
10252,A,A,0.93809736,0.018343838,0.043558843
10253,A,A,0.98015827,0.0033848626,0.016456906
10254,B,B,0.042409327,0.63977087,0.31781974
10255,A,A,0.98509294,0.001953987,0.012953168
10256,C,C,0.06965215,0.08960993,0.84073794
10257,B,A,0.49466908,0.15361716,0.35171372
10258,B,B,0.08862809,0.8509084,0.06046358
10259,C,B,0.14604294,0.5079903,0.34596676
10260,C,A,0.5290824,0.102693446,0.3682241
10261,A,A,0.8848628,0.04952744,0.065609805
10262,C,C,0.26235142,0.025057012,0.7125916
10263,B,B,0.12185976,0.7263183,0.15182202
10264,C,C,0.115864486,0.05767088,0.82646465
10265,A,A,0.6254697,0.015981007,0.3585493
10266,A,A,0.98814696,0.0010877984,0.010765139
10267,B,B,0.069773,0.83457714,0.095649816
10268,B,B,0.043776207,0.9038072,0.052416563
10269,C,C,0.041076895,0.13729432,0.8216288
10270,B,B,0.012992207,0.97612554,0.010882262
10271,A,A,0.9817702,0.0034072762,0.014822519
10272,B,C,0.16912557,0.20266,0.6282145
10273,B,B,0.018200006,0.9518802,0.0299197
10274,A,A,0.9176308,0.022108922,0.06026024
10275,B,B,0.055818,0.49370193,0.45048007
10276,C,B,0.24024734,0.5228192,0.2369335
10277,A,A,0.8776041,0.010342074,0.11205377
10278,C,C,0.05169457,0.11551932,0.83278614
10279,A,A,0.9689395,0.0054032407,0.025657205
10280,B,B,0.028345222,0.94760114,0.02405365
10281,B,B,0.09155078,0.7997658,0.10868338
10282,A,A,0.91524976,0.0140318945,0.070718326
10283,A,A,0.9368646,0.016076399,0.047059007
10284,C,C,0.078941695,0.3633341,0.55772424
10285,A,A,0.91101253,0.021290723,0.067696795
10286,C,C,0.098661244,0.2935095,0.6078293
10287,C,C,0.1772293,0.08579569,0.736975
10288,B,B,0.07346693,0.8855002,0.0410329
10289,B,B,0.09028682,0.8718728,0.03784033
10290,B,B,0.013531295,0.96739274,0.01907594
10291,A,A,0.9726117,0.0038697391,0.023518536
10292,C,A,0.54403305,0.04933728,0.4066297
10293,C,B,0.066949666,0.6290812,0.30396917
10294,C,C,0.15441172,0.1378711,0.7077171
10295,B,B,0.08870048,0.46709475,0.44420475
10296,B,B,0.04014771,0.91947985,0.040372357
10297,B,B,0.027196288,0.89983827,0.07296546
10298,A,A,0.9450294,0.016278608,0.038691983
10299,C,C,0.035134293,0.035192102,0.9296737
10300,B,B,0.14560495,0.58317876,0.27121624
10301,C,C,0.4207899,0.031032229,0.54817784
10302,C,C,0.10920165,0.24200428,0.64879405
10303,B,B,0.065649025,0.7477337,0.18661724
10304,B,B,0.02179604,0.94334155,0.03486243
10305,A,A,0.89526004,0.03855687,0.06618311
10306,C,C,0.18241893,0.07290634,0.74467474
10307,A,A,0.7884732,0.13964655,0.071880236
10308,B,B,0.010557551,0.98394346,0.0054990393
10309,B,A,0.53718543,0.32352853,0.13928598
10310,A,A,0.5638705,0.15318178,0.28294772
10311,A,A,0.97704655,0.004182362,0.018771194
10312,A,A,0.96817064,0.003875736,0.027953597
10313,B,B,0.023174819,0.9628501,0.013975178
10314,B,B,0.10791244,0.8243863,0.067701206
10315,A,A,0.6607546,0.2157722,0.123473234
10316,B,B,0.05513986,0.908965,0.035895072
10317,A,A,0.9122351,0.037230246,0.050534695
10318,A,A,0.96177244,0.0034728702,0.03475478
10319,A,A,0.93605524,0.004645918,0.059298854
10320,A,B,0.081408836,0.8600333,0.058557875
10321,A,B,0.36776644,0.4222073,0.2100263
10322,C,C,0.38290313,0.041952297,0.5751446
10323,B,B,0.075475484,0.89627284,0.028251737
10324,B,B,0.090951934,0.8573289,0.051719252
10325,C,C,0.22953813,0.17375231,0.5967096
10326,B,B,0.013734345,0.95955473,0.026710954
10327,C,C,0.059392318,0.097952016,0.8426557
10328,A,A,0.88210726,0.0075113405,0.11038138
10329,A,A,0.836089,0.06977343,0.09413764
10330,A,A,0.8785626,0.03627859,0.08515881
10331,C,C,0.18451868,0.023499036,0.79198223
10332,B,B,0.053816244,0.8481034,0.09808029
10333,B,B,0.23818557,0.60530776,0.15650664
10334,B,B,0.12730832,0.7910007,0.081690945
10335,B,B,0.07530443,0.89405245,0.030643146
10336,C,C,0.13449581,0.26198953,0.6035147
10337,A,A,0.98044443,0.002836643,0.016718911
10338,B,C,0.12402252,0.16694559,0.7090319
10339,C,C,0.032105017,0.10039711,0.86749786
10340,B,B,0.024530618,0.9623051,0.013164339
10341,C,C,0.09395195,0.07329317,0.83275485
10342,C,C,0.23561566,0.17770422,0.5866802
10343,C,C,0.11599309,0.076113276,0.8078936
10344,C,C,0.09322684,0.18590014,0.72087306
10345,C,C,0.36237106,0.08651446,0.55111456
10346,C,A,0.72283936,0.022706635,0.25445405
10347,C,A,0.84943867,0.041403465,0.10915785
10348,B,B,0.02969096,0.8807494,0.08955959
10349,A,A,0.56018436,0.0741644,0.3656512
10350,C,C,0.23306167,0.040318426,0.7266199
10351,B,B,0.018055238,0.9169908,0.06495396
10352,C,C,0.08433876,0.03419106,0.8814702
10353,A,A,0.83073103,0.019668568,0.14960046
10354,A,A,0.8956812,0.030465394,0.07385339
10355,B,B,0.1865026,0.73855317,0.0749442
10356,B,B,0.020039545,0.971796,0.0081643835
10357,A,A,0.9834221,0.0020699457,0.014508001
10358,B,B,0.052501384,0.84143347,0.106065094
10359,B,B,0.01813875,0.883533,0.098328255
10360,A,A,0.79966056,0.07889164,0.12144779
10361,A,A,0.56186557,0.14154892,0.29658547
10362,A,A,0.9619818,0.0064242478,0.03159406
10363,A,A,0.78819513,0.0831231,0.12868175
10364,B,B,0.047802754,0.83302647,0.11917078
10365,A,A,0.9083818,0.02765117,0.06396705
10366,C,A,0.68497646,0.14934802,0.16567554
10367,A,A,0.86343646,0.016795982,0.11976756
10368,A,A,0.9843052,0.002073006,0.013621783
10369,B,B,0.028128035,0.8832944,0.08857759
10370,B,B,0.020468075,0.9325078,0.047024094
10371,A,A,0.9558052,0.0107677905,0.033427104
10372,B,B,0.043929093,0.9274113,0.028659534
10373,C,A,0.54226774,0.049945183,0.40778708
10374,C,C,0.13723867,0.021690173,0.8410711
10375,C,B,0.10715159,0.5397522,0.35309628
10376,C,A,0.61044747,0.045802645,0.34374982
10377,A,A,0.95189035,0.008302894,0.039806735
10378,B,B,0.019866733,0.97393316,0.0062000547
10379,C,C,0.26806694,0.05165321,0.6802798
10380,A,A,0.47024223,0.14030495,0.3894528
10381,B,B,0.022608921,0.9601716,0.017219549
10382,B,B,0.0147652505,0.94259983,0.042634938
10383,B,B,0.03974852,0.9325203,0.02773128
10384,A,A,0.92307335,0.03144822,0.045478415
10385,C,A,0.78515005,0.03094088,0.18390906
10386,A,A,0.9597211,0.009843808,0.030435074
10387,B,B,0.028828643,0.94530445,0.025866892
10388,A,A,0.9955421,0.00079918065,0.0036587324
10389,B,B,0.033549566,0.9411807,0.025269754
10390,C,A,0.66125983,0.07015027,0.2685899
10391,B,B,0.03615087,0.90370476,0.06014438
10392,B,B,0.012542208,0.98042,0.007037779
10393,B,B,0.10453441,0.85048103,0.04498464
10394,B,B,0.28574184,0.60165495,0.1126032
10395,B,B,0.020261018,0.8765704,0.103168555
10396,A,A,0.9801467,0.0024199558,0.017433412
10397,C,B,0.10652765,0.79694045,0.09653184
10398,B,B,0.036473874,0.9326089,0.030917276
10399,B,B,0.035106774,0.9341939,0.030699292
10400,C,C,0.12992787,0.07391605,0.7961561
10401,C,C,0.15409024,0.06469566,0.78121406
10402,A,A,0.9169908,0.020114483,0.06289467
10403,B,B,0.02768701,0.9497699,0.022543022
10404,A,A,0.92627853,0.006043635,0.067677855
10405,A,A,0.8983753,0.040207397,0.061417352
10406,C,C,0.36106625,0.046898615,0.5920351
10407,B,B,0.04862649,0.9174341,0.0339394
10408,A,A,0.4711381,0.38842076,0.1404412
10409,A,A,0.8776255,0.008679536,0.11369488
10410,B,B,0.01904072,0.9623343,0.018624956
10411,A,A,0.9789442,0.0017190133,0.01933685
10412,A,A,0.80852914,0.08669713,0.10477373
10413,A,A,0.9814621,0.0019531888,0.016584609
10414,A,A,0.9553294,0.010592933,0.034077678
10415,B,B,0.025848001,0.96138424,0.012767744
10416,B,B,0.03081679,0.9499638,0.019219412
10417,A,A,0.9489267,0.019965377,0.03110786
10418,C,C,0.053852044,0.19166458,0.7544834
10419,A,A,0.9814144,0.0015511563,0.017034577
10420,A,A,0.99217343,0.0012085423,0.006618038
10421,B,B,0.028519416,0.9138424,0.0576382
10422,C,C,0.16621165,0.07900107,0.7547873
10423,A,A,0.91524893,0.0065725977,0.07817847
10424,C,C,0.14657211,0.1837912,0.66963667
10425,C,C,0.39699015,0.17623429,0.42677554
10426,A,A,0.91512495,0.016253022,0.068622105
10427,C,C,0.043130405,0.16828336,0.7885862
10428,B,B,0.062395576,0.8484932,0.08911121
10429,C,C,0.06271422,0.34720182,0.590084
10430,B,B,0.13233744,0.80321884,0.064443715
10431,A,A,0.9825729,0.0028462438,0.014580921
10432,B,B,0.09467908,0.8489364,0.056384493
10433,B,B,0.039709106,0.94311523,0.01717559
10434,A,A,0.9907487,0.0020913817,0.007159824
10435,A,A,0.9515459,0.019973133,0.028480962
10436,C,C,0.052195743,0.17100383,0.77680033
10437,B,B,0.055436138,0.8736434,0.07092044
10438,B,C,0.068023555,0.3857254,0.546251
10439,C,A,0.4829388,0.038912978,0.4781483
10440,C,A,0.60906434,0.018283596,0.372652
10441,A,A,0.74200267,0.060130294,0.19786699
10442,B,B,0.03553305,0.7545903,0.20987664
10443,B,B,0.012830818,0.93844575,0.048723325
10444,C,A,0.74092907,0.09367431,0.16539665
10445,A,A,0.9831087,0.0036913892,0.0131998155
10446,A,A,0.9899636,0.0015084009,0.008527905
10447,B,B,0.049584072,0.92986685,0.020549055
10448,B,C,0.04975646,0.34602842,0.6042151
10449,B,C,0.095044285,0.2954191,0.6095366
10450,A,A,0.88599735,0.02807233,0.085930355
10451,C,A,0.58535886,0.041693393,0.37294772
10452,A,A,0.9453958,0.010072049,0.044532195
10453,A,A,0.72015333,0.11799439,0.16185226
10454,B,B,0.075664274,0.85760856,0.06672718
10455,B,C,0.24340475,0.33343655,0.42315876
10456,C,C,0.0785222,0.090850025,0.8306278
10457,B,B,0.009780804,0.948031,0.042188156
10458,C,C,0.123945646,0.06796945,0.8080849
10459,C,C,0.18884376,0.03896764,0.77218854
10460,B,B,0.029484777,0.9233848,0.04713053
10461,C,A,0.70746744,0.03879883,0.2537337
10462,C,C,0.18386415,0.039547842,0.776588
10463,A,A,0.50190145,0.10253895,0.39555958
10464,B,B,0.11280065,0.47138283,0.41581646
10465,C,B,0.072311014,0.8128204,0.11486868
10466,A,A,0.9946473,0.00073536055,0.0046172403
10467,B,B,0.08328073,0.86566037,0.05105889
10468,C,C,0.4075514,0.04166139,0.5507872
10469,B,B,0.008557426,0.9845611,0.006881408
10470,B,B,0.034686334,0.9068678,0.05844583
10471,C,B,0.10094252,0.55161905,0.34743837
10472,B,B,0.028824115,0.93759876,0.03357707
10473,A,A,0.89366496,0.012255277,0.094079755
10474,B,B,0.06337755,0.89980304,0.03681943
10475,A,A,0.984752,0.0022834425,0.012964488
10476,B,C,0.18466482,0.39768803,0.41764718
10477,A,A,0.93333495,0.015009129,0.05165587
10478,A,C,0.3690057,0.24349761,0.38749665
10479,B,B,0.1963662,0.73256683,0.07106693
10480,C,C,0.28025997,0.031198887,0.6885412
10481,B,B,0.040719032,0.91339743,0.04588359
10482,B,B,0.034320846,0.9403432,0.02533592
10483,A,A,0.909334,0.041467246,0.049198743
10484,C,C,0.046528306,0.10704856,0.84642315
10485,A,C,0.36016852,0.08024878,0.5595827
10486,A,A,0.88972145,0.044064477,0.066214144
10487,A,A,0.7787634,0.0744933,0.14674327
10488,B,B,0.24899672,0.5832137,0.16778955
10489,A,A,0.95284575,0.013514954,0.033639345
10490,B,B,0.0346085,0.9331669,0.03222453
10491,C,B,0.04604239,0.8467692,0.1071884
10492,B,B,0.19772457,0.7410012,0.061274227
10493,B,B,0.010295092,0.97289443,0.016810475
10494,B,B,0.046264548,0.93825805,0.015477354
10495,C,C,0.08632431,0.25645402,0.6572217
10496,C,C,0.050200317,0.085248984,0.86455065
10497,C,C,0.07881929,0.033669937,0.8875108
10498,A,A,0.96298075,0.00983933,0.027179986
10499,C,C,0.085722946,0.020414399,0.89386266
10500,B,B,0.07578231,0.88562715,0.03859053
10501,B,B,0.056441702,0.89484566,0.048712663
10502,A,A,0.97818816,0.006412224,0.015399658
10503,B,B,0.017454267,0.97648937,0.0060564447
10504,B,B,0.026813047,0.88748807,0.08569892
10505,C,C,0.11083389,0.25113958,0.63802654
10506,C,C,0.23820995,0.30943856,0.45235145
10507,B,B,0.0381286,0.94320387,0.01866757
10508,B,C,0.053511158,0.45786533,0.4886235
10509,A,A,0.50862986,0.28440878,0.20696142
10510,B,B,0.14321409,0.77655685,0.08022907
10511,B,B,0.040249493,0.7333916,0.22635883
10512,B,B,0.014838594,0.9737501,0.011411308
10513,C,C,0.11380819,0.05997682,0.826215
10514,B,B,0.010657308,0.95386195,0.035480816
10515,B,B,0.06029795,0.91204584,0.02765616
10516,C,C,0.14635627,0.09119903,0.7624446
10517,A,A,0.7798514,0.10518119,0.114967436
10518,C,C,0.10737247,0.07023448,0.82239306
10519,B,B,0.036988955,0.9307878,0.032223243
10520,A,A,0.9677058,0.004001023,0.028293218
10521,C,C,0.36324537,0.07696001,0.55979466
10522,C,C,0.094904706,0.27832827,0.6267671
10523,A,A,0.69278556,0.029783294,0.27743107
10524,C,C,0.24211413,0.053284492,0.7046014
10525,A,C,0.385168,0.09137688,0.52345514
10526,A,A,0.9589502,0.006248321,0.03480147
10527,A,A,0.9443822,0.014360556,0.04125718
10528,A,C,0.063400425,0.26838532,0.66821426
10529,B,B,0.019871768,0.96478045,0.015347721
10530,C,C,0.22908449,0.16891706,0.6019985
10531,A,A,0.9320503,0.012545325,0.055404454
10532,C,C,0.08526092,0.22892739,0.68581164
10533,B,B,0.011419941,0.9789163,0.00966367
10534,A,A,0.9584607,0.004667998,0.036871303
10535,B,B,0.030951964,0.9566829,0.012365192
10536,C,C,0.12646101,0.35540313,0.5181359
10537,C,C,0.06296416,0.09130267,0.84573317
10538,A,A,0.94881755,0.014725314,0.036457133
10539,A,A,0.97465783,0.0060734143,0.019268792
10540,C,C,0.12516452,0.052821312,0.8220141
10541,B,B,0.03951837,0.9213142,0.03916737
10542,C,C,0.12251244,0.04733306,0.8301545
10543,A,A,0.9678164,0.005047801,0.027135808
10544,B,B,0.059217796,0.8353995,0.10538271
10545,B,B,0.008116639,0.96917766,0.022705616
10546,A,A,0.8301005,0.09869692,0.07120261
10547,A,A,0.9619259,0.006118083,0.031955887
10548,C,A,0.4885607,0.049497683,0.4619416
10549,C,C,0.2407459,0.11728235,0.64197177
10550,A,A,0.67280746,0.21973854,0.107453935
10551,C,A,0.7348162,0.014401662,0.2507822
10552,B,B,0.32503635,0.54979223,0.12517151
10553,B,B,0.22534904,0.6917549,0.082896054
10554,B,B,0.1070159,0.77145845,0.12152558
10555,A,A,0.9774035,0.006503383,0.01609302
10556,B,B,0.030356387,0.9552499,0.014393722
10557,C,B,0.15793197,0.67599857,0.16606951
10558,A,A,0.9724602,0.003976751,0.02356308
10559,C,B,0.049985964,0.52001053,0.43000346
10560,C,C,0.06272657,0.09294481,0.8443287
10561,B,B,0.021286396,0.9701971,0.008516647
10562,B,B,0.050461784,0.9104196,0.039118625
10563,C,C,0.09332657,0.11032568,0.7963478
10564,C,C,0.049876496,0.09011324,0.86001027
10565,A,A,0.9269916,0.029475033,0.043533448
10566,B,B,0.019132046,0.9608874,0.019980578
10567,A,A,0.9107607,0.03049203,0.058747258
10568,C,C,0.045203988,0.056977943,0.8978181
10569,A,A,0.98154503,0.0021242283,0.016330753
10570,A,A,0.9627482,0.010300784,0.026950927
10571,B,B,0.099883035,0.8158576,0.084259436
10572,B,B,0.017313644,0.9738323,0.008854093
10573,B,B,0.037137516,0.9132975,0.049565013
10574,C,C,0.1012943,0.124466896,0.7742388
10575,C,C,0.10309643,0.0430619,0.8538416
10576,A,A,0.55161405,0.3350669,0.1133191
10577,B,B,0.008433129,0.98595816,0.005608623
10578,A,A,0.64492035,0.05613897,0.2989407
10579,C,C,0.06723913,0.13158217,0.8011787
10580,B,C,0.07451014,0.094838284,0.8306516
10581,B,B,0.16290247,0.7753356,0.061761886
10582,A,A,0.65571654,0.18070234,0.16358113
10583,B,B,0.025125785,0.95706755,0.017806726
10584,A,A,0.981584,0.004441128,0.013974817
10585,B,B,0.07324025,0.8674934,0.059266385
10586,C,A,0.48345086,0.0777812,0.438768
10587,C,B,0.12312161,0.6263124,0.250566
10588,A,A,0.96983665,0.005258119,0.024905182
10589,C,B,0.10295936,0.5202596,0.37678105
10590,B,B,0.03227492,0.73567444,0.23205067
10591,B,C,0.15547843,0.42004478,0.42447683
10592,A,A,0.965574,0.0032832706,0.031142635
10593,B,B,0.031818684,0.94637805,0.021803197
10594,C,A,0.6933106,0.14321706,0.16347237
10595,A,A,0.8897336,0.026610669,0.083655745
10596,C,C,0.07382279,0.03618812,0.8899891
10597,B,B,0.050212212,0.919468,0.030319909
10598,B,B,0.017827086,0.9720395,0.010133367
10599,A,A,0.79401696,0.053414155,0.15256895
10600,C,C,0.13463524,0.06488227,0.80048245
10601,C,B,0.09910384,0.70112896,0.19976713
10602,B,B,0.022364074,0.9348246,0.0428114
10603,C,C,0.09048338,0.40598783,0.5035287
10604,A,B,0.31595075,0.5990416,0.085007645
10605,C,C,0.048224863,0.11981484,0.83196026
10606,A,B,0.09919935,0.84475225,0.056048434
10607,C,C,0.35610867,0.27647594,0.36741534
10608,A,A,0.69886863,0.03308376,0.26804757
10609,A,A,0.62846863,0.108242005,0.26328945
10610,C,C,0.12624912,0.06590356,0.8078474
10611,C,B,0.048863642,0.66690856,0.28422776
10612,A,A,0.95987403,0.015052661,0.02507331
10613,B,B,0.1123315,0.8460066,0.041661862
10614,B,B,0.012112356,0.9808352,0.0070524793
10615,B,B,0.050890245,0.91515785,0.03395191
10616,A,A,0.5737441,0.16974653,0.25650942
10617,B,B,0.026385654,0.9543924,0.019221947
10618,A,A,0.8849538,0.02097925,0.09406703
10619,C,C,0.08139419,0.047565706,0.87104017
10620,A,A,0.4853568,0.42168692,0.092956334
10621,A,A,0.9223808,0.03624592,0.04137326
10622,C,C,0.10468601,0.05304752,0.84226644
10623,B,B,0.028016504,0.90997183,0.062011704
10624,B,B,0.013224041,0.9728152,0.013960726
10625,B,B,0.045079272,0.8828733,0.072047435
10626,B,B,0.09409107,0.86748576,0.038423147
10627,C,A,0.5530993,0.023454253,0.42344654
10628,B,B,0.17774802,0.7521299,0.07012203
10629,A,A,0.90783876,0.014291164,0.07787011
10630,A,A,0.87770677,0.026433932,0.09585926
10631,B,B,0.014502246,0.9750583,0.010439442
10632,C,C,0.062888406,0.070733465,0.86637807
10633,C,A,0.7635509,0.061943986,0.1745052
10634,B,A,0.7805705,0.02672962,0.19269985
10635,C,C,0.4139206,0.07733571,0.50874364
10636,C,C,0.095992826,0.21853997,0.68546724
10637,C,C,0.13371079,0.13997337,0.72631586
10638,B,B,0.13761549,0.80240625,0.0599782
10639,A,C,0.22964422,0.35420412,0.4161517
10640,B,B,0.15544318,0.72250867,0.12204818
10641,C,C,0.124077275,0.12029486,0.7556279
10642,B,A,0.64314663,0.2312715,0.12558188
10643,B,A,0.52515304,0.093387224,0.38145977
10644,B,B,0.29077756,0.6145214,0.09470105
10645,C,C,0.05349503,0.22208093,0.72442406
10646,A,A,0.96694213,0.0063969353,0.026660897
10647,B,B,0.031497616,0.8620304,0.10647202
10648,C,A,0.47934464,0.042120412,0.47853497
10649,C,B,0.08975959,0.57513773,0.33510265
10650,B,B,0.025023276,0.85526323,0.11971351
10651,A,A,0.94052136,0.023644827,0.03583374
10652,C,C,0.41957518,0.055242322,0.5251824
10653,C,C,0.047823053,0.061144613,0.89103234
10654,A,A,0.9267221,0.0138997175,0.05937815
10655,A,A,0.9669531,0.009912227,0.023134636
10656,C,C,0.16059779,0.107718624,0.7316836
10657,A,A,0.95585847,0.009566103,0.034575492
10658,B,B,0.0429411,0.9369316,0.020127222
10659,A,A,0.9577355,0.006215306,0.036049165
10660,B,B,0.034595944,0.9270937,0.03831031
10661,C,B,0.11673353,0.50934124,0.37392515
10662,A,A,0.9489102,0.017861424,0.03322837
10663,B,B,0.010062777,0.98463374,0.0053034727
10664,A,A,0.45409113,0.43200254,0.11390636
10665,C,C,0.16211313,0.29334596,0.54454094
10666,B,B,0.12843227,0.8097962,0.061771464
10667,A,A,0.86643875,0.036714606,0.096846595
10668,B,A,0.42757013,0.3717193,0.20071054
10669,C,B,0.064170755,0.8272665,0.10856278
10670,C,C,0.12024079,0.1613005,0.7184588
10671,B,C,0.051457353,0.4091942,0.5393484
10672,B,B,0.008914605,0.9765405,0.014544874
10673,C,C,0.16530228,0.093817,0.7408807
10674,B,B,0.036320552,0.917435,0.0462444
10675,B,B,0.15453477,0.78429055,0.061174642
10676,C,C,0.30424336,0.03469161,0.66106504
10677,C,C,0.06385924,0.075670786,0.86046994
10678,B,B,0.021677153,0.9424189,0.0359039
10679,B,C,0.107583664,0.39519036,0.49722597
10680,A,A,0.86342037,0.07140632,0.06517333
10681,C,C,0.049323052,0.19418167,0.75649524
10682,C,C,0.05831691,0.119870044,0.82181305
10683,C,A,0.8606758,0.016439911,0.122884326
10684,B,B,0.028828476,0.9523719,0.018799594
10685,C,A,0.5751707,0.024319097,0.4005102
10686,B,B,0.0879912,0.86509997,0.046908792
10687,A,A,0.8741695,0.044419188,0.08141126
10688,A,A,0.8567055,0.065324575,0.07796997
10689,B,B,0.04790284,0.91067725,0.04141987
10690,A,B,0.27207035,0.53807944,0.18985018
10691,B,B,0.15036069,0.7896875,0.05995186
10692,A,A,0.89012307,0.03239329,0.07748354
10693,A,A,0.49200884,0.02356433,0.48442686
10694,B,B,0.057210326,0.6361985,0.30659115
10695,A,A,0.9161811,0.013203391,0.070615575
10696,B,B,0.11866659,0.7600806,0.12125288
10697,A,C,0.20678535,0.06631483,0.72689974
10698,A,A,0.9869676,0.0022197645,0.010812502
10699,C,C,0.098571464,0.04538979,0.85603875
10700,B,A,0.92878884,0.015001912,0.05620925
10701,A,C,0.12121838,0.053096823,0.8256848
10702,B,B,0.067041546,0.836578,0.096380375
10703,C,C,0.17768002,0.05341166,0.76890826
10704,B,B,0.04799739,0.9139187,0.038083974
10705,B,B,0.08600429,0.8761192,0.03787651
10706,B,B,0.16930744,0.7779816,0.05271106
10707,B,B,0.021793835,0.9454957,0.032710485
10708,C,C,0.4149015,0.023013305,0.5620852
10709,A,B,0.24975449,0.6655608,0.0846848
10710,C,C,0.10928456,0.09566048,0.7950549
10711,C,C,0.11953389,0.10033408,0.780132
10712,A,A,0.9200854,0.019356057,0.060558554
10713,B,B,0.03283172,0.91933626,0.04783201
10714,B,A,0.75774384,0.1287916,0.113464594
10715,C,C,0.11718143,0.035204064,0.84761447
10716,A,B,0.26056367,0.66945213,0.06998422
10717,A,C,0.47547916,0.033308346,0.49121252
10718,A,A,0.97843766,0.0041921632,0.017370235
10719,B,B,0.09565714,0.8252785,0.07906434
10720,A,A,0.8843556,0.028544039,0.08710039
10721,C,A,0.8383035,0.008973374,0.15272322
10722,B,A,0.73428506,0.07535916,0.1903558
10723,A,C,0.4657074,0.04910039,0.48519218
10724,C,C,0.07979777,0.22945526,0.69074696
10725,A,A,0.9853491,0.0011750804,0.013475782
10726,C,C,0.3736785,0.08859339,0.53772813
10727,A,B,0.068203546,0.901469,0.030327477
10728,B,B,0.059928253,0.90824723,0.031824425
10729,B,B,0.04034372,0.9376319,0.02202433
10730,A,A,0.8724284,0.01656014,0.11101141
10731,B,B,0.04754599,0.8909061,0.061547883
10732,B,B,0.031788062,0.9487299,0.019482078
10733,A,A,0.9232186,0.018009495,0.05877192
10734,A,A,0.94598585,0.015682625,0.038331542
10735,A,A,0.5980382,0.22237732,0.17958453
10736,C,C,0.30973768,0.046487622,0.64377475
10737,A,A,0.9342407,0.009381897,0.056377314
10738,A,A,0.8702018,0.019667076,0.110131085
10739,A,A,0.9936993,0.0010288602,0.005271828
10740,B,B,0.008534914,0.97100484,0.020460218
10741,C,C,0.27041602,0.08087221,0.64871174
10742,A,A,0.95756453,0.01041325,0.032022245
10743,A,A,0.9909272,0.0013808497,0.0076919515
10744,B,B,0.023693005,0.9633065,0.013000464
10745,B,C,0.26173306,0.07482995,0.663437
10746,C,C,0.2342942,0.0706598,0.69504607
10747,C,C,0.15444422,0.097437255,0.7481185
10748,A,A,0.78044873,0.017854132,0.20169711
10749,C,C,0.06081786,0.048428126,0.890754
10750,C,B,0.18914704,0.42504653,0.38580644
10751,B,B,0.028112525,0.89476335,0.077124156
10752,C,C,0.057723396,0.4589871,0.48328948
10753,A,A,0.66520673,0.14354543,0.1912478
10754,A,B,0.06953757,0.86670434,0.06375811
10755,A,A,0.9857247,0.002550459,0.01172473
10756,C,C,0.07722314,0.31269333,0.6100836
10757,C,C,0.16235156,0.19821888,0.63942957
10758,A,A,0.9482867,0.018005764,0.03370747
10759,C,C,0.1673079,0.02109137,0.81160074
10760,C,C,0.3970256,0.11527603,0.48769844
10761,C,A,0.5293552,0.059547294,0.41109747
10762,C,B,0.055995103,0.89924914,0.04475575
10763,A,A,0.9755324,0.006278857,0.018188702
10764,A,A,0.9672317,0.0037381733,0.02903018
10765,A,A,0.9225899,0.017331375,0.060078755
10766,A,A,0.73926926,0.115642816,0.14508788
10767,A,A,0.7205659,0.14160079,0.13783328
10768,B,B,0.019188251,0.9595358,0.021275986
10769,C,C,0.15043303,0.085879765,0.7636872
10770,C,C,0.12682351,0.07604084,0.7971357
10771,A,A,0.8785588,0.03206315,0.08937794
10772,C,B,0.20849559,0.4440309,0.34747356
10773,B,B,0.027551271,0.9472426,0.025206186
10774,A,A,0.9803782,0.0028685308,0.016753262
10775,C,C,0.279836,0.042770594,0.6773934
10776,C,C,0.104497954,0.096465886,0.7990362
10777,B,B,0.08344971,0.852699,0.063851364
10778,C,C,0.13688499,0.1372142,0.72590077
10779,C,C,0.30465734,0.07769606,0.6176466
10780,C,C,0.14925909,0.037874933,0.812866
10781,A,A,0.9472072,0.008325818,0.044466943
10782,B,B,0.24172015,0.65243906,0.105840795
10783,C,C,0.095313355,0.17488378,0.72980285
10784,C,A,0.5175672,0.122377366,0.36005545
10785,B,B,0.07484657,0.894935,0.030218361
10786,A,A,0.45530587,0.36543822,0.17925599
10787,A,A,0.9704123,0.0039970875,0.025590662
10788,C,C,0.1469808,0.081717394,0.77130187
10789,C,C,0.061926734,0.07160804,0.86646515
10790,B,B,0.039159313,0.9152849,0.04555577
10791,B,B,0.03120985,0.9295804,0.039209753
10792,B,B,0.012066201,0.9520201,0.03591367
10793,C,C,0.061573833,0.053299706,0.8851265
10794,C,C,0.13222744,0.08206913,0.7857034
10795,A,A,0.93095267,0.018631393,0.050416004
10796,C,C,0.17916553,0.078405894,0.74242854
10797,C,C,0.11867096,0.28746676,0.59386224
10798,C,C,0.19947721,0.055855256,0.74466753
10799,C,C,0.19196385,0.036327973,0.77170813
10800,C,C,0.08516006,0.0349874,0.87985253
10801,C,C,0.1103055,0.14646429,0.7432303
10802,A,A,0.9707437,0.006806827,0.022449415
10803,C,C,0.06904583,0.072247915,0.8587063
10804,B,B,0.032910734,0.8165153,0.15057397
10805,C,C,0.28920645,0.08251767,0.62827593
10806,C,C,0.080873944,0.20096463,0.7181614
10807,C,C,0.03546494,0.051819485,0.91271555
10808,A,A,0.84384984,0.015247401,0.1409028
10809,B,B,0.22910891,0.6570309,0.11386026
10810,B,B,0.10583965,0.8156933,0.07846701
10811,B,B,0.123234786,0.78795004,0.08881518
10812,C,C,0.2666862,0.14133747,0.59197634
10813,B,B,0.22866403,0.56421614,0.20711984
10814,A,A,0.98608625,0.0020962164,0.0118176285
10815,B,B,0.1624133,0.7359898,0.10159686
10816,C,B,0.08772989,0.64916474,0.26310542
10817,B,B,0.044973124,0.92501605,0.030010745
10818,A,A,0.8508125,0.056067146,0.09312028
10819,A,A,0.9715631,0.004803652,0.023633335
10820,A,A,0.9275906,0.025062537,0.047346834
10821,B,A,0.58488625,0.11323776,0.30187598
10822,A,B,0.13236955,0.80815804,0.05947243
10823,B,B,0.24361122,0.5981166,0.15827213
10824,C,C,0.40428984,0.10679569,0.4889145
10825,B,B,0.04158347,0.9274718,0.030944647
10826,B,C,0.23247224,0.12389432,0.6436334
10827,C,C,0.09845935,0.04067656,0.86086416
10828,A,C,0.25353336,0.106258094,0.64020854
10829,B,B,0.016090414,0.9711783,0.012731222
10830,A,A,0.7617241,0.07703836,0.16123752
10831,B,C,0.08882581,0.28404927,0.6271249
10832,A,A,0.9527314,0.011166753,0.036101956
10833,B,B,0.019302662,0.963137,0.017560337
10834,C,C,0.050991897,0.056117147,0.892891
10835,A,A,0.9260875,0.02036528,0.053547252
10836,B,B,0.08429988,0.8737586,0.04194145
10837,B,C,0.29840907,0.2897823,0.41180855
10838,A,A,0.98373437,0.0033957562,0.012869872
10839,B,B,0.014610351,0.97850263,0.0068870746
10840,A,A,0.9549993,0.004495801,0.04050486
10841,A,A,0.97087145,0.004361426,0.024767144
10842,C,A,0.62993014,0.05458864,0.31548122
10843,B,C,0.04009646,0.1391989,0.8207046
10844,C,C,0.056307197,0.08905839,0.85463446
10845,A,A,0.8451989,0.03371283,0.12108824
10846,B,B,0.01461478,0.95432943,0.031055816
10847,A,A,0.7649096,0.1477289,0.08736143
10848,C,B,0.3463765,0.4039987,0.24962483
10849,B,B,0.028473103,0.8098836,0.16164328
10850,B,B,0.06668737,0.8582674,0.07504519
10851,A,A,0.9247913,0.016560074,0.05864867
10852,B,B,0.23982503,0.64650834,0.113666624
10853,C,C,0.08554714,0.0855511,0.8289017
10854,C,B,0.12883715,0.80744654,0.06371637
10855,C,A,0.5879683,0.04057693,0.37145475
10856,A,A,0.87223506,0.026350698,0.101414286
10857,A,A,0.76509833,0.033703703,0.20119798
10858,A,A,0.92127556,0.02228193,0.056442637
10859,A,A,0.74994403,0.030939234,0.2191167
10860,B,B,0.005008698,0.99184483,0.0031465273
10861,B,B,0.047775075,0.8224187,0.1298063
10862,B,B,0.029403958,0.9148237,0.055772256
10863,A,A,0.94189686,0.009932605,0.048170414
10864,B,B,0.081199646,0.8747907,0.044009563
10865,A,A,0.9927763,0.0011535421,0.0060701435
10866,B,B,0.17104681,0.71413064,0.114822485
10867,A,A,0.50145596,0.21579751,0.28274646
10868,C,B,0.05066707,0.47793558,0.4713973
10869,B,B,0.057824153,0.7982266,0.14394923
10870,B,B,0.086347654,0.881842,0.031810366
10871,A,A,0.5770873,0.2907957,0.132117
10872,B,B,0.27799106,0.59394604,0.12806284
10873,C,C,0.1066038,0.13419522,0.75920105
10874,C,C,0.06856455,0.04351891,0.88791656
10875,A,A,0.9448316,0.011646247,0.043522142
10876,C,C,0.092442825,0.102874584,0.80468255
10877,B,B,0.031256963,0.95236033,0.016382718
10878,C,C,0.051884808,0.16880009,0.7793151
10879,A,A,0.73072803,0.07022465,0.19904727
10880,B,B,0.056233842,0.8831829,0.06058327
10881,B,B,0.02809539,0.95658886,0.015315752
10882,C,C,0.022011671,0.03545406,0.94253427
10883,A,A,0.87966245,0.065539874,0.054797683
10884,A,A,0.72841054,0.062810406,0.20877902
10885,A,C,0.108644515,0.44130227,0.45005324
10886,C,C,0.42551753,0.08761446,0.486868
10887,A,A,0.9628923,0.010144963,0.026962738
10888,A,A,0.96510935,0.004701905,0.030188825
10889,A,A,0.71100754,0.11143839,0.1775541
10890,C,A,0.824601,0.023720326,0.15167874
10891,B,C,0.3672413,0.22927442,0.40348426
10892,B,B,0.071345694,0.87836915,0.0502852
10893,B,A,0.5173301,0.36910376,0.11356612
10894,B,B,0.08336374,0.8822675,0.034368817
10895,C,A,0.8930093,0.016262332,0.09072841
10896,A,A,0.97300977,0.002908015,0.024082221
10897,B,B,0.038447164,0.7597345,0.20181836
10898,B,B,0.07150525,0.90325785,0.02523699
10899,B,B,0.01882236,0.9447389,0.036438778
10900,C,B,0.12067583,0.75790477,0.12141944
10901,B,B,0.0109438645,0.98333126,0.0057248943
10902,B,B,0.14289378,0.80105287,0.056053385
10903,A,A,0.5065309,0.11875843,0.3747107
10904,A,A,0.9707334,0.0059877797,0.023278873
10905,C,C,0.27910763,0.06765417,0.6532382
10906,A,B,0.08013053,0.5390424,0.380827
10907,A,A,0.7464747,0.11422889,0.1392964
10908,A,A,0.9802781,0.003617736,0.016104277
10909,B,B,0.013160153,0.9778882,0.008951601
10910,A,A,0.98678905,0.00086296146,0.012347986
10911,A,A,0.9783851,0.0033490357,0.018265992
10912,B,B,0.02275107,0.95591235,0.021336611
10913,C,C,0.10606145,0.019183854,0.87475467
10914,C,B,0.021239713,0.60410345,0.3746568
10915,A,A,0.5640049,0.26426825,0.17172682
10916,B,B,0.03127169,0.9368681,0.031860195
10917,B,B,0.12889652,0.8132579,0.057845566
10918,C,C,0.067133486,0.21272834,0.72013825
10919,B,B,0.031424254,0.92674774,0.041827977
10920,A,A,0.99070483,0.0013120056,0.0079831155
10921,B,B,0.0979618,0.85264397,0.049394306
10922,B,B,0.06958877,0.91010696,0.020304238
10923,B,B,0.2736314,0.5962381,0.1301305
10924,A,A,0.9099254,0.015223392,0.07485111
10925,C,A,0.4890578,0.12126884,0.38967338
10926,B,B,0.12853931,0.8232719,0.04818884
10927,B,B,0.030786334,0.94711053,0.022103181
10928,A,A,0.9808853,0.0033169268,0.01579774
10929,A,A,0.8303206,0.05377984,0.11589947
10930,A,A,0.49855775,0.123399325,0.37804294
10931,C,C,0.4031168,0.062306426,0.5345767
10932,C,A,0.5062404,0.07491321,0.4188464
10933,B,B,0.120881625,0.6193243,0.25979403
10934,B,B,0.014194373,0.97716796,0.008637715
10935,A,A,0.918517,0.02802124,0.05346169
10936,A,A,0.9483432,0.013256046,0.03840074
10937,C,B,0.12180548,0.75654167,0.12165284
10938,A,A,0.99223703,0.0012337776,0.006529208
10939,A,A,0.9505848,0.014237045,0.03517818
10940,C,C,0.098273315,0.085886255,0.8158404
10941,B,B,0.10851007,0.79780245,0.09368741
10942,B,B,0.105710045,0.708081,0.18620896
10943,A,A,0.9696278,0.0041134316,0.026258696
10944,C,C,0.15357594,0.1482197,0.69820434
10945,B,B,0.3664522,0.48829636,0.14525147
10946,A,A,0.9591159,0.005773008,0.03511106
10947,B,B,0.27251187,0.66048217,0.06700606
10948,C,C,0.08693184,0.05111964,0.86194855
10949,A,A,0.9825454,0.0039131735,0.0135414405
10950,C,A,0.7067936,0.045921046,0.2472853
10951,A,A,0.9658747,0.00980751,0.024317848
10952,A,A,0.9658104,0.004623961,0.029565664
10953,A,A,0.891566,0.022490675,0.085943416
10954,A,B,0.12941961,0.44250062,0.4280798
10955,C,C,0.14586274,0.089253925,0.76488334
10956,A,A,0.97322446,0.0031357475,0.023639781
10957,A,A,0.8643629,0.025178172,0.110459
10958,C,C,0.2468388,0.044180155,0.7089811
10959,C,C,0.27750564,0.073337205,0.64915717
10960,A,A,0.7841158,0.050779115,0.16510506
10961,A,A,0.6767737,0.036775578,0.28645068
10962,B,B,0.06739372,0.90601844,0.026587872
10963,B,A,0.6596364,0.25472698,0.0856366
10964,A,A,0.9781189,0.0042119026,0.01766925
10965,C,C,0.27533796,0.027629547,0.6970325
10966,B,B,0.03574713,0.9310303,0.033222526
10967,C,C,0.0902422,0.16450363,0.7452542
10968,B,B,0.033001803,0.9204318,0.046566427
10969,B,B,0.21755522,0.72743964,0.055005122
10970,C,C,0.19792087,0.041546203,0.7605329
10971,A,A,0.98633796,0.0021097383,0.011552328
10972,C,B,0.037689343,0.56718236,0.3951283
10973,C,A,0.6742104,0.10066635,0.22512318
10974,B,A,0.785717,0.062120557,0.15216246
10975,A,A,0.8928251,0.015767515,0.09140737
10976,B,B,0.18252976,0.57969046,0.23777977
10977,C,C,0.11050153,0.067110695,0.8223877
10978,B,B,0.027957443,0.9207758,0.051266696
10979,B,B,0.03387334,0.9453978,0.020728938
10980,A,A,0.8648013,0.030184364,0.10501433
10981,C,C,0.18290922,0.081822686,0.73526806
10982,B,B,0.03697412,0.6766424,0.2863835
10983,A,A,0.984703,0.0024693673,0.01282769
10984,C,C,0.3175423,0.045137446,0.6373203
10985,B,B,0.023444554,0.9577751,0.018780353
10986,B,B,0.19363606,0.68519366,0.12117028
10987,A,A,0.967512,0.0061841714,0.026303703
10988,B,B,0.19157457,0.71313256,0.0952929
10989,B,B,0.029939028,0.92387533,0.046185527
10990,A,A,0.91143113,0.026553797,0.06201505
10991,C,C,0.055850226,0.055506174,0.88864356
10992,A,A,0.95623326,0.016738985,0.027027665
10993,C,B,0.14567736,0.5169283,0.33739427
10994,B,B,0.014040162,0.97359663,0.012363204
10995,A,A,0.84254175,0.025625158,0.13183306
10996,A,B,0.20014168,0.41546217,0.38439614
10997,C,C,0.0632082,0.25302252,0.6837693
10998,A,A,0.9499438,0.010112971,0.039943162
10999,B,B,0.01777645,0.9723183,0.009905277
11000,C,A,0.53717977,0.13357426,0.329246
11001,A,A,0.9253633,0.017063338,0.05757334
11002,C,C,0.06220916,0.10451281,0.833278
11003,A,A,0.8733537,0.03002633,0.09662001
11004,C,C,0.08811901,0.11188276,0.79999816
11005,B,B,0.06163252,0.8613198,0.07704774
11006,B,B,0.025633555,0.9581827,0.016183734
11007,B,B,0.19441435,0.7387015,0.06688423
11008,C,C,0.15518156,0.03592171,0.80889666
11009,C,B,0.044732053,0.7337326,0.2215354
11010,A,A,0.89147705,0.012992115,0.095530905
11011,B,B,0.03440162,0.95057696,0.015021339
11012,C,C,0.05939295,0.30396125,0.6366458
11013,B,B,0.12577216,0.82408947,0.050138306
11014,A,A,0.95356214,0.01154622,0.03489162
11015,A,A,0.9931559,0.0011345014,0.0057096877
11016,A,A,0.8835048,0.01822499,0.09827011
11017,C,C,0.05222741,0.014875737,0.9328968
11018,A,A,0.85698944,0.04385909,0.099151395
11019,B,B,0.14714696,0.73596716,0.11688585
11020,C,C,0.06881035,0.091244414,0.83994526
11021,A,A,0.9125138,0.020351762,0.06713447
11022,C,C,0.03976882,0.4094637,0.5507675
11023,A,A,0.9516216,0.010958964,0.037419472
11024,C,C,0.14945923,0.023025159,0.82751566
11025,A,A,0.6325574,0.13833983,0.22910284
11026,B,B,0.029297052,0.9512998,0.019403126
11027,A,A,0.41218656,0.39784983,0.18996364
11028,A,A,0.7710376,0.15945685,0.069505624
11029,C,C,0.0796583,0.056824002,0.8635177
11030,A,B,0.1378129,0.78421533,0.07797177
11031,C,C,0.076430745,0.20259918,0.7209701
11032,B,B,0.031037737,0.8631273,0.10583499
11033,C,A,0.4899129,0.09362625,0.41646078
11034,B,C,0.058596287,0.35615596,0.58524776
11035,C,C,0.051714834,0.12205388,0.8262313
11036,A,A,0.97255534,0.005524573,0.021920111
11037,B,B,0.03196064,0.94523895,0.022800373
11038,C,C,0.15059729,0.038972687,0.81043005
11039,A,A,0.8820724,0.024787143,0.09314042
11040,A,A,0.94192415,0.0075446977,0.05053114
11041,B,B,0.050628673,0.88830847,0.061062884
11042,A,A,0.5736844,0.31257224,0.113743335
11043,A,A,0.45373765,0.3741742,0.17208813
11044,C,C,0.13778616,0.15220939,0.71000445
11045,A,A,0.9822421,0.0036427574,0.014115172
11046,B,B,0.07564404,0.8719485,0.052407492
11047,C,C,0.21608484,0.094744526,0.68917066
11048,A,A,0.8284369,0.052492,0.119071126
11049,C,C,0.17011149,0.13245371,0.69743484
11050,A,A,0.85709167,0.045145184,0.097763196
11051,C,C,0.38457838,0.11461657,0.5008051
11052,A,A,0.9694157,0.00747051,0.02311381
11053,A,A,0.8821316,0.021592077,0.09627641
11054,A,A,0.9672049,0.0077029606,0.025092075
11055,B,B,0.024217965,0.9310281,0.04475396
11056,A,A,0.8439154,0.05261501,0.10346952
11057,C,C,0.4188408,0.069040455,0.5121187
11058,C,C,0.26788878,0.06265293,0.66945827
11059,B,B,0.012987053,0.9800488,0.0069641755
11060,C,A,0.6125137,0.02929989,0.3581864
11061,A,A,0.6733615,0.045544624,0.28109393
11062,B,B,0.013110101,0.97844404,0.008445911
11063,A,A,0.9778064,0.0036230145,0.018570533
11064,C,C,0.10207118,0.012348885,0.88557994
11065,C,C,0.17465633,0.12190112,0.70344263
11066,C,C,0.069252566,0.05456035,0.8761871
11067,C,A,0.7387736,0.03623761,0.22498877
11068,A,A,0.96571577,0.010065546,0.024218613
11069,C,C,0.25205988,0.05969938,0.68824077
11070,C,C,0.10290117,0.124579854,0.77251893
11071,A,C,0.11203799,0.24884504,0.639117
11072,A,A,0.9492305,0.017105313,0.03366429
11073,C,C,0.076805755,0.08530073,0.83789355
11074,A,A,0.9317989,0.013367363,0.054833777
11075,C,C,0.3485609,0.0602884,0.59115076
11076,B,B,0.02323247,0.94098467,0.035782862
11077,B,B,0.08193906,0.82259774,0.09546328
11078,B,A,0.90711826,0.016724346,0.07615741
11079,C,C,0.14936116,0.042658944,0.8079799
11080,B,B,0.095886536,0.84542274,0.058690734
11081,C,C,0.10548141,0.03970312,0.8548155
11082,B,B,0.026709318,0.9544216,0.018869013
11083,C,C,0.048290394,0.20642902,0.7452806
11084,B,B,0.046137694,0.86069185,0.093170516
11085,C,C,0.21405774,0.32198766,0.46395463
11086,A,A,0.9666451,0.008635734,0.0247192
11087,A,A,0.9744082,0.0066261236,0.01896568
11088,C,C,0.09544586,0.11730866,0.7872455
11089,B,B,0.034266498,0.9416298,0.024103642
11090,B,B,0.045004368,0.90342176,0.051573914
11091,A,A,0.49145678,0.08363756,0.42490566
11092,B,C,0.057971388,0.11501988,0.8270088
11093,C,C,0.039592203,0.039988987,0.92041886
11094,A,A,0.77579165,0.053567003,0.17064133
11095,B,A,0.60134923,0.2041439,0.19450682
11096,B,A,0.45806128,0.2867959,0.25514284
11097,A,A,0.97189754,0.004349613,0.023752894
11098,A,A,0.9487343,0.00882425,0.042441465
11099,B,B,0.118400775,0.8105531,0.07104622
11100,B,B,0.07959804,0.88806736,0.03233461
11101,C,C,0.08402747,0.12080751,0.79516506
11102,B,A,0.81233364,0.084297955,0.10336834
11103,C,A,0.87570214,0.020824986,0.10347283
11104,A,A,0.9555067,0.008891772,0.035601582
11105,B,B,0.01981289,0.9550674,0.025119718
11106,B,B,0.041613,0.91093934,0.04744765
11107,A,A,0.9433081,0.009048945,0.047642954
11108,C,C,0.05692254,0.308176,0.63490146
11109,C,C,0.39559194,0.036958292,0.5674498
11110,B,B,0.028992333,0.85345894,0.1175487
11111,C,B,0.34779477,0.44835642,0.20384878
11112,C,C,0.33673793,0.094884686,0.5683774
11113,B,B,0.052937325,0.66053945,0.2865232
11114,A,A,0.95003515,0.007743482,0.04222144
11115,A,A,0.809218,0.12304925,0.067732766
11116,A,A,0.99106455,0.0017284265,0.0072069988
11117,A,A,0.9298479,0.0060601663,0.064091906
11118,A,A,0.90967715,0.018913528,0.07140924
11119,B,B,0.36543375,0.50809926,0.12646702
11120,C,C,0.025881631,0.048310272,0.9258081
11121,C,C,0.45576668,0.04379643,0.50043684
11122,A,A,0.9352006,0.021724803,0.043074604
11123,C,C,0.19121675,0.24965902,0.55912423
11124,B,B,0.3403393,0.43999058,0.21967009
11125,B,B,0.081353396,0.61447245,0.30417413
11126,A,A,0.48891386,0.08201214,0.42907396
11127,C,C,0.07846824,0.05922081,0.8623109
11128,C,C,0.15121424,0.08419342,0.7645923
11129,B,B,0.06792845,0.8642921,0.067779504
11130,A,A,0.96875024,0.006934787,0.024314906
11131,C,B,0.08239957,0.47201973,0.4455807
11132,B,B,0.021068372,0.94432044,0.03461117
11133,C,C,0.039262608,0.014724304,0.94601303
11134,C,C,0.042868637,0.08941304,0.86771834
11135,C,C,0.17980774,0.08866614,0.7315261
11136,C,C,0.18592985,0.12047762,0.69359255
11137,B,B,0.013913906,0.97552943,0.010556662
11138,C,C,0.06566008,0.11187764,0.8224623
11139,B,B,0.068706855,0.8900532,0.041239947
11140,A,A,0.9716185,0.004834189,0.023547355
11141,A,A,0.97353595,0.0048325676,0.021631485
11142,C,B,0.13385473,0.6373886,0.22875668
11143,C,A,0.67637986,0.23858951,0.08503066
11144,C,C,0.038388126,0.026468057,0.93514377
11145,C,C,0.20024842,0.2447632,0.55498844
11146,A,A,0.9596482,0.007756566,0.032595254
11147,C,C,0.05028938,0.05284025,0.8968704
11148,C,C,0.3095819,0.2545088,0.43590924
11149,A,A,0.9577635,0.00939898,0.032837562
11150,C,C,0.09555927,0.116208956,0.78823173
11151,B,B,0.062319368,0.8094843,0.12819634
11152,B,B,0.039512917,0.91506445,0.04542264
11153,A,A,0.5246605,0.05890609,0.41643345
11154,C,A,0.8526319,0.03377749,0.11359067
11155,A,A,0.4921053,0.05709892,0.45079586
11156,A,A,0.8843335,0.028990744,0.08667582
11157,B,C,0.21595554,0.14037943,0.643665
11158,A,A,0.9334616,0.032222625,0.034315728
11159,A,A,0.97861755,0.0031019843,0.01828044
11160,A,A,0.93966097,0.011863625,0.048475407
11161,A,A,0.72880757,0.08281369,0.18837878
11162,A,A,0.60424846,0.32461327,0.07113824
11163,B,B,0.097128846,0.85191286,0.050958287
11164,B,B,0.1986676,0.6745418,0.12679072
11165,C,C,0.07844649,0.16902064,0.75253284
11166,A,A,0.9734197,0.0026923502,0.023887856
11167,B,B,0.18185309,0.6984979,0.11964905
11168,C,C,0.15930101,0.24487136,0.5958276
11169,C,C,0.16173552,0.32553488,0.51272964
11170,B,B,0.038226526,0.9389225,0.022850897
11171,C,C,0.1534872,0.07519213,0.77132064
11172,B,B,0.101385385,0.7542007,0.1444139
11173,B,B,0.092313185,0.8027397,0.10494713
11174,A,A,0.9718269,0.0036051713,0.024567947
11175,B,B,0.123227574,0.82867795,0.048094515
11176,B,B,0.020047342,0.93831336,0.04163925
11177,A,A,0.9749885,0.005061059,0.01995045
11178,B,B,0.14088395,0.7488139,0.110302135
11179,A,A,0.9631332,0.010467611,0.026399124
11180,C,A,0.80218977,0.04135032,0.15645991
11181,A,A,0.90132767,0.02031072,0.07836163
11182,C,C,0.047093753,0.055094022,0.89781225
11183,B,B,0.051359512,0.89115626,0.057484277
11184,A,A,0.96886843,0.008909221,0.022222368
11185,B,B,0.32134196,0.58792263,0.09073542
11186,A,B,0.01588821,0.9582032,0.025908533
11187,A,A,0.92581135,0.013348463,0.060840156
11188,B,B,0.02154794,0.94868666,0.02976547
11189,B,B,0.074100934,0.82723534,0.098663725
11190,C,A,0.9027254,0.02987304,0.06740165
11191,C,C,0.35768437,0.043970685,0.598345
11192,C,C,0.049296528,0.20040837,0.75029504
11193,A,A,0.7235142,0.08322949,0.19325632
11194,C,C,0.058392093,0.13103895,0.8105689
11195,C,C,0.08893225,0.16620694,0.7448608
11196,C,C,0.045667265,0.057960674,0.896372
11197,C,C,0.07732782,0.08723302,0.83543915
11198,A,A,0.98695475,0.0021623897,0.010882921
11199,C,B,0.02398703,0.9416863,0.03432672
11200,C,C,0.26070228,0.043278527,0.69601923
11201,C,C,0.063305885,0.09695175,0.83974236
11202,C,C,0.07575664,0.1293116,0.79493177
11203,B,B,0.09015161,0.8153013,0.09454709
11204,A,A,0.80518955,0.08319422,0.11161622
11205,C,C,0.19718054,0.042585086,0.7602343
11206,C,C,0.16055319,0.103877045,0.73556983
11207,B,B,0.021535704,0.95191723,0.026546964
11208,C,C,0.27348474,0.04810997,0.6784053
11209,C,C,0.16374725,0.102750376,0.7335023
11210,B,B,0.075096086,0.87285703,0.052046936
11211,A,A,0.9429298,0.014235051,0.042835128
11212,A,A,0.8884491,0.026675658,0.084875256
11213,C,A,0.6797326,0.040729247,0.27953818
11214,C,C,0.050942644,0.048464082,0.9005932
11215,B,B,0.075083174,0.87953395,0.045382902
11216,C,B,0.25544342,0.4233667,0.32118985
11217,C,C,0.056737456,0.052427787,0.89083475
11218,C,C,0.3966432,0.080564514,0.5227923
11219,C,C,0.34298685,0.09226905,0.56474406
11220,B,B,0.07020248,0.83961695,0.090180546
11221,B,C,0.20282297,0.2859543,0.5112227
11222,C,A,0.9352744,0.0070405076,0.057685133
11223,C,A,0.7410981,0.042940438,0.21596146
11224,A,A,0.96180046,0.0036136305,0.034585953
11225,B,B,0.05390974,0.85307306,0.093017146
11226,B,B,0.017214432,0.97515804,0.007627473
11227,C,C,0.055657156,0.10485943,0.83948344
11228,C,C,0.2671952,0.019370884,0.7134339
11229,C,C,0.11633252,0.05974208,0.8239253
11230,A,A,0.97363436,0.0015035054,0.024862112
11231,C,C,0.15744287,0.04219566,0.8003615
11232,A,A,0.92901355,0.012320911,0.058665507
11233,C,A,0.5102182,0.022041988,0.46773985
11234,A,A,0.91942084,0.020057477,0.060521726
11235,A,A,0.73787785,0.09416243,0.16795973
11236,A,A,0.96404934,0.005531499,0.030419113
11237,A,A,0.9523586,0.018482797,0.029158559
11238,A,B,0.07090599,0.8368835,0.09221053
11239,A,A,0.94221246,0.01728711,0.040500388
11240,B,B,0.014653468,0.9179947,0.067351826
11241,B,B,0.051845167,0.9237263,0.024428569
11242,C,C,0.07088133,0.1220354,0.80708325
11243,C,C,0.2772025,0.049714893,0.6730827
11244,A,A,0.94623893,0.01682491,0.03693616
11245,A,B,0.26379228,0.64920527,0.087002456
11246,A,A,0.8840044,0.06518381,0.05081171
11247,C,C,0.19774505,0.032788437,0.7694665
11248,B,B,0.12953806,0.74212205,0.1283399
11249,C,C,0.018215653,0.05756207,0.92422223
11250,C,C,0.11454902,0.05911184,0.8263391
11251,A,A,0.9318794,0.020778392,0.047342185
11252,A,A,0.9482683,0.016160842,0.03557086
11253,A,A,0.8842781,0.04577619,0.06994566
11254,C,C,0.08143516,0.036224093,0.8823408
11255,B,B,0.09743771,0.8199524,0.08260977
11256,C,C,0.13041428,0.17849103,0.6910947
11257,C,B,0.28592667,0.41648534,0.29758805
11258,B,B,0.026891861,0.92132854,0.051779613
11259,C,C,0.2015371,0.13087375,0.6675891
11260,A,A,0.95036966,0.008001018,0.04162938
11261,B,B,0.027677149,0.88031924,0.09200359
11262,A,A,0.91861343,0.039293375,0.04209318
11263,B,B,0.04554468,0.90241235,0.052042983
11264,B,B,0.0115827415,0.968398,0.020019215
11265,B,B,0.07871661,0.7437265,0.17755692
11266,A,A,0.924796,0.018841418,0.05636261
11267,C,C,0.43927822,0.03362874,0.52709305
11268,A,C,0.34586215,0.12134499,0.53279287
11269,B,B,0.03805468,0.86531717,0.096628115
11270,B,B,0.044966478,0.6767339,0.27829963
11271,A,A,0.98430943,0.0017171326,0.01397339
11272,A,C,0.19345416,0.31268787,0.49385795
11273,B,B,0.06266362,0.8992333,0.03810311
11274,B,B,0.07506536,0.8841977,0.040737025
11275,C,C,0.1683951,0.05796202,0.77364284
11276,B,B,0.14421418,0.69320416,0.1625816
11277,A,A,0.86772865,0.074346386,0.057924926
11278,C,C,0.23356012,0.05271412,0.71372575
11279,A,A,0.91879755,0.026835902,0.054366536
11280,B,B,0.016989106,0.9748686,0.008142233
11281,B,B,0.080771565,0.8528733,0.066355154
11282,B,B,0.082238555,0.68314546,0.23461604
11283,C,C,0.079334,0.03595167,0.8847143
11284,A,A,0.90472513,0.031987708,0.06328718
11285,A,A,0.70950496,0.032845777,0.25764924
11286,A,A,0.96477526,0.007520846,0.027703851
11287,B,B,0.10284383,0.8326443,0.06451186
11288,A,A,0.887977,0.04470342,0.067319505
11289,A,A,0.9376202,0.016002186,0.046377555
11290,A,B,0.23052718,0.6931502,0.076322645
11291,A,A,0.9666713,0.0050773737,0.02825129
11292,A,A,0.66202027,0.09702658,0.2409531
11293,B,B,0.014708643,0.97248197,0.01280943
11294,A,A,0.8593832,0.024852129,0.11576472
11295,C,A,0.9187197,0.008770418,0.07250982
11296,C,A,0.6609288,0.033975963,0.30509526
11297,C,C,0.0444882,0.20122097,0.75429076
11298,B,B,0.04745603,0.90325326,0.0492907
11299,C,C,0.05307406,0.35684764,0.5900783
11300,A,A,0.8779016,0.04603902,0.07605937
11301,A,A,0.94410765,0.014617689,0.041274715
11302,C,C,0.17446645,0.05662882,0.7689047
11303,C,C,0.19840306,0.05231701,0.7492799
11304,C,C,0.19095327,0.17314553,0.63590115
11305,C,C,0.09578227,0.052602064,0.8516156
11306,C,A,0.4989528,0.085433245,0.41561392
11307,A,A,0.509288,0.066062,0.42464992
11308,C,C,0.06709553,0.06529555,0.86760896
11309,B,B,0.048275962,0.9159561,0.03576801
11310,C,C,0.07011737,0.159724,0.77015865
11311,C,C,0.13469955,0.078339696,0.7869607
11312,B,B,0.02676625,0.9300372,0.043196537
11313,C,C,0.19863619,0.2173223,0.5840415
11314,C,C,0.26436937,0.05616959,0.67946106
11315,C,A,0.60342056,0.14562048,0.25095898
11316,B,B,0.022710513,0.95383817,0.0234514
11317,C,C,0.107452035,0.10697718,0.7855708
11318,B,C,0.13564041,0.11087778,0.7534818
11319,B,B,0.02990543,0.91712344,0.052971117
11320,C,B,0.11633791,0.6580099,0.22565225
11321,A,A,0.97468895,0.0060719284,0.019239068
11322,A,A,0.7948786,0.10671239,0.098409064
11323,C,C,0.1227587,0.26359132,0.61364996
11324,A,A,0.93220675,0.01578837,0.05200489
11325,C,A,0.55377364,0.17200957,0.27421677
11326,C,C,0.14367278,0.035615496,0.82071173
11327,A,A,0.9356651,0.02402935,0.04030548
11328,C,C,0.050820384,0.046161592,0.90301806
11329,A,A,0.9414192,0.017668476,0.0409123
11330,A,A,0.9781828,0.004324001,0.017493209
11331,A,A,0.9353419,0.011972375,0.052685786
11332,A,A,0.78953445,0.039702594,0.17076291
11333,A,A,0.95532787,0.016275667,0.028396524
11334,B,B,0.0061701303,0.9736675,0.020162309
11335,A,A,0.98281753,0.0047380407,0.012444533
11336,B,B,0.15999344,0.7825308,0.0574757
11337,C,B,0.06005116,0.5071712,0.43277755
11338,C,C,0.27451038,0.08170054,0.6437891
11339,C,C,0.06945847,0.063934036,0.8666075
11340,A,A,0.9610583,0.0076892427,0.031252462
11341,B,B,0.10424964,0.7198473,0.17590305
11342,C,C,0.11809057,0.21720648,0.6647029
11343,B,B,0.03635833,0.94776183,0.015879866
11344,C,C,0.13472973,0.16535343,0.69991684
11345,A,A,0.9672675,0.0054779286,0.027254581
11346,A,A,0.9036488,0.01762651,0.078724645
11347,B,B,0.06137837,0.875945,0.062676676
11348,B,B,0.026040778,0.93166405,0.04229526
11349,B,B,0.056644514,0.91944087,0.02391463
11350,B,B,0.031775694,0.9558478,0.01237661
11351,B,B,0.17237781,0.5442894,0.28333277
11352,C,C,0.20163672,0.09236864,0.70599467
11353,B,B,0.3033884,0.4609097,0.23570193
11354,A,A,0.92922455,0.008897937,0.061877627
11355,A,B,0.032195583,0.9491678,0.018636616
11356,A,A,0.90355086,0.0075729643,0.088876076
11357,C,C,0.05215118,0.050891265,0.8969576
11358,C,B,0.050488263,0.49563146,0.45388037
11359,B,B,0.19675963,0.7184465,0.08479383
11360,B,B,0.018509725,0.9381776,0.043312628
11361,C,B,0.16132641,0.7107732,0.12790047
11362,A,A,0.9629678,0.007939648,0.029092513
11363,A,A,0.9664033,0.005914794,0.027681844
11364,C,C,0.06968947,0.17977509,0.75053537
11365,B,B,0.08061649,0.8587324,0.060651157
11366,C,C,0.21106564,0.03140337,0.757531
11367,C,C,0.33931038,0.05521071,0.6054789
11368,A,A,0.9391297,0.020554505,0.040315844
11369,B,B,0.13838355,0.7593413,0.10227521
11370,A,A,0.9185846,0.022506723,0.058908638
11371,A,A,0.9182475,0.009984693,0.07176781
11372,C,B,0.19210963,0.42019662,0.38769376
11373,B,B,0.04524336,0.9318258,0.022930799
11374,A,A,0.78571165,0.067264445,0.14702393
11375,A,A,0.82467014,0.073449075,0.10188081
11376,B,B,0.052294146,0.9216708,0.02603504
11377,A,A,0.89668566,0.04063199,0.06268238
11378,B,B,0.06849499,0.895999,0.03550605
11379,A,A,0.8703115,0.05716013,0.07252839
11380,B,B,0.03294944,0.9504249,0.016625669
11381,B,A,0.45706424,0.3895757,0.1533601
11382,A,A,0.93051255,0.016782457,0.05270492
11383,A,A,0.90847033,0.022934802,0.06859485
11384,A,A,0.9585445,0.00697611,0.03447937
11385,C,A,0.5325005,0.15679489,0.31070456
11386,B,B,0.39436495,0.45866147,0.14697362
11387,B,B,0.027022125,0.95708066,0.015897302
11388,B,B,0.04265673,0.9248954,0.03244783
11389,C,C,0.086638756,0.067364864,0.8459964
11390,C,C,0.14464287,0.07074864,0.7846084
11391,C,C,0.0589742,0.105238855,0.83578694
11392,A,A,0.95803577,0.01262865,0.02933563
11393,B,B,0.04491727,0.9200321,0.03505056
11394,A,A,0.64416564,0.018972868,0.33686146
11395,C,C,0.12787057,0.25930265,0.61282676
11396,B,B,0.09893052,0.8264158,0.07465364
11397,B,B,0.37599072,0.509937,0.114072286
11398,C,C,0.1352549,0.097284555,0.7674606
11399,B,B,0.06179498,0.88693386,0.051271148
11400,A,A,0.92563426,0.011694742,0.062671
11401,B,B,0.043948557,0.9176471,0.03840429
11402,A,A,0.8660841,0.03964142,0.094274476
11403,B,B,0.03450958,0.93055767,0.034932736
11404,A,A,0.80000573,0.0220434,0.17795086
11405,B,B,0.0658023,0.894933,0.03926476
11406,C,A,0.75901294,0.07356993,0.16741706
11407,B,B,0.029427271,0.87413824,0.09643445
11408,C,A,0.77673656,0.057114575,0.16614881
11409,A,A,0.983174,0.0029541373,0.013871905
11410,B,B,0.10946661,0.7717596,0.11877377
11411,C,A,0.75212324,0.033458833,0.214418
11412,C,C,0.054854423,0.024724195,0.92042136
11413,B,B,0.045494396,0.91416204,0.04034355
11414,B,B,0.02753889,0.90420246,0.0682587
11415,B,B,0.05524135,0.9217338,0.023024837
11416,C,C,0.18871929,0.27360886,0.53767186
11417,B,B,0.3266356,0.5189436,0.15442081
11418,C,C,0.47356278,0.030241575,0.49619564
11419,A,A,0.95137435,0.011338899,0.037286807
11420,B,B,0.03321505,0.9416263,0.02515862
11421,A,A,0.97943616,0.003895907,0.016667953
11422,C,C,0.18386307,0.06321081,0.7529262
11423,A,A,0.61810577,0.29277393,0.089120366
11424,A,A,0.87247115,0.031862333,0.09566653
11425,C,A,0.6375729,0.04030369,0.32212338
11426,C,A,0.56388354,0.14852905,0.2875874
11427,C,C,0.06996227,0.039566547,0.89047116
11428,B,B,0.020233085,0.9656972,0.014069717
11429,B,B,0.042902317,0.9258301,0.031267565
11430,C,C,0.37503672,0.07555474,0.5494085
11431,A,A,0.9648959,0.008735691,0.026368517
11432,B,B,0.07567544,0.86209965,0.062224917
11433,B,B,0.21030565,0.7214039,0.06829048
11434,C,C,0.07576581,0.08414825,0.840086
11435,C,C,0.027149506,0.056693133,0.91615736
11436,C,A,0.686686,0.079324126,0.23398986
11437,C,C,0.21161024,0.04627218,0.7421176
11438,A,A,0.98156744,0.00362256,0.014809978
11439,A,A,0.6515046,0.05563398,0.29286143
11440,B,B,0.02147548,0.9379595,0.040565055
11441,C,C,0.18614432,0.09928147,0.7145742
11442,B,B,0.017333295,0.9607255,0.02194122
11443,B,B,0.08614108,0.8371736,0.0766854
11444,C,C,0.1799317,0.20056044,0.61950785
11445,C,C,0.17834759,0.111675754,0.7099767
11446,C,A,0.52148265,0.09114544,0.38737202
11447,A,A,0.9125546,0.0062000263,0.08124541
11448,C,C,0.20199901,0.040507846,0.75749314
11449,C,A,0.49557278,0.095275804,0.40915138
11450,C,C,0.13735875,0.17310736,0.6895339
11451,B,B,0.07353592,0.7436144,0.18284978
11452,C,A,0.55892044,0.29274544,0.14833419
11453,B,A,0.7960404,0.072864376,0.1310952
11454,B,B,0.025521958,0.93531495,0.039163128
11455,B,B,0.13368528,0.7970175,0.06929718
11456,C,C,0.21342635,0.12861593,0.6579577
11457,C,A,0.72003883,0.12221521,0.15774587
11458,B,B,0.048696395,0.6879537,0.2633499
11459,B,B,0.3571335,0.5469323,0.09593414
11460,A,A,0.9453199,0.0121239,0.042556304
11461,A,A,0.98018885,0.0027830317,0.017028036
11462,A,A,0.9621319,0.0041124034,0.033755653
11463,A,A,0.97880745,0.004037611,0.017155014
11464,B,B,0.009005465,0.98609143,0.0049030706
11465,C,C,0.23694327,0.08622266,0.67683405
11466,A,A,0.9884388,0.0018225409,0.009738775
11467,B,B,0.039498903,0.8227057,0.13779545
11468,C,A,0.62776506,0.058422953,0.31381196
11469,C,A,0.59370714,0.1047378,0.30155507
11470,C,C,0.13120456,0.07748948,0.791306
11471,A,A,0.8919551,0.039885275,0.06815968
11472,A,A,0.7973442,0.016191531,0.18646424
11473,C,C,0.016844865,0.022244453,0.9609107
11474,B,B,0.07594864,0.58151376,0.34253752
11475,B,B,0.023776652,0.9188782,0.057345167
11476,A,A,0.9239402,0.014210389,0.06184934
11477,A,B,0.23342675,0.5495617,0.21701153
11478,C,C,0.15366644,0.025691764,0.8206418
11479,C,A,0.76969534,0.033108138,0.19719651
11480,C,C,0.048986726,0.0763373,0.874676
11481,A,A,0.81032765,0.043971058,0.14570129
11482,A,A,0.9237649,0.016257625,0.059977446
11483,A,B,0.30339482,0.5230968,0.17350836
11484,B,B,0.013093368,0.94182974,0.045076862
11485,C,C,0.08356088,0.0705502,0.845889
11486,C,C,0.035866138,0.09769997,0.8664339
11487,A,A,0.9620813,0.007629209,0.03028952
11488,B,B,0.093783446,0.80052793,0.105688654
11489,B,B,0.164479,0.63665974,0.19886123
11490,C,C,0.08876828,0.2678422,0.6433895
11491,A,A,0.7808773,0.012173812,0.20694883
11492,A,A,0.946247,0.0043631573,0.04938989
11493,A,A,0.93681306,0.009294996,0.05389194
11494,A,A,0.9750211,0.0036067113,0.021372207
11495,B,B,0.016164705,0.94952714,0.0343082
11496,C,A,0.7927655,0.04079633,0.16643813
11497,B,B,0.092119284,0.8751252,0.032755543
11498,C,B,0.10723726,0.5393547,0.353408
11499,B,B,0.03494797,0.9410825,0.023969507
11500,B,C,0.3713229,0.06127106,0.56740606
11501,A,A,0.9431481,0.0123059675,0.044545956
11502,A,A,0.71533245,0.10591455,0.178753
11503,C,C,0.12554419,0.03185573,0.8426001
11504,A,A,0.89943564,0.013122303,0.08744207
11505,C,A,0.5006961,0.044310782,0.45499307
11506,A,A,0.83471644,0.073868,0.091415495
11507,A,A,0.96489054,0.0038802293,0.031229248
11508,A,A,0.9495756,0.014668877,0.035755444
11509,B,B,0.05098925,0.76896983,0.18004097
11510,C,C,0.08226739,0.31824017,0.59949243
11511,C,C,0.053072706,0.33337742,0.6135498
11512,A,A,0.9881021,0.0016899823,0.010208026
11513,A,A,0.64227605,0.02246879,0.3352552
11514,A,A,0.81567204,0.031059876,0.15326808
11515,A,A,0.9915537,0.0012348001,0.0072115194
11516,A,B,0.0524484,0.8905469,0.057004698
11517,B,C,0.111392796,0.07419506,0.8144122
11518,A,A,0.9379827,0.02106789,0.040949445
11519,C,A,0.74096006,0.04715195,0.21188799
11520,A,A,0.970176,0.005652581,0.024171414
11521,B,B,0.058084257,0.91999125,0.021924546
11522,A,A,0.97067046,0.004522189,0.024807388
11523,A,A,0.72428614,0.016302263,0.25941166
11524,B,B,0.040224764,0.8570103,0.102764904
11525,A,A,0.7618778,0.1313197,0.10680243
11526,C,C,0.23335575,0.16373473,0.6029095
11527,C,C,0.10204721,0.09293204,0.8050208
11528,B,B,0.015756454,0.958207,0.026036484
11529,A,A,0.8868804,0.009802575,0.10331704
11530,B,A,0.87947065,0.044708185,0.07582113
11531,C,C,0.10898943,0.14886731,0.7421432
11532,C,C,0.19483888,0.16139379,0.64376736
11533,B,B,0.07898761,0.88825697,0.032755412
11534,B,A,0.4493373,0.37425303,0.17640966
11535,A,A,0.87491435,0.03701368,0.08807195
11536,A,A,0.8329171,0.0649553,0.10212761
11537,A,A,0.71423084,0.035242025,0.2505272
11538,C,C,0.3797816,0.04778837,0.5724301
11539,B,B,0.0068462826,0.9892496,0.0039040651
11540,B,B,0.025728425,0.89375335,0.08051823
11541,C,C,0.047149055,0.05502303,0.89782786
11542,C,C,0.1290684,0.209504,0.6614276
11543,B,B,0.31045634,0.3537166,0.33582705
11544,C,C,0.29495615,0.33758613,0.36745766
11545,C,C,0.16363399,0.1457007,0.6906653
11546,C,C,0.09253548,0.1088423,0.7986222
11547,A,A,0.97344446,0.0042828266,0.022272676
11548,C,C,0.038061135,0.045448303,0.91649055
11549,C,C,0.03555459,0.35016838,0.614277
11550,C,C,0.24283361,0.14751457,0.6096518
11551,C,C,0.21955925,0.13235004,0.6480908
11552,B,B,0.053579617,0.9166919,0.029728489
11553,B,B,0.29694,0.39780024,0.30525967
11554,A,A,0.8725633,0.05507758,0.07235917
11555,C,C,0.3737914,0.1030836,0.52312493
11556,A,A,0.92232066,0.026892086,0.050787285
11557,A,A,0.69294786,0.035981335,0.27107075
11558,B,B,0.10314237,0.86432165,0.032536007
11559,C,C,0.027490485,0.057542507,0.914967
11560,C,C,0.037783127,0.110185474,0.8520314
11561,B,C,0.069232784,0.31274286,0.61802435
11562,A,A,0.9668513,0.005852126,0.027296642
11563,B,B,0.03174354,0.914821,0.053435348
11564,C,C,0.44498995,0.03633791,0.51867217
11565,C,B,0.20696984,0.6491446,0.14388554
11566,B,B,0.014535961,0.88231426,0.10314974
11567,B,B,0.03841645,0.94175684,0.019826706
11568,B,B,0.060868837,0.9032375,0.03589368
11569,A,A,0.94169384,0.008435639,0.04987043
11570,C,C,0.1430099,0.18366092,0.6733292
11571,C,C,0.26087812,0.07037583,0.66874605
11572,A,A,0.57693934,0.10935916,0.31370148
11573,C,C,0.19105355,0.13696168,0.67198473
11574,C,C,0.048394185,0.09606511,0.8555407
11575,A,C,0.45641214,0.053874895,0.48971292
11576,C,C,0.20375876,0.13505022,0.66119105
11577,A,A,0.8983391,0.029526925,0.07213394
11578,B,B,0.026943717,0.9579735,0.015082792
11579,A,B,0.07097272,0.7902074,0.13881989
11580,C,C,0.064723186,0.050346147,0.8849307
11581,A,A,0.9342892,0.01970507,0.04600568
11582,B,A,0.4591925,0.15915817,0.38164935
11583,A,A,0.48979613,0.27448076,0.2357231
11584,B,B,0.14414486,0.7880983,0.067756884
11585,C,B,0.07903737,0.5971239,0.32383874
11586,C,A,0.5345602,0.23718058,0.22825924
11587,C,C,0.31822804,0.03698202,0.64479
11588,A,A,0.9850306,0.0024054882,0.012563967
11589,C,C,0.10186266,0.044424143,0.8537132
11590,C,C,0.17485815,0.062306892,0.76283497
11591,B,B,0.02490757,0.93756586,0.037526462
11592,A,A,0.91487193,0.010946722,0.074181415
11593,C,C,0.27916005,0.034714557,0.6861254
11594,A,A,0.62399024,0.07085876,0.30515108
11595,C,C,0.1525139,0.05251082,0.7949753
11596,C,C,0.14072101,0.033896655,0.8253823
11597,B,B,0.011548697,0.9826171,0.0058342465
11598,C,C,0.30619973,0.039109644,0.6546907
11599,A,A,0.7155213,0.10967709,0.17480165
11600,C,C,0.15834078,0.03400072,0.80765843
11601,A,A,0.9833757,0.0017397095,0.014884576
11602,B,B,0.081070885,0.76442367,0.15450549
11603,C,C,0.049844503,0.098599784,0.8515557
11604,A,A,0.8794805,0.009371056,0.111148514
11605,B,B,0.04628998,0.91374016,0.039969817
11606,A,A,0.93318635,0.009508325,0.057305377
11607,A,A,0.78446156,0.06470395,0.15083456
11608,B,B,0.023262054,0.928462,0.048276022
11609,A,A,0.9375258,0.013994695,0.048479427
11610,A,A,0.85831505,0.07627639,0.06540858
11611,A,A,0.8835048,0.01822499,0.09827011
11612,C,C,0.25749874,0.07623574,0.6662655
11613,C,C,0.120255314,0.32266748,0.5570772
11614,B,B,0.009218864,0.9860036,0.0047776056
11615,A,C,0.42454118,0.085242845,0.49021602
11616,A,A,0.6062014,0.17186357,0.22193502
11617,B,B,0.03513134,0.9462856,0.018583117
11618,C,B,0.024316639,0.70445734,0.27122608
11619,A,A,0.9430453,0.019626617,0.03732804
11620,B,B,0.015364083,0.9677867,0.01684926
11621,A,A,0.91229856,0.019019293,0.06868215
11622,C,A,0.595246,0.2365371,0.16821694
11623,B,B,0.14759323,0.73760927,0.11479753
11624,A,A,0.7275671,0.075454615,0.19697835
11625,A,A,0.9699275,0.0035529989,0.026519438
11626,A,A,0.9212475,0.014627043,0.06412539
11627,B,B,0.14627975,0.7887381,0.06498224
11628,B,B,0.03180674,0.909236,0.058957163
11629,A,B,0.22735265,0.6904645,0.08218285
11630,A,A,0.8643238,0.044759817,0.0909164
11631,C,C,0.2609033,0.08803001,0.6510666
11632,B,B,0.17910944,0.75666565,0.064224906
11633,B,B,0.028618949,0.94765985,0.023721231
11634,C,C,0.1840038,0.057024345,0.75897187
11635,C,C,0.17526197,0.086789735,0.7379483
11636,C,A,0.7328991,0.031094845,0.236006
11637,B,B,0.06581907,0.87908447,0.055096533
11638,A,A,0.7992183,0.07409068,0.12669107
11639,C,C,0.405173,0.18828902,0.40653798
11640,B,B,0.030573387,0.95052874,0.018897945
11641,C,A,0.48350352,0.03493639,0.48156002
11642,C,C,0.15265803,0.14004722,0.7072947
11643,B,B,0.08049697,0.8663284,0.053174507
11644,C,C,0.15632087,0.09854111,0.745138
11645,B,B,0.032248307,0.9544446,0.013307086
11646,A,A,0.82136846,0.01370509,0.16492641
11647,C,C,0.20989098,0.1040465,0.6860625
11648,B,B,0.22059593,0.69803876,0.08136542
11649,A,C,0.26334384,0.06557145,0.67108464
11650,A,A,0.93998444,0.00920664,0.05080896
11651,C,C,0.16487257,0.07129859,0.7638288
11652,B,B,0.12662591,0.82543606,0.047938056
11653,A,A,0.675233,0.026093509,0.29867348
11654,B,B,0.042196643,0.59447926,0.3633241
11655,A,B,0.052816257,0.91748583,0.029697921
11656,A,A,0.97887564,0.00328033,0.017844066
11657,C,C,0.14393336,0.036865313,0.8192013
11658,C,A,0.89938474,0.007882369,0.092732936
11659,A,A,0.9602894,0.009119835,0.030590866
11660,C,C,0.24765354,0.0646352,0.6877113
11661,A,A,0.83817494,0.035341688,0.1264834
11662,B,B,0.03988151,0.86429566,0.09582285
11663,B,B,0.07863943,0.8820299,0.039330695
11664,C,C,0.049150888,0.06280331,0.8880457
11665,C,B,0.039738223,0.87695926,0.0833026
11666,B,B,0.13315144,0.81281465,0.05403391
11667,A,B,0.079869635,0.8731893,0.046941128
11668,A,A,0.97397524,0.004506372,0.021518389
11669,A,A,0.8353088,0.052958988,0.11173219
11670,A,A,0.9387177,0.020667512,0.0406147
11671,B,B,0.08846077,0.8750425,0.036496744
11672,B,B,0.08774236,0.8224237,0.08983395
11673,C,C,0.40466535,0.1005056,0.49482903
11674,B,B,0.020931507,0.94043684,0.038631666
11675,B,B,0.08211918,0.85870934,0.05917153
11676,C,C,0.06544629,0.26390523,0.67064846
11677,A,A,0.71507907,0.04921352,0.23570739
11678,B,B,0.038408402,0.86260754,0.09898405
11679,C,C,0.037974,0.43945038,0.52257556
11680,C,C,0.1723107,0.036510438,0.7911788
11681,C,C,0.33815154,0.031164978,0.63068354
11682,C,C,0.28621426,0.13696918,0.5768166
11683,A,A,0.91532606,0.01762289,0.06705104
11684,C,C,0.184447,0.04693044,0.7686225
11685,B,B,0.15072584,0.72263706,0.12663715
11686,B,C,0.27854857,0.17673796,0.54471344
11687,B,B,0.043888528,0.82246786,0.13364355
11688,A,A,0.8039674,0.11059047,0.0854421
11689,A,A,0.9655025,0.005565536,0.028931959
11690,B,B,0.020797873,0.9636284,0.015573716
11691,B,B,0.044023395,0.8442048,0.11177189
11692,C,C,0.07859471,0.16571084,0.7556945
11693,C,C,0.06606024,0.09223089,0.8417088
11694,B,B,0.4163506,0.47469664,0.10895277
11695,B,B,0.11069445,0.70155007,0.18775545
11696,A,B,0.19020368,0.7340888,0.075707495
11697,C,A,0.89513564,0.029996403,0.07486797
11698,C,B,0.08984057,0.6153922,0.29476717
11699,C,C,0.40238115,0.069487125,0.52813166
11700,A,C,0.3738525,0.16302322,0.46312428
11701,B,B,0.024832241,0.86206627,0.11310154
11702,B,B,0.12936679,0.648197,0.22243625
11703,A,A,0.7191711,0.042134956,0.2386939
11704,B,B,0.23305143,0.6609502,0.10599839
11705,A,A,0.614447,0.14640193,0.2391511
11706,A,A,0.96552724,0.0073301927,0.027142547
11707,A,A,0.9382224,0.0119774435,0.049800113
11708,A,A,0.9614597,0.012284069,0.02625622
11709,A,A,0.97569036,0.0026926764,0.02161691
11710,B,B,0.032386612,0.9361753,0.031438004
11711,B,C,0.28953812,0.3265304,0.38393152
11712,A,A,0.93459064,0.015692264,0.049717147
11713,A,A,0.9239333,0.010692026,0.06537468
11714,C,B,0.021026272,0.8582377,0.120735995
11715,A,A,0.84004843,0.049427915,0.110523626
11716,A,A,0.9688665,0.006416027,0.024717424
11717,B,B,0.03915318,0.9319963,0.02885051
11718,C,C,0.0739684,0.13077188,0.7952597
11719,B,B,0.11891415,0.82958776,0.05149803
11720,B,B,0.038032897,0.9310772,0.030889886
11721,C,B,0.26191184,0.63548446,0.10260368
11722,A,A,0.91673887,0.020735594,0.06252556
11723,A,A,0.9903047,0.0019382355,0.007757069
11724,C,B,0.24034062,0.43771407,0.3219453
11725,C,C,0.22014053,0.070551544,0.7093079
11726,A,A,0.586747,0.23473494,0.17851801
11727,A,A,0.85884255,0.029034546,0.11212295
11728,B,B,0.1416915,0.62533206,0.23297653
11729,A,A,0.9833551,0.0026685786,0.013976246
11730,B,B,0.023538189,0.9510184,0.025443507
11731,A,A,0.9541592,0.0064633186,0.039377473
11732,A,A,0.95596105,0.007473483,0.036565483
11733,B,B,0.17426163,0.7010626,0.12467576
11734,C,C,0.4714445,0.041595366,0.4869602
11735,B,B,0.19162102,0.7286706,0.07970842
11736,B,B,0.024590818,0.9669452,0.008464081
11737,A,B,0.15389265,0.7876448,0.058462527
11738,C,C,0.037854806,0.059187915,0.9029572
11739,B,B,0.18126611,0.6865842,0.13214965
11740,C,B,0.16759022,0.43734592,0.39506385
11741,A,A,0.94221467,0.011228921,0.04655637
11742,A,A,0.81618625,0.056969203,0.12684453
11743,B,B,0.08523507,0.87252283,0.04224208
11744,B,B,0.020306591,0.96277696,0.016916504
11745,B,B,0.13179842,0.8225834,0.04561819
11746,A,A,0.7916,0.06809318,0.14030685
11747,A,A,0.90558046,0.011229528,0.08319006
11748,A,A,0.55528337,0.2831949,0.16152176
11749,C,C,0.15567514,0.03636045,0.8079644
11750,B,B,0.1103813,0.8542183,0.03540042
11751,B,B,0.027629318,0.94898564,0.023384962
11752,C,C,0.069458805,0.2199602,0.710581
11753,A,A,0.9861984,0.0023235392,0.011478054
11754,C,A,0.42304012,0.2477505,0.32920933
11755,A,A,0.73336905,0.10578856,0.16084236
11756,A,A,0.9759232,0.0028184021,0.021258457
11757,B,B,0.13741115,0.8168466,0.045742232
11758,B,B,0.07919008,0.84339505,0.07741491
11759,C,C,0.24867101,0.32591623,0.42541277
11760,C,A,0.47066426,0.27097338,0.25836232
11761,C,A,0.53196335,0.22915466,0.238882
11762,B,B,0.3829478,0.4967645,0.12028767
11763,B,A,0.69759834,0.14194292,0.16045879
11764,A,A,0.89804995,0.017009217,0.08494083
11765,B,B,0.017907105,0.97159797,0.010494904
11766,B,B,0.084754035,0.8810567,0.034189165
11767,C,C,0.3396932,0.039860528,0.6204463
11768,A,A,0.97344285,0.0033874721,0.023169717
11769,B,A,0.5440887,0.2968814,0.15902992
11770,B,B,0.107268564,0.8480748,0.04465672
11771,B,B,0.120636255,0.8055251,0.073838644
11772,C,A,0.8902881,0.017414736,0.09229708
11773,B,B,0.04638293,0.9290189,0.024598198
11774,C,C,0.16843367,0.25247142,0.57909495
11775,A,A,0.9689452,0.007490649,0.02356412
11776,B,B,0.026490957,0.95056224,0.02294677
11777,C,C,0.02489713,0.06173948,0.9133634
11778,C,C,0.17722765,0.026725862,0.7960465
11779,C,B,0.080618255,0.5209717,0.3984101
11780,A,B,0.35181883,0.38265085,0.26553026
11781,C,B,0.03538473,0.89736253,0.06725272
11782,A,A,0.9402518,0.00928475,0.050463475
11783,C,C,0.2819816,0.10594239,0.61207604
11784,B,B,0.06452351,0.88657016,0.048906267
11785,A,A,0.6038531,0.19539085,0.20075604
11786,B,B,0.03834324,0.91923434,0.04242237
11787,A,A,0.9457314,0.013774727,0.040493973
11788,B,B,0.0076664756,0.9847884,0.00754512
11789,A,B,0.2668065,0.66567844,0.06751503
11790,A,A,0.87720793,0.01780365,0.10498839
11791,A,A,0.76571125,0.15135345,0.08293524
11792,B,B,0.082291305,0.8822075,0.035501126
11793,C,C,0.22956559,0.052236013,0.71819836
11794,A,A,0.8831306,0.021100149,0.09576926
11795,B,B,0.035818674,0.9406921,0.023489285
11796,A,B,0.3179235,0.45462582,0.22745067
11797,C,B,0.195918,0.48696294,0.317119
11798,B,B,0.019879792,0.94463074,0.03548942
11799,C,B,0.044810526,0.8617787,0.09341084
11800,B,B,0.16914214,0.7354389,0.09541892
11801,A,A,0.66663265,0.04631576,0.28705153
11802,C,C,0.07060003,0.065043524,0.86435646
11803,C,B,0.1412955,0.60547227,0.25323227
11804,B,B,0.12474364,0.6888286,0.18642774
11805,A,A,0.9555129,0.014858067,0.029629074
11806,A,A,0.98545164,0.002491386,0.012056981
11807,A,A,0.9742405,0.0050584106,0.020701079
11808,C,C,0.045716826,0.034413833,0.91986936
11809,C,C,0.172637,0.3496855,0.4776775
11810,A,A,0.983423,0.003241624,0.013335381
11811,B,B,0.027217371,0.9566697,0.016112955
11812,B,B,0.11172745,0.8118345,0.076438
11813,B,B,0.114684924,0.8219457,0.06336929
11814,A,A,0.9152233,0.028554227,0.05622249
11815,C,C,0.09018856,0.073494166,0.83631724
11816,C,C,0.23937018,0.36341816,0.3972117
11817,B,A,0.81526506,0.052623965,0.13211094
11818,A,A,0.62441593,0.057222925,0.31836107
11819,B,B,0.027870389,0.955591,0.016538521
11820,B,B,0.09834571,0.85598284,0.045671444
11821,C,C,0.16646649,0.10328293,0.7302506
11822,A,A,0.98628116,0.0015618037,0.012157008
11823,C,B,0.2955157,0.5833522,0.1211321
11824,C,C,0.32164052,0.086986355,0.5913731
11825,A,A,0.9443399,0.0065589226,0.049101193
11826,B,B,0.077740625,0.8879685,0.03429087
11827,A,A,0.7072613,0.077347875,0.2153908
11828,A,A,0.6430275,0.21474837,0.14222412
11829,A,A,0.94651294,0.014610135,0.038877036
11830,A,A,0.9739925,0.0048388126,0.021168647
11831,B,B,0.064593464,0.89192724,0.04347928
11832,C,B,0.39569792,0.47139224,0.13290986
11833,C,C,0.025629189,0.17367929,0.8006915
11834,C,A,0.7009675,0.037306003,0.26172653
11835,C,C,0.041490063,0.07973254,0.87877744
11836,C,C,0.05408561,0.043865144,0.90204924
11837,A,A,0.95188147,0.009546518,0.038572006
11838,C,C,0.101353504,0.06871804,0.82992846
11839,A,A,0.9738043,0.004567965,0.02162777
11840,A,A,0.8738779,0.069619425,0.056502715
11841,A,A,0.94505835,0.015005858,0.039935805
11842,A,A,0.84753704,0.077142954,0.075320065
11843,A,A,0.82412446,0.060337804,0.115537755
11844,B,B,0.24157263,0.55711263,0.20131475
11845,A,A,0.74301136,0.051057484,0.2059311
11846,A,A,0.8632789,0.017668176,0.11905291
11847,B,B,0.28258285,0.6141822,0.10323492
11848,A,A,0.8488791,0.015213838,0.1359071
11849,B,B,0.11869039,0.80680126,0.074508436
11850,A,A,0.902195,0.022488017,0.07531699
11851,B,B,0.028998269,0.9574843,0.013517496
11852,B,B,0.08945524,0.87192506,0.0386197
11853,C,C,0.25634944,0.22681719,0.51683336
11854,B,A,0.79410255,0.03536988,0.17052759
11855,C,B,0.07407777,0.74296266,0.18295951
11856,B,B,0.005636779,0.98378366,0.010579561
11857,B,B,0.05102205,0.9261108,0.022867106
11858,A,A,0.9740888,0.0044623557,0.02144885
11859,B,B,0.025136448,0.9427738,0.03208979
11860,C,C,0.12662752,0.045215253,0.8281572
11861,A,A,0.94881797,0.015255809,0.035926297
11862,A,A,0.90988815,0.01907105,0.071040824
11863,B,B,0.048133984,0.93305004,0.018815883
11864,A,A,0.9695006,0.0062544583,0.024244923
11865,B,B,0.11696144,0.8012241,0.08181449
11866,B,B,0.050402403,0.87085134,0.07874623
11867,B,C,0.096230604,0.18020256,0.7235669
11868,B,B,0.010114567,0.9815092,0.008376103
11869,A,A,0.83148974,0.059585363,0.108924866
11870,C,C,0.07661041,0.018988809,0.9044008
11871,B,B,0.03934165,0.9023987,0.05825961
11872,A,A,0.8590429,0.02836865,0.11258846
11873,B,C,0.042576242,0.3474242,0.6099996
11874,C,C,0.2351461,0.052061357,0.7127925
11875,A,A,0.92987597,0.016327629,0.05379644
11876,A,B,0.25375786,0.41460237,0.3316398
11877,A,A,0.96327454,0.005409464,0.03131603
11878,C,C,0.11017388,0.07785993,0.8119662
11879,C,C,0.0472879,0.040587828,0.9121243
11880,C,B,0.02184322,0.86074007,0.11741675
11881,A,A,0.9468954,0.01979023,0.033314344
11882,A,A,0.97209936,0.0061294977,0.021771096
11883,A,A,0.95993567,0.009761307,0.030303037
11884,A,A,0.9776409,0.0038570005,0.018502096
11885,A,A,0.8977912,0.012331686,0.0898772
11886,C,A,0.6569249,0.038305767,0.30476928
11887,A,A,0.9489379,0.016086658,0.034975473
11888,C,C,0.18725659,0.059429996,0.7533135
11889,B,B,0.058340177,0.54771525,0.39394462
11890,A,A,0.9380002,0.015560616,0.04643915
11891,B,B,0.040978305,0.9329551,0.026066575
11892,A,A,0.7388009,0.019038575,0.24216054
11893,B,B,0.1710873,0.77156645,0.05734618
11894,C,A,0.6811484,0.022953084,0.2958986
11895,C,C,0.08719369,0.22463949,0.68816686
11896,B,C,0.3011577,0.16344804,0.5353943
11897,C,A,0.4594632,0.089457765,0.45107907
11898,B,B,0.16505815,0.6825156,0.15242626
11899,C,C,0.10502337,0.14354698,0.7514296
11900,B,B,0.0910846,0.51456696,0.3943484
11901,C,C,0.37872607,0.05688135,0.5643926
11902,C,C,0.29681006,0.037878145,0.66531175
11903,A,B,0.17776194,0.43286967,0.38936839
11904,A,A,0.8940675,0.018082531,0.0878499
11905,A,A,0.983347,0.0023682066,0.0142848035
11906,A,A,0.9769697,0.0028469763,0.020183349
11907,C,C,0.41263872,0.014110765,0.57325053
11908,B,B,0.09415869,0.7435471,0.16229421
11909,A,A,0.72909224,0.08441713,0.1864906
11910,C,C,0.069953896,0.04313239,0.8869137
11911,C,A,0.7522878,0.043041956,0.2046702
11912,A,A,0.5382763,0.17685834,0.28486544
11913,B,B,0.046388254,0.9217977,0.031814046
11914,A,A,0.9326507,0.023361461,0.043987874
11915,C,A,0.94954216,0.0073428894,0.04311495
11916,C,A,0.6967437,0.042533103,0.26072317
11917,C,C,0.1660999,0.121588185,0.7123119
11918,A,A,0.91815966,0.012213517,0.069626816
11919,A,A,0.9904089,0.0012939788,0.008297037
11920,B,B,0.043901626,0.86732787,0.088770434
11921,B,B,0.312054,0.4696153,0.21833062
11922,A,A,0.98356426,0.0011602461,0.015275566
11923,C,C,0.18962821,0.049195748,0.7611761
11924,B,B,0.013724528,0.96205825,0.024217218
11925,A,A,0.9278185,0.008425531,0.063756034
11926,A,A,0.9412993,0.015600519,0.04310016
11927,C,C,0.121549495,0.22905697,0.64939356
11928,C,B,0.3009106,0.3700819,0.32900757
11929,C,C,0.06819805,0.4627663,0.46903566
11930,B,B,0.18762922,0.75219214,0.060178652
11931,A,A,0.94105685,0.013927004,0.045016102
11932,C,C,0.21005915,0.14346366,0.6464772
11933,B,B,0.13690229,0.7973193,0.06577842
11934,C,C,0.13032371,0.070094205,0.7995821
11935,B,B,0.05150221,0.9164376,0.03206021
11936,C,C,0.07753448,0.4510568,0.47140872
11937,A,A,0.9178838,0.023026057,0.059090104
11938,C,C,0.11149041,0.06453079,0.82397884
11939,A,A,0.89316636,0.047050785,0.059782863
11940,C,C,0.07039856,0.115244485,0.814357
11941,A,A,0.9923643,0.0012456898,0.0063900836
11942,A,A,0.6399834,0.26667193,0.09334471
11943,C,C,0.10538694,0.19644542,0.6981677
11944,A,A,0.92211497,0.02422721,0.053657852
11945,B,B,0.08379451,0.8782486,0.037956912
11946,A,A,0.8824799,0.024506588,0.09301343
11947,C,C,0.110504046,0.17904757,0.7104484
11948,C,C,0.07018843,0.20752794,0.72228366
11949,B,B,0.08156877,0.80718285,0.111248456
11950,A,A,0.6515564,0.15323594,0.19520772
11951,A,A,0.920873,0.025990522,0.05313654
11952,C,C,0.05721816,0.036032397,0.9067494
11953,A,A,0.93807477,0.006627886,0.055297334
11954,C,C,0.11136155,0.24144787,0.6471905
11955,A,C,0.15117635,0.21487948,0.63394415
11956,A,A,0.92805344,0.013035992,0.05891061
11957,C,C,0.17879672,0.049803346,0.77139986
11958,A,A,0.5995039,0.049818326,0.35067776
11959,A,A,0.92120683,0.009318301,0.06947489
11960,B,B,0.027142877,0.8624738,0.11038335
11961,A,A,0.92439294,0.0275621,0.048044957
11962,C,A,0.9156969,0.01649024,0.06781292
11963,A,A,0.95700246,0.008891159,0.034106478
11964,A,B,0.098136544,0.6852878,0.21657568
11965,B,B,0.058299813,0.89999,0.04171011
11966,B,A,0.6724183,0.21183054,0.11575117
11967,B,B,0.1261273,0.82799387,0.045878835
11968,A,A,0.98228157,0.003014557,0.014703881
11969,B,B,0.115804814,0.82064706,0.06354818
11970,B,B,0.04101714,0.9307596,0.02822326
11971,C,C,0.11808399,0.040049307,0.8418667
11972,C,B,0.10159302,0.498171,0.4002359
11973,C,C,0.1720195,0.027767414,0.8002131
11974,C,C,0.055762593,0.046355806,0.8978816
11975,C,C,0.23941381,0.29204732,0.46853885
11976,B,B,0.14077672,0.79408544,0.06513779
11977,A,A,0.9651952,0.0026416953,0.032163132
11978,C,A,0.47296077,0.21717808,0.30986112
11979,B,B,0.025451444,0.9613697,0.013178893
11980,A,A,0.8460217,0.02599354,0.1279848
11981,B,B,0.06507644,0.8945046,0.040418863
11982,A,A,0.9863419,0.0024205556,0.011237575
11983,A,A,0.9077638,0.007723968,0.08451218
11984,C,B,0.023792885,0.96231383,0.013893185
11985,C,C,0.1552531,0.07479095,0.76995593
11986,C,C,0.38897026,0.05848777,0.552542
11987,A,A,0.92840487,0.018011255,0.053583805
11988,B,B,0.079064175,0.8818846,0.03905128
11989,C,C,0.034595568,0.065607145,0.8997972
11990,A,A,0.8391398,0.021129169,0.13973108
11991,A,A,0.9394828,0.0071557704,0.053361453
11992,C,C,0.07391184,0.20337977,0.7227084
11993,B,B,0.11819856,0.8186006,0.06320074
11994,B,B,0.018341402,0.9740484,0.007610243
11995,C,C,0.061001424,0.119307846,0.8196907
11996,A,A,0.67278856,0.13660875,0.19060265
11997,C,C,0.10932805,0.12425212,0.7664199
11998,C,C,0.06815444,0.45676696,0.47507852
11999,B,B,0.06572598,0.88248235,0.0517917
12000,C,A,0.512731,0.049451042,0.43781784
12001,B,B,0.0295799,0.94936115,0.021058915
12002,A,A,0.86166,0.020335913,0.11800417
12003,C,A,0.8111239,0.0705117,0.1183644
12004,B,B,0.025333956,0.9200179,0.054648165
12005,C,C,0.16040723,0.053301305,0.7862915
12006,B,A,0.46371546,0.40126374,0.1350208
12007,C,A,0.4651603,0.24106741,0.29377228
12008,B,B,0.017307444,0.9648523,0.017840268
12009,C,C,0.43184242,0.12571603,0.4424416
12010,B,B,0.04815914,0.8726628,0.079178125
12011,B,B,0.08796068,0.63344425,0.27859506
12012,C,C,0.20381892,0.023783876,0.7723973
12013,C,B,0.055076584,0.55521023,0.3897131
12014,B,B,0.021536263,0.9272122,0.05125166
12015,A,A,0.9149806,0.03307344,0.051945902
12016,A,A,0.9405241,0.017590275,0.04188563
12017,B,B,0.024606373,0.87174875,0.10364482
12018,C,A,0.5430403,0.10512377,0.35183594
12019,B,A,0.4466287,0.35064209,0.20272914
12020,A,A,0.90235776,0.027961697,0.06968062
12021,A,A,0.977616,0.0027774042,0.019606613
12022,A,A,0.85214,0.017673716,0.13018626
12023,A,A,0.98926204,0.0016980928,0.009039811
12024,A,A,0.892378,0.025493035,0.08212894
12025,A,A,0.6097292,0.23098516,0.15928562
12026,B,B,0.13343413,0.8086069,0.057958934
12027,C,C,0.064579494,0.06859474,0.8668257
12028,B,B,0.028176468,0.8639531,0.107870415
12029,A,A,0.9426739,0.0061502806,0.05117584
12030,B,B,0.024902731,0.8839009,0.091196455
12031,C,A,0.79313797,0.035339184,0.17152283
12032,B,B,0.33811745,0.41044158,0.25144103
12033,C,C,0.078777716,0.3917124,0.52950984
12034,B,B,0.032490678,0.8952618,0.072247446
12035,A,A,0.96457815,0.007581439,0.027840411
12036,A,C,0.16653785,0.03788084,0.79558134
12037,C,C,0.041266777,0.03645104,0.92228216
12038,B,B,0.26346517,0.41561806,0.32091677
12039,A,A,0.98184747,0.0031730835,0.01497944
12040,C,C,0.21209484,0.3165846,0.47132063
12041,B,B,0.032308444,0.88689333,0.080798216
12042,C,B,0.08815434,0.5792796,0.33256608
12043,A,A,0.91300106,0.009679902,0.0773191
12044,C,A,0.4673092,0.065942824,0.46674797
12045,A,A,0.9710948,0.005112817,0.023792442
12046,B,B,0.014018536,0.9778707,0.008110853
12047,C,C,0.03551427,0.30517498,0.6593107
12048,C,A,0.50162023,0.042598233,0.45578155
12049,C,A,0.55937636,0.069112636,0.37151095
12050,B,B,0.02210558,0.9247716,0.053122777
12051,A,A,0.9520548,0.00827365,0.03967153
12052,B,B,0.2580705,0.6586633,0.08326625
12053,C,A,0.87913716,0.020218708,0.10064416
12054,C,C,0.13325623,0.3005248,0.566219
12055,A,B,0.04380734,0.89628017,0.05991246
12056,B,B,0.015440719,0.95782125,0.02673804
12057,B,B,0.011147351,0.9737768,0.015075801
12058,C,C,0.2319869,0.08776192,0.6802512
12059,A,A,0.83285797,0.049934234,0.117207795
12060,C,C,0.060663868,0.05286861,0.88646746
12061,A,A,0.92569304,0.0114618605,0.06284515
12062,B,B,0.07081805,0.89772654,0.03145538
12063,A,B,0.3451318,0.5133981,0.14147016
12064,A,A,0.9558082,0.008465439,0.03572627
12065,A,A,0.9937196,0.0010007834,0.0052796486
12066,B,B,0.014624473,0.97503,0.010345461
12067,B,B,0.046490654,0.9303837,0.023125732
12068,C,C,0.067257136,0.01789212,0.9148508
12069,B,B,0.013700238,0.9793688,0.0069309985
12070,A,C,0.36764324,0.026522888,0.6058339
12071,C,C,0.09972166,0.41889957,0.48137885
12072,B,B,0.15100002,0.7882118,0.06078821
12073,B,B,0.018008407,0.9527919,0.029199645
12074,C,A,0.48035306,0.06746974,0.4521773
12075,A,A,0.9806683,0.0022157428,0.017116023
12076,A,A,0.89662576,0.020369405,0.083004884
12077,C,A,0.94381255,0.0040918537,0.05209559
12078,A,A,0.9674068,0.0060158544,0.026577275
12079,C,C,0.09241488,0.26418802,0.6433971
12080,A,A,0.7116686,0.07774472,0.21058665
12081,A,A,0.9855068,0.0025506273,0.011942545
12082,C,C,0.016824327,0.029082213,0.95409346
12083,B,B,0.012410071,0.976904,0.010685996
12084,A,A,0.9038764,0.042524025,0.053599477
12085,B,B,0.04662952,0.6558956,0.29747495
12086,C,C,0.11112904,0.10507466,0.7837963
12087,C,C,0.04678261,0.26991138,0.68330604
12088,A,A,0.82827,0.02706641,0.14466357
12089,B,B,0.07390132,0.89136815,0.03473052
12090,B,B,0.13177511,0.784614,0.08361091
12091,B,B,0.09144312,0.86616045,0.042396452
12092,B,B,0.06640053,0.9068334,0.02676608
12093,B,B,0.040757023,0.92460495,0.034638014
12094,C,C,0.09009946,0.18472965,0.72517085
12095,C,C,0.05821385,0.06742345,0.8743627
12096,B,B,0.073816255,0.87268376,0.0535
12097,A,A,0.9448101,0.010508401,0.044681475
12098,C,C,0.18598716,0.059404977,0.7546079
12099,C,C,0.108406104,0.086210154,0.80538374
12100,C,C,0.07424959,0.09926679,0.8264836
12101,B,B,0.0468068,0.9207768,0.032416426
12102,C,C,0.0960837,0.035111096,0.8688052
12103,A,A,0.9815547,0.0036936225,0.014751612
12104,B,B,0.04096097,0.7697774,0.18926154
12105,A,A,0.9414117,0.012339363,0.046248943
12106,C,A,0.7176187,0.091272734,0.1911086
12107,B,B,0.0062461174,0.9850289,0.0087249
12108,C,C,0.06759839,0.064581715,0.86781996
12109,A,A,0.9736109,0.003426177,0.022962967
12110,A,A,0.86463255,0.08011598,0.05525142
12111,A,A,0.9801112,0.0021116955,0.01777712
12112,A,A,0.9642712,0.007141489,0.028587254
12113,C,C,0.032986984,0.055885725,0.9111273
12114,A,A,0.97739697,0.00559703,0.017006064
12115,A,A,0.9063793,0.021024812,0.07259596
12116,C,C,0.18186226,0.13258657,0.6855511
12117,B,B,0.07745067,0.8794853,0.04306409
12118,A,B,0.44896835,0.4841145,0.06691715
12119,B,B,0.037598245,0.8753959,0.087005794
12120,C,C,0.17063068,0.16251996,0.6668494
12121,A,A,0.9726149,0.004938274,0.022446755
12122,B,C,0.077025026,0.16475998,0.758215
12123,C,B,0.09604791,0.493961,0.40999103
12124,B,B,0.014407929,0.9607829,0.024809157
12125,B,B,0.052351013,0.92414397,0.023505023
12126,B,B,0.2845083,0.6108065,0.10468514
12127,C,C,0.13005285,0.06812162,0.8018255
12128,C,A,0.75440973,0.012339812,0.23325042
12129,C,A,0.91830796,0.02877232,0.052919775
12130,A,A,0.9606084,0.01241043,0.026981173
12131,C,A,0.9548193,0.00776835,0.03741238
12132,B,B,0.09547646,0.87091863,0.033604983
12133,B,B,0.17902349,0.58376676,0.23720974
12134,B,B,0.013685553,0.9548819,0.03143251
12135,B,B,0.041273363,0.8464433,0.11228338
12136,A,A,0.9735197,0.0043404787,0.022139842
12137,A,A,0.9428181,0.015519439,0.041662507
12138,A,B,0.1091622,0.8222849,0.06855294
12139,A,A,0.55972725,0.054422315,0.38585034
12140,C,C,0.36756873,0.09000187,0.5424294
12141,A,A,0.89361185,0.015616862,0.09077125
12142,C,C,0.12087319,0.07133391,0.8077929
12143,A,A,0.6829119,0.047422152,0.26966602
12144,C,C,0.4279821,0.063864246,0.5081537
12145,B,C,0.19019918,0.39663187,0.41316894
12146,B,B,0.051789094,0.860739,0.087472
12147,A,C,0.25109604,0.2774209,0.47148296
12148,A,A,0.54180646,0.043981645,0.4142119
12149,B,B,0.022732276,0.9473914,0.029876312
12150,A,A,0.9021225,0.02986895,0.06800852
12151,B,B,0.066479094,0.8478235,0.085697435
12152,B,B,0.07906578,0.8833301,0.03760407
12153,B,B,0.2777083,0.62542117,0.0968705
12154,C,C,0.20027684,0.030413127,0.7693101
12155,C,C,0.084988594,0.15753722,0.7574741
12156,C,C,0.17319116,0.18480691,0.6420019
12157,A,A,0.94640654,0.017937105,0.035656385
12158,B,B,0.06615642,0.8679771,0.06586647
12159,C,C,0.09475799,0.07640118,0.8288408
12160,C,C,0.13030794,0.08250994,0.78718215
12161,B,B,0.03596877,0.95051515,0.013516116
12162,B,B,0.22701424,0.61272347,0.16026235
12163,C,A,0.92193276,0.0032171386,0.0748501
12164,B,B,0.009036124,0.9859461,0.0050177737
12165,A,A,0.90431416,0.01738954,0.07829626
12166,C,C,0.075544365,0.17786197,0.7465937
12167,A,A,0.9430784,0.014884301,0.04203729
12168,C,B,0.13965972,0.66116786,0.19917251
12169,A,A,0.77438205,0.14321192,0.08240609
12170,B,B,0.05620991,0.8538776,0.089912444
12171,C,C,0.2758626,0.0389928,0.6851446
12172,B,B,0.03361488,0.9450022,0.021382941
12173,A,A,0.5893579,0.3232868,0.0873553
12174,C,B,0.079579175,0.4907398,0.4296811
12175,B,B,0.012437195,0.9814346,0.0061282036
12176,C,C,0.10596029,0.10644284,0.7875969
12177,A,A,0.9781116,0.0018561039,0.020032262
12178,C,C,0.057040013,0.17216995,0.77079004
12179,B,B,0.07593726,0.8515181,0.0725446
12180,A,A,0.9651088,0.0072192643,0.027671894
12181,A,A,0.95414054,0.007153809,0.038705613
12182,B,B,0.07448916,0.8914212,0.03408957
12183,A,A,0.7386823,0.11635087,0.14496684
12184,B,B,0.054968882,0.90780395,0.037227057
12185,B,A,0.48852327,0.30123064,0.2102461
12186,C,C,0.3450073,0.050218068,0.60477465
12187,A,A,0.96391743,0.007977062,0.028105607
12188,A,A,0.9787492,0.0037205075,0.017530233
12189,B,B,0.06774379,0.88139385,0.050862346
12190,C,B,0.18854056,0.4904089,0.32105058
12191,B,B,0.023716874,0.9637339,0.0125491815
12192,A,A,0.8704897,0.04590031,0.08361005
12193,A,A,0.9052506,0.034818605,0.059930734
12194,C,C,0.22178522,0.16074844,0.6174664
12195,B,B,0.07353127,0.88000417,0.046464574
12196,C,C,0.20322806,0.18721797,0.609554
12197,A,A,0.9732239,0.0028359997,0.023940055
12198,B,B,0.012556895,0.96916336,0.018279755
12199,C,C,0.15485428,0.38440832,0.46073735
12200,C,A,0.4988784,0.30792245,0.19319922
12201,A,A,0.97873116,0.0036812136,0.017587656
12202,C,C,0.12533015,0.049412932,0.82525694
12203,B,B,0.016331546,0.9423137,0.041354805
12204,C,C,0.042746667,0.09011286,0.86714053
12205,A,A,0.9640119,0.0077222437,0.028265899
12206,A,A,0.7418301,0.17158525,0.08658468
12207,A,A,0.9896974,0.0015265513,0.0087760035
12208,A,A,0.86023504,0.059059475,0.08070545
12209,B,B,0.026431855,0.94690716,0.026660899
12210,C,C,0.095877506,0.30579126,0.5983312
12211,B,B,0.013049834,0.98044074,0.006509441
12212,C,C,0.09381124,0.08364205,0.8225467
12213,B,B,0.06395578,0.8871572,0.04888699
12214,C,C,0.11172376,0.11571104,0.7725652
12215,B,B,0.12500575,0.8224683,0.052526053
12216,B,B,0.1420243,0.8011273,0.056848377
12217,B,B,0.038114384,0.77639747,0.18548821
12218,A,A,0.8793171,0.048221674,0.07246117
12219,C,C,0.07483819,0.047857195,0.8773046
12220,B,B,0.14233537,0.78281265,0.074851885
12221,C,B,0.2039916,0.564321,0.23168737
12222,B,B,0.034100123,0.90369785,0.06220202
12223,A,A,0.6990603,0.1097642,0.19117548
12224,A,A,0.98225147,0.0019227009,0.015825907
12225,B,B,0.056042776,0.82901245,0.1149448
12226,B,B,0.026980443,0.9512989,0.02172061
12227,C,C,0.045390222,0.2961531,0.6584567
12228,C,B,0.18158565,0.66539836,0.1530159
12229,C,C,0.113968514,0.052665677,0.83336574
12230,A,A,0.7269331,0.07332059,0.19974634
12231,C,C,0.14719781,0.14445652,0.7083457
12232,A,A,0.8968009,0.030857518,0.07234163
12233,B,B,0.0650131,0.893585,0.041401923
12234,C,C,0.07060978,0.04375024,0.88563997
12235,C,C,0.2559043,0.025266169,0.7188295
12236,A,A,0.94662666,0.0077004978,0.045672733
12237,A,A,0.9691501,0.006532306,0.024317527
12238,B,B,0.08800081,0.75370306,0.15829611
12239,A,A,0.46316534,0.2968463,0.23998834
12240,A,A,0.86120814,0.028804483,0.10998747
12241,B,C,0.06964996,0.22882311,0.70152694
12242,C,C,0.19809885,0.18088093,0.6210202
12243,B,B,0.035568323,0.9454082,0.019023443
12244,A,A,0.96069115,0.006228271,0.033080608
12245,C,C,0.045898434,0.052966367,0.9011352
12246,A,A,0.94610494,0.012755296,0.041139863
12247,A,A,0.96011037,0.009934441,0.02995528
12248,A,A,0.9289431,0.024357278,0.046699557
12249,C,C,0.11906682,0.1978484,0.6830848
12250,A,A,0.8152799,0.009422481,0.17529763
12251,B,B,0.035143938,0.9500314,0.014824674
12252,C,C,0.20565394,0.115980096,0.67836595
12253,C,A,0.85518223,0.016353596,0.12846419
12254,C,C,0.051275462,0.11415492,0.83456963
12255,C,A,0.5242256,0.15901741,0.3167569
12256,B,B,0.046163764,0.91883594,0.035000343
12257,B,B,0.062008776,0.8995339,0.038457327
12258,B,B,0.101140745,0.8604874,0.038371827
12259,C,B,0.065400004,0.65860915,0.27599084
12260,B,B,0.05103349,0.8960647,0.05290176
12261,A,C,0.2381617,0.36452642,0.3973119
12262,A,C,0.16646135,0.32248184,0.5110568
12263,B,B,0.06364765,0.8610513,0.07530103
12264,C,A,0.8531086,0.042957827,0.103933565
12265,C,C,0.29401362,0.093746535,0.6122398
12266,C,C,0.42748493,0.02810715,0.5444079
12267,A,A,0.9258294,0.020034788,0.054135773
12268,C,C,0.18399149,0.079466954,0.7365416
12269,C,C,0.09751776,0.06852575,0.8339565
12270,A,A,0.76129615,0.096654244,0.14204954
12271,C,C,0.09333443,0.055692416,0.8509731
12272,C,C,0.14965379,0.14293775,0.7074085
12273,C,C,0.11330349,0.252133,0.6345635
12274,A,A,0.6512865,0.2474225,0.101291
12275,B,C,0.2138413,0.35028768,0.435871
12276,A,A,0.6678268,0.017022805,0.3151505
12277,C,C,0.11171098,0.42509225,0.46319675
12278,C,C,0.14677028,0.15730272,0.695927
12279,A,A,0.90205467,0.020105708,0.07783956
12280,A,A,0.9828925,0.0036360451,0.013471504
12281,A,A,0.80328816,0.048743185,0.14796865
12282,B,B,0.063184865,0.82235014,0.114465006
12283,B,B,0.05866571,0.9143504,0.026983885
12284,A,A,0.85641414,0.07184435,0.07174152
12285,B,B,0.20215961,0.5708348,0.2270056
12286,A,A,0.5201345,0.062675074,0.41719037
12287,C,C,0.12889798,0.10004741,0.77105457
12288,B,B,0.011567513,0.9832466,0.005185814
12289,C,A,0.7859065,0.024553735,0.1895397
12290,B,B,0.017473195,0.97168475,0.010842061
12291,C,C,0.04732256,0.07252865,0.88014877
12292,C,C,0.115241386,0.04323875,0.84151983
12293,C,B,0.20964172,0.54964805,0.24071018
12294,B,B,0.026592024,0.87170446,0.101703554
12295,B,B,0.16054186,0.70462865,0.13482949
12296,B,B,0.07242975,0.89410573,0.033464547
12297,C,A,0.6450711,0.018296828,0.33663207
12298,A,C,0.34225368,0.13445649,0.5232898
12299,B,B,0.07457835,0.5623798,0.36304185
12300,B,B,0.010222502,0.9834547,0.0063228793
12301,C,A,0.8165297,0.03433981,0.14913051
12302,B,B,0.084349245,0.8905321,0.025118658
12303,A,A,0.80713624,0.13163202,0.061231762
12304,C,C,0.14317808,0.09251986,0.7643021
12305,A,A,0.8574428,0.023707034,0.11885015
12306,B,B,0.37927124,0.5305871,0.090141706
12307,A,A,0.9603471,0.0042112474,0.03544171
12308,A,C,0.07237098,0.09793681,0.8296922
12309,A,A,0.9762556,0.0023210447,0.021423351
12310,B,B,0.029989457,0.9455235,0.024486989
12311,B,B,0.025596399,0.9658138,0.008589814
12312,C,C,0.0847581,0.042473923,0.872768
12313,C,C,0.23256594,0.11328263,0.6541514
12314,C,C,0.2558942,0.023341527,0.7207642
12315,A,A,0.90607834,0.02444716,0.06947453
12316,C,C,0.081780925,0.24218668,0.67603236
12317,B,B,0.012073413,0.98327845,0.00464821
12318,C,A,0.95756704,0.006556226,0.035876743
12319,A,A,0.9634968,0.0076171053,0.028886095
12320,A,A,0.65516764,0.035917673,0.30891472
12321,B,B,0.026202533,0.9307305,0.043066893
12322,B,B,0.021299498,0.938588,0.04011247
12323,B,B,0.11740903,0.7903789,0.09221204
12324,B,B,0.030772787,0.856673,0.1125542
12325,C,B,0.0682072,0.8748925,0.05690043
12326,C,C,0.30263326,0.08159793,0.6157688
12327,B,B,0.10933936,0.7091568,0.18150383
12328,A,B,0.09011962,0.83886564,0.071014754
12329,B,B,0.019165726,0.9716044,0.009229977
12330,C,C,0.04689252,0.12073269,0.83237475
12331,A,A,0.84431195,0.04220495,0.11348312
12332,C,C,0.07045816,0.048567392,0.8809745
12333,B,B,0.10893746,0.84275687,0.048305675
12334,C,C,0.07896214,0.053377204,0.86766064
12335,C,C,0.4140912,0.06736225,0.5185466
12336,C,C,0.36935207,0.04532789,0.58532
12337,B,B,0.16003036,0.7949675,0.04500219
12338,C,A,0.84679973,0.0081424825,0.14505789
12339,A,A,0.9720891,0.0050145052,0.022896426
12340,B,A,0.56163937,0.31238183,0.1259788
12341,C,A,0.702879,0.07681168,0.22030929
12342,C,C,0.20721115,0.08563483,0.70715404
12343,A,C,0.27478126,0.11707598,0.60814273
12344,B,B,0.10795022,0.84099126,0.051058426
12345,C,C,0.10043896,0.046834342,0.85272664
12346,B,B,0.04158427,0.9038566,0.0545591
12347,B,B,0.1140218,0.8296856,0.056292556
12348,B,B,0.026925303,0.95366085,0.01941383
12349,C,C,0.056108546,0.21886486,0.72502655
12350,B,B,0.042110004,0.933576,0.024313927
12351,C,C,0.16253974,0.055328205,0.782132
12352,C,A,0.8722906,0.021378612,0.10633076
12353,A,A,0.84129214,0.032346927,0.12636094
12354,C,C,0.26455155,0.23804224,0.4974063
12355,B,B,0.015738705,0.9331564,0.05110496
12356,A,A,0.9321653,0.02675186,0.041082893
12357,B,B,0.017296663,0.9516913,0.031012053
12358,B,B,0.027541174,0.94223624,0.030222487
12359,B,B,0.18569568,0.71425915,0.10004512
12360,A,A,0.97797626,0.004010767,0.01801297
12361,B,B,0.047793083,0.8078308,0.14437607
12362,C,B,0.10721497,0.72977257,0.16301249
12363,C,A,0.9226385,0.014416288,0.06294512
12364,B,B,0.06505611,0.69391525,0.2410287
12365,C,C,0.013501549,0.0278147,0.9586837
12366,A,A,0.9278818,0.028886234,0.04323194
12367,C,C,0.051815614,0.063279256,0.88490504
12368,A,A,0.80447066,0.037169594,0.15835966
12369,B,B,0.11816868,0.8311524,0.050678942
12370,C,A,0.5681079,0.04939167,0.38250044
12371,B,B,0.0741259,0.8552128,0.07066123
12372,C,A,0.43732047,0.18391241,0.37876707
12373,A,A,0.7033793,0.16091217,0.13570862
12374,A,A,0.9786326,0.0024032448,0.018964078
12375,A,A,0.96884906,0.0070782327,0.024072723
12376,C,C,0.11432648,0.030327383,0.85534614
12377,A,A,0.88916314,0.02049046,0.09034633
12378,B,B,0.15616776,0.75746596,0.086366385
12379,B,B,0.13525902,0.81235,0.05239093
12380,A,A,0.9549625,0.0048924764,0.040145077
12381,B,B,0.052100435,0.9062596,0.04163996
12382,B,B,0.07748617,0.76313514,0.15937872
12383,B,B,0.02202461,0.95577157,0.022203956
12384,C,C,0.22209306,0.15979187,0.61811507
12385,B,B,0.02094774,0.9713217,0.0077305627
12386,B,B,0.07848655,0.7540082,0.16750528
12387,B,B,0.022074614,0.94710183,0.03082351
12388,A,A,0.93345,0.014421559,0.05212844
12389,B,B,0.08965471,0.8308403,0.079505
12390,A,A,0.97686493,0.004812575,0.018322494
12391,A,A,0.94034845,0.017201843,0.04244971
12392,B,B,0.05071715,0.85878146,0.09050139
12393,C,C,0.052564777,0.30566567,0.6417695
12394,B,C,0.3110929,0.14466573,0.5442413
12395,B,B,0.031045737,0.93368304,0.035271257
12396,C,C,0.031900264,0.03354018,0.9345595
12397,A,A,0.98554105,0.0023515974,0.012107364
12398,C,C,0.06548663,0.053018447,0.88149494
12399,C,C,0.16164444,0.05634076,0.7820147
12400,B,A,0.71141756,0.14806475,0.14051774
12401,C,C,0.3924614,0.055744007,0.5517945
12402,A,A,0.9123302,0.01137428,0.076295495
12403,A,A,0.8444689,0.017030641,0.1385005
12404,A,A,0.9390783,0.0088669015,0.052054852
12405,C,A,0.47432005,0.099629655,0.42605028
12406,B,B,0.042890605,0.8179222,0.13918719
12407,C,A,0.77900285,0.016502388,0.20449483
12408,B,B,0.18331519,0.730173,0.08651182
12409,B,B,0.106694005,0.8480721,0.045233786
12410,C,C,0.08805595,0.40867105,0.50327295
12411,C,C,0.037033875,0.23682775,0.7261384
12412,A,A,0.83953285,0.07421649,0.08625067
12413,B,B,0.046838894,0.67384523,0.27931583
12414,B,B,0.070115715,0.86875266,0.06113161
12415,C,C,0.028063372,0.050637435,0.9212992
12416,A,A,0.91106725,0.024002392,0.06493037
12417,B,B,0.14974613,0.7266029,0.12365103
12418,B,B,0.047872495,0.91162944,0.04049802
12419,B,B,0.17606147,0.76684505,0.05709347
12420,C,B,0.08917859,0.4685588,0.44226268
12421,A,C,0.33023435,0.25669295,0.4130727
12422,B,B,0.05327376,0.91564023,0.031085987
12423,C,C,0.052029032,0.07954902,0.868422
12424,A,A,0.9534093,0.011229435,0.035361268
12425,C,C,0.12783296,0.04721865,0.8249484
12426,A,A,0.7818062,0.07432225,0.14387168
12427,C,C,0.08005143,0.09933761,0.8206109
12428,A,A,0.9719295,0.005500286,0.02257021
12429,A,A,0.7402308,0.18833923,0.07142991
12430,C,C,0.15580857,0.21516736,0.629024
12431,B,B,0.114976525,0.7380131,0.14701034
12432,C,A,0.85236216,0.025122728,0.122515105
12433,C,B,0.05322721,0.5159738,0.430799
12434,C,C,0.10504144,0.3090483,0.5859103
12435,B,C,0.15065384,0.20225115,0.64709496
12436,A,B,0.27358943,0.65009975,0.07631086
12437,C,B,0.058625158,0.52368283,0.41769204
12438,C,C,0.10789388,0.070205726,0.82190037
12439,B,B,0.15036921,0.6003878,0.2492429
12440,B,B,0.02812673,0.9592145,0.012658806
12441,A,A,0.80192035,0.03396442,0.16411519
12442,C,C,0.040405527,0.280478,0.6791164
12443,B,B,0.10294956,0.8515615,0.045488976
12444,A,A,0.7797083,0.03584389,0.18444777
12445,C,B,0.0305122,0.9433508,0.026137019
12446,C,C,0.02665586,0.13418975,0.83915436
12447,C,A,0.48866665,0.14846013,0.36287326
12448,B,B,0.038310632,0.8480567,0.11363265
12449,B,B,0.06546766,0.8757449,0.05878742
12450,B,B,0.15566008,0.7655337,0.07880624
12451,C,C,0.08363639,0.3206701,0.59569347
12452,C,C,0.1200677,0.10010781,0.7798245
12453,C,C,0.026357666,0.027634393,0.9460079
12454,A,A,0.9732564,0.004049073,0.022694534
12455,C,A,0.6917134,0.17717628,0.13111031
12456,A,A,0.8781725,0.025499115,0.09632842
12457,A,A,0.79555756,0.1106336,0.093808874
12458,B,B,0.108053274,0.7236287,0.16831797
12459,C,C,0.1102324,0.103513815,0.7862538
12460,C,C,0.06519103,0.027590293,0.90721864
12461,B,B,0.050028935,0.8856319,0.06433911
12462,C,C,0.1590191,0.13699766,0.70398325
12463,A,A,0.5506149,0.039240234,0.41014493
12464,A,A,0.5467221,0.20872164,0.24455628
12465,A,A,0.923973,0.009391152,0.066635825
12466,B,B,0.006469429,0.9898359,0.0036946146
12467,C,C,0.37441176,0.06922246,0.5563657
12468,A,A,0.9890941,0.0010647665,0.009841148
12469,C,C,0.29830194,0.104851976,0.5968461
12470,A,A,0.8331178,0.061702374,0.1051798
12471,B,B,0.0154642835,0.9658153,0.018720446
12472,C,A,0.73257643,0.023116272,0.2443074
12473,B,B,0.061751038,0.83664334,0.10160565
12474,C,B,0.20776294,0.43321148,0.35902557
12475,C,C,0.42313004,0.056402076,0.52046794
12476,C,C,0.09819629,0.2411456,0.66065806
12477,C,C,0.28131378,0.03795378,0.6807324
12478,B,B,0.12233428,0.8355107,0.042155072
12479,C,A,0.6865187,0.03730075,0.27618057
12480,C,C,0.11416462,0.02123886,0.86459655
12481,C,C,0.24052587,0.11939509,0.6400791
12482,B,A,0.570305,0.22999267,0.19970234
12483,B,B,0.03345271,0.9543863,0.012160912
12484,C,C,0.141835,0.069483995,0.788681
12485,A,C,0.19583201,0.03474649,0.7694215
12486,A,A,0.79376805,0.05570746,0.1505245
12487,B,B,0.030029858,0.87811095,0.09185912
12488,C,C,0.31586808,0.101884,0.58224785
12489,B,B,0.05254603,0.91855663,0.028897397
12490,A,A,0.9646448,0.0050818636,0.030273376
12491,B,B,0.08744576,0.73835385,0.17420046
12492,B,B,0.019557025,0.9130863,0.06735662
12493,C,C,0.048458822,0.21067178,0.7408694
12494,A,A,0.9503716,0.010561482,0.03906683
12495,B,B,0.028434409,0.9448109,0.026754614
12496,A,A,0.8830772,0.033943355,0.0829795
12497,C,C,0.31640142,0.25275466,0.43084392
12498,C,C,0.3713425,0.07484971,0.55380774
12499,B,A,0.6963226,0.089225456,0.21445192
12500,B,B,0.022706904,0.9574019,0.01989124
12501,A,A,0.88134265,0.03525215,0.083405174
12502,B,B,0.08873782,0.869365,0.041897215
12503,B,B,0.3138782,0.59411246,0.09200933
12504,A,C,0.23295622,0.24830288,0.51874095
12505,C,C,0.063353814,0.14040865,0.7962376
12506,A,A,0.95579106,0.009366489,0.034842454
12507,C,C,0.14808328,0.05595744,0.79595923
12508,C,C,0.10545918,0.08671158,0.80782926
12509,C,A,0.557719,0.03161797,0.41066304
12510,A,B,0.3488784,0.4474751,0.20364647
12511,B,B,0.022351846,0.9320276,0.045620587
12512,B,B,0.029272389,0.95864886,0.0120787425
12513,A,A,0.8764727,0.034124576,0.08940275
12514,B,B,0.045040525,0.9222991,0.032660365
12515,B,C,0.07058712,0.32365987,0.605753
12516,A,A,0.969599,0.0071212673,0.02327964
12517,C,A,0.82300246,0.062120102,0.1148774
12518,C,C,0.06741761,0.28616622,0.64641625
12519,B,B,0.16003978,0.765982,0.07397817
12520,A,A,0.9719505,0.006056902,0.02199272
12521,A,A,0.9677178,0.0037767137,0.0285055
12522,C,C,0.16268769,0.14163555,0.69567674
12523,A,A,0.985712,0.0010308487,0.013257135
12524,B,A,0.53279597,0.33384565,0.13335845
12525,A,A,0.9676908,0.0027042273,0.02960492
12526,B,B,0.083081014,0.8598067,0.057112247
12527,B,C,0.20463546,0.38931108,0.40605345
12528,A,A,0.7644715,0.16064343,0.07488505
12529,B,A,0.48271662,0.40037832,0.11690511
12530,A,A,0.68901175,0.06812268,0.24286556
12531,A,A,0.8403949,0.06900076,0.0906043
12532,C,C,0.03444731,0.121387616,0.844165
12533,B,B,0.021197584,0.9384907,0.040311642
12534,A,A,0.6088179,0.033156965,0.35802516
12535,A,B,0.35228005,0.54408544,0.10363456
12536,A,A,0.96904826,0.0061820727,0.024769668
12537,A,A,0.9585896,0.015660316,0.025750121
12538,C,A,0.53634626,0.0560522,0.4076016
12539,C,A,0.520641,0.039488945,0.43986997
12540,B,B,0.30646926,0.5074092,0.18612155
12541,A,A,0.9368887,0.01948538,0.043625914
12542,B,B,0.06528981,0.88015044,0.054559793
12543,B,B,0.01309724,0.97820175,0.008701056
12544,B,B,0.11455973,0.7740055,0.11143474
12545,A,B,0.24872382,0.60295546,0.14832066
12546,C,A,0.5238119,0.09220581,0.38398236
12547,A,A,0.87259406,0.020173153,0.10723278
12548,A,A,0.96735084,0.005096188,0.027552975
12549,C,A,0.6383452,0.055348136,0.3063067
12550,A,A,0.9780887,0.0026951104,0.01921611
12551,A,A,0.85439265,0.07040693,0.0752005
12552,C,C,0.03496548,0.40149283,0.5635417
12553,C,C,0.09345206,0.057820484,0.8487274
12554,A,B,0.2846971,0.6387163,0.07658662
12555,C,B,0.18200538,0.49481574,0.32317892
12556,B,B,0.079530776,0.8492761,0.071193054
12557,B,C,0.28733593,0.20585096,0.5068131
12558,B,B,0.0568668,0.59323484,0.3498984
12559,C,C,0.16265227,0.20310234,0.6342454
12560,A,A,0.95584244,0.008264454,0.035893112
12561,A,A,0.9086587,0.03459828,0.056743093
12562,B,B,0.06863634,0.8881453,0.043218378
12563,C,C,0.123394325,0.14953499,0.7270707
12564,B,B,0.21021917,0.6756819,0.11409902
12565,C,C,0.068822,0.016571486,0.9146065
12566,C,C,0.03997836,0.43966332,0.52035826
12567,C,C,0.192588,0.25509265,0.5523193
12568,A,A,0.9338,0.0122645525,0.053935517
12569,C,A,0.87853116,0.0073965876,0.114072286
12570,B,B,0.07150925,0.86828077,0.06021005
12571,A,A,0.95109075,0.008187761,0.040721457
12572,B,B,0.048198164,0.93328655,0.018515298
12573,C,C,0.14744613,0.13206151,0.7204924
12574,C,C,0.082646355,0.08383,0.8335237
12575,A,A,0.98255944,0.0018267952,0.015613857
12576,B,B,0.1929161,0.59957063,0.20751324
12577,A,A,0.96093434,0.004840949,0.034224648
12578,A,A,0.9055038,0.038599424,0.05589681
12579,A,A,0.924767,0.015505271,0.05972766
12580,A,A,0.9504668,0.0051332107,0.04439993
12581,B,B,0.09846784,0.8542915,0.04724054
12582,B,A,0.38296354,0.29281545,0.32422096
12583,A,A,0.64391404,0.037337814,0.31874818
12584,A,A,0.54150945,0.3580614,0.10042912
12585,A,A,0.8590186,0.013821328,0.12716007
12586,A,A,0.9575419,0.008892841,0.033565335
12587,B,B,0.105719194,0.81735903,0.076921746
12588,B,B,0.05199637,0.9048346,0.043168973
12589,B,B,0.04959319,0.6273427,0.32306412
12590,A,A,0.86671066,0.036791544,0.09649789
12591,B,B,0.08282948,0.8826262,0.034544267
12592,A,A,0.93123895,0.017483484,0.051277548
12593,C,C,0.046134174,0.24167107,0.7121947
12594,A,A,0.9821846,0.0023365666,0.015478825
12595,A,A,0.87187,0.03176183,0.096368216
12596,A,A,0.8557986,0.032143217,0.11205826
12597,C,C,0.08955309,0.042001806,0.8684451
12598,A,C,0.30169535,0.16959542,0.52870923
12599,B,B,0.096101865,0.47945127,0.4244468
12600,A,A,0.92347634,0.017970048,0.058553603
12601,A,A,0.9076908,0.021944216,0.070364945
12602,A,A,0.8735588,0.03358736,0.09285382
12603,C,C,0.42498767,0.015674025,0.5593382
12604,A,A,0.96318084,0.006260019,0.030559137
12605,C,C,0.07033967,0.034099657,0.89556074
12606,A,A,0.96552813,0.0069124172,0.027559366
12607,A,A,0.92615163,0.014945668,0.058902785
12608,B,B,0.100228295,0.75891125,0.1408605
12609,A,A,0.97154105,0.005482733,0.022976218
12610,C,C,0.10265312,0.048691746,0.8486551
12611,B,B,0.111331366,0.8512729,0.037395794
12612,C,C,0.12468503,0.16779552,0.7075194
12613,A,A,0.78095317,0.09292148,0.12612532
12614,B,B,0.06829132,0.8449124,0.086796224
12615,C,C,0.3390239,0.046402544,0.61457354
12616,A,A,0.7514275,0.03741194,0.21116056
12617,B,B,0.09460972,0.8570827,0.048307575
12618,A,A,0.94918513,0.020328844,0.03048605
12619,B,B,0.020089075,0.94485545,0.035055436
12620,B,B,0.024793314,0.8923838,0.082822815
12621,B,B,0.04134237,0.9370758,0.021581747
12622,B,B,0.055670097,0.9126816,0.031648364
12623,A,A,0.94148237,0.014875163,0.0436424
12624,A,A,0.94514054,0.012693264,0.042166293
12625,A,A,0.96521443,0.007199039,0.027586622
12626,A,A,0.81338054,0.01248524,0.17413417
12627,C,A,0.6230288,0.081473626,0.29549757
12628,C,A,0.48780948,0.08790281,0.42428768
12629,B,B,0.01380253,0.97805417,0.008143326
12630,C,C,0.039199326,0.06503935,0.8957614
12631,C,B,0.03964879,0.5116401,0.44871113
12632,A,A,0.92669415,0.023030102,0.050275743
12633,C,A,0.86656857,0.011128345,0.122303106
12634,B,B,0.021483775,0.96050555,0.018010702
12635,C,C,0.31208843,0.05047774,0.6374338
12636,C,C,0.049610082,0.017566103,0.9328238
12637,C,C,0.13176851,0.041516125,0.82671535
12638,A,C,0.15698253,0.14609331,0.6969241
12639,B,B,0.045526143,0.9253199,0.02915395
12640,C,B,0.04924232,0.76481307,0.1859446
12641,C,A,0.58471125,0.07206977,0.34321892
12642,A,A,0.9229643,0.011602522,0.065433204
12643,B,B,0.043750938,0.8502961,0.10595296
12644,C,C,0.3814075,0.116854005,0.50173855
12645,C,B,0.0064499835,0.96137476,0.03217533
12646,C,A,0.6466561,0.01752535,0.33581853
12647,C,A,0.5902908,0.08606845,0.3236407
12648,C,A,0.6115539,0.052329496,0.33611655
12649,A,B,0.11980633,0.82520926,0.054984417
12650,B,B,0.2634789,0.6583914,0.07812967
12651,C,A,0.67313933,0.10415908,0.2227016
12652,C,C,0.074194856,0.3330039,0.5928012
12653,C,C,0.071490824,0.08127884,0.8472303
12654,A,A,0.62426555,0.07185602,0.3038785
12655,C,C,0.37095124,0.043132294,0.5859165
12656,C,C,0.29659006,0.043571834,0.65983814
12657,B,B,0.043089673,0.8654577,0.091452576
12658,C,C,0.07164933,0.3576676,0.5706831
12659,B,B,0.013203527,0.9758542,0.010942147
12660,A,A,0.8486711,0.08904739,0.062281568
12661,C,A,0.552588,0.088051386,0.35936064
12662,A,A,0.9348175,0.015241917,0.049940586
12663,B,B,0.08076687,0.86424184,0.054991297
12664,A,A,0.88268226,0.031555276,0.085762456
12665,A,A,0.9596756,0.0041570226,0.036167324
12666,A,A,0.8592223,0.020644391,0.120133296
12667,C,C,0.16239935,0.082116775,0.75548387
12668,B,C,0.038225837,0.10499357,0.8567805
12669,A,B,0.3227898,0.5391993,0.13801089
12670,C,C,0.059369177,0.14860868,0.7920221
12671,B,B,0.0139855845,0.9550338,0.03098065
12672,C,B,0.24449004,0.6634635,0.092046395
12673,C,C,0.036994375,0.21207952,0.75092614
12674,B,B,0.008559236,0.9764855,0.014955287
12675,A,A,0.81984675,0.053248562,0.12690474
12676,A,A,0.94581926,0.013038718,0.041142095
12677,A,A,0.9384677,0.018926533,0.04260581
12678,A,A,0.9271367,0.025977628,0.0468856
12679,A,A,0.9076373,0.029625064,0.06273765
12680,A,A,0.9639398,0.008033172,0.028027043
12681,A,A,0.7765933,0.112495065,0.11091156
12682,C,C,0.08928622,0.10888645,0.8018274
12683,B,B,0.18581076,0.68376255,0.1304267
12684,C,B,0.15987311,0.7653038,0.07482307
12685,A,A,0.8571975,0.044132363,0.09867012
12686,B,B,0.03498239,0.94213027,0.022887385
12687,C,C,0.071956605,0.097395234,0.8306482
12688,B,B,0.101070665,0.78841233,0.11051705
12689,A,A,0.99071175,0.0016932874,0.0075950576
12690,C,C,0.10558554,0.30400848,0.590406
12691,B,B,0.038211416,0.8612854,0.10050325
12692,C,A,0.8666,0.049899913,0.08350007
12693,C,C,0.15710247,0.052533053,0.7903645
12694,A,A,0.8674403,0.02354107,0.10901862
12695,C,B,0.07807507,0.64635754,0.27556732
12696,A,C,0.38823417,0.17275865,0.4390072
12697,C,B,0.12937346,0.5681641,0.30246246
12698,C,C,0.12845075,0.2860106,0.58553874
12699,B,B,0.051823292,0.9150725,0.033104178
12700,A,A,0.97998214,0.004076934,0.01594093
12701,B,B,0.13348909,0.81739426,0.049116645
12702,B,A,0.6016338,0.13873969,0.25962654
12703,B,B,0.06901545,0.8173332,0.113651335
12704,A,A,0.97593826,0.00201102,0.022050662
12705,C,B,0.019477786,0.93057996,0.049942315
12706,A,A,0.9751015,0.0074821394,0.017416399
12707,A,A,0.97769266,0.0021560683,0.020151325
12708,B,A,0.6421729,0.22179013,0.13603696
12709,B,B,0.02941756,0.9498598,0.02072259
12710,A,A,0.9311294,0.0062941415,0.06257656
12711,A,C,0.4029239,0.16817895,0.4288971
12712,B,B,0.14647995,0.72158927,0.13193081
12713,A,A,0.9626271,0.0099068675,0.027466001
12714,A,A,0.95707923,0.009581637,0.033339098
12715,C,C,0.041617554,0.0705366,0.8878458
12716,C,A,0.82456225,0.013777637,0.16166012
12717,B,B,0.019185524,0.9672071,0.01360746
12718,C,C,0.24496149,0.09275962,0.6622789
12719,C,C,0.049667593,0.09354536,0.856787
12720,A,A,0.9385876,0.0071659284,0.05424649
12721,B,B,0.045618337,0.90874237,0.04563932
12722,A,A,0.9451841,0.009756725,0.045059185
12723,B,B,0.050043393,0.80609775,0.14385882
12724,A,C,0.42227352,0.030176403,0.5475501
12725,B,B,0.035640974,0.9428346,0.021524392
12726,C,C,0.04779254,0.2623534,0.6898541
12727,B,A,0.379662,0.3718715,0.24846639
12728,C,C,0.10398338,0.055920955,0.84009564
12729,A,A,0.46499714,0.10424375,0.430759
12730,A,A,0.8840327,0.04540867,0.07055854
12731,C,C,0.01873551,0.105032004,0.87623245
12732,C,C,0.16337596,0.028677441,0.80794656
12733,C,C,0.044547487,0.24440403,0.7110484
12734,B,B,0.009587716,0.9857836,0.0046287333
12735,C,C,0.12832844,0.060637556,0.81103396
12736,A,A,0.9642099,0.0048618373,0.03092821
12737,C,C,0.4135366,0.03761635,0.54884696
12738,B,B,0.058415845,0.8725299,0.0690543
12739,B,B,0.013378242,0.9723675,0.014254258
12740,C,C,0.152704,0.09745345,0.7498426
12741,A,A,0.9694864,0.0042036725,0.02630996
12742,A,A,0.9532144,0.0036289652,0.04315668
12743,B,B,0.011858152,0.97541296,0.0127288215
12744,C,C,0.08926413,0.0655271,0.84520876
12745,A,A,0.95364547,0.010954216,0.0354003
12746,A,A,0.89923286,0.015487473,0.08527966
12747,B,B,0.018332727,0.94893694,0.032730393
12748,B,B,0.12479979,0.82222867,0.052971616
12749,A,A,0.91516864,0.02878195,0.056049366
12750,C,B,0.0681684,0.6945777,0.23725389
12751,B,B,0.07519899,0.46288532,0.46191558
12752,B,B,0.31219462,0.6194268,0.06837861
12753,C,C,0.16535926,0.2580593,0.5765814
12754,A,A,0.9457617,0.01185881,0.0423795
12755,B,B,0.0641347,0.9005042,0.035361137
12756,C,C,0.18238348,0.17624477,0.6413718
12757,C,C,0.07643475,0.025263567,0.8983017
12758,C,C,0.08355583,0.045606308,0.87083787
12759,A,A,0.91057783,0.030071931,0.059350237
12760,C,A,0.7951857,0.03146017,0.17335409
12761,B,B,0.10408509,0.8170652,0.07884976
12762,C,C,0.37118575,0.044807505,0.5840067
12763,C,C,0.2701869,0.029227829,0.70058525
12764,B,B,0.14587703,0.5504254,0.30369753
12765,A,A,0.79671353,0.09726976,0.10601664
12766,A,A,0.95989215,0.004569911,0.035537906
12767,A,A,0.92212075,0.018023968,0.05985526
12768,C,C,0.07995575,0.22521587,0.69482845
12769,C,C,0.054728385,0.04789088,0.8973807
12770,A,A,0.9821498,0.0024042048,0.015446124
12771,B,B,0.033024408,0.91531706,0.05165854
12772,C,C,0.3347877,0.12538548,0.5398268
12773,B,B,0.055518795,0.92000496,0.02447619
12774,A,A,0.8483015,0.06338717,0.088311456
12775,C,C,0.13604851,0.09877968,0.7651718
12776,C,C,0.33011997,0.11033494,0.5595451
12777,A,A,0.97818905,0.0031400877,0.018670902
12778,B,B,0.11163898,0.83187497,0.056486066
12779,A,A,0.97635925,0.0034326308,0.02020812
12780,C,C,0.05888668,0.08000136,0.86111194
12781,B,B,0.04561398,0.9270287,0.027357247
12782,B,B,0.03650014,0.9427274,0.020772425
12783,B,B,0.019989336,0.846368,0.13364269
12784,A,C,0.362485,0.03838096,0.59913397
12785,C,B,0.12737279,0.56107706,0.31155017
12786,B,B,0.06183078,0.8178852,0.120284006
12787,C,B,0.22502647,0.393217,0.38175657
12788,A,A,0.8884842,0.031211236,0.08030468
12789,B,B,0.018372582,0.968833,0.01279436
12790,C,A,0.5151852,0.08233342,0.4024814
12791,C,C,0.20271231,0.036852527,0.76043516
12792,C,C,0.10481676,0.023722928,0.8714603
12793,B,B,0.023959218,0.9606779,0.015362881
12794,B,B,0.013493748,0.97937864,0.007127669
12795,A,A,0.94613224,0.010397519,0.04347022
12796,B,B,0.17250547,0.7363137,0.091180734
12797,A,A,0.9699304,0.0034854112,0.026584242
12798,A,A,0.9827776,0.002850885,0.014371506
12799,A,A,0.9484068,0.013826202,0.037767034
12800,B,B,0.04334758,0.9356124,0.021040007
12801,C,C,0.07401874,0.28447223,0.641509
12802,A,B,0.22280994,0.3985374,0.37865263
12803,C,A,0.6799787,0.10119605,0.21882516
12804,C,C,0.10923878,0.045329988,0.8454312
12805,A,A,0.962805,0.005523595,0.031671476
12806,C,C,0.103900045,0.42946893,0.46663103
12807,C,A,0.43360674,0.3169134,0.24947992
12808,C,C,0.032789227,0.053953405,0.9132574
12809,C,B,0.34984735,0.46245855,0.18769412
12810,C,C,0.03272939,0.044094834,0.92317575
12811,B,B,0.12341853,0.81397694,0.062604554
12812,A,A,0.9351368,0.015914889,0.04894829
12813,A,A,0.9675011,0.0068297354,0.02566923
12814,A,A,0.8808967,0.027550569,0.091552734
12815,C,C,0.11704547,0.07180105,0.8111535
12816,C,A,0.6245397,0.14319609,0.23226427
12817,B,B,0.23953648,0.6200874,0.14037614
12818,C,C,0.082556985,0.08893365,0.8285094
12819,B,B,0.24882682,0.6670891,0.08408407
12820,B,B,0.061561227,0.9037035,0.034735255
12821,B,B,0.03834075,0.6170411,0.34461814
12822,C,C,0.11043756,0.23342064,0.65614176
12823,A,A,0.8846734,0.03840827,0.07691826
12824,C,C,0.22533193,0.08434438,0.6903237
12825,C,A,0.9258758,0.014390694,0.059733555
12826,B,B,0.06346602,0.86524934,0.07128467
12827,A,A,0.9101834,0.01689077,0.07292579
12828,B,B,0.08053482,0.89025664,0.029208586
12829,C,C,0.2439083,0.298971,0.45712063
12830,A,A,0.9169092,0.024263015,0.058827758
12831,B,B,0.06449908,0.8638095,0.071691416
12832,B,B,0.13544613,0.7718927,0.09266121
12833,A,A,0.9320201,0.015158319,0.052821573
12834,B,B,0.017152056,0.9655396,0.017308373
12835,B,B,0.024737703,0.95016384,0.025098406
12836,B,B,0.08798146,0.8544869,0.05753172
12837,C,A,0.77033067,0.043083884,0.18658552
12838,B,B,0.06664148,0.89596945,0.037389033
12839,B,B,0.026987452,0.95605063,0.016961949
12840,C,C,0.085054666,0.21774125,0.6972041
12841,B,B,0.03663649,0.8854685,0.077894986
12842,A,A,0.97924167,0.0052018533,0.015556534
12843,C,B,0.16119279,0.5473109,0.29149637
12844,B,B,0.13725655,0.578604,0.28413948
12845,C,B,0.07181568,0.58787173,0.34031263
12846,A,A,0.97126555,0.0063530193,0.022381388
12847,C,C,0.031078259,0.15887718,0.8100446
12848,C,B,0.044306643,0.498315,0.4573783
12849,B,B,0.16683988,0.6622408,0.17091928
12850,C,C,0.24390234,0.09603778,0.66005987
12851,C,C,0.1510755,0.1514203,0.69750416
12852,C,C,0.18673497,0.12185605,0.691409
12853,C,C,0.14835365,0.3731558,0.4784906
12854,B,B,0.05977734,0.91804796,0.022174742
12855,A,A,0.93425536,0.014167233,0.051577333
12856,A,A,0.9901516,0.0020882543,0.0077600754
12857,C,C,0.45218512,0.0534411,0.49437374
12858,A,A,0.96021223,0.005686576,0.034101255
12859,C,B,0.039138407,0.83080685,0.13005474
12860,C,C,0.08561301,0.22389893,0.69048804
12861,C,C,0.04162876,0.19817534,0.7601959
12862,C,C,0.20304619,0.061337255,0.73561656
12863,B,B,0.12080425,0.82626516,0.052930586
12864,A,A,0.61247385,0.061137147,0.32638898
12865,A,A,0.9159603,0.020200808,0.063838884
12866,A,C,0.44631758,0.049292035,0.50439036
12867,A,A,0.93428504,0.009998473,0.055716462
12868,C,C,0.24338679,0.1171505,0.6394627
12869,C,C,0.31176507,0.07909802,0.6091369
12870,B,B,0.34589735,0.5605403,0.09356239
12871,A,A,0.94755393,0.01036769,0.04207837
12872,A,A,0.9835048,0.003018642,0.013476604
12873,C,A,0.44329646,0.2534078,0.30329573
12874,C,C,0.08150109,0.104399964,0.8140989
12875,C,B,0.055319116,0.67687416,0.26780677
12876,A,A,0.9284633,0.017287722,0.054249052
12877,C,C,0.24978,0.123476505,0.6267435
12878,B,B,0.029504273,0.9493432,0.021152569
12879,C,C,0.32191238,0.060288884,0.6177987
12880,C,A,0.87933236,0.03522329,0.08544441
12881,A,A,0.82483196,0.052655824,0.12251218
12882,C,C,0.053104296,0.028366188,0.91852957
12883,B,B,0.060934376,0.9196242,0.019441346
12884,B,B,0.22807577,0.68913203,0.08279215
12885,A,A,0.8962759,0.044079434,0.05964473
12886,B,B,0.051720988,0.92718226,0.021096785
12887,C,C,0.1968146,0.035574194,0.7676112
12888,C,C,0.26230794,0.16980089,0.5678912
12889,A,A,0.8553029,0.015008742,0.12968837
12890,B,B,0.10650277,0.81291145,0.080585755
12891,B,B,0.2329385,0.69956815,0.06749334
12892,B,B,0.026595507,0.9409754,0.03242901
12893,B,B,0.12691416,0.76124644,0.11183938
12894,C,B,0.16326843,0.71636206,0.120369524
12895,B,B,0.051618453,0.9083345,0.040047105
12896,C,C,0.08121651,0.4127792,0.5060042
12897,B,B,0.20838921,0.5513452,0.24026558
12898,C,C,0.15085919,0.08641869,0.7627221
12899,B,A,0.5223591,0.20729358,0.27034736
12900,A,A,0.9872214,0.0014077097,0.011370761
12901,B,B,0.03105897,0.8967674,0.07217365
12902,A,A,0.9549988,0.010782552,0.034218613
12903,C,C,0.1325982,0.15105101,0.7163508
12904,C,B,0.16535617,0.45134884,0.383295
12905,B,B,0.024514304,0.9640303,0.011455373
12906,A,A,0.9158218,0.027339783,0.056838423
12907,C,C,0.13594608,0.110444985,0.75360894
12908,C,A,0.79228413,0.041965842,0.16575006
12909,B,B,0.040072646,0.94014305,0.019784266
12910,C,C,0.07961041,0.23242593,0.68796366
12911,B,B,0.027824836,0.9094772,0.06269796
12912,A,A,0.96127075,0.004422136,0.034307152
12913,A,A,0.99237895,0.0015250426,0.006096068
12914,A,A,0.9928987,0.0010278941,0.0060734223
12915,C,C,0.2994248,0.13479216,0.565783
12916,B,B,0.14093684,0.81902677,0.04003641
12917,B,B,0.03170648,0.9455444,0.02274911
12918,C,C,0.09814165,0.05742916,0.8444292
12919,A,A,0.95042986,0.018778093,0.030792056
12920,C,C,0.1504991,0.09479101,0.7547099
12921,A,A,0.88189423,0.024505548,0.09360013
12922,B,B,0.020786617,0.96547145,0.013741877
12923,A,A,0.9515371,0.011205609,0.03725727
12924,C,C,0.23752496,0.07085711,0.69161797
12925,B,C,0.31616,0.13101967,0.5528203
12926,C,C,0.14887464,0.22241676,0.6287086
12927,B,B,0.06813522,0.9016372,0.030227613
12928,B,A,0.8513425,0.061219044,0.08743843
12929,C,A,0.72004724,0.036030244,0.24392253
12930,A,A,0.91837126,0.038941234,0.04268745
12931,B,B,0.059634786,0.9026483,0.03771682
12932,B,A,0.911894,0.031076668,0.057029292
12933,A,A,0.97600216,0.0044838586,0.019513946
12934,A,A,0.7353621,0.04241648,0.22222145
12935,A,A,0.5853909,0.29583356,0.1187756
12936,C,C,0.20417058,0.028543217,0.7672862
12937,B,B,0.029177088,0.95964056,0.011182301
12938,C,C,0.03652667,0.028077638,0.9353957
12939,C,C,0.016968383,0.023978679,0.959053
12940,C,C,0.27076176,0.089911506,0.6393268
12941,B,B,0.07454401,0.8967566,0.028699383
12942,C,C,0.09103927,0.04912987,0.85983086
12943,A,A,0.9864464,0.0013716528,0.012182037
12944,B,B,0.036418606,0.9355838,0.02799755
12945,B,B,0.059733134,0.83741057,0.10285626
12946,B,B,0.0114191305,0.96688765,0.021693213
12947,C,C,0.1863365,0.11989745,0.693766
12948,B,B,0.0270499,0.9563457,0.016604442
12949,C,C,0.028287113,0.2762157,0.6954972
12950,A,A,0.8443619,0.04061344,0.11502474
12951,B,B,0.20271762,0.6691333,0.12814902
12952,B,B,0.040861107,0.9408987,0.018240236
12953,C,C,0.2142925,0.096093476,0.689614
12954,A,A,0.93971825,0.00951408,0.05076762
12955,B,B,0.03657285,0.8237391,0.13968812
12956,C,C,0.067819275,0.11058593,0.82159483
12957,A,A,0.97556657,0.006139978,0.018293442
12958,A,B,0.22535233,0.5861648,0.18848279
12959,C,C,0.14687657,0.09551417,0.75760925
12960,A,A,0.82223755,0.055108473,0.12265403
12961,A,A,0.8152147,0.049647186,0.13513823
12962,B,B,0.02578937,0.9617041,0.0125065595
12963,A,A,0.8876137,0.024524095,0.08786218
12964,B,B,0.014940356,0.9583482,0.026711425
12965,A,A,0.707014,0.083604336,0.20938167
12966,B,B,0.05161733,0.896268,0.052114565
12967,A,A,0.96471643,0.0034161026,0.03186751
12968,A,A,0.8320813,0.036899835,0.1310188
12969,B,B,0.03690664,0.7666199,0.19647346
12970,A,A,0.97174305,0.007931793,0.020325111
12971,A,B,0.2887718,0.6060762,0.105152
12972,C,B,0.25422028,0.3877723,0.35800743
12973,A,A,0.88878673,0.034601487,0.076611824
12974,B,B,0.030090306,0.7756794,0.19423036
12975,A,A,0.9779636,0.0027810652,0.019255284
12976,A,A,0.9916325,0.00078837306,0.007579209
12977,C,C,0.043064937,0.16924731,0.7876877
12978,C,C,0.17498672,0.02856113,0.7964521
12979,A,A,0.9092387,0.03111772,0.05964356
12980,B,A,0.40259856,0.33690667,0.2604948
12981,A,B,0.10829179,0.5510048,0.3407034
12982,C,A,0.6837187,0.07568032,0.24060097
12983,B,B,0.39436144,0.48765135,0.11798709
12984,A,A,0.8697744,0.023024274,0.10720139
12985,B,B,0.078636564,0.80143684,0.119926624
12986,A,A,0.9567103,0.009345904,0.033943776
12987,C,C,0.22763583,0.03841322,0.733951
12988,B,C,0.061421946,0.2879595,0.65061855
12989,C,C,0.21005014,0.14478959,0.6451602
12990,B,B,0.15566657,0.598337,0.24599637
12991,C,C,0.046236623,0.10916972,0.84459364
12992,A,A,0.9313176,0.015715506,0.052966904
12993,A,A,0.959583,0.0062567205,0.03416033
12994,B,B,0.07412025,0.85899186,0.06688784
12995,A,A,0.8627805,0.03398084,0.10323853
12996,A,A,0.8956217,0.017098835,0.08727944
12997,B,B,0.24593517,0.68056417,0.07350065
12998,A,A,0.89085406,0.020805698,0.0883402
12999,B,B,0.049103465,0.91586846,0.03502804
13000,C,C,0.44050622,0.058116466,0.5013773
13001,A,A,0.70903426,0.22602628,0.06493945
13002,C,C,0.42513326,0.050746437,0.52412033
13003,A,A,0.92523366,0.012336701,0.062429644
13004,B,B,0.39588282,0.4995821,0.104535155
13005,B,B,0.10085769,0.7807888,0.11835349
13006,A,A,0.84910595,0.03220816,0.11868589
13007,B,B,0.033295393,0.94612104,0.020583633
13008,B,B,0.12991394,0.8110632,0.05902294
13009,C,C,0.028812822,0.18335922,0.78782797
13010,C,A,0.82133853,0.02205878,0.15660268
13011,C,C,0.05032267,0.048756413,0.9009209
13012,A,A,0.85544914,0.04380678,0.10074412
13013,A,A,0.65088767,0.08163954,0.26747274
13014,A,A,0.91445965,0.017834902,0.06770544
13015,C,C,0.27970234,0.13032107,0.5899766
13016,C,C,0.4124809,0.038200613,0.54931843
13017,B,B,0.040057793,0.9085063,0.051435985
13018,A,A,0.8213142,0.07324131,0.10544453
13019,A,A,0.93179166,0.016300566,0.05190776
13020,A,A,0.9689558,0.009447622,0.021596566
13021,A,A,0.80405325,0.0845726,0.111374065
13022,A,A,0.5208473,0.09038776,0.38876486
13023,A,A,0.9670893,0.0061232625,0.026787354
13024,A,A,0.98026156,0.0023096828,0.01742879
13025,C,C,0.086448155,0.07034215,0.84320974
13026,A,A,0.9490092,0.0085357735,0.04245503
13027,A,A,0.94706976,0.010121513,0.042808685
13028,C,C,0.047423497,0.06991745,0.8826591
13029,C,A,0.6493202,0.16539082,0.18528898
13030,A,A,0.9846805,0.002452602,0.01286697
13031,A,A,0.9064535,0.025621798,0.06792471
13032,C,C,0.0770644,0.1121869,0.81074876
13033,B,B,0.0375002,0.9284677,0.034032144
13034,B,B,0.01626656,0.94485873,0.03887473
13035,C,C,0.29292887,0.059823196,0.64724797
13036,A,A,0.907227,0.013210779,0.07956235
13037,B,B,0.06576093,0.8884564,0.045782734
13038,C,C,0.15746742,0.016356101,0.8261764
13039,A,A,0.88818365,0.01703043,0.09478588
13040,C,C,0.14952755,0.15896778,0.6915046
13041,A,A,0.93267065,0.016468732,0.050860595
13042,A,C,0.39885104,0.01498478,0.5861642
13043,A,A,0.9554309,0.007884301,0.036684774
13044,A,A,0.96793145,0.005697402,0.026371116
13045,C,A,0.5515231,0.048819106,0.39965785
13046,A,A,0.9538501,0.005758039,0.04039186
13047,A,A,0.7949981,0.059483327,0.14551853
13048,A,A,0.8909712,0.020351099,0.088677675
13049,A,A,0.85721785,0.025428686,0.11735353
13050,B,C,0.09962423,0.39863136,0.50174445
13051,C,C,0.0665666,0.05539694,0.8780365
13052,B,B,0.09257433,0.86831385,0.03911187
13053,C,A,0.9559721,0.0068201986,0.03720768
13054,A,A,0.95861644,0.010590586,0.030792957
13055,A,A,0.9447402,0.018077366,0.037182447
13056,B,B,0.19501054,0.715702,0.08928742
13057,A,A,0.48151028,0.37856713,0.13992265
13058,B,B,0.029496118,0.9477953,0.022708548
13059,A,A,0.91584086,0.03168758,0.052471574
13060,C,C,0.07486675,0.22271638,0.7024169
13061,A,A,0.7473279,0.12130055,0.13137154
13062,C,A,0.4943195,0.18211684,0.3235637
13063,A,A,0.98799396,0.0018702443,0.010135908
13064,C,B,0.11634997,0.7952366,0.08841344
13065,A,A,0.951748,0.011631238,0.036620744
13066,B,B,0.015684994,0.9707188,0.013596237
13067,B,B,0.013778006,0.9703038,0.015918178
13068,C,C,0.062018495,0.057484627,0.88049686
13069,A,A,0.8118483,0.044237804,0.14391395
13070,C,B,0.34890825,0.49680448,0.15428726
13071,B,B,0.019149475,0.9717686,0.009081903
13072,B,B,0.1455889,0.7495782,0.104832865
13073,A,A,0.98766917,0.0016838649,0.010646896
13074,A,A,0.95432895,0.009159553,0.03651152
13075,C,C,0.05788984,0.03709676,0.9050134
13076,B,C,0.03513561,0.4463254,0.51853895
13077,A,A,0.97845775,0.001912984,0.019629184
13078,A,A,0.9489132,0.0075752106,0.043511517
13079,C,C,0.44621927,0.07310751,0.48067328
13080,A,A,0.960747,0.014141634,0.025111334
13081,B,B,0.02626017,0.881071,0.0926689
13082,C,C,0.120541275,0.09712331,0.78233534
13083,C,C,0.03032726,0.07583803,0.89383465
13084,A,A,0.733102,0.059467435,0.20743051
13085,C,C,0.31036928,0.028968357,0.6606624
13086,A,A,0.9319999,0.014747449,0.053252585
13087,C,C,0.0352966,0.06760347,0.8970999
13088,C,B,0.09130228,0.54044795,0.36824974
13089,A,A,0.98115957,0.0032013257,0.015639191
13090,C,C,0.17640293,0.066695906,0.75690114
13091,A,B,0.07572451,0.8580751,0.06620035
13092,A,B,0.19544542,0.7039153,0.10063924
13093,C,C,0.09265326,0.11434298,0.7930038
13094,B,C,0.12661825,0.21752217,0.6558596
13095,B,B,0.4181297,0.460474,0.12139629
13096,B,A,0.5337786,0.18572052,0.28050098
13097,A,A,0.98516315,0.003568242,0.011268638
13098,A,A,0.93389136,0.01088129,0.055227414
13099,A,A,0.9691023,0.008399944,0.022497786
13100,A,A,0.98222876,0.0024364728,0.0153348
13101,A,A,0.93049055,0.018968895,0.050540537
13102,C,C,0.16280438,0.020134185,0.8170614
13103,B,B,0.14387912,0.79306704,0.063053794
13104,C,C,0.15316787,0.10186937,0.7449628
13105,B,B,0.016872995,0.92567104,0.05745597
13106,A,A,0.84338605,0.050685924,0.10592794
13107,A,A,0.9834696,0.003998042,0.012532386
13108,A,A,0.99643874,0.00037304228,0.0031883393
13109,B,B,0.034381863,0.7882297,0.17738846
13110,C,C,0.33819595,0.07534136,0.5864626
13111,A,A,0.9903098,0.0021054768,0.0075847316
13112,B,B,0.024586644,0.9565653,0.018848088
13113,B,B,0.08027218,0.82204664,0.09768112
13114,A,A,0.9571908,0.0058612954,0.03694788
13115,A,A,0.9357904,0.01133202,0.052877616
13116,A,C,0.30078632,0.074497126,0.62471646
13117,B,B,0.10843429,0.7989936,0.09257216
13118,B,B,0.04613873,0.91661817,0.037243016
13119,A,A,0.9459963,0.017711809,0.03629188
13120,A,A,0.96869713,0.009519306,0.021783654
13121,B,B,0.03282622,0.92436695,0.042806786
13122,C,C,0.061397254,0.056856696,0.8817461
13123,B,B,0.066917345,0.89227134,0.040811297
13124,A,A,0.3781509,0.2743597,0.34748936
13125,B,B,0.055889342,0.8371603,0.10695035
13126,C,C,0.117072664,0.27580288,0.6071245
13127,C,B,0.05571241,0.88216466,0.062122915
13128,C,C,0.048098437,0.07525835,0.87664324
13129,A,A,0.90262073,0.0460398,0.051339436
13130,C,B,0.022492792,0.9524343,0.025072962
13131,C,C,0.047146715,0.09917793,0.8536754
13132,A,A,0.49414882,0.3641697,0.14168152
13133,A,A,0.9403275,0.012946012,0.04672646
13134,A,A,0.87942666,0.017711475,0.102861874
13135,A,A,0.77440184,0.031758875,0.19383925
13136,C,C,0.043706547,0.08055912,0.87573427
13137,B,B,0.024413245,0.95725924,0.018327486
13138,A,A,0.98309314,0.00241337,0.014493497
13139,B,B,0.23337542,0.65492064,0.11170398
13140,A,A,0.97414035,0.004240489,0.021619173
13141,C,C,0.26864728,0.09691008,0.6344426
13142,B,B,0.03289404,0.94248813,0.024617821
13143,B,B,0.13707992,0.7023726,0.16054751
13144,B,A,0.57600385,0.28694743,0.13704868
13145,A,A,0.9922948,0.0014648469,0.006240421
13146,B,B,0.28185487,0.5631392,0.15500584
13147,B,B,0.08459244,0.8289111,0.08649641
13148,A,B,0.09528688,0.86712587,0.037587248
13149,A,A,0.77706474,0.055020694,0.16791458
13150,C,C,0.2896728,0.14407143,0.56625575
13151,C,C,0.19194834,0.11505735,0.69299436
13152,C,C,0.060710076,0.029423658,0.9098662
13153,A,A,0.9387418,0.0074122613,0.05384598
13154,B,B,0.0364044,0.91031456,0.053281043
13155,C,B,0.1497401,0.5797063,0.27055353
13156,C,C,0.23356971,0.2598374,0.5065928
13157,A,A,0.9288474,0.014192172,0.05696047
13158,C,C,0.12547976,0.17761086,0.6969094
13159,B,B,0.17968078,0.7396316,0.0806876
13160,C,C,0.06014138,0.13118662,0.808672
13161,C,C,0.06326924,0.46257022,0.47416058
13162,A,A,0.9560882,0.008823884,0.035087872
13163,B,A,0.5465849,0.21191771,0.24149735
13164,A,A,0.85866165,0.044083547,0.097254805
13165,B,B,0.04194236,0.72605735,0.23200035
13166,C,C,0.059603456,0.24046241,0.6999342
13167,C,C,0.14857252,0.0805437,0.7708838
13168,A,A,0.83841956,0.014148715,0.14743172
13169,C,C,0.09513534,0.043508593,0.8613561
13170,B,B,0.12522432,0.8176074,0.057168283
13171,A,A,0.98230964,0.0026003057,0.015090008
13172,C,C,0.40961587,0.024595818,0.5657884
13173,A,A,0.87933224,0.018573888,0.10209386
13174,C,C,0.18364537,0.12607726,0.69027734
13175,A,A,0.96413857,0.008483849,0.027377574
13176,B,B,0.008134124,0.9815314,0.010334472
13177,B,B,0.021891434,0.96686125,0.011247303
13178,A,A,0.74025077,0.1555663,0.10418292
13179,B,B,0.016081069,0.9757523,0.00816666
13180,C,C,0.1867548,0.12722142,0.6860238
13181,B,B,0.17277516,0.668434,0.15879084
13182,B,C,0.098193794,0.25836205,0.64344424
13183,C,C,0.082604334,0.0620984,0.8552972
13184,C,C,0.05296909,0.031927515,0.9151034
13185,B,B,0.2547235,0.66801876,0.077257745
13186,C,C,0.043479603,0.064229876,0.89229053
13187,B,B,0.07539564,0.866649,0.05795542
13188,B,B,0.1242644,0.8083452,0.067390375
13189,A,A,0.84431446,0.06260821,0.09307731
13190,C,C,0.04053318,0.09888198,0.8605848
13191,C,C,0.24771956,0.06410449,0.6881759
13192,C,A,0.5079784,0.020624513,0.47139704
13193,B,B,0.072911255,0.8871425,0.0399463
13194,B,C,0.18826425,0.35007223,0.4616635
13195,C,C,0.41607422,0.06264176,0.52128404
13196,A,A,0.75761896,0.036836244,0.2055448
13197,B,B,0.12088175,0.78510106,0.09401715
13198,B,B,0.13653357,0.501876,0.36159047
13199,A,C,0.31989327,0.07309719,0.60700953
13200,C,C,0.10819336,0.14658202,0.7452246
13201,A,A,0.97511077,0.0026148227,0.022274299
13202,C,C,0.15463491,0.062723726,0.7826414
13203,A,A,0.811326,0.015565848,0.17310812
13204,B,B,0.082801625,0.7906926,0.12650575
13205,C,A,0.8111593,0.0091153,0.17972536
13206,C,C,0.35620955,0.2640264,0.37976405
13207,B,B,0.41380653,0.529716,0.056477487
13208,B,B,0.09128325,0.49990222,0.40881458
13209,C,C,0.36728272,0.10036105,0.5323562
13210,A,A,0.94509166,0.009811904,0.045096423
13211,A,A,0.98026925,0.0051187617,0.0146119585
13212,B,B,0.046912283,0.92793566,0.025152052
13213,C,C,0.26869667,0.06505067,0.66625273
13214,A,A,0.97498024,0.0063533173,0.018666422
13215,C,C,0.3391086,0.049278643,0.6116128
13216,A,A,0.7772403,0.0275661,0.19519366
13217,C,C,0.19055094,0.08381425,0.7256349
13218,A,A,0.9306193,0.026669575,0.04271107
13219,A,A,0.74180627,0.031420942,0.22677277
13220,C,C,0.13634704,0.41172177,0.4519312
13221,C,C,0.33863086,0.06532713,0.596042
13222,A,A,0.8503012,0.08949229,0.060206518
13223,A,A,0.8924413,0.041088387,0.06647037
13224,C,C,0.20240973,0.06637819,0.7312121
13225,C,A,0.88784647,0.024155308,0.087998144
13226,B,B,0.03273517,0.93050826,0.03675666
13227,A,A,0.9706945,0.0036836625,0.025621818
13228,A,A,0.987953,0.0021599103,0.009887051
13229,B,B,0.05486422,0.64767605,0.2974597
13230,C,B,0.038616203,0.63297886,0.32840496
13231,A,A,0.90067774,0.0075391927,0.09178314
13232,A,A,0.89437884,0.03804406,0.067577146
13233,A,A,0.7057759,0.2046048,0.089619316
13234,B,B,0.0699377,0.8896692,0.040393136
13235,B,B,0.06575851,0.8635036,0.070737965
13236,B,B,0.024580568,0.76498556,0.21043397
13237,C,B,0.18970004,0.5069465,0.30335346
13238,B,B,0.075427264,0.82094955,0.10362319
13239,A,A,0.92436767,0.0059613055,0.06967098
13240,A,A,0.95604026,0.0057185525,0.03824122
13241,A,A,0.8696191,0.06298553,0.067395486
13242,B,B,0.052382663,0.92933077,0.018286591
13243,C,A,0.67973644,0.032643564,0.28762004
13244,C,C,0.34635717,0.07358633,0.58005655
13245,B,B,0.12243088,0.8142899,0.06327919
13246,A,A,0.9879716,0.0012351659,0.010793321
13247,C,C,0.21836498,0.1569651,0.6246699
13248,A,A,0.9412978,0.0028175877,0.055884507
13249,A,A,0.8674991,0.03101199,0.10148889
13250,A,B,0.29016092,0.55915374,0.15068527
13251,C,C,0.43977278,0.05496751,0.50525975
13252,B,B,0.012756723,0.9739006,0.013342667
13253,A,A,0.9826497,0.004004132,0.013346216
13254,B,B,0.06313211,0.90192163,0.034946285
13255,A,A,0.8441502,0.030243311,0.12560658
13256,A,A,0.8329985,0.07646505,0.09053645
13257,B,B,0.021490276,0.95823354,0.020276258
13258,C,C,0.1183835,0.1574335,0.72418296
13259,B,B,0.016046004,0.96152437,0.022429615
13260,C,C,0.115028806,0.08128612,0.803685
13261,C,C,0.23171397,0.069312856,0.6989732
13262,A,A,0.9685001,0.007956307,0.023543615
13263,C,A,0.53331244,0.09321118,0.37347636
13264,A,A,0.882257,0.027013905,0.09072901
13265,C,C,0.09136785,0.066633336,0.8419989
13266,B,B,0.021438994,0.9669747,0.011586229
13267,C,C,0.06007552,0.13509849,0.804826
13268,B,B,0.050753232,0.91570485,0.03354193
13269,A,A,0.81257915,0.06965561,0.11776525
13270,C,C,0.33069736,0.0592584,0.6100442
13271,A,A,0.7357454,0.17655067,0.08770397
13272,A,A,0.9782575,0.0032972984,0.01844513
13273,A,A,0.9498071,0.0123021705,0.03789063
13274,A,A,0.64150745,0.08811609,0.27037644
13275,C,C,0.21324326,0.060648806,0.72610795
13276,B,B,0.029972129,0.9309821,0.0390457
13277,B,B,0.01302986,0.97479534,0.012174749
13278,A,A,0.97583234,0.003987498,0.020180108
13279,B,B,0.111311145,0.8369154,0.051773474
13280,B,B,0.14260592,0.7033625,0.15403156
13281,B,B,0.08122433,0.8806402,0.038135376
13282,A,A,0.965735,0.0057807905,0.028484292
13283,C,A,0.51128155,0.073165014,0.41555345
13284,B,B,0.02535966,0.93489194,0.039748408
13285,C,C,0.03910695,0.025976524,0.93491656
13286,B,B,0.032164674,0.9342573,0.033577964
13287,C,C,0.14829654,0.33406416,0.51763934
13288,C,C,0.41785735,0.025558492,0.5565841
13289,B,B,0.017797235,0.931513,0.050689843
13290,C,B,0.09782412,0.6405753,0.26160058
13291,C,C,0.1945989,0.106621504,0.6987796
13292,B,B,0.088667154,0.8064176,0.10491524
13293,A,A,0.9716823,0.0051251417,0.023192579
13294,A,A,0.97007567,0.004534139,0.025390228
13295,A,A,0.9921556,0.0012829374,0.0065614544
13296,C,C,0.3204943,0.101262145,0.57824355
13297,B,B,0.20315118,0.71238357,0.08446523
13298,C,A,0.50591093,0.06782438,0.42626467
13299,B,B,0.25271434,0.63293016,0.1143556
13300,A,A,0.96059334,0.0089864265,0.030420277
13301,B,A,0.4174523,0.18392687,0.3986208
13302,B,B,0.036467534,0.8864388,0.077093616
13303,C,A,0.6862558,0.034239404,0.27950478
13304,B,B,0.03357196,0.93851966,0.027908413
13305,C,C,0.110468276,0.08511266,0.80441904
13306,C,A,0.6979024,0.038254276,0.26384336
13307,A,A,0.91008663,0.0153704295,0.07454296
13308,A,A,0.9710627,0.006639981,0.02229726
13309,C,A,0.89652187,0.038306046,0.06517219
13310,C,C,0.042197555,0.085674755,0.87212765
13311,B,B,0.01945797,0.9505529,0.02998924
13312,C,A,0.6333344,0.04550305,0.32116246
13313,C,C,0.069327705,0.12716338,0.8035089
13314,C,C,0.12784268,0.114126965,0.75803035
13315,A,C,0.34643334,0.06848945,0.5850772
13316,C,C,0.27238318,0.22112007,0.5064968
13317,A,C,0.1740194,0.048303377,0.7776772
13318,B,B,0.03437221,0.8256611,0.13996671
13319,A,A,0.9653364,0.009022887,0.025640737
13320,C,C,0.21180952,0.19916905,0.58902144
13321,B,B,0.06571084,0.8884576,0.04583155
13322,A,A,0.9381294,0.016050916,0.045819666
13323,B,B,0.05719065,0.9071492,0.035660263
13324,B,B,0.0060636792,0.9890231,0.004913295
13325,C,C,0.057355553,0.39966425,0.5429802
13326,C,C,0.14857191,0.051898018,0.7995301
13327,A,A,0.9659146,0.006439983,0.027645402
13328,B,C,0.07215834,0.40723988,0.5206018
13329,B,B,0.20717828,0.72827625,0.06454542
13330,B,B,0.18520276,0.5458322,0.26896498
13331,C,C,0.18072432,0.071367554,0.7479081
13332,A,A,0.7212806,0.08619471,0.1925247
13333,C,C,0.093084276,0.032796398,0.8741193
13334,B,B,0.04166081,0.8978236,0.06051565
13335,C,B,0.12775251,0.48707154,0.385176
13336,C,C,0.22085242,0.23036942,0.5487782
13337,B,B,0.060937397,0.8368723,0.10219028
13338,A,A,0.9003252,0.033708528,0.06596624
13339,C,A,0.8161606,0.015415028,0.16842431
13340,B,B,0.030516302,0.8852896,0.08419407
13341,B,B,0.13524303,0.6434107,0.2213462
13342,C,A,0.59084797,0.19506128,0.21409072
13343,C,C,0.069461755,0.052969817,0.8775684
13344,A,A,0.9779278,0.0025460592,0.019526178
13345,B,B,0.034229252,0.95138675,0.014383962
13346,B,B,0.036700662,0.9436305,0.019668931
13347,A,A,0.85542846,0.018804388,0.1257671
13348,A,A,0.7673098,0.12443513,0.10825511
13349,C,C,0.03990796,0.25360796,0.70648414
13350,B,B,0.026367482,0.83081126,0.14282128
13351,A,A,0.9479896,0.011863806,0.040146586
13352,C,A,0.53797877,0.04691757,0.4151037
13353,B,B,0.015289904,0.94019544,0.044514567
13354,A,A,0.967292,0.006898254,0.0258098
13355,C,A,0.4902645,0.18830462,0.32143083
13356,A,A,0.9765315,0.0011447308,0.0223238
13357,A,A,0.9744933,0.005561364,0.019945301
13358,A,A,0.9709434,0.006097474,0.022959182
13359,C,C,0.077154934,0.06977663,0.8530684
13360,C,C,0.038937185,0.13619277,0.82487
13361,A,A,0.9578056,0.004121443,0.038072985
13362,C,C,0.04876516,0.11500812,0.8362267
13363,A,A,0.95640236,0.0113569675,0.0322407
13364,B,B,0.03285181,0.92436594,0.04278221
13365,B,B,0.04162717,0.819273,0.1390999
13366,A,A,0.836931,0.023574017,0.13949491
13367,B,A,0.5693885,0.042439833,0.3881716
13368,A,A,0.9570563,0.005726175,0.03721757
13369,A,A,0.98822314,0.0014954638,0.010281512
13370,B,B,0.112162046,0.8356905,0.05214735
13371,A,A,0.9747385,0.004996494,0.02026502
13372,C,C,0.25921392,0.1908356,0.5499505
13373,B,B,0.00900189,0.98212093,0.008877255
13374,A,A,0.844905,0.07423998,0.08085499
13375,B,B,0.07453919,0.81122553,0.11423531
13376,A,A,0.9034213,0.02235645,0.07422229
13377,C,A,0.64706606,0.077409774,0.2755242
13378,A,A,0.94631696,0.008294308,0.045388687
13379,C,C,0.07634219,0.040570322,0.8830875
13380,C,C,0.16751432,0.059946805,0.7725389
13381,C,C,0.18507037,0.1389002,0.67602944
13382,A,A,0.96835315,0.0052878098,0.026359098
13383,A,A,0.9529951,0.008100045,0.038904812
13384,B,B,0.12749423,0.8222351,0.050270587
13385,A,A,0.9726063,0.005082238,0.022311341
13386,B,B,0.07743686,0.88445145,0.038111698
13387,B,B,0.014889956,0.9716688,0.01344126
13388,C,C,0.14235131,0.207793,0.64985573
13389,C,C,0.1850955,0.12301707,0.69188744
13390,B,B,0.25572982,0.6160604,0.12820981
13391,A,A,0.8666263,0.020685151,0.112688616
13392,A,A,0.96513045,0.004734498,0.030134996
13393,B,B,0.13140339,0.6300291,0.23856758
13394,A,A,0.9681844,0.007909913,0.023905702
13395,C,C,0.20562163,0.19723833,0.5971401
13396,C,C,0.08095543,0.20527638,0.7137681
13397,B,B,0.10278061,0.8268369,0.07038262
13398,A,A,0.98235106,0.0016334961,0.016015472
13399,A,A,0.88482803,0.051471874,0.06370008
13400,C,C,0.16602316,0.056933843,0.777043
13401,C,C,0.23512267,0.048852503,0.7160249
13402,B,B,0.097711354,0.8029777,0.09931099
13403,B,B,0.17491834,0.48918208,0.33589953
13404,B,B,0.10468329,0.8349095,0.060407218
13405,A,A,0.8359714,0.07913002,0.08489858
13406,A,A,0.85350716,0.06695069,0.07954218
13407,A,A,0.8558967,0.03822143,0.105881795
13408,B,B,0.026541239,0.9632854,0.01017336
13409,A,A,0.97950065,0.005016315,0.015483023
13410,C,C,0.047962915,0.057222646,0.89481443
13411,B,B,0.010416743,0.95932245,0.030260857
13412,B,B,0.07925298,0.8233747,0.09737228
13413,B,B,0.046983078,0.771585,0.18143192
13414,A,A,0.8922851,0.05039452,0.05732043
13415,A,A,0.95566833,0.010551553,0.033780057
13416,A,A,0.95304674,0.0026911285,0.04426209
13417,A,A,0.7262179,0.0483639,0.22541817
13418,C,A,0.52996254,0.13371946,0.336318
13419,A,A,0.90886384,0.041449837,0.049686313
13420,C,C,0.22739008,0.22267962,0.5499303
13421,B,B,0.019790918,0.9670113,0.01319784
13422,B,B,0.07468797,0.7950571,0.1302549
13423,C,C,0.12022104,0.06142499,0.818354
13424,B,B,0.10612598,0.7231439,0.17073005
13425,B,C,0.12959619,0.26128322,0.6091206
13426,C,B,0.06923095,0.5108641,0.419905
13427,C,A,0.5179159,0.10473457,0.3773496
13428,A,A,0.4514332,0.36182097,0.18674578
13429,A,A,0.6416463,0.042639486,0.3157142
13430,B,B,0.2991492,0.5211248,0.17972606
13431,C,C,0.07041772,0.054358542,0.8752237
13432,C,A,0.5804966,0.06013356,0.35936978
13433,B,B,0.13992739,0.5992164,0.26085624
13434,C,B,0.036421802,0.9194518,0.044126444
13435,C,B,0.11880987,0.47932634,0.40186372
13436,C,A,0.8303476,0.012987686,0.15666474
13437,C,C,0.17698623,0.029538682,0.79347503
13438,B,B,0.12062949,0.83039147,0.048979033
13439,B,B,0.07478466,0.8945151,0.030700155
13440,B,B,0.016671306,0.96806675,0.015261944
13441,A,A,0.9578315,0.00843638,0.033732124
13442,A,A,0.68022174,0.015016015,0.30476227
13443,B,B,0.05407788,0.8884055,0.057516623
13444,C,C,0.11139554,0.32605472,0.56254965
13445,B,B,0.037699178,0.9319142,0.03038666
13446,A,B,0.12078078,0.8353657,0.04385351
13447,A,A,0.7257475,0.044027083,0.23022544
13448,B,B,0.07099726,0.8990381,0.029964732
13449,B,B,0.2240369,0.64531964,0.13064344
13450,A,A,0.92841434,0.010627074,0.06095858
13451,B,B,0.086494535,0.8639587,0.04954673
13452,B,B,0.0075767734,0.9819672,0.010456037
13453,C,C,0.46048567,0.07519175,0.4643226
13454,C,C,0.13644242,0.27733076,0.5862268
13455,A,A,0.9373633,0.013613326,0.04902326
13456,B,B,0.04171419,0.8807559,0.07752993
13457,B,B,0.11346402,0.840736,0.045799974
13458,B,B,0.07449589,0.51930904,0.4061951
13459,B,B,0.07674731,0.87702113,0.04623159
13460,C,A,0.6770499,0.05871945,0.2642307
13461,C,C,0.45220667,0.019934744,0.5278586
13462,C,C,0.13057505,0.044282015,0.825143
13463,B,B,0.024743082,0.9446537,0.03060316
13464,A,A,0.86585015,0.01821586,0.115933955
13465,A,A,0.71432716,0.21154562,0.07412729
13466,A,A,0.92515737,0.017444279,0.057398368
13467,C,C,0.03153341,0.04661474,0.9218518
13468,A,A,0.84609693,0.030419622,0.123483375
13469,A,A,0.9816032,0.0027645251,0.015632257
13470,A,A,0.9675574,0.00403512,0.028407516
13471,A,A,0.9375642,0.020876179,0.041559614
13472,A,A,0.6537145,0.18753251,0.15875302
13473,A,A,0.95111275,0.011988835,0.03689839
13474,C,C,0.055688575,0.08841741,0.855894
13475,A,A,0.9688993,0.004306734,0.026793962
13476,C,B,0.13742368,0.46917358,0.39340273
13477,B,B,0.019661289,0.9642935,0.016045207
13478,A,A,0.959091,0.006167656,0.034741342
13479,A,C,0.07048295,0.033996504,0.89552057
13480,B,B,0.35551578,0.4184065,0.22607772
13481,B,B,0.18431467,0.7309968,0.08468853
13482,C,C,0.18944618,0.0633374,0.7472164
13483,C,C,0.0315896,0.036934383,0.93147594
13484,B,B,0.07041481,0.60715705,0.32242814
13485,C,A,0.4162388,0.23573454,0.34802663
13486,C,C,0.31291175,0.1884057,0.4986826
13487,A,A,0.9701609,0.0068494873,0.02298957
13488,C,C,0.030214697,0.14872678,0.8210585
13489,B,B,0.052844655,0.837332,0.10982342
13490,C,A,0.8662887,0.020300515,0.11341074
13491,B,B,0.048545767,0.9229545,0.028499726
13492,A,A,0.9310893,0.012360782,0.05654989
13493,C,C,0.15765598,0.059861574,0.78248245
13494,B,B,0.06654332,0.66421145,0.26924527
13495,B,B,0.020269556,0.93976855,0.039961938
13496,B,B,0.057587177,0.7744621,0.16795072
13497,A,A,0.9709759,0.0035701336,0.02545397
13498,A,C,0.0468057,0.23085652,0.7223377
13499,B,B,0.040638402,0.80885583,0.15050583
13500,B,B,0.09560386,0.5634571,0.34093907
13501,C,C,0.19127096,0.058608532,0.7501205
13502,A,A,0.9595178,0.009165182,0.031317078
13503,C,B,0.108407475,0.67992574,0.21166685
13504,B,B,0.07494363,0.84581584,0.07924046
13505,B,B,0.040507905,0.9386171,0.020874942
13506,C,C,0.053976122,0.056825783,0.8891981
13507,A,A,0.9460395,0.016991083,0.036969386
13508,A,A,0.7061381,0.027447803,0.26641408
13509,C,C,0.03919274,0.05824563,0.9025616
13510,A,A,0.9764098,0.002627515,0.020962682
13511,A,A,0.92397153,0.021214379,0.05481413
13512,A,A,0.94040865,0.014437073,0.045154314
13513,A,A,0.9934,0.0011705754,0.005429415
13514,A,C,0.3023352,0.054788012,0.64287686
13515,B,B,0.015169939,0.97511387,0.0097162435
13516,C,C,0.4109829,0.08074735,0.50826967
13517,C,C,0.28309116,0.3077339,0.40917492
13518,A,A,0.97537327,0.0030697305,0.021556988
13519,C,C,0.11955098,0.121243365,0.7592057
13520,B,B,0.046784222,0.92049265,0.032723054
13521,B,B,0.016501686,0.9515923,0.031906016
13522,B,B,0.103258274,0.851094,0.045647755
13523,C,C,0.40139785,0.15211947,0.44648266
13524,B,B,0.029106647,0.9400523,0.030841121
13525,A,B,0.2706707,0.5293862,0.19994308
13526,B,B,0.08312697,0.87440413,0.042468853
13527,C,A,0.50816447,0.053845897,0.4379896
13528,C,B,0.064674474,0.6799535,0.25537202
13529,A,A,0.9528296,0.006438706,0.040731657
13530,B,B,0.027733954,0.91593087,0.056335155
13531,B,B,0.03625747,0.8972603,0.06648217
13532,C,C,0.044537693,0.31241885,0.6430435
13533,C,C,0.08653641,0.14266646,0.7707972
13534,C,C,0.18751274,0.0637465,0.74874073
13535,C,C,0.097451925,0.053280815,0.8492673
13536,B,B,0.23737241,0.6657127,0.09691491
13537,A,A,0.945969,0.016800033,0.037231024
13538,A,A,0.8394857,0.053212885,0.10730138
13539,A,A,0.9441866,0.00917812,0.04663528
13540,B,B,0.059826232,0.90092045,0.039253395
13541,C,C,0.23013915,0.05280993,0.7170509
13542,B,B,0.026869593,0.9576635,0.015466962
13543,A,A,0.9178375,0.009383586,0.07277892
13544,C,B,0.11984985,0.4443259,0.43582425
13545,B,B,0.029475296,0.91841066,0.052114062
13546,C,C,0.044213615,0.42779046,0.52799594
13547,A,A,0.99013,0.0014310267,0.008438994
13548,C,C,0.084560685,0.052233282,0.8632061
13549,C,C,0.045961965,0.097419426,0.8566186
13550,A,A,0.75874484,0.15371086,0.0875443
13551,A,A,0.9413385,0.014350117,0.04431137
13552,C,B,0.03896775,0.57863545,0.38239682
13553,B,B,0.07771578,0.8897675,0.03251665
13554,B,B,0.015750136,0.9740093,0.010240592
13555,A,A,0.8872525,0.017691202,0.0950563
13556,A,A,0.94512105,0.014921144,0.039957736
13557,B,B,0.022255877,0.8965895,0.08115456
13558,B,B,0.02808374,0.9512561,0.020660207
13559,A,A,0.9788149,0.0038539888,0.017331172
13560,C,C,0.025723435,0.26291332,0.7113633
13561,C,C,0.15139256,0.19544674,0.6531607
13562,A,A,0.8198307,0.029055627,0.15111357
13563,A,A,0.85468197,0.016989293,0.1283287
13564,B,B,0.063680656,0.8862326,0.05008678
13565,A,A,0.91093624,0.02058764,0.06847605
13566,B,B,0.35528108,0.5636758,0.08104305
13567,C,B,0.02583449,0.7651773,0.20898832
13568,B,B,0.08833312,0.8355214,0.076145455
13569,C,C,0.04438908,0.064192675,0.8914183
13570,C,A,0.59797597,0.044299804,0.35772416
13571,C,C,0.38953045,0.1602376,0.450232
13572,B,B,0.18272676,0.7299514,0.08732184
13573,A,A,0.99352336,0.0010099671,0.0054666665
13574,C,A,0.4397207,0.13226488,0.42801437
13575,B,B,0.16569898,0.71015215,0.12414889
13576,A,A,0.93031657,0.024080528,0.045602817
13577,B,B,0.04816723,0.9223857,0.029447133
13578,C,A,0.51871395,0.026958996,0.45432702
13579,B,B,0.11800637,0.83739895,0.044594668
13580,A,A,0.9270724,0.012468853,0.060458805
13581,A,A,0.94994015,0.0062616724,0.043798186
13582,C,C,0.14044051,0.030648652,0.8289109
13583,C,C,0.13535966,0.09619289,0.7684475
13584,C,C,0.1010959,0.1028727,0.7960314
13585,C,C,0.2894701,0.087966055,0.62256384
13586,A,A,0.8676152,0.023845155,0.108539574
13587,C,A,0.5701987,0.06548298,0.36431834
13588,A,B,0.082586005,0.5395622,0.37785175
13589,C,A,0.62259024,0.018743876,0.35866588
13590,A,A,0.94120026,0.017114762,0.041684985
13591,A,A,0.88000673,0.024563454,0.095429696
13592,C,C,0.04919594,0.11784364,0.8329604
13593,C,A,0.9639155,0.0026895558,0.033394873
13594,C,C,0.2528462,0.15710339,0.59005034
13595,C,C,0.20536461,0.045629684,0.74900573
13596,B,B,0.26478317,0.6483528,0.08686399
13597,C,C,0.018186476,0.25479904,0.7270145
13598,B,B,0.057053562,0.87095106,0.071995385
13599,B,B,0.017120974,0.970058,0.012821017
13600,B,B,0.10304615,0.81213826,0.08481555
13601,C,A,0.71439534,0.088173956,0.19743073
13602,C,A,0.94215244,0.008028747,0.04981882
13603,B,A,0.85241896,0.064394064,0.083187
13604,C,C,0.06575588,0.2292837,0.70496047
13605,A,A,0.9671775,0.006537117,0.0262854
13606,B,B,0.1430582,0.60805434,0.24888746
13607,C,C,0.1010533,0.06539864,0.83354807
13608,A,A,0.8682109,0.033718344,0.09807074
13609,C,C,0.18392484,0.09224468,0.7238305
13610,A,A,0.7680813,0.10139271,0.13052587
13611,C,B,0.02830657,0.8104311,0.16126224
13612,C,A,0.6927307,0.019135766,0.28813356
13613,A,A,0.9789869,0.002210379,0.018802742
13614,B,B,0.099054486,0.848587,0.05235856
13615,A,A,0.8336657,0.049261365,0.117072925
13616,C,A,0.54759747,0.06656295,0.38583958
13617,A,A,0.97144574,0.0045435186,0.024010755
13618,A,A,0.891919,0.034060292,0.07402071
13619,C,C,0.03136906,0.030604947,0.938026
13620,A,A,0.9681169,0.0050308504,0.026852205
13621,B,A,0.3813277,0.3403085,0.2783639
13622,B,B,0.114726655,0.7550806,0.13019268
13623,B,B,0.030362431,0.79711807,0.17251952
13624,C,C,0.15034562,0.16504449,0.6846099
13625,B,B,0.230845,0.70388144,0.065273546
13626,A,A,0.81541693,0.08213896,0.10244415
13627,C,C,0.3672719,0.21198472,0.42074338
13628,B,B,0.129986,0.81961375,0.05040022
13629,B,B,0.033951864,0.9470268,0.019021368
13630,C,C,0.037816256,0.1400251,0.82215863
13631,A,A,0.9586872,0.005832209,0.035480656
13632,C,B,0.043053243,0.64040035,0.31654638
13633,C,B,0.04361771,0.7968684,0.15951395
13634,B,B,0.10830864,0.7089276,0.18276381
13635,A,A,0.7841227,0.09518697,0.120690376
13636,C,C,0.17691901,0.05376155,0.7693195
13637,A,A,0.96427566,0.007568231,0.028156154
13638,A,A,0.9347802,0.010414432,0.05480538
13639,C,C,0.081626534,0.024116399,0.89425707
13640,A,A,0.9748985,0.006564916,0.018536605
13641,C,C,0.1871651,0.24403615,0.5687988
13642,C,C,0.10254257,0.14058203,0.75687546
13643,C,C,0.093619555,0.1580951,0.74828535
13644,B,A,0.8816324,0.03643694,0.081930734
13645,A,A,0.9544525,0.007262878,0.038284514
13646,A,A,0.51367843,0.19225226,0.29406926
13647,C,C,0.29968747,0.065530516,0.634782
13648,A,B,0.07639808,0.5307689,0.392833
13649,A,A,0.9767308,0.0026170234,0.020652156
13650,B,B,0.007146208,0.9802643,0.0125894835
13651,A,A,0.9695417,0.0059098247,0.024548383
13652,A,A,0.9705784,0.003955326,0.025466338
13653,C,C,0.04223349,0.47205755,0.48570898
13654,C,C,0.27878863,0.1936089,0.5276025
13655,B,B,0.20962973,0.72100633,0.06936401
13656,B,A,0.7688628,0.089646846,0.14149033
13657,A,A,0.9567577,0.0054021273,0.03784012
13658,A,A,0.94946116,0.005950393,0.044588476
13659,C,C,0.03346897,0.075694,0.8908371
13660,C,C,0.35375974,0.100447856,0.54579234
13661,C,C,0.09333785,0.12849666,0.77816546
13662,A,A,0.8986909,0.026314164,0.07499493
13663,C,C,0.1463016,0.051396184,0.80230224
13664,A,A,0.96523964,0.007968518,0.026791826
13665,C,C,0.088118814,0.3957089,0.5161723
13666,A,A,0.98939776,0.0014768317,0.009125387
13667,B,B,0.015225794,0.9763317,0.008442519
13668,C,A,0.72512007,0.02553797,0.24934195
13669,C,C,0.2647617,0.13704143,0.59819686
13670,C,C,0.07557663,0.13728873,0.78713465
13671,A,A,0.9608515,0.009586689,0.02956174
13672,C,C,0.09476653,0.051540893,0.8536926
13673,B,B,0.30260235,0.473319,0.22407858
13674,C,A,0.7248717,0.07638496,0.19874336
13675,B,B,0.029471157,0.6495461,0.32098275
13676,B,A,0.69052106,0.18046026,0.12901872
13677,C,C,0.0834801,0.2129668,0.7035531
13678,B,B,0.09867394,0.8323423,0.06898379
13679,B,B,0.29159722,0.39183572,0.31656703
13680,C,C,0.112521656,0.038243644,0.8492347
13681,A,A,0.9632155,0.010802892,0.02598168
13682,C,C,0.3018775,0.067355886,0.63076663
13683,C,C,0.26419982,0.05988675,0.6759134
13684,A,A,0.9328179,0.02382562,0.043356527
13685,B,B,0.07345226,0.81739867,0.109149
13686,B,B,0.031044511,0.94903386,0.019921564
13687,C,A,0.5946699,0.035884086,0.369446
13688,A,A,0.5436488,0.32457912,0.13177209
13689,C,A,0.90510213,0.009940232,0.08495768
13690,B,B,0.08923447,0.7695468,0.14121875
13691,A,A,0.981878,0.0022691307,0.015852896
13692,C,C,0.104716204,0.13959895,0.75568485
13693,B,B,0.021223025,0.94631445,0.032462448
13694,C,A,0.70822775,0.08557041,0.20620182
13695,A,A,0.97347426,0.005950042,0.02057568
13696,A,B,0.08885111,0.85639375,0.054755148
13697,A,A,0.9423684,0.010914606,0.046717007
13698,B,B,0.03364231,0.94890237,0.017455306
13699,A,A,0.5237661,0.041952007,0.4342819
13700,A,A,0.8556964,0.035571452,0.10873215
13701,B,B,0.017056046,0.97258544,0.010358565
13702,C,C,0.31339625,0.084827036,0.60177666
13703,C,B,0.08738013,0.61602473,0.29659516
13704,C,C,0.10954323,0.086685255,0.8037715
13705,A,A,0.9679719,0.00765999,0.024368055
13706,C,B,0.052847456,0.8771153,0.07003718
13707,A,A,0.98115104,0.0036793952,0.015169576
13708,C,B,0.030377233,0.65566474,0.31395805
13709,B,B,0.1646826,0.75363684,0.08168058
13710,C,C,0.0758642,0.3982652,0.5258706
13711,C,A,0.559834,0.0408409,0.399325
13712,B,B,0.036694974,0.93716145,0.026143597
13713,A,A,0.5620399,0.33771524,0.10024481
13714,A,A,0.869394,0.044418402,0.08618765
13715,C,C,0.087994784,0.038872514,0.87313277
13716,C,B,0.29138997,0.3627123,0.34589773
13717,B,B,0.2729039,0.52110034,0.20599584
13718,C,C,0.11737636,0.0782422,0.8043815
13719,A,A,0.6261921,0.15837313,0.21543477
13720,C,A,0.76450866,0.08658475,0.1489066
13721,A,A,0.9691432,0.003297471,0.027559357
13722,B,B,0.0337298,0.7538376,0.21243261
13723,C,C,0.057450473,0.16678214,0.7757673
13724,A,A,0.91534114,0.018134763,0.06652413
13725,B,B,0.08238817,0.8840883,0.03352361
13726,C,C,0.07566012,0.19897366,0.72536623
13727,B,B,0.03194592,0.9244843,0.04356973
13728,B,B,0.016640218,0.96573937,0.017620485
13729,A,C,0.33816433,0.13469784,0.52713776
13730,A,A,0.941769,0.018528983,0.039701954
13731,C,C,0.24015084,0.10882072,0.6510284
13732,A,A,0.80504054,0.041471068,0.1534884
13733,B,B,0.025695616,0.84189534,0.132409
13734,A,A,0.94284034,0.014179568,0.0429801
13735,C,C,0.18152925,0.10275266,0.7157181
13736,C,A,0.51246697,0.027188443,0.4603445
13737,C,C,0.11062505,0.049664315,0.83971065
13738,B,B,0.047036562,0.9295163,0.02344706
13739,A,A,0.75253046,0.095732085,0.15173747
13740,B,B,0.020059438,0.9666511,0.013289494
13741,B,B,0.029596256,0.94063485,0.029768916
13742,B,B,0.090785205,0.6654388,0.243776
13743,C,C,0.06580905,0.044899266,0.88929176
13744,C,A,0.7413888,0.036457404,0.22215389
13745,A,B,0.22582614,0.699837,0.0743368
13746,C,C,0.0745239,0.057893526,0.86758256
13747,B,A,0.50383514,0.37205112,0.124113776
13748,C,C,0.11206875,0.027601505,0.86032975
13749,C,C,0.47593993,0.0401125,0.48394752
13750,A,A,0.95400184,0.010340295,0.035657845
13751,B,B,0.14422186,0.8008751,0.054903045
13752,B,B,0.22032903,0.64858955,0.13108146
13753,B,B,0.014415821,0.977128,0.008456188
13754,C,C,0.1780303,0.0403665,0.7816032
13755,A,A,0.90963256,0.01604191,0.074325465
13756,A,A,0.8265796,0.038627394,0.1347931
13757,A,B,0.24951653,0.6546961,0.09578743
13758,A,A,0.9857144,0.00227903,0.01200654
13759,B,B,0.00803445,0.98738235,0.0045832014
13760,A,A,0.9458214,0.017485272,0.036693312
13761,A,A,0.65200424,0.14292797,0.2050678
13762,C,B,0.1514892,0.7602332,0.08827758
13763,B,B,0.04796635,0.8600955,0.091938086
13764,B,B,0.007578326,0.97732705,0.015094682
13765,A,A,0.9473521,0.013415138,0.039232764
13766,B,B,0.024243563,0.96557826,0.010178075
13767,B,B,0.054222755,0.91785365,0.027923629
13768,B,B,0.31087434,0.41851714,0.2706085
13769,B,C,0.18460405,0.34838393,0.46701202
13770,C,C,0.36583555,0.19578993,0.43837455
13771,A,A,0.9272875,0.025565067,0.04714742
13772,B,B,0.13256256,0.7262842,0.14115326
13773,C,C,0.15368766,0.11128396,0.7350284
13774,B,B,0.09787055,0.78710186,0.1150276
13775,B,B,0.01735914,0.9535557,0.02908505
13776,A,A,0.6027391,0.051535293,0.34572566
13777,B,B,0.03160285,0.93694216,0.03145493
13778,A,A,0.9674636,0.002615851,0.029920567
13779,A,A,0.9044806,0.023064114,0.0724553
13780,C,A,0.6755433,0.03397047,0.2904862
13781,C,C,0.10365535,0.11055956,0.7857851
13782,C,C,0.13581398,0.110788435,0.7533976
13783,C,C,0.021995382,0.42643687,0.5515678
13784,A,A,0.6578045,0.059923258,0.28227237
13785,A,A,0.75645685,0.04367392,0.19986923
13786,C,C,0.46484467,0.016878435,0.5182769
13787,C,C,0.060876023,0.27423134,0.6648926
13788,C,C,0.07814245,0.4207181,0.5011394
13789,B,B,0.16710599,0.7277501,0.10514391
13790,B,B,0.108082496,0.73887295,0.1530446
13791,C,C,0.1309354,0.14008221,0.7289824
13792,C,C,0.05000765,0.27109775,0.67889464
13793,A,A,0.9518165,0.009512066,0.03867155
13794,B,B,0.0765795,0.8726557,0.05076482
13795,B,B,0.03295062,0.9133257,0.05372371
13796,B,B,0.10164491,0.612213,0.28614214
13797,A,A,0.9247501,0.014135747,0.0611142
13798,B,B,0.044965155,0.9142041,0.040830687
13799,B,B,0.06560622,0.9013813,0.033012483
13800,C,C,0.1534964,0.26796636,0.5785372
13801,B,A,0.6622596,0.09737485,0.24036552
13802,B,B,0.0373635,0.8971599,0.065476626
13803,B,B,0.11583607,0.7826506,0.1015134
13804,A,A,0.9898645,0.0015824091,0.008553102
13805,C,B,0.035978287,0.68552804,0.2784936
13806,B,B,0.055202823,0.9007994,0.043997742
13807,B,B,0.011612982,0.9761613,0.0122257015
13808,A,A,0.971235,0.0038387247,0.024926363
13809,C,A,0.62019026,0.03344259,0.3463671
13810,A,A,0.92404366,0.016679645,0.05927676
13811,A,A,0.9574699,0.002760278,0.039769866
13812,A,A,0.8540848,0.019014422,0.12690079
13813,C,C,0.10641879,0.04403082,0.84955037
13814,A,A,0.9624286,0.0111658415,0.026405536
13815,C,C,0.074113026,0.24587777,0.6800092
13816,C,C,0.10828252,0.072556585,0.8191609
13817,B,B,0.060741033,0.9023088,0.03695018
13818,A,A,0.80942667,0.1316824,0.058890972
13819,C,C,0.433645,0.070785224,0.49556985
13820,B,B,0.031407766,0.9158377,0.0527546
13821,C,A,0.6390059,0.026642442,0.3343517
13822,C,C,0.41789594,0.0984553,0.4836488
13823,C,C,0.12126364,0.08516037,0.793576
13824,A,B,0.129469,0.82251793,0.04801302
13825,A,B,0.13094819,0.7949826,0.07406923
13826,C,C,0.06635496,0.049289327,0.88435566
13827,A,C,0.16035852,0.038053393,0.80158806
13828,B,B,0.07484531,0.88359463,0.0415601
13829,C,C,0.071900256,0.05644019,0.8716595
13830,A,A,0.46639818,0.12530223,0.40829962
13831,C,C,0.039942984,0.34891713,0.6111399
13832,B,B,0.079997726,0.8774323,0.042569928
13833,A,A,0.961783,0.008513598,0.029703407
13834,A,A,0.9476074,0.009948101,0.04244444
13835,A,A,0.9797783,0.0026051968,0.017616518
13836,C,C,0.08624525,0.13612287,0.77763194
13837,B,B,0.0690202,0.7931205,0.1378593
13838,C,A,0.52049786,0.09241175,0.38709036
13839,C,C,0.43210626,0.09295171,0.474942
13840,A,A,0.89001185,0.018683936,0.0913043
13841,C,C,0.34256908,0.08353087,0.5739001
13842,B,B,0.033020187,0.9299673,0.037012476
13843,B,C,0.103999734,0.31729034,0.5787099
13844,C,C,0.3573961,0.1192791,0.5233248
13845,B,B,0.29250282,0.56032157,0.14717552
13846,C,C,0.12925915,0.092875205,0.77786565
13847,A,B,0.20491624,0.7252022,0.06988156
13848,A,A,0.8850483,0.0363393,0.07861245
13849,C,A,0.5401604,0.07641953,0.38341996
13850,A,A,0.9840776,0.002931523,0.012990883
13851,B,B,0.07730425,0.8918632,0.030832404
13852,A,B,0.39571598,0.49639273,0.10789137
13853,A,A,0.97823733,0.0070174984,0.014745101
13854,C,A,0.73210484,0.07312877,0.1947664
13855,C,C,0.06935049,0.06286244,0.8677871
13856,A,A,0.9777013,0.004408539,0.017890146
