strain	proba_A	proba_B	proba_C
NODE_0000006	0.00334319513677765	0.00265114219017956	0.994005662673043
NODE_0000702	0	0.00131307672968746	0.997891579292188
NODE_0000703	0	0	0.999701296938274
leaf_2420	0	0	1
NODE_0000704	0	0	0.999910268604623
leaf_2419	0	0	1
NODE_0000705	0.066208150945593	0.122533308243924	0.811258540810483
NODE_0000706	0.336231463683264	0.262373931507466	0.40139460480927
leaf_1962	0.337189561091098	0.283834915387299	0.378975523521603
NODE_0000707	0.424550712419338	0.301943702868596	0.273505584712066
leaf_1046	0	1	0
NODE_0000708	0.609272854295677	0.204089713482999	0.186637432221323
leaf_957	0.522355316372791	0.259035162289747	0.218609521337462
leaf_1465	1	0	0
NODE_0000709	0.0396930405242646	0.153486467164664	0.806820492311071
NODE_0000710	0.0057183786776034	0.964159162033304	0.0301224592890931
leaf_1086	0	1	0
NODE_0000711	0	0.999312243084322	0
leaf_624	0	1	0
leaf_854	0	1	0
NODE_0000712	0.0075889054551923	0.0156896890237989	0.976721405521009
leaf_1175	0	0	1
NODE_0000713	0	0	0.999536403875326
leaf_783	0	0	1
leaf_798	0	0	1
NODE_0000715	0	0	0.999677368955142
leaf_2413	0	0	1
NODE_0000716	0	0	0.999604747721834
NODE_0000717	0	0	0.99991764143622
leaf_2300	0	0	1
leaf_2317	0	0	1
NODE_0000718	0	0	0.999375118666988
NODE_0000719	0	0	0.99982107096966
leaf_2214	0	0	1
NODE_0000720	0.00141054248890091	0.00101573996332704	0.997573717547772
leaf_2056	0.0522396481756981	0.049739738914508	0.898020612909794
leaf_2230	0	0	1
NODE_0000721	0.00276852905603692	0.0136181160771452	0.983613354866818
leaf_914	0	1	0
NODE_0000722	0	0.0079628080082538	0.9911847363613
leaf_1526	0	0	1
leaf_1691	0.0622883109831798	0.0661610500647169	0.871550638952103
NODE_0000724	0.00195334296679368	0.026859841503594	0.971186815529613
NODE_0000725	0.00493220338652156	0.904417984384391	0.0906498122290872
leaf_455	0	1	0
leaf_1659	0	1	0
NODE_0000726	0	0	0.999300489637026
leaf_1466	0	0	1
leaf_1672	0	0	1
NODE_0000727	0	0.00951165860067152	0.990197090086109
NODE_0000728	0.0124651669112466	0.160993099293985	0.826541733794769
leaf_2415	0	1	0
NODE_0000729	0.00240621984236643	0.00238852803333101	0.995205252124303
leaf_623	0	0	1
leaf_1358	0	0	1
NODE_0000731	0	0.00118890562027776	0.998521339637658
NODE_0000732	0	0	0.999945988766847
leaf_2421	0	0	1
NODE_0000734	0.00484632593246903	0.00132273176849755	0.993830942299033
NODE_0000735	0.0598696511823453	0.00879788665850853	0.931332462159146
leaf_54	0	0	1
NODE_0000736	0.138677320809448	0.0129736879504026	0.84834899124015
leaf_922	0.162237666873995	0.0472019919817385	0.790560341144267
leaf_1010	0.162237666873995	0.0472019919817385	0.790560341144267
NODE_0000738	0.212429324101902	0.00420610426392271	0.783364571634176
leaf_383	0	0	1
leaf_477	1	0	0
NODE_0000739	0	0	0.999585798687364
leaf_2084	0	0	1
NODE_0000740	0.00105476953665026	0	0.998820153013702
NODE_0000741	0.0200217690220136	0.00210840223773725	0.977869828740249
leaf_658	1	0	0
leaf_1219	0	0	1
NODE_0000742	0	0	0.999597182748343
leaf_1006	0	0	1
leaf_1796	0	0	1
NODE_0000743	0.00229535082338578	0	0.997491824684729
NODE_0000744	0	0	0.999654884279263
leaf_2360	0	0	1
NODE_0000745	0	0	0.999444985202425
NODE_0000746	0	0	0.999421295956636
NODE_0000747	0	0	0.999147041447397
leaf_1748	0	0	1
NODE_0000748	0.0187744650832939	0.0145429479901636	0.966682586926543
leaf_122	0	0	1
leaf_1151	0.0646143622149392	0.0592351928618999	0.876150444923161
NODE_0000749	0.00116216129757986	0	0.998717064399934
leaf_1497	0	0	1
NODE_0000750	0.0164447565972834	0.00104942758137843	0.982505815821338
leaf_1019	1	0	0
leaf_1486	0	0	1
NODE_0000751	0.00150459961181564	0	0.998301654956668
NODE_0000752	0.00498099629910193	0	0.994938041269726
leaf_2039	0	0	1
NODE_0000753	0.925454172310531	0.00142186158903449	0.0731239661004344
leaf_1325	1	0	0
leaf_1843	1	0	0
NODE_0000755	0	0	0.999247270596576
leaf_976	0	0	1
leaf_1518	0	0	1
NODE_0000756	0.00886569056267679	0	0.990252291007419
leaf_1730	1	0	0
NODE_0000757	0	0	0.999431610368511
NODE_0000759	0.0129168775212228	0.138439038018045	0.848644084460732
leaf_278	0	0	1
leaf_1835	0	1	0
NODE_0000760	0	0	0.999625859950152
NODE_0000761	0	0	0.999820733538998
leaf_1712	0	0	1
leaf_1981	0	0	1
NODE_0000762	0.00241025022999481	0.00172948924641794	0.995860260523587
leaf_1727	0	0	1
leaf_2016	0.0398133403773249	0.0374514366374204	0.922735222985255
NODE_0000763	0	0	0.9995446471403
NODE_0000764	0.0011467731874697	0	0.998182528616267
leaf_1555	0	0	1
NODE_0000765	0	0	0.998890911804108
leaf_159	0	0	1
NODE_0000766	0	0	0.999398872168273
NODE_0000767	0.00143907989668062	0.0100053135870521	0.988555606516267
leaf_33	0	1	0
leaf_83	0	0	1
NODE_0000768	0	0	0.999525226709162
leaf_200	0	0	1
NODE_0000769	0.00941511254247028	0.00704987230435293	0.983535015153177
leaf_11	0.131169300341535	0.128415009451271	0.740415690207195
leaf_20	0	0	1
NODE_0000770	0.00222372555369223	0.00113475443710144	0.996641520009206
leaf_1991	0.0523551863909401	0.0492688862620503	0.89837592734701
NODE_0000771	0.00143446773811663	0	0.998437151962616
leaf_2008	0	0	1
NODE_0000772	0.0176192192033732	0	0.981647023792885
NODE_0000773	0.481552578539699	0.0138244396105914	0.504622981849709
leaf_536	0.431105905381289	0.159157889608415	0.409736205010296
leaf_1668	1	0	0
NODE_0000774	0	0	0.99896824698712
NODE_0000775	0	0	0.999890287269345
leaf_1628	0	0	1
leaf_1698	0	0	1
NODE_0000776	0	0	0.999562887162481
leaf_1607	0	0	1
NODE_0000777	0	0	0.998715787308561
leaf_495	0	0	1
NODE_0000778	0	0	0.999463664219969
leaf_92	0	0	1
leaf_102	0	0	1
NODE_0000779	0.0284855879395833	0.00146353673434486	0.970050875326072
leaf_2397	0.0632696058823023	0.0371043638431181	0.89962603027458
NODE_0000781	0.846839326535929	0.00263645348641633	0.150524219977655
NODE_0000782	0.993521500021036	0	0.00590014068225504
NODE_0000783	0.99919889965889	0	0
leaf_837	1	0	0
leaf_1483	1	0	0
NODE_0000784	0.998827495596332	0	0
leaf_955	1	0	0
leaf_1958	1	0	0
NODE_0000785	0.919576686899555	0	0.0799632383276099
NODE_0000786	0.891064441395796	0.00141440252988702	0.107521156074317
leaf_1957	0	0	1
NODE_0000787	0.996589304806987	0	0.0032414634159085
leaf_1779	1	0	0
NODE_0000788	0.999033833101863	0	0
leaf_596	1	0	0
leaf_1669	1	0	0
NODE_0000789	0.983931218814314	0	0.015816182798506
leaf_2217	0.922642687518536	0.0321984666300232	0.0451588458514405
leaf_1967	1	0	0
NODE_0000791	0.98697464784665	0	0.0126219658990575
leaf_1972	1	0	0
NODE_0000792	0.771090726488848	0.00404947876434207	0.22485979474681
leaf_722	1	0	0
leaf_1015	0	0	1
NODE_0000793	0.00798871733267837	0.0021681038204269	0.989843178846895
NODE_0000794	0	0	0.999520867984359
leaf_2252	0	0	1
NODE_0000795	0	0	0.999828644629713
NODE_0000796	0	0	0.999752754053068
leaf_1189	0	0	1
leaf_1706	0	0	1
NODE_0000797	0	0	0.999858110713007
leaf_1894	0	0	1
NODE_0000798	0	0	0.999811416647671
NODE_0000799	0	0	0.999547597684904
leaf_458	0	0	1
leaf_689	0	0	1
NODE_0000800	0	0	0.999942456999497
leaf_853	0	0	1
leaf_896	0	0	1
NODE_0000801	0.0093704884113697	0.00718747117166962	0.983442040416961
leaf_72	0	0	1
leaf_1045	0.0460063198113721	0.0424196303427799	0.911574049845848
NODE_0000803	0.00515314627349527	0.0198280307908845	0.97501882293562
leaf_1995	0	1	0
NODE_0000804	0	0	0.99860786091659
NODE_0000805	0	0	0.99908417375153
leaf_2115	0.0380825581163644	0.0362856677298907	0.925631774153745
leaf_1194	0	0	1
NODE_0000807	0	0	0.999653578540768
leaf_1889	0	0	1
NODE_0000808	0.00280376093666029	0.00203714687996399	0.995159092183376
leaf_1381	0.040163483948606	0.0377314810359708	0.922105035015423
leaf_1461	0	0	1
NODE_0000810	0.0435199093225525	0.0581947930063507	0.898285297671097
leaf_1348	0.129176253402216	0.141057433240433	0.729766313357351
NODE_0000811	0.0847604212681826	0.118612426409259	0.796627152322559
NODE_0000812	0.173639680430816	0.038471175519207	0.787889144049977
leaf_1233	0	0	1
leaf_1444	1	0	0
NODE_0000813	0.00592388512301363	0.95061265190487	0.0434634629721163
leaf_1499	0	1	0
NODE_0000814	0	0.99613839065575	0.00313204011169113
leaf_426	0	1	0
leaf_594	0	1	0
NODE_0000815	0.0017456857611523	0	0.997821597234718
NODE_0000816	0.132676574600812	0.0120630401592375	0.85526038523995
leaf_371	1	0	0
NODE_0000817	0.0334025646794262	0.00896373176474887	0.957633703555825
leaf_321	0.0675996369380863	0.0439499787155205	0.888450384346393
NODE_0000818	0.00161642153858019	0	0.997997292228318
leaf_185	0	0	1
leaf_252	0	0	1
NODE_0000819	0	0	0.99993701468842
leaf_831	0	0	1
leaf_1678	0	0	1
NODE_0000821	0	0	0.99987628510054
leaf_1797	0	0	1
NODE_0000822	0	0	0.999666971304961
leaf_1114	0	0	1
NODE_0000823	0	0	0.999266840051529
leaf_1276	0	0	1
NODE_0000824	0.0117289948146435	0.00536065303585709	0.9829103521495
leaf_46	0	1	0
leaf_116	1	0	0
leaf_614	0	0	1
NODE_0000826	0	0.00373863682198146	0.995640662802277
NODE_0000827	0.00201292233719661	0.0381617006693139	0.95982537699349
NODE_0000828	0.00130240615120195	0.00840130619184501	0.990296287656953
leaf_1652	0	0	1
leaf_2092	0	0	1
NODE_0000829	0.00215596865331276	0.944002949304816	0.0538410820418716
NODE_0000830	0.00119791938704411	0.985195014208267	0.0136070664046892
leaf_800	0.14135412718335	0.726490561193735	0.132155311622916
NODE_0000832	0.00565705871483044	0.979785194622465	0.0145577466627043
leaf_2146	0.0306772438102501	0.932682813391557	0.0366399427981924
NODE_0000833	0	0.99885350458633	0
leaf_593	0	1	0
leaf_983	0	1	0
NODE_0000834	0	0.998941118189887	0
leaf_1765	0	1	0
NODE_0000835	0	0.999952842021589	0
leaf_1775	0	1	0
leaf_1390	1	0	0
leaf_1540	0	1	0
NODE_0000838	0	0.999859616139717	0
NODE_0000839	0	0.999461645018443	0
leaf_1180	0	1	0
NODE_0000840	0	0.999045994205829	0
leaf_78	0	1	0
leaf_241	0	1	0
NODE_0000841	0	0.999786166571819	0
leaf_1024	0	1	0
NODE_0000842	0	0.999665687393885	0
leaf_274	0	1	0
leaf_677	0	1	0
NODE_0000843	0.00173551008315064	0.98946382125283	0.00880066866401964
NODE_0000844	0.00323018345929213	0.991821457528969	0.00494835901173903
leaf_1825	0.0283460654873847	0.943709618511272	0.0279443160013438
NODE_0000845	0	0.999610179600298	0
leaf_1491	0.0254817870810754	0.950851106811323	0.0236671061076011
NODE_0000847	0	0.999762521399145	0
leaf_931	0	1	0
leaf_1028	0	1	0
NODE_0000848	0	0.999990569129404	0
leaf_1347	0	1	0
NODE_0000850	0	0.999681791750903	0
leaf_382	0	1	0
leaf_733	0	1	0
NODE_0000851	0.00140826464469508	0.997130518391841	0.00146121696346364
leaf_580	0.0529180875996883	0.898351542451888	0.0487303699484243
leaf_723	0	1	0
NODE_0000852	0.0039872555999112	0.993800150955752	0.00221259344433723
NODE_0000853	0.0758712192404838	0.918653440621719	0.00547534013779731
leaf_1692	1	0	0
NODE_0000854	0.00258795875130896	0.996662526126615	0
leaf_725	0	1	0
leaf_864	0	1	0
NODE_0000855	0	0.999675991036457	0
leaf_2122	0	1	0
NODE_0000856	0	0.99964439104468	0
leaf_1426	0	1	0
NODE_0000857	0	0.999108552571308	0
NODE_0000858	0.00433792365053787	0.991209601409512	0.00445247493995058
leaf_468	0	1	0
leaf_821	0.0293499444872959	0.943145165109565	0.0275048904031387
NODE_0000859	0	0.999722753220003	0
leaf_992	0	1	0
NODE_0000860	0	0.999777212193	0
leaf_339	0	1	0
leaf_448	0	1	0
NODE_0000861	0	0	0.999782969249769
NODE_0000862	0	0	0.999548405949205
NODE_0000863	0	0	0.999764283373667
leaf_2117	0	0	1
NODE_0000864	0	0	0.998790680622916
NODE_0000865	0.0118344996795279	0.00886133754808214	0.97930416277239
leaf_869	0	0	1
leaf_1650	0.0482018962698937	0.0439419780064214	0.907856125723685
NODE_0000866	0.00248869934140583	0.00168336334826887	0.995827937310325
leaf_2141	0.0398844685890231	0.0374089043912913	0.922706627019685
NODE_0000867	0	0	0.999748499589361
leaf_1249	0	0	1
NODE_0000869	0.00191090408318024	0.00130774779368893	0.996781348123131
leaf_1554	0	0	1
leaf_1597	0.0461910811266255	0.0436831967447377	0.910125722128637
NODE_0000870	0.0105751018996581	0	0.988649251631384
leaf_1722	0	0	1
NODE_0000871	0.981832137230474	0.00111704695402249	0.0170508158155033
leaf_418	1	0	0
NODE_0000872	0.997779876340204	0	0.0020188002222336
leaf_154	1	0	0
leaf_592	1	0	0
NODE_0000873	0.00471634868106503	0	0.995259566083625
NODE_0000875	0.0258022273507768	0.00160166590092609	0.972596106748297
leaf_1697	1	0	0
NODE_0000876	0.0130202417971365	0.00228050145834623	0.984699256744517
leaf_1885	0.0652402463763966	0.05381142173289	0.880948331890714
leaf_2043	0	0	1
NODE_0000884	0.00824536860482682	0	0.991360928339594
leaf_2249	0	0	1
NODE_0000885	0.193093836839226	0.00902648102487639	0.797879682135897
NODE_0000886	0.237206745454628	0.0149380871422053	0.747855167403167
leaf_131	1	0	0
leaf_244	0	0	1
NODE_0000887	0.681844060212512	0.0309185259538529	0.287237413833635
leaf_1131	0.650557884548977	0.0614685948769856	0.287973520574037
NODE_0000888	0.837970962524002	0.0195914553992818	0.142437582076716
leaf_204	0.677763992214572	0.127377799180034	0.194858208605394
leaf_713	1	0	0
NODE_0000889	0.0143312835419555	0.00210797291666827	0.983560743541376
NODE_0000890	0.120989224464443	0.0269405754275868	0.85207020010797
leaf_1971	0.156570401521801	0.0740885828004893	0.76934101567771
NODE_0000891	0.225735428574885	0.0451187471265792	0.729145824298536
leaf_454	1	0	0
leaf_513	0.293650324498457	0.210448507010938	0.495901168490605
NODE_0000892	0.010404274533329	0.003107323076014	0.986488402390657
leaf_531	0.189669125642028	0.189564932050319	0.620765942307653
NODE_0000893	0.00176533276283934	0	0.997650982689157
leaf_657	0	0	1
leaf_1696	0	0	1
NODE_0000877	0.274497677412167	0.0944775750522075	0.631024747535625
NODE_0000878	0.990868733115618	0.00127550984562482	0.0078557570387575
leaf_1395	1	0	0
leaf_1603	1	0	0
NODE_0000879	0.212639885089432	0.367587933796013	0.419772181114555
leaf_1851	0.224390658260234	0.371497280393637	0.404112061346129
NODE_0000880	0.112567072203584	0.694715109585276	0.19271781821114
leaf_407	0.165080808504013	0.625426077395832	0.209493114100156
NODE_0000881	0.059021888034097	0.84466322354497	0.0963148884209336
leaf_621	0.0822655544802858	0.805555679281664	0.11217876623805
NODE_0000882	0.00711027772232449	0.980778078769167	0.0121116435085088
leaf_188	0	1	0
leaf_503	0	1	0
NODE_0000894	0	0	0.999994270094034
NODE_0000908	0	0	0.999817970342595
leaf_2284	0	0	1
leaf_1928	0	0	1
leaf_2229	0.0378283767245212	0.0358794067862567	0.926292216489222
NODE_0000912	0	0	0.999560585740766
leaf_2109	0	0	1
leaf_970	0.139638935819311	0.138644283922146	0.721716780258543
leaf_1343	0	0	1
NODE_0000914	0.986158344561449	0	0.0136423957807094
leaf_2140	0.924646492670748	0.0321407921870739	0.0432127151421776
leaf_1802	1	0	0
leaf_2119	1	0	0
NODE_0000915	0.999094989896789	0	0
leaf_661	1	0	0
leaf_928	1	0	0
NODE_0000895	0	0.0031055129592223	0.996422689648502
NODE_0000896	0	0	0.998892164475031
NODE_0000897	0.00453529212400218	0.00335745982015838	0.992107248055839
leaf_488	0.144339834626486	0.143079638740662	0.712580526632851
leaf_901	0	0	1
NODE_0000898	0	0	0.99939483332084
leaf_496	0	0	1
leaf_1418	0	0	1
NODE_0000899	0.00223297480195817	0.0500981845761773	0.947668840621865
leaf_1956	0.051153049018247	0.0922876194836995	0.856559331498054
leaf_2143	0.0390576579267175	0.0817254864574169	0.879216855615866
NODE_0000902	0.012014105649511	0.128748139477947	0.859237754872542
leaf_959	0	1	0
NODE_0000903	0.00199109540080227	0.00427972885001514	0.993729175749183
leaf_174	0	0	1
leaf_330	0	0	1
NODE_0000904	0.00518657115864232	0.105087121662392	0.889726307178966
leaf_1292	0	0	1
NODE_0000905	0.00498021714007901	0.901622841587434	0.0933969412724873
leaf_387	0	1	0
NODE_0000906	0	0.993015982919996	0.00641698396334494
leaf_883	0	1	0
leaf_1350	0	1	0
NODE_0000918	0	0	0.999984085857093
NODE_0000919	0	0	0.999910500047325
leaf_2098	0	0	1
leaf_2260	0	0	1
NODE_0000921	0.0164578696341303	0.00305956887671598	0.980482561489154
NODE_0000922	0.41719424120053	0.0572797349714141	0.525526023828056
leaf_118	1	0	0
leaf_136	0.395575376480532	0.172954277344451	0.431470346175016
NODE_0000923	0.0018142145526867	0	0.99779511737096
leaf_645	0	0	1
NODE_0000924	0	0	0.999528677348412
leaf_851	0	0	1
leaf_861	0	0	1
NODE_0000925	0	0	0.999780010737607
leaf_1747	0	0	1
NODE_0000926	0	0	0.999722633133713
leaf_2125	0	0	1
NODE_0000927	0.00521733511298615	0	0.994388107088135
NODE_0000928	0.233301817141134	0.00474561710383274	0.761952565755033
leaf_644	0	0	1
leaf_1353	1	0	0
NODE_0000929	0	0	0.999768480651228
leaf_1699	0	0	1
leaf_1839	0	0	1
NODE_0000930	0.00444925784985003	0.0415733192580846	0.953977422892065
NODE_0000931	0	0.00326983486588521	0.996228149247501
leaf_2356	0	0	1
NODE_0000932	0	0.0113195681083096	0.988164084884879
leaf_1596	0	0	1
NODE_0000933	0.001472211592447	0.0169777846849482	0.981550003722605
leaf_1649	0	1	0
leaf_2283	0	0	1
NODE_0000935	0.00134726429505054	0.986179672510074	0.0124730631948759
NODE_0000936	0	0.998416243418189	0.00133717866628058
NODE_0000937	0	0.999758294682487	0
leaf_1078	0	1	0
leaf_1413	0	1	0
NODE_0000938	0	0.997866302684645	0.00120234503685336
leaf_345	0	1	0
NODE_0000939	0.00414224406444988	0.991500859442001	0.00435689649354944
leaf_163	0.0672474043308223	0.870852333599373	0.0619002620698048
leaf_229	0	1	0
NODE_0000940	0	0.998630422634637	0.00115785143980639
NODE_0000941	0.00101410344421072	0.997493816139372	0.0014920804164176
leaf_1278	0	1	0
NODE_0000942	0.0262829302109892	0.948910509694794	0.024806560094217
leaf_362	0.0996338642960091	0.809721673798538	0.090644461905453
leaf_1101	0.049609396570679	0.904340291561322	0.0460503118679986
NODE_0000943	0	0.999241468509507	0
NODE_0000944	0	0.999839800867687	0
leaf_734	0	1	0
leaf_818	0	1	0
NODE_0000945	0	0.999178888000363	0
leaf_686	0	1	0
NODE_0000946	0	0.999566594430587	0
leaf_91	0	1	0
NODE_0000947	0	0.999750435681483	0
leaf_66	0	1	0
NODE_0000948	0	0.999722597426275	0
leaf_13	0	1	0
leaf_21	0	1	0
NODE_0000949	0.012695858545836	0.428356846218536	0.558947295235628
NODE_0000950	0.00985970829359975	0.415953088417116	0.574187203289284
leaf_2312	0	1	0
NODE_0000951	0.00592484870238081	0.194015340810307	0.800059810487312
NODE_0000952	0.0225209271440145	0.260846844225313	0.716632228630673
leaf_753	0	0	1
NODE_0000953	0.00245539755407233	0.985298354362228	0.0122462480836999
leaf_964	0	1	0
NODE_0000954	0	0.997128709694887	0.00225341763315462
leaf_187	0	1	0
leaf_1113	0	1	0
NODE_0000955	0.00107908193037026	0.0119507987302823	0.986970119339347
NODE_0000956	0	0	0.999429456336543
leaf_2329	0	0	1
NODE_0000957	0.00140916955446933	0.00688704016592615	0.991703790279604
leaf_1498	0	1	0
leaf_2269	0	0	1
NODE_0000959	0.00835393597475352	0.0148206225459796	0.976825441479267
leaf_2086	0	0	1
NODE_0000960	0.128318369018341	0.315186806971427	0.556494824010232
leaf_924	0.196515972984302	0.344015826423847	0.459468200591851
NODE_0000961	0.19573134491012	0.523933727472629	0.280334927617251
leaf_918	1	0	0
leaf_1830	0	1	0
NODE_0000962	0	0.00106644128785768	0.998234584472351
NODE_0000963	0	0	0.999602758166381
leaf_1100	0	0	1
leaf_1253	0	0	1
NODE_0000964	0	0	0.999623933927409
leaf_1827	0	0	1
NODE_0000965	0	0	0.999526811908232
leaf_2228	0	0	1
NODE_0000966	0.0111101716336678	0.203902150256457	0.784987678109875
leaf_214	0	0	1
NODE_0000967	0.00798676171433196	0.819578197534257	0.172435040751411
leaf_1423	0	1	0
NODE_0000968	0.0126901175084666	0.859054108458744	0.128255774032789
leaf_210	0.15496807515689	0.654927315134098	0.190104609709012
NODE_0000969	0.00112376289978263	0.993887083529575	0.00498915357064185
leaf_335	0	1	0
NODE_0000970	0	0.999584072859934	0
leaf_469	0	1	0
leaf_776	0	1	0
NODE_0000972	0.00540279093806068	0.00214817524783299	0.992449033814106
leaf_769	0.169091126677437	0.168658018420316	0.662250854902247
leaf_1882	0.0619737343432482	0.0569439063925159	0.881082359264236
NODE_0000974	0.00799941984976637	0.00180190254574577	0.990198677604488
NODE_0000978	0.0265399981615769	0.00160536162042928	0.971854640217994
leaf_1477	1	0	0
leaf_1759	0	0	1
NODE_0000975	0.0142131161882917	0.00123336856547254	0.984553515246236
leaf_481	0	0	1
NODE_0000976	0.0648741336456297	0.00124489598719334	0.933880970367177
leaf_1546	1	0	0
leaf_1568	0	0	1
NODE_0000979	0.0247521882191778	0.708191005993656	0.267056805787166
NODE_0000980	0.0144085433329741	0.94571032642888	0.0398811302381454
leaf_181	0	1	0
leaf_206	0.0389686440560403	0.901458261620873	0.0595730943230865
NODE_0000981	0.0248832146897835	0.83463361439522	0.140483170914997
leaf_391	0.0890291601066393	0.744549196729092	0.166421643164269
leaf_499	0	1	0
NODE_0000982	0.0479874559226764	0.808199146776565	0.143813397300758
NODE_0000983	0.0860919069632252	0.803817374465697	0.110090718571078
NODE_0000984	0.0678707881300604	0.797385851353666	0.134743360516274
leaf_2375	0.0888826641060251	0.765479846452275	0.1456374894417
NODE_0000985	0.0276635555105555	0.810480813465	0.161855631024444
leaf_1228	0	0	1
leaf_1845	0	1	0
NODE_0000986	0.204250982046497	0.742200779933741	0.0535482380197613
NODE_0000987	0.0206616415167832	0.97127645614643	0.00806190233678684
leaf_1723	0	1	0
NODE_0000988	0.0110753033337247	0.983740510372116	0.00518418629415936
leaf_2264	0.0355018284373774	0.936281699583212	0.0282164719794105
leaf_2277	0	1	0
NODE_0000989	0.964680562181443	0.0281587205011868	0.00716071731737051
NODE_0000990	0.993312304374097	0.00445507593553021	0.00223261969037249
leaf_1791	1	0	0
NODE_0000991	0.997372907980781	0.00114530205600378	0.00148178996321507
NODE_0000992	0.964787646106286	0.0153392864723931	0.0198730674213209
leaf_772	1	0	0
leaf_773	0.802069826579875	0.100848876852036	0.0970812965680891
NODE_0000993	0.998575488489508	0	0.00136149917870851
leaf_2295	1	0	0
NODE_0000995	0.542018777603872	0.0184853799867955	0.439495842409332
leaf_1937	0	0	1
leaf_2207	0.524947845125309	0.050643902135747	0.424408252738944
NODE_0000996	0.999849007398444	0	0
leaf_2087	1	0	0
leaf_2180	1	0	0
NODE_0000997	0.995545939180333	0	0.00429971291120386
NODE_0000998	0.0254413427316309	0.00284012899437584	0.971718528273993
leaf_835	0	0	1
leaf_1127	0	0	1
NODE_0001015	0.999999467316207	0	0
leaf_341	1	0	0
leaf_1926	1	0	0
leaf_1949	1	0	0
NODE_0001018	0.998909453818192	0	0
leaf_309	1	0	0
leaf_1508	1	0	0
NODE_0001020	0.994819602496142	0.00207744159657669	0.00310295590728125
leaf_1500	0.932413551090989	0.0338255247210376	0.0337609241879736
NODE_0001021	0.998579761464649	0	0
leaf_1244	0.935815256842864	0.0323478104547712	0.0318369327023651
leaf_701	1	0	0
NODE_0001023	0.997038450278647	0.00116635595292369	0.00179519376842916
leaf_351	0.797302308092293	0.105018260663038	0.0976794312446693
leaf_1237	1	0	0
NODE_0001000	0.972088379238009	0	0.0271646042622094
NODE_0001001	0.998537849749882	0	0.00138716150438536
NODE_0001002	0.999758902467533	0	0
leaf_1966	1	0	0
leaf_2243	1	0	0
NODE_0001003	0.999371350889408	0	0
leaf_1328	1	0	0
NODE_0001004	0.999898808564723	0	0
leaf_2213	1	0	0
leaf_2238	1	0	0
NODE_0001005	0.0909655840187845	0.00294637212550097	0.906088043855715
NODE_0001006	0.00496882456208855	0	0.994662291594934
leaf_1806	0	0	1
NODE_0001007	0	0	0.99971280990834
leaf_910	0	0	1
NODE_0001008	0	0	0.999878711120152
leaf_998	0	0	1
NODE_0001009	0	0	0.999720683259079
leaf_265	0	0	1
leaf_732	0	0	1
NODE_0001010	0.0602974366231568	0.00501378126392655	0.934688782112917
leaf_2150	0.0918384297855541	0.0402275726620379	0.867933997552408
NODE_0001011	0	0	0.999695400191787
leaf_671	0	0	1
leaf_1467	0	0	1
NODE_0001013	0	0	0.99978293785696
leaf_848	0	0	1
leaf_1480	0	0	1
NODE_0001024	0.99996011797197	0	0
leaf_2234	1	0	0
NODE_0001025	0.982744261233061	0.0143445792483147	0.00291115951862412
NODE_0001026	0.99546066262153	0.00317569049014428	0.00136364688832542
leaf_1059	1	0	0
leaf_1087	1	0	0
NODE_0001027	0.0721128782588498	0.917882075006091	0.0100050467350593
NODE_0001028	0.00263103773761861	0.996141679380857	0.00122728288152448
leaf_38	0	1	0
leaf_239	0	1	0
NODE_0001029	0.0263846001074014	0.968016558895649	0.00559884099695004
NODE_0001030	0	0.999281350862874	0
leaf_70	0	1	0
leaf_84	0	1	0
NODE_0001031	0.0157540011065305	0.977017901749179	0.00722809714429058
leaf_421	0.0397928666715863	0.930109694608442	0.0300974387199715
NODE_0001032	0	0.99940794988182	0
leaf_101	0	1	0
leaf_169	0	1	0
NODE_0001034	0.999996337910117	0	0
leaf_2031	1	0	0
leaf_2147	1	0	0
NODE_0001036	0.999423945632234	0	0
NODE_0001037	0.998307911772662	0	0.00111499090408166
leaf_354	1	0	0
leaf_98	0.719233420924272	0.147804246886808	0.13296233218892
leaf_648	1	0	0
NODE_0001039	0.99986533599294	0	0
leaf_1846	1	0	0
NODE_0001040	0.99991074395584	0	0
leaf_1580	1	0	0
NODE_0001041	0.999835472083238	0	0
leaf_1472	1	0	0
NODE_0001042	0.997671883183332	0	0.00138233100903996
leaf_100	0.688252574843635	0.165217737510614	0.14652968764575
leaf_1280	1	0	0
NODE_0001043	0.0394322101171521	0.926018782690218	0.0345490071926304
NODE_0001044	0.0723117639892383	0.898180206511879	0.0295080294988826
NODE_0001045	0.00518033538733402	0.991786100589349	0.00303356402331743
NODE_0001046	0.00451416666734047	0.991249132145564	0.00423670118709527
leaf_1501	0.0295079757649799	0.94318064830981	0.0273113759252097
leaf_1721	0	1	0
NODE_0001047	0	0.999160287495244	0
leaf_2255	0	1	0
NODE_0001048	0	0.999973085823677	0
leaf_1534	0	1	0
leaf_902	0	1	0
NODE_0001050	0	0.999774790659215	0
leaf_1215	0	1	0
NODE_0001051	0	0.999804148215445	0
leaf_626	0	1	0
leaf_665	0	1	0
NODE_0001052	0.580784729435409	0.360230646173367	0.058984624391224
NODE_0001053	0.797174608821262	0.161621406082853	0.0412039850958854
leaf_1365	1	0	0
NODE_0001054	0.997621997510325	0.0012238090113429	0.00115419347833181
leaf_428	1	0	0
leaf_696	1	0	0
NODE_0001055	0.581785184490954	0.331031628980291	0.0871831865287557
NODE_0001056	0.619439470551517	0.16894736022416	0.211613169224323
leaf_1873	0	0	1
NODE_0001057	0.915704735886455	0.033175582516592	0.0511196815969528
NODE_0001058	0.911407480329831	0.0365074840592239	0.0520850356109448
leaf_157	1	0	0
leaf_543	0.752237675844133	0.123426041093352	0.124336283062515
NODE_0001059	0.99414830738477	0.0019267053242203	0.00392498729101014
leaf_654	1	0	0
leaf_749	1	0	0
NODE_0001060	0.520422108022583	0.411676962189792	0.0679009297876245
leaf_2129	0.490704639568278	0.410128047809594	0.099167312622128
NODE_0001061	0.462355300548108	0.493745866257815	0.043898833194077
leaf_973	1	0	0
NODE_0001062	0.011928668247571	0.986177432047698	0.00189389970473074
leaf_2081	0	1	0
NODE_0001063	0	0.999905066272633	0
leaf_1562	0	1	0
NODE_0001065	0	0.999606119489173	0
leaf_698	0	1	0
leaf_1128	0	1	0
NODE_0001066	0	0.999729504326261	0
leaf_1300	0	1	0
NODE_0001067	0	0.999806259636282	0
leaf_930	0	1	0
NODE_0001068	0	0.999444431614884	0
NODE_0001069	0.00863109279812225	0.982597864563861	0.00877104263801674
leaf_59	0.105872056825612	0.797889605764357	0.0962383374100309
leaf_85	0	1	0
NODE_0001070	0	0.999448623395374	0
NODE_0001071	0.00229176339164612	0.995322215077265	0.0023860215310887
leaf_295	0	1	0
leaf_424	0.0377356632824603	0.927241394227182	0.0350229424903581
NODE_0001072	0.00102072343682611	0.997903164509165	0.00107611205400865
leaf_633	0	1	0
leaf_729	0.0262838384527743	0.949285172457767	0.0244309890894587
NODE_0001073	0.0159547314541894	0.978636170604664	0.00540909794114664
NODE_0001074	0.0281171266443077	0.966091653853038	0.00579121950265473
NODE_0001075	0	0.998604418320062	0
leaf_395	0	1	0
leaf_529	0	1	0
NODE_0001076	0.0677760091829813	0.923704569143768	0.00851942167325031
leaf_2096	0	1	0
NODE_0001077	0.988259200662031	0.0100736905169099	0.0016671088210592
leaf_2054	1	0	0
leaf_2225	1	0	0
NODE_0001078	0.00105445827312292	0.998439635804468	0
NODE_0001079	0	0.999591608885955	0
NODE_0001080	0	0.99713840604649	0.00231063377555322
leaf_2113	0	1	0
NODE_0001081	0.00820067699197392	0.953130963964286	0.0386683590437398
leaf_2101	0.0332936185090521	0.908275271586482	0.0584311099044664
NODE_0001082	0.0052919542945651	0.833371945453607	0.161336100251828
leaf_1164	0	1	0
leaf_1332	0	0	1
NODE_0001083	0	0.999906313782511	0
leaf_2291	0	1	0
NODE_0001084	0	0.999663725826171	0
leaf_1815	0	1	0
NODE_0001085	0	0.999029059448952	0
NODE_0001086	0.0104229098984302	0.979050454168658	0.0105266359329115
leaf_263	0	1	0
leaf_1631	0.0349728588343685	0.931991340773767	0.0330358003918643
NODE_0001087	0	0.999487084698659	0
leaf_1335	0	1	0
NODE_0001088	0.0016143344829934	0.996690326118686	0.00169533939832088
leaf_1084	0.0583330908784215	0.888012922262174	0.0536539868594045
NODE_0001089	0	0.999884430977562	0
leaf_813	0	1	0
leaf_192	0	1	0
leaf_778	0	1	0
NODE_0001091	0	0.999859311622743	0
NODE_0001092	0	0.999720189995351	0
leaf_2232	0	1	0
NODE_0001093	0.00123532076766732	0.997393131297249	0.00137154793508422
leaf_1187	0	1	0
NODE_0001094	0.0088931671014117	0.982043554180162	0.00906327871842648
leaf_1186	0	1	0
leaf_1745	0.0335600639666325	0.93473709677278	0.0317028392605874
NODE_0001095	0	0.999922274740943	0
NODE_0001096	0	0.999889519641972	0
leaf_2282	0	1	0
NODE_0001097	0	0.999796964814627	0
NODE_0001098	0	0.999719793367695	0
leaf_1379	0	1	0
leaf_1819	0	1	0
NODE_0001099	0	0.999923600205033	0
leaf_2061	0	1	0
NODE_0001100	0	0.999889232722446	0
NODE_0001101	0	0.999816727055004	0
leaf_1860	0	1	0
NODE_0001102	0	0.998087916615464	0
leaf_1255	0.0413458990301672	0.92046356060984	0.0381905403599924
leaf_1504	0	1	0
NODE_0001103	0	0.999724405978596	0
leaf_1984	0	1	0
NODE_0001104	0.00580569027628766	0.993263980720273	0
leaf_786	0	1	0
NODE_0001105	0.05810640866195	0.939454032228466	0.00243955910958407
leaf_770	1	0	0
leaf_836	0	1	0
NODE_0001106	0	0.999903785182447	0
leaf_1375	0	1	0
NODE_0001108	0	0.999494031734589	0
leaf_1268	0	1	0
leaf_2068	0	1	0
NODE_0001110	0.183404466864572	0.798963015189107	0.0176325179463204
leaf_2029	1	0	0
NODE_0001111	0.120226936574675	0.81993307545105	0.0598399879742744
leaf_1492	0.137151187669286	0.782726429179121	0.0801223831515926
NODE_0001112	0.0280974829566252	0.878409375968009	0.0934931410753658
leaf_186	0	0	1
leaf_673	0	1	0
NODE_0001113	0	0.999963356299469	0
NODE_0001121	0	0.999156446213583	0
leaf_1577	0	1	0
NODE_0001122	0	0.999265143318036	0
leaf_547	0	1	0
NODE_0001123	0	0.997327938973437	0.00208181639260767
leaf_208	0	1	0
NODE_0001124	0.01033058642257	0.924649725401815	0.0650196881756149
leaf_12	0	0	1
leaf_16	0	1	0
NODE_0001114	0.00144869659535508	0.996943047228683	0.00160825617596163
leaf_191	0	1	0
NODE_0001115	0	0.998792838165096	0
leaf_669	0	1	0
NODE_0001116	0	0.999961555539122	0
leaf_612	0	1	0
leaf_318	0	1	0
NODE_0000367	0.00213173545107376	0.995665454392133	0.0022028101567929
leaf_80	0.0966111527017337	0.815600617294569	0.0877882300036977
NODE_0000368	0.00244556582073602	0.995029300769663	0.00252513340960102
leaf_493	0.0276008127446169	0.946648973997318	0.0257502132580649
leaf_284	0	1	0
NODE_0001125	0.00103683420100252	0.998783604266614	0
NODE_0001126	0	0.999837383970423	0
leaf_1816	0	1	0
NODE_0001127	0	0.999812211623995	0
leaf_1675	0	1	0
NODE_0001128	0	0.999477628958668	0
NODE_0001129	0	0.999007555460709	0
leaf_332	0	1	0
leaf_533	0	1	0
NODE_0001130	0.00156503936054075	0.997975363975643	0
NODE_0001131	0.0260359164449336	0.968806817458272	0.00515726609679408
leaf_199	1	0	0
leaf_287	0	1	0
NODE_0001132	0	0.999700518640659	0
leaf_476	0	1	0
leaf_903	0	1	0
NODE_0001133	0.0223015766305994	0.975888152466416	0.0018102709029843
NODE_0001134	0.0175106275198448	0.976373512477927	0.00611586000222765
leaf_969	0	1	0
NODE_0001135	0.0286622803539324	0.943223955710491	0.0281137639355764
leaf_326	0	1	0
NODE_0001136	0.213275658244413	0.409769032617203	0.376955309138384
leaf_246	0.246329636664315	0.410622450010869	0.343047913324816
NODE_0001137	0.300634146269811	0.0654613900533791	0.633904463676809
leaf_130	1	0	0
leaf_231	0	0	1
NODE_0001138	0.199758688418262	0.798139096550629	0.00210221503110849
leaf_1408	1	0	0
NODE_0001139	0.0119075741686126	0.987403748377953	0
leaf_1874	0	1	0
NODE_0001140	0.00116095905273596	0.998443674726652	0
leaf_1066	0	1	0
leaf_1074	0	1	0
NODE_0001142	0.879146567495419	0.111075451853505	0.00977798065107641
leaf_632	1	0	0
NODE_0001143	0.999130889495936	0	0
leaf_537	1	0	0
leaf_1041	1	0	0
NODE_0001145	0.98642185362293	0.00598630347138549	0.00759184290568475
leaf_663	0.924812164874179	0.0374368029347902	0.0377510321910307
NODE_0001146	0.982018381375202	0.00774175384231985	0.0102398647824784
leaf_74	0.858004452795023	0.0718766547665236	0.0701188924384537
leaf_93	1	0	0
NODE_0000533	0	0	0.999721154078952
NODE_0000534	0	0	0.999895358963351
leaf_2433	0	0	1
NODE_0000535	0	0	0.999264903722658
leaf_2432	0	0	1
NODE_0000536	0.0428313292535955	0	0.956599689230749
NODE_0000537	0	0.00342100892818778	0.995637255887805
leaf_2368	0	0	1
NODE_0000539	0.0137897438367031	0.585438286442923	0.400771969720374
leaf_2102	0	1	0
NODE_0000540	0.0051748413817142	0.977930688117883	0.0168944705004023
leaf_390	0	1	0
leaf_433	0	1	0
NODE_0000541	0	0	0.999200914671664
NODE_0000542	0	0	0.999966861906417
leaf_2120	0	0	1
leaf_2222	0	0	1
NODE_0000544	0.00529225791688956	0.0412522493045986	0.953455492778512
leaf_768	0	1	0
leaf_1210	0	0	1
NODE_0000545	0.00155237770671444	0.00543396608736712	0.993013656205919
NODE_0000546	0.0655581833124494	0.448083767670616	0.486358049016934
leaf_470	0	1	0
leaf_1487	0.0911084401442034	0.445762164445516	0.463129395410281
NODE_0000547	0	0.00215637419615642	0.997439634516624
NODE_0000548	0.00159202144215954	0.00205390918112013	0.99635406937672
leaf_2060	0.0390734003238235	0.0377516402295409	0.923174959446636
leaf_2199	0	0	1
NODE_0000549	0.00139760690906646	0.009149116798823	0.98945327629211
leaf_1946	0	0	1
NODE_0000550	0.00123951339567853	0.988307241062756	0.0104532455415654
leaf_906	0	1	0
leaf_981	0	1	0
NODE_0000552	0.0219112098141325	0	0.977602146447414
NODE_0000553	0.0427569144255171	0.0016100724960961	0.955633013078387
leaf_2379	0	0	1
NODE_0000554	0.948780363066735	0.0027189733521191	0.0485006635811459
leaf_1919	1	0	0
leaf_2278	1	0	0
NODE_0000555	0.00346968731394778	0.00353292378942961	0.992997388896622
NODE_0000556	0.0035125927551406	0.00271056823136297	0.993776839013497
NODE_0000557	0.011286004913238	0.00841165329945918	0.980302341787303
leaf_2012	0.0745812401140909	0.0700653802750011	0.855353379610908
NODE_0000558	0.0015679246388686	0	0.997479127105036
leaf_553	0	0	1
leaf_1877	0	0	1
NODE_0000559	0.00295480072966197	0.00180801997280011	0.995237179297538
leaf_403	0	0	1
NODE_0000560	0	0	0.999598530122561
leaf_1386	0	0	1
NODE_0000561	0	0	0.999851846152715
leaf_1007	0	0	1
NODE_0000562	0	0	0.999902113726357
leaf_544	0	0	1
leaf_574	0	0	1
NODE_0000563	0.00328333893163075	0.036177392257314	0.960539268811055
NODE_0000564	0.00414407418615592	0.889120338568588	0.106735587245256
leaf_2353	0	1	0
NODE_0000565	0	0.99545906693069	0.0036958571782679
leaf_1391	0	1	0
NODE_0000566	0	0.999127738627844	0
NODE_0000567	0.00288111457910757	0.99388717293899	0.00323171248190279
leaf_432	0	1	0
NODE_0000568	0.00982452781523993	0.980070607106227	0.0101048650785325
leaf_40	0	1	0
leaf_789	0.0471520694950206	0.908646620934259	0.0442013095707209
NODE_0000569	0	0.999951646781845	0
leaf_972	0	1	0
leaf_1900	0	1	0
NODE_0000571	0.00652684874719301	0.993335480936128	0
NODE_0000576	0	0.999224337057364	0
leaf_1217	0	1	0
NODE_0000577	0	0.999602318208891	0
leaf_396	0	1	0
leaf_993	0	1	0
NODE_0000572	0.100353144594529	0.895538031546492	0.00410882385897833
NODE_0000573	0.0425519665681973	0.952576908796675	0.0048711246351277
leaf_735	0.0761562990576001	0.882966375941376	0.0408773250010241
leaf_879	0	1	0
NODE_0000574	0.974641791013393	0.0238945272890186	0.00146368169758856
leaf_1161	1	0	0
leaf_1170	1	0	0
NODE_0000578	0.074992716265477	0.91722612786364	0.00778115587088302
leaf_1250	0.10825286060839	0.843166130915415	0.0485810084761955
NODE_0000579	0.145201020583476	0.845720811903258	0.00907816751326638
leaf_1135	1	0	0
leaf_1076	0.167383074272009	0.782484637933289	0.0501322877947012
NODE_0000581	0.107036407850772	0.880339973823472	0.0126236183257556
leaf_1116	0.12786463321572	0.82972467591309	0.0424106908711902
NODE_0000582	0.00543340875911019	0.993004234243005	0.00156235699788485
leaf_140	0	1	0
leaf_486	0	1	0
NODE_0000583	0	0	0.999985525667156
leaf_2287	0	0	1
NODE_0000586	0.00808459321926444	0.0195309845532332	0.972384422227502
leaf_1214	0	0	1
NODE_0000587	0.0422388306661268	0.815449465603868	0.142311703730005
leaf_364	0.0893814195849996	0.748156450368257	0.162462130046744
NODE_0000588	0.0171392132162487	0.928859903118417	0.0540008836653342
leaf_109	0	1	0
NODE_0000589	0.00160893959548812	0.995121713345445	0.00326934705906715
leaf_35	0	1	0
leaf_65	0	1	0
NODE_0000590	0	0	0.999770604146908
leaf_2336	0	0	1
NODE_0000591	0.00126204148721964	0.00341732309314089	0.99532063541964
NODE_0000592	0.00746895132289304	0.115498040999504	0.877033007677603
leaf_784	0	0	1
leaf_882	0	1	0
NODE_0000593	0	0	0.999803950887903
leaf_1616	0	0	1
leaf_1660	0	0	1
NODE_0000595	0.124920932686702	0.00243287925804292	0.872646188055255
NODE_0000596	0.106483703252675	0.00236803795016358	0.891148258797161
leaf_895	1	0	0
NODE_0000597	0.00352689713364952	0	0.996323195805807
leaf_1850	0	0	1
leaf_1955	0	0	1
NODE_0000598	0.477167625981662	0.0146330415767552	0.508199332441583
leaf_1373	0.441423940891675	0.12294470867722	0.435631350431106
NODE_0000599	0.958955551433499	0.00182928447830424	0.0392151640881971
leaf_1242	1	0	0
leaf_1848	1	0	0
NODE_0000600	0	0.00162415279796176	0.998022210381809
NODE_0000601	0.00166169566109889	0.00164144475561222	0.996696859583289
NODE_0000602	0.0151951896427278	0.0118177039903187	0.972987106366954
leaf_961	0	0	1
leaf_1842	0.052031786818437	0.0474619621343028	0.90050625104726
NODE_0000603	0	0	0.999637115758617
leaf_1544	0	0	1
NODE_0000604	0	0	0.99986885834878
leaf_956	0	0	1
leaf_1265	0	0	1
NODE_0000605	0.00273783998030718	0.03255939704169	0.964702762978003
leaf_1410	0	1	0
NODE_0000606	0.00279273293789981	0.0321826450377723	0.965024622024328
leaf_1178	0	1	0
NODE_0000607	0	0.00268521213167332	0.996834325429207
leaf_1935	0	0	1
NODE_0000608	0	0.00139453644102972	0.998058079474982
NODE_0000609	0	0	0.998775775639604
leaf_2064	0	0	1
NODE_0000610	0.020622582589473	0.0162899262831663	0.963087491127361
leaf_113	0	0	1
leaf_296	0.176004294725198	0.176122551594202	0.6478731536806
NODE_0000611	0.0112375076426074	0.038065484689324	0.950697007668069
leaf_150	0	1	0
leaf_791	0	0	1
leaf_1318	0.0473049465302892	0.0706757992987739	0.882019254170937
NODE_0000613	0.941143529135538	0	0.0580083867486202
NODE_0000614	0.997538210853648	0	0.00236986204305865
leaf_2394	1	0	0
NODE_0000615	0.999216591875484	0	0
NODE_0000616	0.999785374858226	0	0
NODE_0000617	0.99996523624046	0	0
leaf_1138	1	0	0
leaf_2254	1	0	0
NODE_0000619	0.997737339049865	0	0.00133953207946248
leaf_1152	0.735434532590245	0.138848666458891	0.125716800950863
leaf_2169	1	0	0
NODE_0000620	0.999785169306877	0	0
NODE_0000621	0.997646534764987	0	0.00140023278574662
leaf_2196	0.934970041779911	0.0327852658785756	0.0322446923415135
leaf_2210	1	0	0
NODE_0000622	0.999766105110309	0	0
leaf_1813	1	0	0
NODE_0000623	0.999612182678565	0	0
leaf_967	1	0	0
leaf_2070	1	0	0
NODE_0000624	0.997188775367683	0	0.00273315098198312
leaf_571	0	0	1
NODE_0000626	0.999613339104592	0	0
NODE_0000627	0.999145978811547	0	0
leaf_845	1	0	0
NODE_0000628	0.999401471867358	0	0
leaf_2205	1	0	0
NODE_0000629	0.998397090255305	0	0.00105127265228754
leaf_257	1	0	0
leaf_892	1	0	0
NODE_0000630	0.998771603400795	0	0
leaf_1725	1	0	0
NODE_0000631	0.997618808094659	0	0.00234363189369817
leaf_1764	1	0	0
leaf_1865	1	0	0
NODE_0000633	0.541651097720996	0.00332098361734279	0.455027918661661
NODE_0000634	0.498716095486432	0.00723024147235568	0.494053663041212
leaf_224	1	0	0
leaf_487	0	0	1
NODE_0000635	0.269478707762423	0.00902565613675206	0.721495636100825
leaf_313	0.309182111453765	0.15422900184039	0.536588886705845
leaf_1583	0	0	1
NODE_0000636	0.983419815531586	0.00102987288969844	0.0155503115787151
NODE_0000637	0.981524179572135	0.00363242706623173	0.0148433933616335
leaf_2350	0.92043605719722	0.0353016940775096	0.0442622487252705
NODE_0000638	0.999800356137981	0	0
leaf_1277	1	0	0
leaf_2067	1	0	0
NODE_0000639	0.999762556881339	0	0
leaf_1264	1	0	0
leaf_1382	1	0	0
NODE_0000641	0.767968610349506	0.00464329106901131	0.227388098581482
NODE_0000642	0.99234175146264	0	0.00701614452380478
leaf_1476	1	0	0
NODE_0000643	0.999658822701275	0	0
leaf_694	1	0	0
leaf_799	1	0	0
NODE_0000644	0.0981086642212316	0.00248264716312072	0.899408688615648
NODE_0000645	0.00245383777826486	0	0.997175336904842
leaf_1814	0	0	1
NODE_0000646	0	0.00188745755015096	0.997303537122967
leaf_1065	0	0	1
NODE_0000647	0.00235625680011615	0.0260023273537809	0.971641415846103
leaf_971	0	1	0
leaf_986	0	0	1
NODE_0000648	0.0465299332591459	0.00372974221153711	0.949740324529317
leaf_1783	0.0794713280723161	0.0391069724167503	0.881421699510934
NODE_0000499	0.00308776296732945	0	0.996615803900213
leaf_1853	0	0	1
NODE_0000650	0.00289060099460423	0.00116170161236559	0.99594769739303
leaf_1470	0	0	1
leaf_1615	0.0402523821678952	0.0369298140723857	0.922817803759719
NODE_0000651	0.984978491148933	0	0.0147939676045448
leaf_2404	0.923584946404189	0.032171368603045	0.0442436849927658
NODE_0000653	0.977486016211723	0.00134912254061135	0.0211648612476658
NODE_0000654	0.00537578647779391	0	0.993915310820715
leaf_1436	0	0	1
leaf_1473	0	0	1
NODE_0000655	0.998251891671308	0	0.00160625381861527
leaf_2352	1	0	0
NODE_0000656	0.999775790186973	0	0
leaf_2292	1	0	0
NODE_0000657	0.999490406999124	0	0
leaf_1636	1	0	0
NODE_0000658	0.999742424991325	0	0
NODE_0000659	0.999209913665701	0	0
leaf_139	1	0	0
leaf_1527	1	0	0
NODE_0000660	0.999734677666773	0	0
leaf_926	1	0	0
leaf_1733	1	0	0
NODE_0000661	0.996054803446991	0	0.00379066138259338
NODE_0000662	0.999123422130305	0	0
leaf_2384	1	0	0
NODE_0000663	0.986236161713053	0.0120751862927	0.00168865199424703
leaf_2381	1	0	0
NODE_0000664	0.145220601987546	0.84304204096935	0.0117373570431033
NODE_0000665	0.0149368436271776	0.983052550077646	0.00201060629517624
leaf_1654	0	1	0
leaf_2267	0	1	0
NODE_0000666	0.119683285803082	0.853540403359705	0.0267763108372131
leaf_1893	0.1361360944434	0.813419686805067	0.0504442187515331
NODE_0000667	0.0202138687627085	0.968356895271276	0.0114292359660153
leaf_334	0.0468285809518099	0.91649865079092	0.0366727682572705
leaf_525	0	1	0
NODE_0000668	0.98304241622878	0	0.0161090847955858
NODE_0000669	0.815954224047301	0.00952297187279853	0.174522804079901
leaf_2333	0.771444567043207	0.0413515596453224	0.187203873311471
NODE_0000670	0.632268750037877	0.00802895102542076	0.359702298936702
leaf_562	1	0	0
NODE_0000671	0.00740810541951809	0	0.992524676742615
leaf_2041	0	0	1
NODE_0000673	0.00596470572572169	0.00143614922897549	0.992599145045303
leaf_1738	0	0	1
leaf_1912	0.0430139465422113	0.0371688061109486	0.91981724734684
NODE_0000674	0.0112323786324034	0	0.988071083944893
leaf_1489	0	0	1
NODE_0000675	0.130163396387883	0.012704201520648	0.857132402091469
leaf_1304	1	0	0
NODE_0000676	0.0446120987522555	0.0459206309024165	0.909467270345328
leaf_572	0	1	0
NODE_0000677	0.00185021683693807	0.00144816929998808	0.996701613863074
leaf_681	0	0	1
leaf_691	0	0	1
NODE_0000678	0.999960376624043	0	0
leaf_2248	1	0	0
NODE_0000679	0.999997013431505	0	0
leaf_2020	1	0	0
NODE_0000682	0.0799718960875391	0.00488596711164594	0.915142136800815
leaf_690	0	0	1
leaf_987	0	0	1
NODE_0000686	0.999921553138881	0	0
leaf_1976	1	0	0
leaf_1998	1	0	0
NODE_0000683	0.999793773374578	0	0
leaf_1963	1	0	0
NODE_0000684	0.996289523798146	0.00151785224728488	0.00219262395456873
leaf_1704	1	0	0
leaf_1883	0.933742543001852	0.0333074731763641	0.0329499838217837
NODE_0000687	0.99818159521391	0	0.00171545938991809
NODE_0000688	0.940209604354631	0.00103184354550722	0.0587585520998622
leaf_1422	1	0	0
leaf_1610	0	0	1
NODE_0000689	0.999851829940276	0	0
leaf_1575	1	0	0
leaf_1793	1	0	0
NODE_0000691	0.999997938750106	0	0
leaf_2163	1	0	0
NODE_0000696	0.992985304048785	0.00293361475732246	0.00408108119389255
leaf_1537	1	0	0
leaf_1907	0.896521544867929	0.0523133018901435	0.0511651532419279
NODE_0000692	0.999250606925782	0	0
leaf_406	1	0	0
NODE_0000693	0.999473227087936	0	0
leaf_904	1	0	0
leaf_2123	1	0	0
NODE_0000697	0.995615198524401	0	0.0036239592568707
leaf_2178	1	0	0
NODE_0000699	0.864109619482504	0.0685749757899742	0.0673154047275223
leaf_1651	0.813270697880161	0.0956195311096174	0.0911097710102212
leaf_1896	0.814029132370733	0.0952122666262198	0.090758601003047
NODE_0000700	0.522207895310627	0.0684563285532421	0.409335776136131
leaf_1050	0	0	1
NODE_0000701	0.596557081721223	0.174982933502967	0.22845998477581
leaf_467	1	0	0
leaf_564	0	1	0
NODE_0000532	0	0	0.999999833151412
leaf_2428	0	0	1
leaf_2430	0.0376669225593718	0.0358779930516199	0.926455084389008
leaf_2431	0	0	1
leaf_2429	0	0	1
NODE_0000528	0	0	0.999438588513445
NODE_0000151	0	0	0.999899615668133
leaf_2424	0	0	1
NODE_0000141	0.00355919342867012	0.02392810946628	0.97251269710505
NODE_0000142	0.00537879063249675	0.0139955284692997	0.980625680898204
leaf_1769	0	0	1
NODE_0000143	0.00738916017134112	0.0072978561098186	0.98531298371884
leaf_2298	0.0442228895439409	0.0425285439841561	0.913248566471903
NODE_0000144	0	0	0.99938594231932
NODE_0000145	0	0	0.999703506873607
leaf_2265	0	0	1
leaf_1159	0	1	0
leaf_2104	0	0	1
NODE_0000147	0	0	0.999730193883269
NODE_0000148	0	0	0.999619522076624
leaf_1115	0	0	1
leaf_2021	0	0	1
NODE_0000149	0.00226490081155688	0.00162759704047302	0.99610750214797
leaf_1959	0	0	1
leaf_1994	0.0518163668545618	0.0491520612063339	0.899031571939104
NODE_0000140	0.0239440555697462	0.65244853394848	0.323607410481774
leaf_2408	0.0511601908115235	0.632988879819793	0.315850929368683
NODE_0000100	0.00138155021617122	0.984704484454583	0.0139139653292456
NODE_0000101	0	0.99907205352947	0
NODE_0000102	0	0.999969575356554	0
leaf_2386	0	1	0
leaf_2297	0	1	0
NODE_0000105	0.11411515744	0.629502762503835	0.256382080056164
NODE_0000106	0.0355092882214275	0.139320988549725	0.825169723228847
leaf_423	0	0	1
leaf_1573	0	0	1
NODE_0000107	0.220782942708157	0.678799967052108	0.100417090239735
leaf_1866	0	1	0
leaf_2053	1	0	0
NODE_0000108	0.00104563447506017	0.998716470996258	0
leaf_2362	0	1	0
NODE_0000109	0.0413299719916555	0.953642241921026	0.00502778608731874
leaf_2242	0.0697243114439593	0.894945383360769	0.0353303051952716
NODE_0000110	0.0754814181598397	0.920689155299753	0.00382942654040739
leaf_2100	1	0	0
NODE_0000111	0.0117195856360894	0.986996219300125	0.00128419506378575
NODE_0000112	0.00577619283660794	0.992032563083278	0.00219124408011383
leaf_1942	0.0306334249333675	0.943892730577652	0.0254738444889809
leaf_1943	0	1	0
NODE_0000113	0	0.999633248495567	0
leaf_1637	0	1	0
NODE_0000114	0	0.999913833990218	0
leaf_1446	0	1	0
NODE_0000115	0	0.999791129476766	0
leaf_706	0	1	0
leaf_1521	0	1	0
NODE_0000116	0	0.99973494977797	0
leaf_2285	0	1	0
NODE_0000117	0	0.999466296881784	0
NODE_0000118	0.00107292323204078	0.998700448766143	0
leaf_2089	0.0432820659594076	0.917486897212643	0.0392310368279497
NODE_0000120	0.0121026366828939	0.986463064182922	0.00143429913418449
leaf_1751	1	0	0
leaf_2245	0	1	0
NODE_0000121	0	0.99977493707469	0
leaf_1752	0	1	0
NODE_0000122	0	0.999665594790096	0
leaf_1663	0	1	0
NODE_0000123	0	0.99952437474101	0
NODE_0000124	0	0.99982242147558	0
leaf_247	0	1	0
leaf_297	0	1	0
NODE_0000125	0	0.999883233076876	0
leaf_381	0	1	0
leaf_535	0	1	0
NODE_0000126	0.00575940345293424	0.993814618441451	0
leaf_2037	0	1	0
NODE_0000127	0.0977921719533257	0.900505327395395	0.00170250065127966
leaf_2001	1	0	0
NODE_0000128	0.065915318862156	0.9336595344804	0
leaf_2052	0	1	0
NODE_0000129	0.113593014696273	0.886121822574692	0
leaf_1106	1	0	0
leaf_1944	0	1	0
NODE_0000132	0.443552469825924	0.527202692802912	0.0292448373711639
NODE_0000133	0.520059676390009	0.463463656193261	0.0164766674167298
leaf_610	0	1	0
leaf_1429	1	0	0
NODE_0000134	0.641922725680513	0.0856300025476794	0.272447271771808
leaf_627	0	0	1
leaf_721	1	0	0
NODE_0000135	0.11639614242357	0.881791417475004	0.00181244010142671
leaf_1238	1	0	0
NODE_0000136	0.00569034503791691	0.993925603834751	0
leaf_1464	0	1	0
NODE_0000137	0	0.999087327106097	0
leaf_1643	0	1	0
NODE_0000138	0	0.999519010949657	0
leaf_506	0	1	0
NODE_0000139	0.00100723238801306	0.997938472648345	0.00105429496364192
leaf_86	0.0934124842231746	0.821682945743516	0.0849045700333096
leaf_521	0	1	0
NODE_0000060	0	0.999285884626663	0
NODE_0000061	0	0.999926402296817	0
leaf_2289	0	1	0
NODE_0000062	0	0.998627455708473	0
leaf_1383	0	1	0
NODE_0000063	0	0.997273099647341	0.00191609444355973
leaf_1111	0	1	0
NODE_0000064	0.0094613981734519	0.958965597295562	0.0315730045309865
leaf_659	0.0548487035667441	0.876442518759428	0.0687087776738283
NODE_0000065	0.0087979237427918	0.949721817922593	0.041480258334615
leaf_71	0	0	1
NODE_0000066	0.006608737112922	0.969847996877667	0.023543266009411
leaf_509	0	1	0
leaf_814	0.0316557082802576	0.923583210049821	0.0447610816699213
NODE_0000068	0	0.996475685133328	0.00318940685429721
NODE_0000069	0	0.998545942098327	0.00108332571828948
leaf_1566	0	1	0
leaf_1822	0	1	0
NODE_0000070	0.00260151525835013	0.956079513694908	0.0413189710467418
NODE_0000071	0.00134246560177902	0.0261854358531177	0.972472098545103
leaf_2148	0	0	1
NODE_0000072	0	0.00203795587071803	0.997598178190117
NODE_0000073	0.00193837077093888	0.001423456497907	0.996638172731154
NODE_0000074	0.00347450589161131	0.00255090983918723	0.993974584269202
leaf_248	0.127353525739001	0.12524244595135	0.747404028309649
leaf_963	0	0	1
NODE_0000075	0.00601783029401613	0.00450464195823412	0.98947752774775
leaf_444	0	0	1
leaf_519	0.0430239035126203	0.0399772801471362	0.916998816340243
NODE_0000076	0	0	0.999802860723822
leaf_1920	0	0	1
NODE_0000077	0	0	0.999563349631532
leaf_1102	0	0	1
NODE_0000078	0	0.00169616531573579	0.997642324559461
NODE_0000079	0.00218558370349781	0.0121334170237077	0.985680999272794
leaf_312	0	0	1
NODE_0000080	0.00817332269424837	0.0873912122981499	0.904435465007602
leaf_161	0	0	1
leaf_762	0	1	0
NODE_0000081	0	0	0.999988707025416
leaf_324	0	0	1
leaf_412	0	0	1
leaf_419	0	0	1
NODE_0000083	0.00383442006381483	0.993198874586621	0.002966705349564
NODE_0000085	0.0749636606568056	0.915797813890735	0.00923852545245938
leaf_747	0	1	0
leaf_1398	1	0	0
NODE_0000086	0.0207480489872036	0.973285398306812	0.00596655270598381
NODE_0000087	0.979329849132256	0.0157790603044141	0.00489109056332995
leaf_95	1	0	0
leaf_479	1	0	0
NODE_0000088	0	0.998648559357343	0
leaf_1197	0	1	0
NODE_0000089	0	0.999334712573021	0
leaf_289	0	1	0
leaf_431	0	1	0
NODE_0000090	0	0.999442607940213	0
NODE_0000091	0	0.999579305511229	0
leaf_1564	0	1	0
NODE_0000092	0	0.99944497231734	0
leaf_484	0	1	0
leaf_1256	0	1	0
NODE_0000093	0	0.999420200003279	0
leaf_1221	0	1	0
NODE_0000094	0.00136479957641248	0.997172986203601	0.0014622142199865
leaf_905	0.0668251877577111	0.871883451879613	0.061291360362676
NODE_0000095	0	0.998572326472896	0
NODE_0000096	0	0.999337447929879	0
leaf_1068	0	1	0
NODE_0000097	0.00531229109113109	0.989255624925319	0.00543208398354964
leaf_63	0.0835039923092943	0.840112665499025	0.0763833421916807
leaf_165	0	1	0
NODE_0000098	0.00516443515186645	0.989526990077924	0.0053085747702097
leaf_1207	0.0301140765443099	0.941601734498468	0.028284188957222
NODE_0000099	0.00783020538488911	0.984176328745177	0.00799346586993415
leaf_329	0	1	0
leaf_377	0.0906837195730681	0.826430030477761	0.0828862499491706
NODE_0000040	0	0.999699994828292	0
NODE_0000041	0.00126802559268195	0.99830907790806	0
NODE_0000042	0	0.9974919551724	0.00180577193748156
NODE_0000043	0.00135319268319584	0.996739246115493	0.00190756120131152
leaf_995	0.0895699756640031	0.828582037299914	0.081847987036083
NODE_0000044	0	0.99977903102978	0
leaf_1632	0	1	0
leaf_1808	0	1	0
NODE_0000045	0.00364846246971027	0.949963588961716	0.0463879485685734
leaf_1077	0	0	1
NODE_0000046	0.00114226413962651	0.99271229869039	0.0061454371699831
leaf_1071	0	1	0
NODE_0000047	0.00427639666318267	0.995006564946973	0
leaf_434	1	0	0
leaf_461	0	1	0
NODE_0000048	0.00116722000893001	0.998262151705886	0
leaf_61	0	1	0
leaf_294	0	1	0
NODE_0000050	0.0185028834080987	0.979992266456418	0.00150485013548292
NODE_0000051	0.757029029219941	0.23907554542885	0.00389542535120952
leaf_1447	1	0	0
NODE_0000052	0.764713364069874	0.231742008146505	0.0035446277836206
leaf_1089	0	1	0
leaf_1579	1	0	0
NODE_0000053	0.00163155659162199	0.998232723931921	0
leaf_1749	0	1	0
NODE_0000054	0.00614454835814766	0.988310605198829	0.0055448464430235
leaf_474	0.0845921367332566	0.838502385115315	0.0769054781514288
leaf_682	0	1	0
NODE_0000056	0.0323593196439713	0.96027989099099	0.00736078936503822
NODE_0000057	0.00187323934972212	0.997217462573357	0
leaf_105	0	1	0
leaf_709	0	1	0
NODE_0000058	0.187912542393238	0.779032403170883	0.0330550544358795
leaf_1090	0.197078272397067	0.748203259651072	0.054718467951861
NODE_0000059	0.980299142834892	0.0151140973742919	0.00458675979081588
leaf_76	1	0	0
leaf_121	1	0	0
NODE_0000037	0	0.998793137072413	0.00107483084372178
NODE_0000038	0	0.999671493848432	0
leaf_1890	0	1	0
NODE_0000039	0	0.999760117888104	0
leaf_1591	0	1	0
leaf_1736	0	1	0
NODE_0000033	0	0.984918279960192	0.0144360435283559
NODE_0000034	0.0101231593382109	0.714804138346294	0.275072702315495
leaf_1484	0.0671618343612328	0.663936537134479	0.268901628504289
leaf_1776	0	0	1
NODE_0000035	0	0.997385974109307	0.002137671823718
leaf_728	0	1	0
leaf_788	0	1	0
NODE_0000019	0	0.986982855076786	0.0127753453510348
NODE_0000020	0.00182419304286104	0.968935833854776	0.0292399731023628
leaf_2099	0.0335974051515199	0.911530914008444	0.0548716808400362
NODE_0000028	0	0.992583467863789	0.00647314577932905
NODE_0000029	0	0.99952216472175	0
leaf_935	0	1	0
leaf_1442	0	1	0
NODE_0000030	0	0.999822492024952	0
leaf_465	0	1	0
leaf_360	0	1	0
NODE_0000032	0	0.999792158773476	0
leaf_386	0	1	0
leaf_948	0	1	0
NODE_0000021	0.0115867559230159	0.187417202069616	0.800996042007369
leaf_1774	0	0	1
leaf_1039	0	1	0
NODE_0000023	0.0696085527207976	0.0522806047538302	0.878110842525372
NODE_0000024	0.00746040295988965	0.00453175677259278	0.988007840267518
leaf_505	0	0	1
leaf_1209	0	0	1
NODE_0000025	0.919781056664992	0.00619755666523612	0.0740213866697725
leaf_437	1	0	0
NODE_0000026	0.962104067251715	0.00517329924152166	0.032722633506763
leaf_310	0.89148734752761	0.0429848237919722	0.0655278286804183
leaf_333	1	0	0
NODE_0000014	0	0.988034167738477	0.0116681984781118
NODE_0000015	0	0.999572973630868	0
leaf_2035	0	1	0
NODE_0000016	0	0.999899874693823	0
NODE_0000017	0	0.999802799779256	0
leaf_1124	0	1	0
leaf_1354	0	1	0
NODE_0000018	0	0.999847162806255	0
leaf_1137	0	1	0
leaf_1709	0	1	0
NODE_0000010	0.00193495146644442	0.940858101453625	0.0572069470799307
NODE_0000011	0.00168827921287515	0.0371077363759148	0.96120398441121
leaf_1870	0	0	1
NODE_0000012	0	0.00543309957583802	0.994163460131812
leaf_1762	0	0	1
NODE_0000013	0.00265323665359216	0.0116825128168432	0.985664250529565
leaf_141	0	1	0
leaf_1142	0	0	1
NODE_0000009	0.00164402681068056	0.988215073411415	0.0101408997779041
NODE_0000007	0	0.999306491025497	0
leaf_1202	0	1	0
NODE_0000008	0	0.999857062738309	0
leaf_675	0	1	0
leaf_832	0	1	0
NODE_0000680	0.00638177745956719	0.986435303521551	0.00718291901888187
leaf_1807	0	1	0
NODE_0000005	0.913745000971635	0.027705075387667	0.0585499236406983
leaf_198	1	0	0
NODE_0000004	0.862570013407542	0.0219301084997144	0.115499878092744
leaf_142	0.804181744112639	0.0581801816307588	0.137638074256602
NODE_0000003	0.815436419168067	0.0120444447641672	0.172519136067766
leaf_68	0	0	1
NODE_0000002	0.974788710728892	0.00282173264444257	0.0223895566266651
leaf_48	1	0	0
NODE_0000001	0.983071941456244	0.00162889249176408	0.0152991660519923
leaf_2	1	0	0
NODE_0000000	0.88357291291263	0.00201930003613298	0.114407787051237
leaf_0	1	0	0
leaf_1	0	0	1
NODE_0000152	0	0	0.999999928832043
leaf_2412	0	0	1
NODE_0000210	0.0246390756148039	0	0.974562710003698
leaf_2382	0	0	1
NODE_0000211	0.367312321298307	0.00356230501188514	0.629125373689808
leaf_2403	1	0	0
NODE_0000212	0.28411503126442	0.00461748798302809	0.711267480752552
leaf_1673	1	0	0
leaf_2062	0	0	1
NODE_0000213	0	0	0.999706939512517
NODE_0000214	0	0	0.999378056793594
leaf_2202	0	0	1
NODE_0000215	0	0	0.999516982465423
leaf_1719	0	0	1
NODE_0000216	0	0	0.998948359896891
NODE_0000217	0.00327096481237236	0.00236223908927388	0.994366796098354
leaf_1676	0.0567068441258392	0.0537453806832817	0.889547775190879
leaf_1938	0	0	1
NODE_0000218	0	0	0.998512119728694
leaf_475	0	0	1
NODE_0000219	0	0	0.999529462309727
leaf_510	0	0	1
leaf_1530	0	0	1
NODE_0000220	0	0	0.999958688888923
NODE_0000221	0.00137813636367354	0	0.997637163150715
leaf_2142	0.132270249213328	0.130709859583935	0.737019891202737
leaf_2392	0	0	1
NODE_0000223	0	0	0.998974150306954
leaf_2288	0	0	1
NODE_0000224	0	0	0.99960262450324
leaf_1742	0	0	1
NODE_0000225	0	0	0.999274189730833
leaf_88	0	0	1
leaf_1336	0	0	1
NODE_0000226	0.00195569284505144	0	0.997916703001602
NODE_0000227	0	0	0.999385121351098
leaf_2051	0	0	1
NODE_0000228	0	0	0.999882475211717
leaf_2324	0	0	1
NODE_0000229	0	0	0.999275080214919
leaf_1525	0	0	1
leaf_2006	0	0	1
NODE_0000230	0.0399465197309392	0	0.960024333285987
leaf_2377	0	0	1
NODE_0000231	0.0284815701288912	0.00250577867097504	0.969012651200134
leaf_2078	0.129402685993623	0.10878451357259	0.761812800433788
NODE_0000232	0.00111387701251687	0	0.998698861619261
leaf_2014	0	0	1
leaf_2151	0	0	1
NODE_0000235	0.733714833515233	0.0022992257632955	0.263985940721472
NODE_0000236	0.870773274883476	0	0.12852957325887
leaf_2219	1	0	0
NODE_0000237	0.83592405449316	0.0022880339973753	0.161787911509465
leaf_1608	1	0	0
leaf_1702	0	0	1
NODE_0000238	0.932371472440237	0	0.0667422326343664
leaf_1810	1	0	0
NODE_0000239	0.917681677321091	0.0016710937920533	0.0806472288868556
NODE_0000240	0.994756069361217	0	0.00493351307346331
leaf_949	1	0	0
leaf_1611	1	0	0
NODE_0000241	0.0480683377623664	0.0032991849100893	0.948632477327544
leaf_585	0	0	1
NODE_0000242	0.025666561264179	0.00323779021785147	0.97109564851797
leaf_162	0.159025936529479	0.14467708748332	0.696296975987201
NODE_0000243	0	0	0.99895714049678
leaf_750	0	0	1
NODE_0000244	0	0	0.99989583133438
leaf_642	0	0	1
leaf_700	0	0	1
NODE_0000245	0.649647201279086	0.00110586502099736	0.349246933699916
NODE_0000246	0.651796618777779	0.00115947625038251	0.347043904971838
leaf_2007	0	0	1
leaf_2235	1	0	0
NODE_0000247	0.96746913704496	0	0.0321112784780271
NODE_0000248	0.984319868183824	0	0.0155183761316665
NODE_0000249	0.994373222836308	0	0.00521027697656403
leaf_1285	1	0	0
leaf_1782	1	0	0
NODE_0000250	0.963235993716954	0	0.0358486220555447
leaf_1993	1	0	0
NODE_0000251	0.0320946002792463	0.00136897536903669	0.966536424351717
leaf_1571	0	0	1
NODE_0000252	0.00182756798941736	0	0.997904073497492
leaf_379	0	0	1
leaf_977	0	0	1
NODE_0000253	0.99981185630499	0	0
NODE_0000258	0.999906857303288	0	0
leaf_1690	1	0	0
leaf_1916	1	0	0
NODE_0000254	0.996258171164921	0	0.00305493682998047
NODE_0000255	0.938005620128073	0.00302725502771534	0.0589671248442119
leaf_222	0	0	1
leaf_440	1	0	0
NODE_0000256	0.995459631128877	0.0015222927306969	0.0030180761404265
leaf_790	0.85884668413515	0.0718978897220598	0.0692554261427908
leaf_1160	1	0	0
NODE_0000259	0.999604042208263	0	0
leaf_1868	1	0	0
NODE_0000260	0.999165653690053	0	0
leaf_348	1	0	0
NODE_0000261	0.999712349860505	0	0
leaf_292	1	0	0
NODE_0000262	0.999911460825893	0	0
leaf_502	1	0	0
leaf_558	1	0	0
NODE_0000153	0	0	0.999162011429888
NODE_0000154	0	0	0.9997310779332
NODE_0000155	0	0	0.999733559500445
leaf_2326	0	0	1
NODE_0000156	0	0	0.999123573548717
NODE_0000157	0.00540353000814635	0.00336368832303545	0.991232781668818
leaf_363	0	0	1
leaf_550	0	0	1
NODE_0000158	0	0	0.999031584508373
leaf_1617	0	0	1
leaf_703	0	0	1
NODE_0000160	0.0972814877441499	0.00458788272563427	0.898130629530216
leaf_146	1	0	0
leaf_279	0	0	1
NODE_0000161	0	0	0.999974150826734
leaf_2358	0	0	1
NODE_0000162	0	0	0.99984143306745
leaf_2370	0	0	1
NODE_0000163	0.00131927975557055	0	0.998639607812861
NODE_0000164	0.0143734464014363	0.01075868800715	0.974867865591414
leaf_1162	0	0	1
leaf_1310	0.0654269241683441	0.0604263057518519	0.874146770079804
NODE_0000166	0.141005194331533	0.00285771081553072	0.856137094852937
leaf_1535	0	0	1
leaf_2316	1	0	0
NODE_0000167	0	0	0.99982839820228
leaf_2182	0	0	1
leaf_2290	0	0	1
NODE_0000169	0.00472425895849482	0	0.994770294323014
NODE_0000170	0.00118292870739656	0	0.998052793509452
NODE_0000171	0.00217649088986913	0.00153866116683776	0.996284847943293
leaf_2339	0.039605442115983	0.0372776949570582	0.923116862926959
leaf_2340	0	0	1
NODE_0000172	0.0025377985540035	0.0136705650637867	0.98379163638221
leaf_2237	0.039780865135144	0.0483809613622662	0.91183817350259
leaf_1750	0	1	0
leaf_2271	0	0	1
NODE_0000174	0.338739164884357	0.0049237692141082	0.656337065901535
leaf_1634	1	0	0
NODE_0000175	0.324012492106273	0.00233142314870864	0.673656084745018
leaf_1585	0.331984828203869	0.0586118384933595	0.609403333302771
NODE_0000176	0.68753551448161	0.00718659528352662	0.305277890234864
leaf_405	1	0	0
leaf_844	1	0	0
NODE_0000178	0.0178844423650053	0	0.981635572236026
leaf_1303	0	0	1
leaf_1677	0	0	1
NODE_0000179	0.0172981463491506	0.00254362142748977	0.98015823222336
NODE_0000180	0.979395786262114	0	0.0197455190189858
leaf_1990	1	0	0
NODE_0000181	0.984361625058505	0	0.0154107932136492
leaf_1482	1	0	0
NODE_0000182	0.948807448288738	0	0.0504684620109828
leaf_1831	1	0	0
NODE_0000183	0.0535441474310786	0.00107532233411825	0.945380530234803
leaf_1252	0	0	1
NODE_0000184	0.00259456156672506	0	0.997281637799471
leaf_1057	0	0	1
leaf_1372	0	0	1
NODE_0000185	0.0036921953418099	0.0039772165093995	0.992330588148791
leaf_2133	0	0	1
NODE_0000186	0.00645593320799656	0.0195491200247318	0.973994946767272
NODE_0000187	0.0222169935580082	0.0289550829111026	0.948827923530889
leaf_1251	0.151173428174193	0.156711393780518	0.692115178045289
NODE_0000188	0.0334605299395999	0.0322814284662354	0.934258041594165
leaf_443	0	0	1
leaf_1279	0.0704280229786332	0.0683203237956325	0.861251653225734
NODE_0000189	0.0132923679400422	0.0736167731121542	0.913090858947804
leaf_2174	0	1	0
NODE_0000190	0.0243039950450588	0.0515276998101542	0.924168305144787
NODE_0000191	0.114376382021011	0.104618076740629	0.78100554123836
leaf_1687	0	1	0
leaf_2246	0.139250940742587	0.131183488008043	0.72956557124937
NODE_0000193	0.296174798566424	0.0402439727526052	0.663581228680971
leaf_820	0	0	1
NODE_0000194	0.883438331318356	0.00701642508993746	0.109545243591706
leaf_1485	1	0	0
NODE_0000195	0.996666808394414	0	0.00293686350256673
leaf_640	1	0	0
leaf_862	1	0	0
NODE_0000196	0.019327602988957	0.0147094271047085	0.965962969906335
leaf_1627	1	0	0
NODE_0000198	0.00240732381913513	0.0014819434313653	0.9961107327495
leaf_1424	0	0	1
leaf_2165	0	0	1
NODE_0000199	0.0205775102039851	0.0329249043047655	0.946497585491249
NODE_0000200	0.0243501999111147	0.0135785008453671	0.962071299243518
NODE_0000201	0	0	0.999236656315303
leaf_1630	0	0	1
leaf_1635	0	0	1
NODE_0000202	0.249939501828503	0.019979838654011	0.730080659517486
leaf_1123	1	0	0
NODE_0000203	0.0825598563226799	0.055761773922943	0.861678369754377
leaf_218	0	1	0
leaf_601	0	0	1
NODE_0000204	0.00996716072428435	0.887564545042435	0.10246829423328
leaf_392	0	1	0
NODE_0000205	0.00175476076679671	0.986646302370934	0.0115989368622695
leaf_566	0	1	0
NODE_0000206	0.00199188633337231	0.991280468561374	0.00672764510525348
leaf_740	0.0371386467894736	0.92445433393428	0.0384070192762463
NODE_0000207	0	0.99957631903688	0
leaf_683	0	1	0
leaf_975	0	1	0
NODE_0000264	0	0	0.999906163516726
leaf_2257	0.157633809513863	0.158035740345919	0.684330450140219
NODE_0000265	0.0315821878850684	0.0600427080336308	0.908375104081301
leaf_2390	0.0653326875990657	0.0907113621451064	0.843955950255828
NODE_0000266	0.0818605739467188	0.195914715196031	0.72222471085725
NODE_0000267	0.16551670435801	0.0745643510322627	0.759918944609728
NODE_0000268	0.955769914470951	0.00450369456087509	0.039726390968174
leaf_1296	1	0	0
NODE_0000269	0.996193292840594	0	0.00336808198388983
leaf_719	1	0	0
leaf_1392	1	0	0
NODE_0000270	0.0135273650581865	0.00343251198879523	0.983040122953018
leaf_1213	0	0	1
NODE_0000271	0.00759271552856203	0	0.991757087658653
leaf_1656	0	0	1
NODE_0000272	0.10308804216456	0.00200311185907485	0.894908845976365
leaf_872	1	0	0
leaf_933	0	0	1
NODE_0000273	0	0.994642272109359	0.00469996460899621
NODE_0000284	0.00251066941766119	0.993022393399355	0.00446693718298412
leaf_1411	0.0636816574146575	0.876407569648696	0.0599107729366467
leaf_1705	0	1	0
NODE_0000274	0.00137951426633458	0.995219870268921	0.00340061546474417
NODE_0000275	0.028562155004503	0.943156969081116	0.0282808759143805
leaf_1234	0.0895966797834268	0.827592650375264	0.0828106698413096
leaf_1792	0.051730326988022	0.899064841035346	0.0492048319766316
NODE_0000276	0	0.999445902122212	0
leaf_2038	0	1	0
NODE_0000277	0.00136381190725228	0.997077432208786	0.00155875588396174
leaf_1757	0.0266026018291787	0.948527990814555	0.0248694073562667
NODE_0000278	0	0.9983556927276	0
leaf_414	0	1	0
NODE_0000279	0.0013421647068483	0.997112626674326	0.00154520861882584
leaf_180	0	1	0
NODE_0000280	0.00483344335963956	0.990049935862328	0.00511662077803221
leaf_651	0.029809925718857	0.9420817183098	0.0281083559713425
NODE_0000281	0.00222987413759685	0.995290057985547	0.00248006787685608
leaf_158	0	1	0
NODE_0000282	0.00566376250656233	0.988414684325196	0.0059215531682421
leaf_58	0	1	0
leaf_172	0.0582062556349663	0.887893681190524	0.05390006317451
NODE_0000285	0	0.999641467387797	0
NODE_0000286	0	0.999896193643747	0
NODE_0000287	0	0.999670297956168	0
NODE_0000288	0	0.998014424927034	0.00101685737316588
leaf_1345	0.026235691346422	0.949387219219514	0.0243770894340641
leaf_1405	0	1	0
NODE_0000289	0	0.999464292757097	0
leaf_1058	0	1	0
NODE_0000290	0	0.999701259773218	0
leaf_216	0	1	0
leaf_236	0	1	0
NODE_0000291	0	0.999741143267454	0
leaf_1364	0.0406295263916833	0.92189679596398	0.0374736776443362
NODE_0000292	0	0.999508289726144	0
leaf_385	0	1	0
leaf_884	0	1	0
NODE_0000294	0	0.999685616330767	0
leaf_590	0	1	0
leaf_1694	0	1	0
NODE_0000295	0	0.998976512523379	0
leaf_242	1	0	0
NODE_0000297	0	0.999180891598436	0
NODE_0000298	0.00168738741012913	0.987301613503814	0.0110109990860567
leaf_225	0	0	1
leaf_1166	0	1	0
NODE_0000299	0	0.999905740422325	0
leaf_1032	0	1	0
leaf_1134	0	1	0
NODE_0000300	0.00116955483262241	0.996886568158215	0.00194387700916282
leaf_942	0	1	0
NODE_0000301	0.0082276879485854	0.977318080141915	0.0144542319094993
leaf_1109	0	1	0
NODE_0000302	0.285232794973418	0.241199936450599	0.473567268575984
leaf_518	1	0	0
NODE_0000303	0.0102229777173567	0.00660283832068632	0.983174183961957
leaf_615	0	0	1
NODE_0000304	0	0	0.998949795288376
leaf_314	0	0	1
leaf_688	0	0	1
NODE_0000306	0	0	0.999464934425109
NODE_0000307	0.00712119783499762	0.00532697317103143	0.987551828993971
leaf_2136	0	0	1
leaf_2396	0.0440061705510253	0.0407255996260367	0.915268229822938
NODE_0000308	0	0	0.999564193580749
NODE_0000309	0.00292864334944446	0.00336542323489928	0.993705933415656
leaf_2383	0.0402594336495242	0.0389467966281916	0.920793769722284
NODE_0000310	0	0.00278367700375885	0.996237784562564
NODE_0000311	0.00701129699687623	0.0342400920088563	0.958748610994267
leaf_1805	0	0	1
NODE_0000312	0.0011313697148621	0.99156300117293	0.00730562911220831
leaf_1645	0	1	0
leaf_1384	0.0312660632754983	0.934394062613965	0.034339874110537
leaf_1602	0	1	0
NODE_0000314	0	0	0.999121508819264
leaf_2256	0	0	1
NODE_0000315	0	0.00560852414537292	0.993550096093758
leaf_1933	0	0	1
NODE_0000316	0.00523833934396526	0.0790217703814462	0.915739890274588
leaf_243	0	1	0
NODE_0000317	0.00629939723375898	0.0967173247244605	0.89698327804178
leaf_1753	0	0	1
NODE_0000318	0.0434935575050182	0.632241968077246	0.324264474417736
leaf_346	0	1	0
NODE_0000319	0.0814690869009984	0.751639626454212	0.166891286644789
leaf_664	1	0	0
leaf_1684	0	1	0
NODE_0000320	0	0	0.999513235962319
NODE_0000321	0.0039014458840092	0.00274712071767646	0.993351433398314
leaf_2323	0.0411420248980982	0.0383769789611326	0.920480996140769
NODE_0000322	0.00122177595863192	0	0.998059306818817
leaf_1601	0	0	1
leaf_2128	0	0	1
NODE_0000323	0	0	0.99928935540543
NODE_0000324	0	0	0.999583595059001
leaf_2080	0.0913512791123417	0.0887674246474932	0.819881296240165
NODE_0000326	0.004314047905608	0.00318828001245961	0.992497672081933
leaf_1512	0.0774864935263887	0.0741638723951406	0.848349634078471
leaf_1936	0	0	1
NODE_0000327	0	0	0.99997080578465
leaf_2072	0	0	1
leaf_2192	0	0	1
NODE_0000329	0.00178919160591475	0.00103930351820277	0.997171504875882
NODE_0000330	0	0	0.998596527935706
leaf_32	0	0	1
leaf_1062	0	0	1
NODE_0000331	0.00968320868325908	0.00721715016054784	0.983099641156193
leaf_277	0	0	1
leaf_555	0.0462872245094547	0.0424455534989149	0.91126722199163
NODE_0000332	0.00149101746432118	0.0141218425651043	0.984387139970575
NODE_0000333	0	0.00315705440070077	0.996377998340955
leaf_2311	0	0	1
NODE_0000334	0.00485887156671173	0.0114785700526164	0.983662558380672
leaf_2215	0.0418955324106745	0.0463653360562091	0.911739131533116
NODE_0000335	0.00392856783531667	0.0224867385908525	0.973584693573831
leaf_966	0	1	0
leaf_1950	0	0	1
NODE_0000336	0.0211638518897997	0.552886562396911	0.425949585713289
leaf_1996	0.092291588602442	0.525084872067458	0.3826235393301
NODE_0000337	0.00282526547950857	0.96192257465241	0.0352521598680811
leaf_1961	0	1	0
NODE_0000338	0	0.998077337839816	0.00157674705300039
leaf_2030	0	1	0
NODE_0000339	0.00143975806625799	0.997788678735989	0
NODE_0000340	0.06052054749875	0.929483072075347	0.0099963804259037
leaf_576	1	0	0
NODE_0000341	0.0161911522945269	0.977257787061089	0.00655106064438439
leaf_327	0.0630178450167296	0.88596434829744	0.0510178066858303
leaf_766	0	1	0
NODE_0000342	0	0.999681547131669	0
NODE_0000343	0	0.999825597644617	0
leaf_1479	0	1	0
NODE_0000344	0	0.999581842010205	0
leaf_605	0	1	0
leaf_695	0	1	0
NODE_0000345	0	0.999860649090032	0
NODE_0000346	0	0.999925030587628	0
leaf_1389	0	1	0
leaf_1396	0	1	0
NODE_0000347	0	0.999777471027617	0
NODE_0000348	0	0.99990005521938	0
leaf_1049	0	1	0
leaf_1085	0	1	0
NODE_0000349	0	0.999249639068955	0
leaf_1013	0	1	0
NODE_0000350	0.00236624519016471	0.98315091987772	0.0144828349321156
leaf_117	0	0	1
NODE_0000351	0.00228365453982726	0.989740144742917	0.00797620071725608
leaf_480	0.0333219095543364	0.930830447957745	0.0358476424879181
leaf_781	0	1	0
NODE_0000353	0	0	0.999927876724559
leaf_2405	0	0	1
NODE_0000354	0	0	0.999920035370217
leaf_2402	0	0	1
NODE_0000355	0	0	0.999772235450297
NODE_0000356	0.00267721911644519	0.0019012742900603	0.995421506593495
leaf_2398	0.0400513431009812	0.0376076156511743	0.922341041247845
NODE_0000357	0	0	0.999039410199339
leaf_1975	0	0	1
NODE_0000358	0	0	0.99977875588377
leaf_2259	0	0	1
NODE_0000359	0	0	0.999813095662317
leaf_1800	0	0	1
NODE_0000360	0	0	0.999863518274346
leaf_1439	0	0	1
leaf_1620	0	0	1
NODE_0000361	0	0	0.999866335719215
NODE_0000362	0	0	0.999280775838076
NODE_0000363	0.00298187605647413	0.00537496094505598	0.99164316299847
leaf_2135	0.114438109076676	0.114344687087902	0.771217203835422
NODE_0000364	0.0026969171509499	0.00838018134592067	0.988922901503129
leaf_1284	0	1	0
NODE_0000365	0	0	0.999617684109885
leaf_2310	0	0	1
NODE_0000366	0	0	0.999992896134475
leaf_1867	0	0	1
leaf_2281	0	0	1
NODE_0000883	0	0	0.999929455172196
leaf_2268	0	0	1
leaf_2149	0	0	1
NODE_0000369	0.00158342943143501	0.00158697594515957	0.996829594623406
NODE_0000370	0.0229100943884008	0.0312483972901341	0.945841508321465
NODE_0000371	0	0	0.998958611650035
leaf_1618	0	0	1
leaf_1798	0	0	1
NODE_0000372	0.140641758807827	0.251388414827224	0.607969826364948
leaf_1095	1	0	0
NODE_0000373	0.0150491999029429	0.930548222816423	0.0544025772806336
leaf_1204	0	1	0
leaf_1282	0	1	0
NODE_0000374	0	0	0.999525820318983
NODE_0000375	0	0	0.999903932109339
leaf_1899	0	0	1
leaf_2124	0	0	1
NODE_0000376	0.00150765850904406	0.00106889703337521	0.997423444457581
leaf_2032	0	0	1
leaf_1869	0.0537339342744995	0.0511653504552965	0.895100715270204
leaf_1989	0.0390096637521289	0.036850363810415	0.924139972437456
NODE_0000378	0	0	0.999173396685076
NODE_0000380	0	0	0.998228432731284
leaf_808	0	0	1
NODE_0000381	0	0.00145343440319369	0.997721726318911
leaf_1173	0	0	1
NODE_0000382	0.00183574243214308	0.00925574071567995	0.988908516852177
leaf_946	0	0	1
NODE_0000383	0.00565931156479385	0.0569938026532515	0.937346885781955
leaf_1022	0	0	1
NODE_0000384	0.00234993377823334	0.96504856704066	0.032601499181107
leaf_1430	0	1	0
NODE_0000385	0	0.99807368178246	0.00159774345640732
leaf_526	0	1	0
leaf_602	0	1	0
NODE_0000386	0.00319498230381273	0.992827246934747	0.00397777076144032
leaf_1667	0	1	0
leaf_923	1	0	0
NODE_0000393	0	0.999217042936017	0
leaf_874	0	1	0
NODE_0000394	0	0.998785488134855	0
leaf_138	0	1	0
NODE_0000395	0	0.999638580704959	0
leaf_47	0	1	0
leaf_97	0	1	0
NODE_0000387	0.00120621349292589	0.997783532437044	0.00101025407003034
leaf_934	0	1	0
NODE_0000388	0.00468491733930875	0.993271158459651	0.00204392420104
leaf_128	0	1	0
NODE_0000389	0.0210315069237769	0.973243099044292	0.00572539403193131
leaf_737	0.0445861546231262	0.926633526483997	0.0287803188928766
NODE_0000390	0.0307487011095604	0.96399130147994	0.00525999741050002
leaf_106	1	0	0
leaf_373	0	1	0
NODE_0000396	0	0	0.999983289272642
NODE_0000397	0.0105676692966833	0.241974059882658	0.747458270820658
leaf_1852	0	1	0
NODE_0000398	0.0231237359066692	0.166281528212812	0.810594735880519
leaf_676	0	0	1
leaf_1337	0.0590430413918538	0.189720702993954	0.751236255614192
NODE_0000405	0	0	0.999572906634899
leaf_1887	0	0	1
NODE_0000406	0.00446696368504799	0	0.994694062464222
leaf_516	0	0	1
NODE_0000407	0.040771189981498	0.00191321176043187	0.95731559825807
leaf_508	1	0	0
leaf_1040	0	0	1
NODE_0000400	0	0	0.999154425139234
NODE_0000401	0.00163628962516218	0.00112921271811542	0.997234497656722
leaf_1595	0.100513350850241	0.0977638939896593	0.8017227551601
leaf_2114	0	0	1
NODE_0000402	0.010454829565963	0.00649318360897541	0.983051986825062
leaf_1718	0	0	1
NODE_0000403	0.428080441394087	0.337912723943952	0.234006834661962
leaf_755	0	1	0
leaf_757	1	0	0
NODE_0000408	0	0	0.999847573277059
leaf_1910	0	0	1
NODE_0000409	0	0	0.999631007497129
NODE_0000410	0.00124711066090093	0	0.998027542124316
leaf_846	0	0	1
NODE_0000411	0.00734265560723109	0.00535891721235808	0.987298427180411
leaf_541	0	0	1
leaf_989	0.0966370295134585	0.0928762503068002	0.810486720179741
NODE_0000412	0.00251886029204635	0.00155401579846797	0.995927123909486
leaf_915	0.116028892692396	0.113375191271868	0.770595916035736
NODE_0000413	0.00109448900076006	0	0.998717288343865
NODE_0000414	0.013557797672914	0.00173002152288542	0.9847121808042
leaf_104	1	0	0
leaf_662	0	0	1
NODE_0000415	0	0	0.999997697113482
leaf_361	0	0	1
leaf_1425	0	0	1
leaf_359	0	0	1
leaf_1362	0	0	1
NODE_0000419	0.0559560200197662	0.00121778223259801	0.942826197747636
leaf_2395	1	0	0
NODE_0000420	0.0242535153450656	0.00217652192304001	0.973569962731894
NODE_0000421	0.0340169483255441	0.00606295177579609	0.95992009989866
NODE_0000422	0.0224509611430081	0.171808220745114	0.805740818111878
leaf_2145	0	1	0
NODE_0000423	0.0208053437503055	0.0729716516998503	0.906223004549844
leaf_1431	0.0839123977115791	0.127443884762383	0.788643717526038
leaf_1474	0	0	1
NODE_0000425	0.960020680046208	0.00168615365926124	0.0382931662945312
NODE_0000426	0.97769661976108	0.00220541871165685	0.0200979615272638
leaf_2027	0.908597875520241	0.0384681802100706	0.0529339442696889
leaf_2112	1	0	0
NODE_0000427	0.990124508930786	0	0.00946375737270772
NODE_0000428	0.991090648084154	0.00287260599181638	0.0060367459240298
leaf_1307	0.890707124140643	0.0544725392644693	0.0548203365948881
leaf_1728	1	0	0
NODE_0000429	0.993454048756416	0	0.00629437483076775
leaf_1246	1	0	0
leaf_1457	1	0	0
NODE_0000431	0.90965932129273	0.0143043758360313	0.0760363028712389
leaf_720	1	0	0
NODE_0000432	0.486443115316649	0.0975409418098178	0.416015942873533
leaf_1514	0	0	1
NODE_0000433	0.264859801809077	0.505799035620833	0.229341162570089
leaf_196	0.286945158028117	0.469134836671265	0.243920005300618
leaf_715	0	1	0
NODE_0000434	0	0	0.999887342771885
leaf_2209	0	0	1
leaf_1177	0	1	0
NODE_0000435	0	0	0.998949175851823
leaf_619	0	0	1
leaf_1624	0	0	1
NODE_0000438	0.00237530284163963	0	0.997472676942974
leaf_1767	0	0	1
NODE_0000439	0.0331463969433087	0	0.96590052727138
leaf_1833	1	0	0
NODE_0000440	0.00685590880298952	0	0.992250349374784
NODE_0000441	0.00109408891311164	0	0.998600296720944
leaf_809	0	0	1
leaf_1190	0	0	1
NODE_0000442	0.00506798104420784	0.0175327295530483	0.977399289402744
leaf_1043	0	0	1
NODE_0000443	0.00113088806191146	0.991972149670252	0.00689696226783677
leaf_167	0	1	0
leaf_251	0	1	0
NODE_0000444	0.0123478545440396	0.00822581871799898	0.979426326737961
NODE_0000445	0.0395419661025563	0.160487686512992	0.799970347384452
leaf_2227	0.0995824512393809	0.20280931262185	0.697608236138769
NODE_0000446	0.0589760117118642	0.407365252718271	0.533658735569865
leaf_2253	0.0856901583058782	0.408517424468066	0.505792417226056
NODE_0000447	0.0311240507874333	0.815545381905681	0.153330567306885
leaf_69	0	1	0
NODE_0000448	0.01413414496456	0.941160770572098	0.0447050844633421
leaf_824	0.0434977936231673	0.888914929360552	0.067587277016281
leaf_1108	0	1	0
NODE_0000449	0	0.00191407575411727	0.99765790873957
leaf_2349	0	0	1
NODE_0000450	0	0.994232588497349	0.00523190066115372
NODE_0000451	0.0108392052783021	0.982372769125778	0.00678802559591971
leaf_838	0.0766772383044404	0.855705742800688	0.0676170188948712
NODE_0000452	0.0115036076581128	0.985465868341447	0.00303052400043975
leaf_320	0	1	0
NODE_0000453	0.0305272879767326	0.965255638128115	0.00421707389515219
leaf_557	0	1	0
NODE_0000454	0.964289417246106	0.0308829703916473	0.00482761236224634
leaf_67	1	0	0
leaf_283	1	0	0
NODE_0000456	0	0.9981042351484	0.00182649133691885
NODE_0000457	0	0.999083123887065	0
leaf_170	0	1	0
leaf_1163	0	1	0
NODE_0000459	0.00155685842408848	0.949178494935181	0.0492646466407301
leaf_1366	0	1	0
leaf_1685	0	0	1
NODE_0000460	0	0.999572455728529	0
leaf_485	0	1	0
NODE_0000461	0	0.99970382444852	0
leaf_401	0	1	0
NODE_0000462	0	0.999407827749117	0
leaf_234	0	1	0
leaf_22	0	0	1
leaf_264	0	1	0
NODE_0000464	0	0.999723050828544	0
NODE_0000465	0	0.999988396065781	0
leaf_2071	0	1	0
leaf_1629	0	1	0
NODE_0000467	0.00108370324352629	0.997788835034718	0.00112746172175595
leaf_1674	0	1	0
leaf_1726	0.0263418938179383	0.949180272877487	0.0244778333045744
NODE_0000468	0	0.999986778245224	0
leaf_867	0	1	0
leaf_2036	0.025344957485735	0.951196403195123	0.0234586393191425
leaf_1968	0	1	0
NODE_0000471	0	0.999870729475439	0
NODE_0000472	0	0.999501828475107	0
leaf_630	0	1	0
NODE_0000971	0.00100942454608766	0.99792986077953	0.00106071467438292
leaf_787	0	1	0
leaf_347	0.0503084281629523	0.903347261510947	0.0463443103261006
NODE_0000475	0	0.999242323600523	0
leaf_1097	0	1	0
NODE_0000476	0.0026727578631758	0.994570877525727	0.00275636461109745
leaf_27	0.122740718195319	0.766637385166358	0.110621896638322
leaf_273	0	1	0
NODE_0000477	0.00510055076187855	0.993106296233591	0.0017931530045301
NODE_0000478	0.986892191044668	0.011508940767701	0.00159886818763135
leaf_674	1	0	0
leaf_792	1	0	0
NODE_0000480	0.0045986588010462	0.944307521741379	0.0510938194575752
leaf_302	0	0	1
leaf_751	0	1	0
NODE_0000481	0	0.99912041156738	0
leaf_631	0	1	0
leaf_652	0	1	0
NODE_0000483	0	0	0.999822261910132
leaf_2320	0	0	1
NODE_0000484	0	0	0.999987617246938
NODE_0000485	0.00591737941490981	0.00410960625133758	0.989973014333753
leaf_1112	0.153708507451585	0.152776133600763	0.693515358947651
NODE_0000486	0.00352794113059212	0.00216484601233049	0.994307212857077
leaf_402	0.183267889917766	0.185669162851164	0.631062947231069
leaf_397	0	0	1
leaf_1258	0	0	1
NODE_0000489	0	0	0.999750843560199
NODE_0000490	0	0	0.999275875052816
NODE_0000491	0	0	0.999487210119555
leaf_2221	0	0	1
NODE_0000492	0	0	0.99853356549914
leaf_343	0	0	1
leaf_714	0	0	1
NODE_0000493	0.0107429878666739	0	0.988555069389029
leaf_2190	0	0	1
NODE_0000494	0.963924498518952	0.00207918791841778	0.0339963135626299
leaf_763	1	0	0
leaf_1388	1	0	0
NODE_0000495	0.0017271481338609	0	0.998194805830617
NODE_0000496	0	0	0.999762902277509
leaf_2047	0	0	1
NODE_0000497	0	0	0.999479068027545
leaf_1804	0	0	1
NODE_0000498	0.00452440639001546	0.00329862658288934	0.992176967027095
leaf_1023	0.0670218325417419	0.0636875712651934	0.869290596193065
leaf_1333	0.04169553701956	0.0388793131343966	0.919425149846043
leaf_588	0.116036706009932	0.113268222789684	0.770695071200384
leaf_744	0	0	1
NODE_0000501	0.0272217279179903	0	0.972750309836318
leaf_1744	1	0	0
leaf_2208	0	0	1
leaf_2077	1	0	0
NODE_0000504	0	0	0.999328286335325
leaf_1760	0	0	1
NODE_0000505	0	0	0.999284332765658
NODE_0000506	0	0	0.999560034601156
leaf_293	0	0	1
leaf_1262	0	0	1
NODE_0000507	0.00147965683265311	0.0182156810213283	0.980304662146019
leaf_833	0	1	0
leaf_1288	0	0	1
NODE_0000508	0	0	0.999761194027696
NODE_0000509	0	0	0.999330031077703
leaf_1236	0.105644426969759	0.103206800711478	0.791148772318764
leaf_1420	0	0	1
NODE_0000511	0	0	0.999546827374377
leaf_1020	0	0	1
NODE_0000512	0	0.0010062616861231	0.998529795087618
NODE_0000513	0.00209813577147571	0.0172726570171801	0.980629207211344
leaf_567	0	1	0
leaf_1150	0	0	1
NODE_0000514	0.00316470983013312	0.00252483150083337	0.994310458669034
leaf_873	0.069559827940671	0.0666451719237097	0.863795000135619
NODE_0000515	0.00249235027844082	0.00165154457005065	0.995856105151508
leaf_349	0	0	1
NODE_0000516	0	0	0.999570393605981
leaf_115	0	0	1
leaf_194	0	0	1
NODE_0000517	0	0	0.999918330624366
leaf_2286	0	0	1
NODE_0000518	0	0	0.998884104565415
leaf_1878	0	0	1
NODE_0000519	0.00340552150274887	0.021572259902491	0.97502221859476
leaf_1432	0	0	1
NODE_0000520	0.0304527305070027	0.485971167543102	0.483576101949896
leaf_152	0.154647405229487	0.460801070373772	0.384551524396741
leaf_707	0	1	0
NODE_0000522	0.0323139015038408	0.0309390728798672	0.936747025616292
NODE_0000523	0.0319798033825797	0.645471710323885	0.322548486293536
leaf_1397	0.072971241261098	0.616112730760126	0.310916027978776
leaf_1680	0	1	0
NODE_0000524	0.0609986085705148	0.00997048146318883	0.929030909966296
NODE_0000525	0.00255078351390257	0	0.997056264104153
leaf_1565	0	0	1
leaf_1784	0	0	1
NODE_0000526	0.941190815929305	0.00182449569336485	0.05698468837733
leaf_1165	1	0	0
NODE_0000527	0.995985242288866	0	0.00382139804686356
leaf_1149	1	0	0
leaf_1493	1	0	0
NODE_0001147	0.00241275317181167	0	0.997513096202153
NODE_0001148	0	0	0.99984527353537
leaf_2426	0	0	1
leaf_2427	0	0	1
NODE_0001150	0.00102389189507418	0.0024729048359401	0.996503203268986
leaf_2418	0	0	1
NODE_0001151	0.00224497573483602	0.0459943447734467	0.951760679491717
leaf_2423	0	1	0
NODE_0001152	0	0	0.999999898163791
NODE_0001153	0.00428630313009332	0.932788423133551	0.0629252737363557
leaf_1174	0	1	0
NODE_0001154	0.00324056012968932	0.926254968615674	0.0705044712546371
leaf_618	0	0	1
leaf_1156	0	1	0
NODE_0001157	0	0	0.999853938714677
leaf_2414	0	0	1
NODE_0001158	0.00127608158754082	0	0.997968614126553
leaf_2364	0	0	1
NODE_0001159	0.00224507953031778	0.00135849626188899	0.996396424207793
leaf_350	0	0	1
NODE_0001160	0	0	0.99955275257561
leaf_1286	0	0	1
leaf_1346	0	0	1
NODE_0001220	0.0594247942923188	0.00227403713056528	0.938301168577116
NODE_0001221	0.957575860104407	0.001439672757587	0.0409844671380063
leaf_2366	1	0	0
leaf_2399	1	0	0
NODE_0001222	0.00101543816507351	0	0.998838521259536
leaf_2376	0	0	1
NODE_0001223	0	0	0.999174213740334
leaf_2338	0	0	1
NODE_0001224	0.20063060593959	0.00417572098897588	0.795193673071434
leaf_2325	1	0	0
NODE_0001225	0.105473911520119	0.021550241438684	0.872975847041197
leaf_1026	0	0	1
leaf_1859	0.132267743519612	0.055184342903597	0.812547913576791
NODE_0001227	0	0	0.998598189326341
leaf_1703	0	0	1
NODE_0001228	0.00309997148883251	0.00212063866555983	0.994779389845608
leaf_1932	0.051207288648878	0.0482906459665846	0.900502065384537
NODE_0001229	0	0	0.999508066373302
leaf_1316	0	0	1
leaf_1561	0	0	1
NODE_0001230	0	0	0.999704098248506
leaf_2401	0	0	1
NODE_0001231	0	0	0.999641171960369
NODE_0001232	0	0	0.999591289203352
leaf_2346	0	0	1
NODE_0001233	0.00334523236136122	0.00680691506515032	0.989847852573489
leaf_2328	0.0405917041709829	0.0420952435263105	0.917313052302707
NODE_0001234	0.00278971493669737	0.0125833813790933	0.984626903684209
leaf_1321	0	0	1
NODE_0001235	0.00447420978671101	0.0848944858678045	0.910631304345485
leaf_1614	0	0	1
NODE_0001236	0.00137966499356578	0.96364147825975	0.0349788567466845
leaf_1445	0	1	0
leaf_1460	0	1	0
NODE_0001237	0	0	0.999810496769604
NODE_0001238	0.0170553205130529	0.0133457172435306	0.969598962243416
leaf_2137	0.0528423899624728	0.0480259172737505	0.899131692763777
NODE_0001239	0.00122349352029722	0	0.998032598806762
leaf_137	0	0	1
leaf_148	0	0	1
NODE_0001241	0	0	0.99970141907431
leaf_1665	0	0	1
leaf_249	0	0	1
leaf_463	0	0	1
NODE_0001243	0	0	0.999722885329951
leaf_2198	0	0	1
NODE_0001244	0	0	0.99966476127929
leaf_1198	0	0	1
leaf_925	0.0762860214794476	0.0736465251021107	0.850067453418442
leaf_1241	0	0	1
NODE_0001247	0	0	0.999866989909564
leaf_2417	0	0	1
NODE_0001248	0	0.00112210710162463	0.997884937593837
leaf_2385	0	0	1
NODE_0001249	0.00787549280979879	0.0531077648036716	0.93901674238653
NODE_0001250	0.0242000498524946	0.66754169759843	0.308258252549076
leaf_272	0	1	0
NODE_0001251	0	0.996366531069234	0.00295717954021259
leaf_678	0	1	0
NODE_0001252	0	0.999436342364114	0
leaf_205	0	1	0
leaf_514	0	1	0
NODE_0001253	0.00191628989699151	0.0055460300523293	0.992537680050679
leaf_1855	0.0705289999421232	0.0712338960425208	0.858237104015356
NODE_0001255	0.00266386551214623	0.0036986781772681	0.993637456310586
leaf_1272	0.0972807602401122	0.0957726533728818	0.806946586387006
leaf_1925	0	0	1
NODE_0001256	0.00263612173948831	0	0.997192595158969
leaf_1376	0	0	1
NODE_0001257	0.933792887855966	0.00239864779816512	0.0638084643458687
leaf_604	1	0	0
leaf_1034	1	0	0
NODE_0001259	0	0	0.999961535702083
leaf_1657	0	0	1
NODE_0001261	0.005867293726646	0.00437652426059793	0.989756182012756
leaf_399	0	0	1
leaf_1201	0.0428900854334429	0.039860608421133	0.917249306145424
NODE_0001262	0	0	0.999742086033152
leaf_546	0	0	1
leaf_1271	0	0	1
NODE_0001161	0	0	0.999284731740322
NODE_0001162	0	0	0.998719869742486
NODE_0001163	0.00451411157352287	0.00315611824164984	0.992329770184827
leaf_2158	0	0	1
NODE_0001164	0.125292433921693	0.12280218041744	0.751905385660867
leaf_839	0.186196231264736	0.189022401295355	0.624781367439909
leaf_497	0.208228106624668	0.214527089481957	0.577244803893375
leaf_1613	0.148845031283267	0.147784567256791	0.703370401459942
NODE_0001166	0.00208705563132139	0	0.997878221138713
leaf_2272	1	0	0
NODE_0001167	0	0	0.999117172492421
NODE_0001168	0	0	0.999636015470346
leaf_1714	0	0	1
leaf_2065	0	0	1
NODE_0001169	0.00248924847709835	0.00161203742759911	0.995898714095303
leaf_2327	0.0398858417254642	0.0373436154134437	0.922770542861092
NODE_0001170	0	0	0.999614232890675
leaf_2144	0	0	1
NODE_0001171	0.00148345701841344	0.00104803795933271	0.997468505022254
leaf_2079	0	0	1
NODE_0001172	0.0389881532899708	0.0368313670529751	0.924180479657054
leaf_1604	0.0990802159224696	0.0963558299355195	0.804563954142011
NODE_0001173	0.0722799716775958	0.0694358767406642	0.85828415158174
leaf_50	0.253444608053192	0.27123117858093	0.475324213365878
leaf_1107	0.146777275492121	0.146089540058726	0.707133184449153
NODE_0001175	0.00289116778499744	0	0.996859708407975
NODE_0001176	0	0	0.999482735979233
leaf_2069	0	0	1
NODE_0001177	0	0	0.999007914892459
leaf_288	0	0	1
leaf_2044	0	0	1
NODE_0001178	0.0275389485945697	0.00331845174894496	0.969142599656485
leaf_1083	0	0	1
NODE_0001179	0.127911925515522	0.015107330061348	0.856980744423129
NODE_0001180	0.940099373679536	0.00177155887150315	0.058129067448961
leaf_2009	1	0	0
leaf_2261	1	0	0
NODE_0001181	0.0541464565930648	0.066094830056614	0.879758713350321
leaf_1778	0	1	0
NODE_0001182	0.00282907245245378	0.00257055304648797	0.994600374501058
leaf_1324	0	0	1
leaf_1904	0	0	1
NODE_0001183	0.00168525292129257	0	0.998169831821799
NODE_0001184	0	0	0.999861451689924
leaf_2363	0	0	1
NODE_0001185	0	0	0.999852763882539
leaf_2280	0	0	1
NODE_0001186	0	0	0.999582821709589
leaf_2263	0.0543569361303096	0.0519987090909474	0.893644354778743
leaf_1560	0	0	1
leaf_2342	0	0	1
NODE_0001188	0.0184255187029193	0	0.9808527952119
NODE_0001189	0	0	0.998990218270435
leaf_982	0	0	1
NODE_0001190	0	0	0.999534380708895
leaf_1918	0	0	1
NODE_0001191	0	0	0.999608391543537
leaf_1954	0	0	1
NODE_0001192	0.00348439457053917	0.00254548079285299	0.993970124636608
leaf_994	0.064128594342909	0.0610300439278013	0.87484136172929
leaf_1462	0	0	1
NODE_0001194	0.00202845660171307	0	0.997540276658948
NODE_0001195	0.0593445531618427	0.00547171226009577	0.935183734578062
leaf_370	1	0	0
leaf_865	0	0	1
NODE_0001196	0	0	0.999379459398329
leaf_1168	0	0	1
leaf_1999	0	0	1
NODE_0001197	0.490960932624908	0.0130337236657992	0.496005343709293
leaf_2159	0.462089114459065	0.0918135060902653	0.44609737945067
NODE_0001198	0.970285222218252	0	0.0287707428583291
NODE_0001199	0.995772181987465	0	0.00411484352922476
NODE_0001200	0.998056388033824	0	0.00163902302395681
leaf_1047	1	0	0
NODE_0001201	0.996777668600881	0.00108835724068603	0.00213397415843324
leaf_1587	0.88780190891648	0.056909221391958	0.0552888696915615
leaf_1940	1	0	0
NODE_0001202	0.993464695379196	0	0.00634229484820423
NODE_0001203	0.993869269289664	0.00164701401385829	0.00448371669647732
leaf_1009	0.841031396946615	0.0807919296794793	0.0781766733739056
leaf_1633	1	0	0
NODE_0001204	0.96180745921776	0	0.0374864593810714
leaf_2002	1	0	0
NODE_0001205	0.169984828150594	0.0035423993507615	0.826472772498644
leaf_1414	0	0	1
NODE_0001206	0.00208556783962257	0	0.997670970509816
leaf_692	0	0	1
leaf_1008	0	0	1
NODE_0001207	0.998514569425323	0	0.00140583969219891
leaf_2307	1	0	0
NODE_0001208	0.999277464256812	0	0
NODE_0001209	0.99811944503215	0	0.00126803844617476
leaf_727	1	0	0
NODE_0001210	0.998556831866932	0	0
leaf_582	1	0	0
NODE_0001211	0.999707031825066	0	0
leaf_376	1	0	0
leaf_641	1	0	0
NODE_0001212	0.99951955314367	0	0
leaf_1245	1	0	0
NODE_0001213	0.999968093220996	0	0
leaf_1599	1	0	0
NODE_0001214	0.999775647784818	0	0
leaf_990	1	0	0
leaf_1710	1	0	0
NODE_0001216	0.978953013141263	0	0.0200793423349641
leaf_215	1	0	0
NODE_0001217	0.941900241564258	0	0.0571735936051701
leaf_699	1	0	0
leaf_724	0	0	1
NODE_0001263	0.00154987896242891	0	0.998299448657316
NODE_0001264	0.0397382033376988	0.00109231466515625	0.959169481997145
leaf_2371	0	0	1
NODE_0001265	0.588285210457559	0.00561481039491184	0.406099979147529
leaf_1841	1	0	0
NODE_0001267	0.612328273114138	0.0027843613178208	0.384887365568041
leaf_2026	0	0	1
leaf_2301	1	0	0
NODE_0001268	0.63490892671004	0.0691439209844811	0.295947152305478
NODE_0001269	0.446438195850359	0.333373526470383	0.220188277679258
NODE_0001270	0.411318176256123	0.351972452840665	0.236709370903212
leaf_1367	0.401454049292813	0.3574351758115	0.241110774895687
leaf_1717	0.403280715489537	0.356414292031606	0.240304992478858
NODE_0001271	0.018371467352532	0.970112727472051	0.011515805175417
NODE_0001272	0	0.998497649121124	0
leaf_1035	0	1	0
leaf_1073	0	1	0
NODE_0001273	0.00556766450763839	0.990468059623963	0.00396427586839876
leaf_1538	0	1	0
NODE_0001274	0.00175016591891968	0.996360719580669	0.0018891145004108
leaf_28	0	1	0
leaf_111	0	1	0
NODE_0001275	0.908558416511087	0.00578861829133088	0.0856529651975818
leaf_1409	1	0	0
NODE_0001276	0.903824782049902	0.00463717345152994	0.0915380444985684
leaf_954	0	0	1
NODE_0001277	0.985749358125306	0.00516826540018116	0.00908237647451319
leaf_1027	0	1	0
leaf_1125	1	0	0
NODE_0001279	0.998376406785975	0	0.00112654489633327
leaf_775	1	0	0
NODE_0001280	0.99683572591264	0.00122141107317667	0.00194286301418357
leaf_756	0.934237468732232	0.0330339605888364	0.0327285706789312
leaf_816	1	0	0
NODE_0001281	0	0	0.999595933149977
NODE_0001282	0.118980840038947	0.0103141427846837	0.87070501717637
NODE_0001283	0.809601677159222	0.0656597944045247	0.124738528436254
leaf_1496	1	0	0
NODE_0001284	0.798791248979725	0.147244714488418	0.0539640365318574
leaf_1306	1	0	0
NODE_0001285	0.120119222706151	0.865380180880969	0.0145005964128806
leaf_460	0	1	0
leaf_1082	0	1	0
NODE_0001286	0.104327843069678	0.0111884263436214	0.8844837305867
leaf_2355	0	0	1
leaf_1144	0	1	0
NODE_0001288	0.910826499552857	0.00804373026028349	0.0811297701868589
leaf_1441	1	0	0
NODE_0001289	0.995817903748836	0.00114967939603277	0.00303241685513115
leaf_29	1	0	0
leaf_89	1	0	0
NODE_0001291	0.0031135878628337	0.00202643408914144	0.994859978048025
leaf_2387	0.0404422841844159	0.0377204438613833	0.921837271954201
NODE_0001292	0	0	0.999286156002621
NODE_0001293	0	0	0.999233136101746
leaf_1671	0	0	1
NODE_0001294	0	0.00180359655612475	0.997499288794374
leaf_2156	0	0	1
leaf_941	0	0	1
NODE_0001296	0.0696850103788206	0.365506023348852	0.564808966272327
leaf_2058	0	1	0
NODE_0001297	0.240951119267626	0.306449700554753	0.45259918017762
leaf_507	1	0	0
leaf_1693	0.254536098858098	0.319141355976508	0.426322545165394
NODE_0001298	0.00262108145737259	0	0.997256623910465
NODE_0001299	0.024684390826993	0.00195442930558396	0.973361179867423
leaf_1849	0	0	1
NODE_0001300	0.958614470754448	0.00303900039988715	0.0383465288456644
leaf_427	1	0	0
leaf_1218	1	0	0
NODE_0001302	0.0017834000580311	0.00278653367703461	0.995430066264934
leaf_847	0	0	1
NODE_0001303	0.00259299983588643	0.0114832117282123	0.985923788435901
leaf_227	0	1	0
leaf_857	0	0	1
NODE_0001304	0.0854321821047498	0.00702992270644044	0.90753789518881
NODE_0001305	0.0839259112536556	0.00961913143412614	0.906454957312218
leaf_10	1	0	0
NODE_0001306	0.0485719241128607	0.00813954427686174	0.943288531610278
leaf_87	0.146547885832079	0.116486862742313	0.736965251425608
leaf_266	0	0	1
NODE_0001307	0.176644132004848	0.0133291013351038	0.810026766660048
leaf_281	0.233740307338648	0.116096438091562	0.650163254569791
NODE_0001308	0.246651173754533	0.00678720439508296	0.746561621850384
leaf_182	0	0	1
leaf_308	1	0	0
NODE_0001309	0	0	0.999925929219136
NODE_0001310	0	0	0.99977184815607
NODE_0001311	0	0	0.998947628345119
leaf_1531	0	0	1
leaf_2118	0	0	1
NODE_0001312	0	0	0.99993850804635
NODE_0001314	0.00249269924172652	0.00181392240961073	0.995693378348663
leaf_2276	0	0	1
leaf_2293	0.0398864568400369	0.0375283931927835	0.92258514996718
NODE_0001315	0.001910652091176	0.00353968321264969	0.994549664696174
NODE_0001316	0	0	0.999281661771039
leaf_1299	0	0	1
NODE_0001317	0	0	0.999661889544711
leaf_616	0	0	1
leaf_1110	0	0	1
NODE_0001318	0.00481450972306819	0.0413098640279258	0.953875626249006
leaf_1226	0	0	1
NODE_0001319	0.0233263640341443	0.566439973822098	0.410233662143758
leaf_193	0.137140749285077	0.515683658158848	0.347175592556074
NODE_0001320	0.00509674051386127	0.958471695497956	0.0364315639881829
NODE_0001321	0	0.996653601756518	0.00266617548540839
leaf_81	0	1	0
leaf_452	0	1	0
NODE_0001322	0.00493521640087729	0.98812726615643	0.0069375174426924
leaf_806	0	1	0
NODE_0001323	0.0814764965848021	0.91405085863757	0.00447264477762747
leaf_213	1	0	0
leaf_256	0	1	0
NODE_0001324	0	0.00157697833688916	0.997737425474399
leaf_2055	0	0	1
NODE_0001325	0.00359472454212323	0.0150060182116227	0.981399257246254
NODE_0001326	0.119614817968298	0.126566893974073	0.753818288057629
leaf_1311	0.152913338950803	0.160894520917931	0.686192140131266
leaf_1682	0.143691995931695	0.151253090742376	0.705054913325929
NODE_0001327	0.00300916450944359	0.0265786226545939	0.970412212835963
NODE_0001328	0.00701069556401807	0.0110220150068148	0.981967289429167
leaf_829	0.105547919141655	0.106750956650344	0.787701124208001
leaf_1349	0	0	1
NODE_0001329	0.00551115726470911	0.121073594275872	0.873415248459418
leaf_1369	0	1	0
NODE_0001330	0.00720273831620599	0.123895415140962	0.868901846542832
leaf_767	0	1	0
NODE_0001331	0.00320289383373221	0.0069315492190956	0.989865556947172
NODE_0001332	0.00436364194946418	0.00476346250067496	0.990872895549861
leaf_988	0.0415328835118042	0.0402207611926894	0.918246355295506
NODE_0001333	0	0	0.998427493558553
leaf_107	0	0	1
leaf_609	0	0	1
NODE_0001334	0.00540745841019495	0.00173301971105678	0.992859521878748
leaf_520	0	0	1
NODE_0001335	0.03406108446474	0.00398011542310638	0.961958800112154
leaf_156	1	0	0
leaf_219	0	0	1
NODE_0001337	0.00166750989759046	0.00807754795469891	0.990254942147711
NODE_0001338	0.0243584420974791	0.461620950988695	0.514020606913826
NODE_0001339	0.0325841921412413	0.473804812342176	0.493610995516582
leaf_410	0.173690810963976	0.449901234023255	0.376407955012768
NODE_0001340	0.037074464141015	0.486638810186388	0.476286725672597
leaf_1761	0.0651879316715262	0.481131266368354	0.453680801960119
NODE_0001341	0.0293463252652434	0.529238164023541	0.441415510711216
NODE_0001342	0	0.00264501889621107	0.996405906257853
leaf_96	0	0	1
leaf_124	0	0	1
NODE_0001343	0.0202400692083596	0.847370230515134	0.132389700276506
leaf_133	0.098781875684009	0.735112722297735	0.166105402018256
leaf_561	0	1	0
NODE_0001344	0.0327733666823172	0.605209038678989	0.362017594638694
leaf_1590	0.0826871730751211	0.576245984659705	0.341066842265174
NODE_0001345	0	0.994409296731278	0.00475332146292006
leaf_1075	0	1	0
NODE_0001346	0	0.999673923778399	0
leaf_944	0	1	0
leaf_1081	0	1	0
NODE_0001348	0.00476564499623583	0.849532712625947	0.145701642377817
leaf_173	0	1	0
leaf_254	0	0	1
NODE_0001349	0	0	0.999647253043776
NODE_0001350	0	0	0.999897120552992
NODE_0001351	0	0	0.999743326361159
leaf_2111	0	0	1
NODE_0001352	0	0	0.999638642065208
leaf_1621	0	0	1
NODE_0001353	0	0	0.999652216297996
leaf_1060	0	0	1
leaf_2063	0	0	1
NODE_0001354	0	0	0.999631360991349
NODE_0001355	0.00126337160932044	0.00746251610926882	0.991274112281411
leaf_2200	0	0	1
NODE_0001356	0.0061737910789401	0.939715761673015	0.0541104472480448
leaf_759	0	1	0
NODE_0001357	0	0.998129222901751	0.00157227716030147
leaf_803	0	1	0
leaf_908	0	1	0
NODE_0001358	0	0	0.999589100715045
NODE_0001359	0	0	0.999679293659251
leaf_1419	0	0	1
leaf_2046	0	0	1
NODE_0001360	0.00345583038286074	0.00250215901136358	0.994042010605776
leaf_1840	0.0713420078148553	0.0681545973996727	0.860503394785472
NODE_0001361	0	0	0.999493454556905
leaf_1313	0	0	1
leaf_1370	0	0	1
NODE_0001362	0	0	0.999993585603573
NODE_0001363	0.00196511219273385	0.00142343566930588	0.99661145213796
leaf_2170	0	0	1
leaf_2220	0.0394167417717086	0.0371730656773423	0.923410192550949
NODE_0001365	0	0	0.999989888218905
leaf_2181	0	0	1
leaf_1906	0	0	1
NODE_0001367	0	0	0.999130334560641
NODE_0001368	0.0129962112200501	0.00322231476574772	0.983781474014202
leaf_1646	0	0	1
NODE_0001369	0.113482021165613	0.0319139250809229	0.854604053753464
leaf_939	1	0	0
NODE_0001370	0.0839807373458123	0.103019634261651	0.812999628392536
leaf_119	0	0	1
NODE_0001371	0.0422734284791839	0.746559787574673	0.211166783946143
leaf_368	0.0664861126125914	0.719058935347781	0.214454952039628
leaf_441	0	1	0
NODE_0001372	0.00175469198015588	0.00116261717019903	0.997082690849645
leaf_2197	0.0392306982269436	0.0369351668636638	0.923834134909392
NODE_0001373	0	0	0.999724312119074
leaf_2095	0	0	1
NODE_0001374	0.00112919220086064	0	0.998216634235336
leaf_878	0	0	1
NODE_0001375	0.00105444232045008	0	0.998333500737391
leaf_760	0	0	1
leaf_416	0	0	1
leaf_1133	0.0386076581284387	0.0364340054523844	0.924958336419177
NODE_0001377	0	0	0.999911767472305
leaf_2034	0.0734637007615908	0.070892186947171	0.855644112291238
NODE_0001378	0	0	0.999521507081446
leaf_1459	0	0	1
leaf_2010	0	0	1
NODE_0001380	0	0	0.999906202176272
leaf_1763	0	0	1
leaf_2183	0	0	1
NODE_0001383	0.00147930060928391	0.0219364256319893	0.976584273758727
leaf_1969	0	0	1
NODE_0001384	0.008682111175448	0.77201875067709	0.219299138147462
NODE_0001385	0.0203129531769407	0.78534126576661	0.19434578105645
leaf_108	0	1	0
leaf_1781	0.0462561086654098	0.754644091204307	0.199099800130283
NODE_0001386	0	0.999882431168982	0
leaf_1401	0	1	0
leaf_1297	0	1	0
NODE_0001388	0.0100024581685534	0.988635737927898	0.00136180390354838
leaf_1543	0	1	0
NODE_0001389	0.310613712739509	0.664599131065379	0.0247871561951116
leaf_870	0.307161243308332	0.616665022671752	0.0761737340199161
leaf_929	1	0	0
NODE_0001391	0	0.999853785608572	0
NODE_0001392	0	0.998106524069093	0
leaf_1516	0.0261951489813315	0.94947169451839	0.0243331565002778
leaf_1670	0	1	0
NODE_0001393	0	0.999898901379466	0
leaf_1216	0	1	0
NODE_0001394	0	0.9994058490105	0
leaf_1195	0	1	0
NODE_0001395	0.0159754787923001	0.968024025019046	0.0160004961886542
leaf_37	0	1	0
leaf_250	0.059568650379213	0.884857029555272	0.0555743200655154
NODE_0001396	0.00234224160410924	0.0681430145902435	0.929514743805647
NODE_0001397	0.00367115472839204	0.102921544421678	0.89340730084993
NODE_0001398	0.03898514840018	0.598862236406253	0.362152615193567
leaf_940	0	1	0
leaf_1145	0.0767487249316831	0.577317856069694	0.345933418998623
NODE_0001399	0.00344476378265699	0.0948119209042721	0.901743315313071
leaf_912	0	1	0
NODE_0001400	0	0.0082306407317814	0.990890133479099
leaf_1724	0	0	1
NODE_0001401	0.00374764533828541	0.00482591179448462	0.99142644286723
leaf_1239	0	0	1
leaf_1248	0.0409780667845372	0.0402803712635278	0.918741561951935
NODE_0001402	0.0142761981179441	0.356741053723682	0.628982748158374
NODE_0001403	0.00948462148022499	0.0576133713313967	0.932902007188378
leaf_82	0	0	1
NODE_0001404	0.00255895433901848	0.0194321693446222	0.978008876316359
leaf_34	0	0	1
NODE_0001405	0.00791189275873399	0.068355850179894	0.923732257061372
leaf_7	0	0	1
leaf_9	0	1	0
NODE_0001406	0.00240538835839681	0.952439053754372	0.0451555578872312
leaf_44	0.140499820022686	0.713827379349498	0.145672800627815
leaf_745	0	1	0
NODE_0001408	0.00297520048843927	0.973057759158444	0.0239670403531162
leaf_447	0.0306426882097345	0.922339858190421	0.0470174535998445
NODE_0001409	0	0.99735815845929	0.00224884537755568
leaf_183	0	1	0
leaf_472	0	1	0
NODE_0001410	0.00729807657466865	0.00633269263548702	0.986369230789844
NODE_0001411	0.00154831270665787	0.00104164679806424	0.997410040495278
NODE_0001412	0.00122116930647827	0	0.99806733445421
leaf_2173	0	0	1
NODE_0001413	0.0106194344933321	0.00773004045442076	0.981650525052247
leaf_1927	0.0471229734073796	0.042911296563651	0.909965730028969
NODE_0001414	0.00855578975942715	0.0061390405516568	0.985305169688916
leaf_1707	0.0452864778438406	0.0414632078301709	0.913250314325989
NODE_0001415	0.00243962299168916	0.00149205170429882	0.996068325304012
NODE_0001416	0	0	0.999685885282286
leaf_817	0	0	1
leaf_1122	0	0	1
NODE_0001417	0.0270177897401554	0.0208209465936972	0.952161263666147
leaf_221	0.06171080500365	0.054828626618144	0.883460568378206
NODE_0001418	0.00154807218077637	0	0.997515249634323
leaf_18	0	0	1
leaf_23	0	0	1
NODE_0001419	0	0	0.999808210464668
leaf_2357	0	0	1
NODE_0001420	0	0	0.99977333315795
NODE_0001421	0	0	0.999287197347341
NODE_0001422	0	0	0.9990738907505
leaf_500	0	0	1
leaf_1569	0	0	1
NODE_0001423	0	0	0.999231835257794
leaf_858	0	0	1
leaf_1549	0	0	1
NODE_0001424	0	0	0.999325753204053
leaf_1948	0	0	1
NODE_0001425	0.00222577958808689	0.00500326467234418	0.992770955739569
NODE_0001426	0	0	0.999539602025596
leaf_1930	0	0	1
NODE_0001427	0	0	0.99995999894538
leaf_947	0	0	1
leaf_393	0	0	1
leaf_1329	0	0	1
NODE_0001429	0.0407907363428121	0.137082427270607	0.822126836386581
leaf_1524	0	1	0
NODE_0001430	0.0997440927821302	0.130400829664888	0.769855077552982
leaf_1016	0.179885160871119	0.20799993222664	0.61211490690224
NODE_0001431	0.147654134399327	0.121651758903321	0.730694106697352
NODE_0001432	0.0984551141759718	0.0816081282764911	0.819936757547537
leaf_646	0	0	1
leaf_1067	0.130040069510079	0.11542668755993	0.754533242929991
NODE_0001433	0.401582920098811	0.182187184041237	0.416229895859953
leaf_1283	1	0	0
NODE_0001434	0.187012076659138	0.622201188275927	0.190786735064934
leaf_579	0	1	0
leaf_1044	0.198201605108773	0.604654434073887	0.19714396081734
NODE_0001435	0.36770993829913	0.448832925807866	0.183457135893004
NODE_0001436	0.0286167951912446	0.953614352765785	0.0177688520429699
NODE_0001437	0.00241828641730958	0.995766436625189	0.00181527695750163
leaf_1974	0	1	0
NODE_0001438	0.00259943784797221	0.994921345179641	0.00247921697238714
leaf_1708	0	1	0
leaf_1773	0.0277405408904068	0.946549547370512	0.0257099117390808
NODE_0001439	0.00661536712776566	0.987837619078383	0.00554701379385104
leaf_1941	0	1	0
NODE_0001440	0.00803292012447073	0.982205552014584	0.00976152786094537
leaf_1898	0.0327843335773444	0.934888797456435	0.032326868966221
NODE_0001441	0.00141857889564816	0.99076460088948	0.00781682021487152
leaf_290	0	1	0
NODE_0001442	0	0.984820544913562	0.0145385697073185
NODE_0001443	0	0.995168433197022	0.00423759685946119
leaf_226	0	1	0
leaf_384	0	1	0
NODE_0001444	0.00137458111327389	0.839102791086964	0.159522627799762
leaf_587	0	0	1
leaf_927	0	1	0
NODE_0001446	0.00428454226434825	0.0219520222626839	0.973763435472968
NODE_0001447	0	0	0.999520202730652
leaf_36	0	0	1
leaf_39	0	0	1
NODE_0001448	0.00101308186821926	0.0028650646352516	0.996121853496529
leaf_73	0	0	1
NODE_0001449	0	0	0.999288127894936
leaf_30	0	0	1
NODE_0001450	0.00261206621010666	0.00189855725598935	0.995489376533904
leaf_6	0.0935904836460239	0.0906136105023847	0.815795905851592
leaf_17	0	0	1
NODE_0001451	0.8092228426864	0.189600528780881	0.00117662853271939
leaf_2322	1	0	0
NODE_0001487	0.994536232039135	0.0039557725777875	0.00150799538307782
NODE_0001493	0.992459227659833	0.00386642103788593	0.00367435130228075
leaf_1780	0.89596908583617	0.0531736653402552	0.0508572488235744
leaf_1824	1	0	0
NODE_0001488	0.999159073664502	0	0
leaf_2187	1	0	0
NODE_0001489	0.995486950716482	0	0.00396952354877578
leaf_1584	1	0	0
NODE_0001490	0.909165837292337	0.00485374810594654	0.085980414601716
leaf_261	0	0	1
leaf_306	1	0	0
NODE_0001494	0.442529087473738	0.545863257736369	0.0116076547898928
NODE_0001495	0.36531826091158	0.625207974236577	0.0094737648518431
leaf_613	1	0	0
leaf_1453	0	1	0
NODE_0001496	0.160434737410296	0.82193552017876	0.0176297424109434
leaf_446	0.207249984249547	0.685697541674446	0.107052474076008
NODE_0001497	0.029017076928822	0.966225405966215	0.0047575171049628
leaf_490	0	1	0
leaf_828	0	1	0
NODE_0001499	0.901144093997659	0.00461219072285904	0.0942437152794823
leaf_1732	0.84812757715493	0.0365179782104037	0.115354444634666
leaf_209	0	0	1
NODE_0001501	0.905094047536426	0.00271188130941001	0.0921940711541639
leaf_742	0	0	1
NODE_0001502	0.995264016947465	0	0.00454668439920419
leaf_1588	1	0	0
NODE_0001503	0.998388187367596	0	0.00137350746214487
leaf_996	1	0	0
NODE_0001504	0.991670529274229	0.00321951198421946	0.00510995874155111
leaf_877	0.929567096421148	0.0348834128754138	0.0355494907034379
NODE_0001505	0.993354344721266	0.00267213562420833	0.00397351965452525
leaf_666	1	0	0
leaf_738	0.931088320973284	0.0343756901152425	0.0345359889114734
NODE_0001506	0.93587784608867	0.00344935161210633	0.0606728022992233
NODE_0001507	0.96298682920509	0.00362576824994406	0.0333874025449655
leaf_1983	0.903763057435245	0.035369277110223	0.0608676654545316
NODE_0001508	0.998652609793586	0	0.00121110053017096
leaf_1576	1	0	0
leaf_1741	1	0	0
NODE_0001509	0.272645908753756	0.00949306198127653	0.717861029264967
leaf_1406	0.28761576279353	0.0605335301776616	0.651850707028809
NODE_0001513	0.0593816740257044	0.0106282721020867	0.929990053872209
leaf_322	0.124617785769262	0.0836326188740106	0.791749595356727
leaf_649	0	0	1
NODE_0001510	0.174905212125669	0.013662194548529	0.811432593325803
leaf_144	0.267795576867001	0.188290344506562	0.543914078626438
NODE_0001511	0.0961288559992468	0.0108000819350802	0.893071062065673
leaf_909	0	0	1
leaf_1004	0.123995019665059	0.0453815359356313	0.830623444399309
NODE_0001514	0.0274601113294227	0.97135522173667	0.00118466693390698
leaf_2314	0	1	0
NODE_0001515	0.00167202298326446	0.99818043566287	0
NODE_0001516	0.00105491011580102	0.998709584405706	0
NODE_0001517	0	0.998760917000032	0
leaf_415	0	1	0
NODE_0001518	0	0.998819157561789	0
leaf_1289	0	1	0
NODE_0001519	0.022102321203915	0.955974073733663	0.0219236050624218
leaf_26	0	1	0
leaf_43	0.0766812772883731	0.852245145684816	0.071073577026811
NODE_0001520	0.00660971067849247	0.991914699327182	0.00147558999432589
leaf_1809	0	1	0
NODE_0001525	0.00437187711505964	0.981645761751384	0.0139823611335562
leaf_1326	0	0	1
NODE_0001526	0	0.998719943954008	0
leaf_1509	0	1	0
leaf_1884	0	1	0
NODE_0001521	0.961248889912083	0.0365335440972922	0.00221756599062507
leaf_1973	1	0	0
NODE_0001522	0.987905991213786	0.0102571723727762	0.00183683641343768
leaf_1658	1	0	0
NODE_0001523	0.997947438168324	0	0.00128252661553199
leaf_126	1	0	0
leaf_149	1	0	0
NODE_0001527	0	0.999394183138065	0
NODE_0001536	0.146398800771942	0.847628992073567	0.00597220715449104
leaf_795	1	0	0
leaf_899	0	1	0
NODE_0001528	0.0018057538369632	0.997320838621143	0
NODE_0001529	0	0.999981496824195	0
leaf_1257	0	1	0
leaf_953	0	1	0
leaf_960	0	1	0
NODE_0001531	0.0268618242288243	0.962099808666185	0.011038367104991
leaf_160	0	1	0
leaf_1456	0.0499674892825204	0.916410559184649	0.0336219515328311
NODE_0001533	0.122466169328551	0.835784223620217	0.0417496070512323
leaf_1227	0.137514152147293	0.800410056911491	0.0620757909412155
NODE_0001534	0.878408246564797	0.0903148554539221	0.0312768979812813
leaf_24	0.804125595267466	0.125962573584692	0.069911831147842
leaf_41	1	0	0
NODE_0001537	0.00141348783724458	0.997308559214014	0.00127795294874167
leaf_511	0.116787670633234	0.777915374565722	0.105296954801044
NODE_0001538	0	0.99967663076922	0
leaf_1314	0	1	0
NODE_0001539	0	0.999781835418534	0
NODE_0001540	0	0.998821095441223	0
leaf_305	0	1	0
NODE_0001541	0	0.998802284445497	0
leaf_64	0	1	0
leaf_280	0	1	0
NODE_0001542	0	0.999820627584101	0
leaf_1092	0	1	0
NODE_0001543	0	0.998089875441567	0
leaf_801	0.0497612069775729	0.904401323849484	0.0458374691729429
leaf_1119	0	1	0
NODE_0001453	0.791036363733174	0.20693456078309	0.00202907548373523
NODE_0001454	0.986037953697922	0.0129494984947877	0.00101254780728989
NODE_0001455	0.989856804175465	0.00782490860035394	0.00231828722418123
NODE_0001456	0.927879004255927	0.0391060819449035	0.0330149137991692
leaf_1294	0.740756555908158	0.137760959774037	0.121482484317805
leaf_2083	0.871748602601473	0.0679850313023629	0.0602663660961643
NODE_0001457	0.99872799891495	0	0
leaf_1443	1	0	0
leaf_1871	1	0	0
NODE_0001458	0.998273977047812	0.00133721433479954	0
leaf_2226	1	0	0
NODE_0001459	0.999938389212728	0	0
leaf_498	0.790606156362053	0.10884576281069	0.100548080827257
leaf_1099	1	0	0
leaf_782	1	0	0
leaf_1157	1	0	0
NODE_0001462	0.00289065739336873	0.99696634072046	0
leaf_2105	0	1	0
NODE_0001464	0	0.999527407340918	0
leaf_1803	0	1	0
NODE_0001465	0	0.999900350369089	0
leaf_2251	0	1	0
NODE_0001466	0	0.999566976176782	0
NODE_0001467	0	0.998541815816051	0
leaf_56	0.187992615425176	0.646403655483308	0.165603729091516
leaf_483	0	1	0
leaf_1254	0	1	0
NODE_0001469	0	0.999735923908266	0
leaf_1182	0	1	0
NODE_0001470	0	0.999780945817725	0
leaf_1051	0	1	0
NODE_0001471	0	0.996423655477818	0.00302459345381033
leaf_340	0	1	0
NODE_0001472	0.00389011042779618	0.967266174254976	0.028843715317228
leaf_394	0.0447034488577428	0.893264946035829	0.0620316051064282
NODE_0001473	0.00370291266590113	0.942975028538067	0.0533220587960317
leaf_262	0	0	1
leaf_311	0	1	0
NODE_0001474	0	0.999632477815175	0
leaf_2090	0	1	0
NODE_0001475	0.00171492638856298	0.997949670040238	0
leaf_1017	1	0	0
NODE_0001477	0.00715322000044564	0.986340400605644	0.00650637939391047
leaf_1662	0.0319421335389512	0.938677047185888	0.0293808192751608
NODE_0001478	0	0.99807453802862	0.00100031123186953
leaf_223	0	1	0
leaf_353	0	1	0
NODE_0001479	0	0.999450031335234	0
leaf_1360	0	1	0
NODE_0001480	0	0.999073984028539	0
NODE_0001481	0.00375015583829936	0.99230802891877	0.0039418152429309
leaf_570	0	1	0
leaf_589	0.0444136565478225	0.914317972891703	0.0412683705604745
NODE_0001482	0	0.997517752594913	0.00211662655249566
leaf_595	0	1	0
NODE_0001483	0.00142110346950394	0.983972854092739	0.0146060424377574
NODE_0001484	0.0015976830344868	0.0113386918171385	0.987063625148375
leaf_271	0	0	1
leaf_365	0	0	1
NODE_0001485	0	0.998428342762188	0.00134361152560482
leaf_411	0	1	0
leaf_859	0	1	0
NODE_0001544	0.890503668792821	0.0019231757768542	0.107573155430324
NODE_0001545	0.999789691898128	0	0
leaf_2410	0.893524908537606	0.0543078333509699	0.0521672581114247
NODE_0001547	0.998930597143355	0	0
leaf_2391	0	1	0
leaf_2400	1	0	0
NODE_0001549	0.999762882219815	0	0
leaf_2409	1	0	0
NODE_0001550	0.998130185302084	0	0.00183009901712702
leaf_2380	1	0	0
NODE_0001552	0.810081353796029	0.00235474127249739	0.187563904931474
leaf_2321	0	0	1
NODE_0001553	0.816397005054387	0.00338596797210095	0.180217026973512
leaf_2195	1	0	0
NODE_0001554	0.0421970029397253	0.017769977944715	0.94003301911556
NODE_0001555	0.00173341103734703	0	0.997664328972914
leaf_1399	0	0	1
leaf_1641	0	0	1
NODE_0001556	0.0313113411806399	0.0505201279846667	0.918168530834693
leaf_920	0	1	0
NODE_0001557	0.0010941124006705	0.00104865078276479	0.997857236816565
leaf_389	0	0	1
leaf_822	0	0	1
NODE_0001558	0.990243345150384	0.00368519270344513	0.00607146214617052
leaf_1167	0.624167694535048	0.201612547367654	0.174219758097298
NODE_0001559	0.986968607071204	0.00538401446414512	0.00764737846465064
leaf_2367	0.925311356642452	0.0368833362860326	0.0378053070715158
NODE_0001560	0.99239926602876	0.00364721781413791	0.00395351615710243
NODE_0001561	0.974895840042884	0.0214391918809082	0.00366496807620791
leaf_2153	1	0	0
NODE_0001562	0.0267806049234338	0.970499442743393	0.0027199523331734
leaf_1740	0	1	0
NODE_0001563	0.0142101090690591	0.983016845848479	0.00277304508246185
leaf_622	0.0881464620601194	0.83877509076459	0.0730784471752904
NODE_0001564	0	0.999361861361101	0
leaf_1301	0	1	0
leaf_1340	0	1	0
NODE_0001565	0.986688341867544	0.00329862936787586	0.0100130287645806
leaf_1743	0.829984041900945	0.085154380468523	0.0848615776305326
NODE_0001566	0.98566441856749	0	0.013466714955681
NODE_0001567	0.948100188309927	0	0.0509997106437893
leaf_2003	0	0	1
leaf_2074	1	0	0
NODE_0001568	0.999915616208307	0	0
leaf_1394	1	0	0
leaf_653	1	0	0
leaf_1030	1	0	0
NODE_0001571	0.996788569984173	0.00123178896865098	0.00197964104717586
leaf_2388	0.867489249230004	0.0676578724321596	0.064852878337837
NODE_0001572	0.999408703182014	0	0
NODE_0001573	0.996425081594085	0	0.00329264513887069
NODE_0001574	0.908210153845027	0.00165087278011426	0.090138973374859
leaf_2241	1	0	0
NODE_0001575	0.0297175998689833	0	0.969659430034424
leaf_2152	0	0	1
leaf_2216	0	0	1
NODE_0001576	0.998455290293507	0	0.00125681920716855
leaf_2110	1	0	0
NODE_0001577	0.999538197524693	0	0
leaf_2093	1	0	0
NODE_0001578	0.997522008194552	0	0.0014843408913307
leaf_2094	0.934857540392572	0.0328227570747804	0.0323197025326478
leaf_1988	1	0	0
leaf_2028	0.934857540392572	0.0328227570747804	0.0323197025326478
NODE_0001580	0.999377597504233	0	0
NODE_0001581	0.996403169347905	0.00150397088580166	0.00209285976629357
leaf_2372	0.933844930533713	0.0332943154493897	0.0328607540168977
NODE_0001582	0.99888838553308	0	0
NODE_0001583	0.988710522001638	0.00747780969811073	0.00381166830025074
NODE_0001584	0.85860366178835	0.107385118993579	0.0340112192180712
leaf_357	0	1	0
leaf_2091	0.78764248986086	0.140700911436569	0.0716565987025716
NODE_0001585	0.992039267008103	0.00440310071911617	0.00355763227278066
leaf_1985	0.929884160892557	0.0359653222458763	0.0341505168615671
leaf_2085	1	0	0
NODE_0001586	0.99958916211975	0	0
leaf_2262	0.936726844280635	0.0320690244712526	0.0312041312481123
leaf_2176	1	0	0
NODE_0001588	0.996656500993088	0.00266827119980834	0
NODE_0001589	0.999525898635103	0	0
leaf_1200	1	0	0
leaf_1790	1	0	0
NODE_0001590	0.955131753761	0.0404563966868852	0.00441184955211507
leaf_1203	1	0	0
leaf_1433	0	1	0
NODE_0001591	0.998891038239428	0	0
NODE_0001592	0.986033635398335	0.00579289425765905	0.00817347034400641
leaf_1589	0.888148602159569	0.0561169127853999	0.0557344850550311
NODE_0001593	0.998446273143033	0	0.0010301059237645
leaf_1025	1	0	0
NODE_0001594	0.999459543110816	0	0
leaf_556	1	0	0
NODE_0001595	0.997012961694316	0.00120159192461081	0.00178544638107352
leaf_436	1	0	0
leaf_482	0.934397124533329	0.0330151150798429	0.0325877603868284
NODE_0001596	0.999711585103586	0	0
NODE_0001597	0.999826289731156	0	0
leaf_1836	1	0	0
leaf_1881	1	0	0
NODE_0001598	0.999718693134561	0	0
leaf_1754	1	0	0
NODE_0001599	0.999889977025776	0	0
leaf_1768	1	0	0
NODE_0001600	0.999896153492425	0	0
leaf_1528	1	0	0
leaf_1799	1	0	0
NODE_0001601	0.999875614703686	0	0
NODE_0001602	0.999771510523239	0	0
leaf_2416	1	0	0
NODE_0001603	0.9957048288133	0.00175465784150326	0.00254051334519672
NODE_0001604	0.996494673492944	0.00253068418679773	0
NODE_0001605	0.99997707855032	0	0
leaf_1913	1	0	0
leaf_2011	1	0	0
NODE_0001607	0.99955864533891	0	0
leaf_1359	1	0	0
leaf_1734	1	0	0
NODE_0001608	0.972880092552068	0.023463880421135	0.00365602702679761
NODE_0001609	0.998816500353847	0	0
leaf_2005	1	0	0
NODE_0001610	0.996282312445145	0	0.00353751471061115
leaf_1786	1	0	0
NODE_0001611	0.906349619046168	0.00146351779726841	0.0921868631565634
leaf_1380	0	0	1
NODE_0001612	0.949067141331516	0.00232646942704822	0.0486063892414361
leaf_232	1	0	0
leaf_255	1	0	0
NODE_0001613	0.287413673086448	0.690779079910243	0.0218072470033095
leaf_439	0	1	0
NODE_0001614	0.208301300440045	0.766767698845717	0.0249310007142376
leaf_1223	0.22493554121848	0.699987176940824	0.0750772818406959
NODE_0001615	0.00270592585039845	0.996560531671891	0
leaf_868	0	1	0
NODE_0001616	0	0.999496269331254	0
leaf_932	0.0256366142277041	0.950746163286954	0.0236172224853417
leaf_374	0	1	0
NODE_0001618	0	0.999667282270802	0
leaf_110	0	1	0
leaf_548	0	1	0
NODE_0001619	0.974352473374973	0.0116688612827635	0.0139786653422633
NODE_0001620	0.99658093003901	0.00181096954446321	0.00160810041652691
NODE_0001621	0.994280514655819	0.00465857685333505	0.00106090849084619
NODE_0001622	0.999444767324597	0	0
leaf_1992	1	0	0
leaf_2296	1	0	0
NODE_0001623	0.920585485647686	0.0725929501858792	0.00682156416643458
NODE_0001624	0.0642078851919733	0.926786490078015	0.00900562473001175
leaf_1737	0.0839930261658301	0.883938764685712	0.0320682091484575
leaf_1872	0	1	0
NODE_0001625	0.0195879293384635	0.968477932540806	0.0119341381207308
leaf_31	0.125678728320868	0.764711709427462	0.10960956225167
leaf_211	0	1	0
NODE_0001627	0.925910722560305	0.066318724195342	0.00777055324435309
NODE_0001628	0.155345224159981	0.817416564843416	0.0272382109966032
leaf_429	0.17719391892236	0.755937334131506	0.0668687469461341
leaf_702	0	1	0
NODE_0001629	0.98615422667865	0.0112951513970856	0.00255062192426462
leaf_491	1	0	0
leaf_1469	1	0	0
NODE_0001630	0.998972395832726	0	0
NODE_0001631	0.993111682884572	0.00284953664153884	0.00403878047388898
leaf_1888	0.913079636613735	0.043710293742596	0.0432100696436689
leaf_1970	1	0	0
NODE_0001632	0.998789817373386	0	0.00118338428174856
leaf_2331	1	0	0
NODE_0001634	0.203142137530978	0.00680939636761611	0.790048466101406
NODE_0001635	0.11341429799446	0.0106343613163456	0.875951340689194
leaf_1451	0.167686204900891	0.0837201711744978	0.748593623924611
leaf_1586	0	0	1
NODE_0001636	0.0167953094981536	0.00203389765048658	0.98117079285136
leaf_1622	0	0	1
NODE_0001637	0.0259304254744432	0.015580234120656	0.958489340404901
leaf_143	0	0	1
leaf_563	0.0607973966928946	0.0500359641176084	0.889166639189497
NODE_0001638	0.999554931782567	0	0
leaf_2212	1	0	0
NODE_0001639	0.997054362459298	0.00113011883406268	0.00181551870663949
leaf_2306	0.934435242737139	0.0329495290251277	0.0326152282377332
NODE_0001640	0.999054336021164	0	0
leaf_1828	1	0	0
NODE_0001641	0.997277928267274	0.00107864122480946	0.0016434305079169
leaf_1945	0.901238527900987	0.0501281297678277	0.0486333423311849
leaf_2191	1	0	0
NODE_0001642	0.415741379614664	0.318846394839872	0.265412225545464
NODE_0001643	0.0211238899045211	0.0119280301136525	0.966948079981826
NODE_0001644	0.00297465882225376	0.00148413158678123	0.995541209590965
leaf_2179	0	0	1
NODE_0001645	0.00802584801879294	0.00594642509030626	0.986027726890901
leaf_984	0	0	1
leaf_1312	0.044812205754731	0.0412890073031914	0.913898786942077
NODE_0001646	0.0069039749665314	0.00345077036618614	0.989645254667282
NODE_0001647	0	0	0.999985618103265
leaf_1185	0	0	1
leaf_1021	0	0	1
leaf_1056	0	0	1
NODE_0001649	0.00514307576296877	0.00297318757101537	0.991883736666016
leaf_2211	0.0422559995574388	0.0385789699132392	0.919165030529322
NODE_0001650	0	0	0.999033642408153
leaf_1664	0	0	1
leaf_1901	0	0	1
leaf_1977	0.0382460276543538	0.0361664700134864	0.92558750233216
NODE_0001652	0.0147135297916293	0.974429193761074	0.0108572764472965
leaf_2378	0	1	0
NODE_0001653	0.00121889567024079	0.997747936123709	0.00103316820604977
NODE_0001654	0	0.99995177485045	0
leaf_2175	0	1	0
leaf_2045	0	1	0
NODE_0001656	0	0.999341806963523	0
NODE_0001657	0	0.99943042614309	0
leaf_586	0	1	0
leaf_636	0	1	0
NODE_0001658	0	0.999546346327875	0
leaf_375	0	1	0
NODE_0001659	0	0.999382754640903	0
leaf_49	0	1	0
leaf_464	0	1	0
NODE_0001660	0	0.999993445039025	0
leaf_2354	0	1	0
NODE_0001671	0	0.999882114924102	0
NODE_0001672	0	0.999703203808563	0
leaf_1547	0	1	0
leaf_2121	0	1	0
NODE_0001673	0	0.999765674380019	0
leaf_2203	0	1	0
NODE_0001674	0	0.998815681195775	0
leaf_823	0	1	0
NODE_0001675	0	0.998617741101984	0
leaf_598	0	1	0
NODE_0001676	0.00253681290983988	0.994064275338029	0.00339891175213088
leaf_1606	0.0276947790320356	0.945765294055505	0.0265399269124598
NODE_0001677	0	0.997171780515075	0.00264300548069146
leaf_1003	0	1	0
leaf_422	0	0	1
leaf_635	0	1	0
NODE_0001661	0	0.999672476767007	0
NODE_0001662	0.00202730817623733	0.995862707484653	0.0021099843391097
leaf_1929	0.0566949646436662	0.89110524531104	0.0521997900452939
NODE_0001663	0	0.999896563184016	0
leaf_530	0	1	0
leaf_1415	0	1	0
leaf_1801	0	1	0
NODE_0001665	0	0.999686363241469	0
leaf_2126	0	1	0
NODE_0001666	0	0.998900734360991	0
leaf_331	0	1	0
NODE_0001667	0	0.999811900741024	0
leaf_1093	0.0511406879819235	0.901838362296777	0.0470209497212993
leaf_1181	0	1	0
NODE_0001669	0	0.999928380619156	0
leaf_1308	0	1	0
leaf_1454	0	1	0
NODE_0001679	0.999934626692932	0	0
NODE_0001680	0.999451376622234	0	0
NODE_0001682	0.999475662260913	0	0
leaf_2275	1	0	0
leaf_2337	1	0	0
NODE_0001699	0.99758309415452	0	0.00157425648456234
NODE_0001700	0.980119005540115	0.00846745606273873	0.0114135383971458
leaf_1578	0.817221866734625	0.0933939544985133	0.0893841787668617
NODE_0001701	0.977169935482064	0.00988676357842546	0.0129433009395108
leaf_430	0.85652001426202	0.0724027292363679	0.0710772565016121
leaf_549	1	0	0
NODE_0001702	0.999992710950671	0	0
leaf_2157	1	0	0
NODE_0001703	0.999752858510437	0	0
leaf_1939	1	0	0
leaf_1986	1	0	0
NODE_0001705	0.999914207304006	0	0
leaf_2073	1	0	0
NODE_0001706	0.999798407592242	0	0
leaf_1729	1	0	0
NODE_0001707	0.897491182743667	0.0522854253574372	0.050223391898896
leaf_1012	0.749728696752624	0.131080948716083	0.119190354531293
leaf_1552	0.837018193915921	0.084000648637423	0.0789811574466564
NODE_0001709	0.999684340667988	0	0
leaf_1619	1	0	0
NODE_0001710	0.997772325149047	0	0.00208459174656861
leaf_1609	1	0	0
NODE_0001711	0.929581998244157	0.00122151818244424	0.0691964835733991
leaf_1290	0	0	1
leaf_1421	1	0	0
NODE_0001683	0.999036071791422	0	0
NODE_0001684	0.992811481650767	0.00208371897248057	0.00510479937675244
leaf_2294	1	0	0
NODE_0001685	0.432387008454187	0.202073297700778	0.365539693845035
leaf_355	0	1	0
leaf_731	0	0	1
NODE_0001686	0.999915656448927	0	0
leaf_1681	0	1	0
leaf_2194	1	0	0
leaf_1488	0	0	1
NODE_0001693	0.999127283588312	0	0
leaf_793	1	0	0
leaf_1951	1	0	0
NODE_0001690	0.975977113947974	0	0.0231674871511057
leaf_1788	0	0	1
NODE_0001691	0.994750959162301	0	0.00487766714115246
leaf_1455	1	0	0
leaf_1475	1	0	0
NODE_0001694	0.998490813843763	0	0.00100810170066964
NODE_0001695	0.994156886971281	0.00239763981270518	0.00344547321601391
leaf_1400	0.925320625091026	0.0374609709762138	0.0372184039327606
leaf_1644	1	0	0
NODE_0001696	0.995572703332833	0.00155098903883368	0.00287630762833339
leaf_459	1	0	0
NODE_0001697	0.987250760891444	0.00518246350091871	0.00756677560763722
leaf_228	1	0	0
leaf_409	0.907215585716266	0.0461939679246338	0.0465904463591004
NODE_0001712	0.148907006179702	0.00112807799971274	0.849964915820585
leaf_2369	0	0	1
NODE_0001713	0.143066942974857	0.00122743912220971	0.855705617902933
NODE_0001714	0.0750332040950865	0.0172108834241964	0.907755912480717
leaf_1295	0.148109881690956	0.102565116851025	0.749325001458019
NODE_0001715	0.0278616099442474	0.00884377654421602	0.963294613511537
leaf_55	0.222833395620962	0.223153921408023	0.554012682971015
leaf_1338	0	0	1
NODE_0001716	0.179047458747591	0.00167264743389103	0.819279893818518
NODE_0001717	0.918365527666914	0.00165099557108603	0.0799834767620005
NODE_0001718	0.986430864399759	0	0.013010501390369
leaf_1130	1	0	0
leaf_2167	1	0	0
NODE_0001719	0.947539606774777	0.00347703796090009	0.0489833552643233
leaf_1507	0.763679561175803	0.107120281360138	0.129200157464058
NODE_0001720	0.998503315662268	0	0.00136472372861338
leaf_1864	1	0	0
leaf_2015	1	0	0
NODE_0001721	0.0347534091237354	0.0035146962599809	0.961731894616284
NODE_0001722	0.0141919799513685	0	0.985078308822877
NODE_0001723	0.0359273432616667	0.00421951684925626	0.959853139889077
leaf_235	1	0	0
leaf_620	0	0	1
NODE_0001724	0	0	0.999511792577871
leaf_1626	0	0	1
leaf_1642	0	0	1
NODE_0001725	0.0269337753050605	0.0229197452828754	0.950146479412064
leaf_1837	0.0681083649420372	0.0631934255046702	0.868698209553293
NODE_0001726	0.0172337368046617	0.0359349635399062	0.946831299655432
NODE_0001727	0	0.00105245406590758	0.99814487241943
leaf_1129	0	0	1
leaf_1638	0	0	1
NODE_0001728	0.0371143866771762	0.286677144233259	0.676208469089565
leaf_1931	0.0675148265331862	0.29813480055912	0.634350372907694
NODE_0001729	0.00139701774176903	0.988693872687374	0.0099091095708568
leaf_425	0.0739761301843732	0.852435446152236	0.0735884236633912
leaf_936	0	1	0
NODE_0001731	0	0.998138519369486	0.00151134396555899
leaf_584	0	1	0
leaf_599	0	1	0
NODE_0001733	0.985870789440497	0	0.0139051476410019
NODE_0001734	0.869625177694388	0.00235222465267991	0.128022597652932
NODE_0001735	0.107683309009152	0.00223504458244318	0.890081646408405
leaf_2389	0	0	1
NODE_0001736	0.012467475246766	0	0.987238447845529
leaf_1679	0.101387768402285	0.0896062001810218	0.809006031416693
leaf_2131	0	0	1
NODE_0001738	0.0259314391031116	0	0.973645621896231
NODE_0001739	0.0323611370481471	0	0.966764771794698
leaf_1330	1	0	0
leaf_2097	0	0	1
NODE_0001740	0.153555900145726	0.0035248524585549	0.842919247395719
leaf_1205	1	0	0
leaf_974	0.199017424343932	0.0767090834827941	0.724273492173274
NODE_0001742	0.00832552747239347	0	0.99104220577655
leaf_300	0	0	1
leaf_765	0	0	1
NODE_0001743	0.994561197953188	0	0.00536760123290032
leaf_2201	1	0	0
leaf_1356	0	0	1
leaf_2204	0.932205864533137	0.0319901782595565	0.0358039572073068
NODE_0001747	0.908713666156886	0.0405849299064295	0.0507014039366848
leaf_19	1	0	0
leaf_175	0.625505983328996	0.198313296869038	0.176180719801965
NODE_0001748	0.999952471732499	0	0
NODE_0001749	0.993172988121282	0.002831828160245	0.0039951837184736
leaf_1494	1	0	0
leaf_1892	0.930923234574256	0.034522582389515	0.0345541830362294
NODE_0001751	0.999875372836266	0	0
leaf_2103	1	0	0
NODE_0001752	0.998761835355152	0	0
leaf_761	1	0	0
NODE_0001753	0.926499491936222	0.0371584638714741	0.0363420441923036
leaf_1683	0.87053183345672	0.0662077999230605	0.0632603666202197
leaf_1838	0.87053183345672	0.0662077999230605	0.0632603666202197
NODE_0001755	0.999741610174562	0	0
leaf_1463	1	0	0
NODE_0001756	0.999719715886652	0	0
leaf_450	1	0	0
leaf_1235	1	0	0
NODE_0001757	0.999731487105159	0	0
NODE_0001758	0.995314739436722	0.00318538271486276	0.00149987784841567
leaf_1997	1	0	0
NODE_0001759	0.677728572434474	0.263386103409568	0.0588853241559587
leaf_522	0.573974248223009	0.297885790159167	0.128139961617824
NODE_0001760	0.10018994912128	0.871225764926632	0.0285842859520879
leaf_132	0.121943991766068	0.821883180302762	0.0561728279311695
leaf_195	0	1	0
NODE_0001761	0.999568976668524	0	0
leaf_1341	1	0	0
NODE_0001762	0.998984995079358	0	0
NODE_0001763	0.999438379973403	0	0
leaf_889	1	0	0
leaf_897	1	0	0
NODE_0001764	0.994267092377309	0.00231212253519589	0.00342078508749491
leaf_1820	0.931913713052364	0.034042531348942	0.0340437555986936
NODE_0001765	0.999622899399534	0	0
leaf_1055	1	0	0
leaf_1416	1	0	0
NODE_0001766	0.987687341735128	0	0.0119617785441424
NODE_0001767	0.872909727488813	0.00449730623628346	0.122592966274904
leaf_2019	1	0	0
NODE_0001768	0.0890770528930714	0.00200942817063523	0.908913518936293
NODE_0001769	0.0666925500246762	0.00207164179420247	0.931235808181121
leaf_1036	0	0	1
NODE_0001770	0.199740265777904	0.00570118301072286	0.794558551211373
leaf_299	0	0	1
leaf_551	1	0	0
NODE_0001771	0.0046241495828622	0	0.995171251689332
leaf_1911	0	0	1
NODE_0001772	0	0	0.999704822715408
leaf_1403	0	0	1
leaf_1598	0	0	1
NODE_0001773	0.995753357025221	0	0.00361701138398674
NODE_0001774	0.997115578790242	0.00122318585912229	0.00166123535063599
NODE_0001775	0.977535711543566	0.0157201725330721	0.00674411592336144
leaf_876	0	1	0
leaf_1818	1	0	0
NODE_0001776	0.997805145061237	0	0.00144738332096574
leaf_1826	1	0	0
NODE_0001777	0.992757792186614	0.00257739413317481	0.00466481368021135
leaf_298	1	0	0
NODE_0001778	0.98738908766593	0.00497748123220854	0.00763343110186177
leaf_704	1	0	0
leaf_797	0.830457898767667	0.0864624353214567	0.0830796659108759
NODE_0001779	0.983648576773536	0.00722909308666636	0.00912233013979751
NODE_0001780	0.789765344736375	0.201412821331663	0.00882183393196193
NODE_0001781	0.627932616883462	0.359268535356743	0.0127988477597953
leaf_2162	0	1	0
leaf_1964	0.569637200563611	0.365219189881563	0.0651436095548259
NODE_0001783	0.665093603928197	0.304351946721192	0.0305544493506116
leaf_400	1	0	0
leaf_2050	0.632121409940083	0.311817138315588	0.0560614517443284
NODE_0001784	0.774493311482533	0.212195016649985	0.0133116718674824
NODE_0001785	0.807884011054614	0.142274765126532	0.0498412238188531
leaf_179	1	0	0
leaf_1315	0	0	1
NODE_0001787	0.815410406396123	0.152245785297428	0.0323438083064483
leaf_887	0	1	0
leaf_1309	1	0	0
NODE_0001788	0.658213650874026	0.332842769784784	0.00894357934119032
NODE_0001789	0.337831019698885	0.619301614875621	0.0428673654254944
leaf_1393	0.333888696642147	0.601400925028125	0.0647103783297283
NODE_0001790	0.09474606076525	0.883822810768161	0.0214311284665889
leaf_815	0.111989639755161	0.844491419621642	0.0435189406231968
leaf_841	0	1	0
NODE_0001791	0.642414890610934	0.351597674865315	0.00598743452375118
NODE_0001792	0.0524592127880636	0.944804083964353	0.00273670324758301
leaf_1072	0	1	0
leaf_1735	0	1	0
NODE_0001793	0.992897604505109	0.00638249572317687	0
leaf_1438	1	0	0
leaf_1625	1	0	0
NODE_0001794	0.971539584681198	0.00334082218981977	0.0251195931289826
leaf_2218	0	0	1
NODE_0001795	0.997389162281763	0	0.00244089268273868
NODE_0001796	0.996186570196257	0	0.00352881202244541
leaf_2244	1	0	0
NODE_0001797	0.966521603223877	0.00341310246667748	0.0300652943094453
leaf_2309	0.906944966992569	0.0351605684015679	0.0578944646058629
NODE_0001798	0.934327901268716	0.00288843986468168	0.0627836588666024
leaf_1879	0	0	1
NODE_0001799	0.997913893843747	0	0.00192232066553723
leaf_1960	1	0	0
NODE_0001800	0.99983832058776	0	0
leaf_1688	1	0	0
leaf_1770	1	0	0
NODE_0001801	0.999994492370118	0	0
NODE_0001809	0.998782939120491	0	0
leaf_1231	1	0	0
leaf_1259	1	0	0
NODE_0001806	0.999782401126052	0	0
leaf_2315	1	0	0
NODE_0001807	0.999782921987175	0	0
leaf_1817	1	0	0
leaf_1922	1	0	0
NODE_0001802	0.987170567857273	0.00958139261964004	0.00324803952308729
leaf_1510	1	0	0
NODE_0001803	0.841196661169655	0.144748590205904	0.0140547486244413
leaf_560	1	0	0
NODE_0001804	0.0255571671456223	0.972009010523874	0.00243382233050331
leaf_573	0	1	0
leaf_997	0	1	0
NODE_0001810	0.999725563259346	0	0
leaf_2082	1	0	0
NODE_0001811	0.999651815205994	0	0
NODE_0001812	0.99977668172449	0	0
leaf_1440	1	0	0
leaf_1979	1	0	0
NODE_0001813	0.997812043287304	0	0.00185353712928521
leaf_1655	1	0	0
NODE_0001814	0.972235347351504	0.00473659197013228	0.0230280606783641
leaf_1155	1	0	0
NODE_0001815	0.412248628179606	0.117450877868025	0.470300493952369
leaf_202	0	1	0
leaf_764	0	0	1
NODE_0001816	0.999998266835551	0	0
NODE_0001862	0.786515059442686	0.191002633398802	0.0224823071585117
leaf_2343	0	1	0
NODE_0001863	0.803511622823643	0.148884524970397	0.0476038522059604
leaf_2344	1	0	0
NODE_0001864	0.306989846041429	0.266334312934161	0.42667584102441
leaf_1978	0	1	0
NODE_0001865	0.0104136880250294	0.00697058439770336	0.982615727577267
leaf_2023	0	0	1
leaf_2177	0	0	1
NODE_0001894	0.990742271407391	0	0.00893374546373236
NODE_0001895	0.995547899643724	0	0.00357799776445684
leaf_1653	1	0	0
NODE_0001896	0.997061169951897	0	0.00195056864751954
leaf_893	1	0	0
NODE_0001897	0.998687863264102	0	0
leaf_178	0	1	0
leaf_1063	1	0	0
NODE_0001899	0.996613144171665	0.00154263346541214	0.00184422236292324
leaf_843	0.934033311971884	0.0333288699299815	0.0326378180981346
leaf_852	1	0	0
NODE_0001900	0.892898511029153	0.00195178636249333	0.105149702608353
leaf_2134	1	0	0
leaf_2266	0.806866533223863	0.0552989741271406	0.137834492648996
NODE_0001902	0.0554490672197785	0.00116463073258017	0.943386302047641
leaf_2299	0	0	1
NODE_0001903	0.00619857570193515	0	0.993268510391476
NODE_0001904	0.00128887538558005	0	0.998361339201612
leaf_366	0	0	1
leaf_1789	0	0	1
NODE_0001905	0.00225227651157754	0	0.996748446594937
leaf_404	0	0	1
NODE_0001906	0.00290647094504662	0.0017371216375934	0.99535640741736
leaf_1139	0.0526655276915767	0.04953442870291	0.897800043605513
NODE_0001907	0	0	0.999084656413778
leaf_471	0	0	1
leaf_811	0	0	1
NODE_0001866	0.999482562313956	0	0
leaf_1541	1	0	0
NODE_0001867	0.999994208945984	0	0
leaf_2374	1	0	0
NODE_0001869	0.999105877238229	0	0
NODE_0001870	0.992613376788044	0	0.00660099771897216
leaf_2319	1	0	0
NODE_0001871	0.039037714314527	0.00521978801059762	0.955742497674875
leaf_413	0	0	1
NODE_0001872	0.0207679051512163	0.00403181207793878	0.975200282770845
leaf_153	0.15945100643201	0.149129169897724	0.691419823670266
leaf_1069	0	0	1
NODE_0001873	0.995879040854403	0.00158136175084673	0.00253959739475011
leaf_2247	0.933372558727082	0.0333672368605366	0.0332602044123811
NODE_0001874	0.999569752838372	0	0
leaf_1861	1	0	0
NODE_0001875	0.999879110294795	0	0
leaf_2075	1	0	0
NODE_0001876	0.999420133905381	0	0
leaf_668	1	0	0
NODE_0001877	0.999686999213352	0	0
NODE_0001878	0.996221261019136	0.0015390510668425	0.00223968791402169
leaf_1091	1	0	0
leaf_1206	0.925669930239064	0.0374441060123502	0.0368859637485859
NODE_0001879	0.999895593906693	0	0
leaf_1105	1	0	0
leaf_1126	1	0	0
NODE_0001880	0.999722507455028	0	0
leaf_2341	0.936847328557919	0.0320277102870923	0.0311249611549886
leaf_2365	1	0	0
NODE_0001882	0.992638173417028	0.00516187327567862	0.00219995330729355
NODE_0001883	0.229325142393121	0.719733465579951	0.0509413920269282
leaf_517	0	1	0
leaf_796	0.235057051626514	0.693760532201843	0.0711824161716437
NODE_0001884	0.999408219720341	0	0
leaf_2223	1	0	0
NODE_0001885	0.998059346176915	0.00164400540309921	0
leaf_1574	0	1	0
NODE_0001887	0.993943092352678	0.00274316302554234	0.00331374462177914
leaf_1385	1	0	0
leaf_1412	0.931616983750716	0.0344383636462452	0.0339446526030388
NODE_0001888	0.999433589563165	0	0
leaf_945	1	0	0
NODE_0001889	0.999638153979059	0	0
NODE_0001890	0.995336412859608	0.00192126845358465	0.00274231868680763
leaf_304	0.776832917868593	0.116023009414777	0.10714407271663
leaf_1172	1	0	0
NODE_0001891	0.999424185409031	0	0
leaf_1666	1	0	0
NODE_0001892	0.997848339136804	0	0.00140467704784871
leaf_57	1	0	0
leaf_134	1	0	0
NODE_0001817	0.999899032553084	0	0
NODE_0001818	0.999914640118372	0	0
leaf_2345	1	0	0
NODE_0001819	0.999906684213598	0	0
leaf_2224	1	0	0
NODE_0001820	0.999673915455595	0	0
NODE_0001821	0.999844419575504	0	0
leaf_1756	1	0	0
leaf_2004	1	0	0
NODE_0001822	0.996827264407582	0.00125024432548501	0.00192249126693337
leaf_1545	0.854086669837519	0.0747391515070223	0.0711741786554589
NODE_0001823	0.999102759529297	0	0
leaf_850	1	0	0
NODE_0001824	0.999516919967817	0	0
NODE_0001825	0.999663227487815	0	0
leaf_802	1	0	0
leaf_1191	1	0	0
NODE_0001826	0.997511293455667	0	0.00149229413893528
leaf_1701	1	0	0
NODE_0001827	0.838554266511995	0.0830224547334083	0.0784232787545963
leaf_670	0.790865743627917	0.108538057304644	0.10059619906744
leaf_863	0.790865743627917	0.108538057304644	0.10059619906744
NODE_0001828	0.999999024512969	0	0
NODE_0001835	0.998191513920849	0	0.00170811690207634
leaf_2303	1	0	0
NODE_0001836	0.95491019751096	0.00178442714177345	0.0433053753472669
leaf_1980	0	0	1
NODE_0001837	0.996832610822975	0	0.00278010282869289
leaf_1378	1	0	0
leaf_1647	1	0	0
NODE_0001829	0.999826197764762	0	0
leaf_1490	1	0	0
leaf_2154	1	0	0
NODE_0001831	0.963757110410035	0.00181832803585062	0.0344245615541141
leaf_825	0	0	1
NODE_0001832	0.998535496166434	0	0.00136896435526876
leaf_1269	1	0	0
leaf_1435	1	0	0
NODE_0001838	0.999845658971417	0	0
NODE_0001839	0.999829784278907	0	0
leaf_1947	1	0	0
NODE_0001840	0.999772004252369	0	0
leaf_1273	1	0	0
leaf_1505	1	0	0
NODE_0001841	0.999711804510835	0	0
leaf_1686	1	0	0
NODE_0001842	0.998131777178239	0	0.00123225679573032
leaf_380	1	0	0
NODE_0001843	0.993350948868491	0.0026545614814295	0.00399448965007988
NODE_0001844	0.999183461342052	0	0
leaf_650	1	0	0
leaf_907	1	0	0
NODE_0001845	0.910341739038488	0.0450613631904285	0.0445968977710838
leaf_968	0.806940196363602	0.0995677982668718	0.0934920053695259
leaf_1042	0.817659894682358	0.0938204011578602	0.0885197041597819
NODE_0001846	0.999814103747735	0	0
NODE_0001847	0.999806854086005	0	0
leaf_1886	1	0	0
NODE_0001848	0.999870336364818	0	0
NODE_0001849	0.999819423547159	0	0
leaf_1319	1	0	0
leaf_1777	1	0	0
NODE_0001850	0.999398271963248	0	0
leaf_1011	1	0	0
NODE_0001851	0.999597222167675	0	0
leaf_746	1	0	0
NODE_0001852	0.999602009038998	0	0
leaf_237	1	0	0
leaf_834	1	0	0
NODE_0001853	0.999401572171789	0	0
leaf_1148	1	0	0
NODE_0001854	0.999773672246395	0	0
leaf_1923	0.936893900433206	0.0319864710086316	0.0311196285581626
leaf_1648	0.874968439568652	0.0640324548513963	0.0609991055799519
NODE_0001859	0.999748565525088	0	0
leaf_1193	1	0	0
leaf_1858	1	0	0
NODE_0001856	0.99869690057566	0	0
leaf_1481	1	0	0
NODE_0001857	0.980641073493057	0.0158524578295632	0.00350646867738031
leaf_717	0	1	0
leaf_1224	1	0	0
NODE_0001908	0.99999554045276	0	0
NODE_0001934	0.993317030861182	0.00156306142713747	0.00511990771168069
leaf_2279	0.9310684311311	0.0333606689104369	0.0355708999584629
NODE_0001935	0.992074158058803	0	0.00705369729634677
leaf_338	1	0	0
NODE_0001936	0.984301732468556	0	0.0149824315450568
leaf_2033	1	0	0
NODE_0001937	0.668897782287078	0.0113172911908207	0.319784926522102
leaf_726	0.552887408260629	0.138527545031193	0.308585046708177
NODE_0001938	0.447153164898323	0.0042754141427874	0.54857142095889
leaf_1117	0	0	1
NODE_0001939	0.44877678491871	0.00535833780855967	0.54586487727273
leaf_687	0.42998085809948	0.0867576310732485	0.483261510827271
NODE_0001940	0.451054027383439	0.00207729833234437	0.546868674284217
leaf_962	1	0	0
leaf_1037	0	0	1
NODE_0001909	0.999097049041648	0	0
NODE_0001910	0.983303261018696	0.011543775171812	0.00515296380949172
leaf_316	0	1	0
NODE_0001911	0.99678738430827	0.00163703051434542	0.00157558517738407
leaf_259	1	0	0
leaf_1612	1	0	0
NODE_0001912	0.998707469741078	0.00114011820164084	0
leaf_1739	1	0	0
NODE_0001914	0.930949448567739	0.061630087939063	0.00742046349319824
leaf_1437	0	1	0
leaf_913	1	0	0
leaf_1363	0.795266093137727	0.127101819868396	0.0776320869938772
NODE_0001916	0.99270677982239	0.00576495938942189	0.00152826078818845
leaf_2025	1	0	0
NODE_0001917	0.00585330751410264	0.992771526720475	0.00137516576542192
leaf_638	0	1	0
NODE_0001918	0	0.999337016631002	0
leaf_352	0	1	0
NODE_0001919	0.00112239260762457	0.997846648656181	0.00103095873619429
leaf_123	0.0641515154719125	0.877109504535883	0.0587389799922041
leaf_342	0	1	0
NODE_0001921	0.991688903036792	0.00650442372642504	0.001806673236783
leaf_1471	0	1	0
NODE_0001922	0.999668810520404	0	0
leaf_2250	1	0	0
NODE_0001923	0.999786129433516	0	0
leaf_1891	1	0	0
NODE_0001924	0.999811319156646	0	0
leaf_2022	1	0	0
NODE_0001925	0.999310300775166	0	0
NODE_0001926	0.999728142748924	0	0
leaf_1220	1	0	0
NODE_0001927	0.99982693073206	0	0
leaf_660	1	0	0
leaf_736	1	0	0
NODE_0001928	0.99640207689024	0.00143835112319814	0.00215957198656221
leaf_554	0.763361997761643	0.123399408450979	0.113238593787377
NODE_0001929	0.999762668999263	0	0
NODE_0001930	0.999913253330881	0	0
leaf_1014	1	0	0
leaf_1230	1	0	0
NODE_0001931	0.999648467550675	0	0
leaf_568	1	0	0
NODE_0001932	0.997577583575409	0	0.00144553423206348
leaf_325	0.841168244852332	0.0816478719248589	0.0771838832228094
leaf_919	1	0	0
NODE_0001941	0.999247063915477	0	0
NODE_0001942	0.996653083506464	0.00116653454137592	0.00218038195216053
leaf_741	1	0	0
NODE_0001943	0.993185132342469	0.00269090357940338	0.00412396407812754
leaf_527	0.771764958895024	0.118568070650414	0.109666970454562
NODE_0001944	0.994306320154045	0.00229951658042116	0.00339416326553421
leaf_607	0.835465072114388	0.084423292333483	0.0801116355521292
leaf_1229	1	0	0
NODE_0001945	0.997635977623689	0.00181810463150013	0
NODE_0001946	0.878374727674934	0.11259153663279	0.00903373569227619
leaf_1661	0	1	0
NODE_0001947	0.936894905151048	0.0528240110081642	0.0102810838407877
leaf_1183	1	0	0
leaf_1417	0.879688690977282	0.0805056367073059	0.0398056723154121
NODE_0001948	0.999821218884229	0	0
leaf_2185	1	0	0
NODE_0001949	0.999531096149412	0	0
NODE_0001950	0.999904805816626	0	0
leaf_1821	1	0	0
leaf_1847	1	0	0
NODE_0001951	0.988127178729741	0	0.0112115731258186
leaf_456	1	0	0
NODE_0001952	0.958340670283701	0.00107507545517101	0.0405842542611282
leaf_451	0	0	1
leaf_538	1	0	0
NODE_0001953	0.993842761007122	0	0.00595371640521096
NODE_0001954	0.999130337576772	0	0
leaf_2425	1	0	0
NODE_0001955	0.99934410151644	0	0
NODE_0001956	0.999169939246269	0	0
NODE_0001957	0.999055583563593	0	0
leaf_2189	1	0	0
leaf_2048	1	0	0
NODE_0001959	0.105670202806747	0.879126138098913	0.01520365909434
leaf_197	0	1	0
leaf_842	0	1	0
NODE_0001960	0.999691260372271	0	0
NODE_0001961	0.998095675061817	0	0.00173275541899037
NODE_0001962	0.962401633769419	0.00283221557649647	0.0347661506540847
leaf_1158	0	0	1
leaf_1502	1	0	0
NODE_0001963	0.999588608220817	0	0
NODE_0001964	0.998797829789835	0	0
leaf_1054	1	0	0
leaf_1402	1	0	0
NODE_0001965	0.999444878331798	0	0
NODE_0001966	0.99955588856523	0	0
leaf_1029	1	0	0
leaf_1639	1	0	0
NODE_0001967	0.999790177728571	0	0
leaf_1371	1	0	0
leaf_1563	1	0	0
NODE_0001968	0.999429859027449	0	0
leaf_2186	1	0	0
NODE_0001969	0.989964451953496	0.0083412890615902	0.00169425898491391
NODE_0001970	0.00102808118017576	0.998799084294171	0
leaf_597	0	1	0
leaf_1240	0	1	0
leaf_1448	0	1	0
NODE_0001972	0.99916574282907	0	0
NODE_0001973	0.999842926595469	0	0
NODE_0001974	0.99920756219991	0	0
leaf_1147	1	0	0
leaf_1225	1	0	0
NODE_0001975	0.999821815612608	0	0
leaf_1594	1	0	0
leaf_1982	1	0	0
NODE_0001976	0.996992505312847	0.00131019563673861	0.00169729905041452
leaf_1506	0.85806500757174	0.0727569284309236	0.0691780639973365
NODE_0001977	0.999325960503022	0	0
NODE_0001978	0.993595308221109	0.0026351665248509	0.00376952525403981
leaf_888	1	0	0
leaf_1018	0.867867132760405	0.0672923523331073	0.0648405149064876
NODE_0001979	0.999810658832738	0	0
leaf_1542	1	0	0
NODE_0001980	0.999962979408702	0	0
leaf_1169	1	0	0
leaf_1199	1	0	0
NODE_0001981	0.97060302506678	0.0126959300746898	0.0167010448585299
leaf_77	1	0	0
leaf_420	0.91050149912372	0.0436412023323378	0.0458572985439424
NODE_0001983	0.99980817804987	0	0
leaf_2411	1	0	0
NODE_0001984	0.999262429058169	0	0
NODE_0001985	0.998928701468882	0	0
leaf_1924	1	0	0
NODE_0001986	0.996324441883123	0.00148201302949761	0.00219354508737961
leaf_1503	0.893621936042352	0.054018466559759	0.0523595973978889
leaf_1863	1	0	0
NODE_0001987	0.998986797171539	0	0
leaf_1844	1	0	0
NODE_0001988	0.99718312313624	0	0.00262765739400353
NODE_0001989	0.979673241201772	0	0.0195902634146882
NODE_0001990	0.973459947926088	0.00520639357275548	0.021333658501156
leaf_1711	0.785254184335468	0.10590442836707	0.108841387297462
NODE_0001991	0.998948295118766	0	0
leaf_938	1	0	0
leaf_1458	1	0	0
NODE_0001992	0.90091766889761	0.0016237476576391	0.0974585834447508
leaf_2184	0	0	1
NODE_0001993	0.981100240487566	0.00125366045352263	0.0176460990589119
leaf_1132	1	0	0
leaf_1434	1	0	0
NODE_0001994	0.999442475814995	0	0
NODE_0001995	0.999844703611202	0	0
leaf_1567	1	0	0
leaf_1795	1	0	0
NODE_0001996	0.999023291826313	0	0
leaf_1428	1	0	0
leaf_1519	0.891546262195	0.0551548452058121	0.0532988925991881
NODE_0001999	0.998582762245534	0	0
leaf_164	1	0	0
leaf_794	1	0	0
NODE_0002000	0.941187778619242	0.0193560377843537	0.0394561835964046
leaf_1520	0.853434443480396	0.0663634201449193	0.0802021363746846
NODE_0002001	0.888772328601629	0.0353447151675305	0.0758829562308408
leaf_1700	1	0	0
NODE_0002002	0.0577983576938183	0.00295166718795805	0.939249975118224
leaf_950	0	0	1
leaf_1267	0	0	1
NODE_0002004	0.048709219830207	0.944425148330458	0.00686563183933443
leaf_1211	0.0714488878203915	0.896780469900444	0.031770642279164
NODE_0002005	0.0143293150647432	0.982655927854893	0.0030147570803642
leaf_99	0	1	0
leaf_894	0	1	0
NODE_0002007	0.00910075922969216	0.988935590890099	0.00196364988020909
NODE_0002008	0	0.999300008719298	0
leaf_190	0	1	0
leaf_388	0	1	0
NODE_0002009	0.00327882075197234	0.99534219753583	0.00137898171219728
leaf_356	0	1	0
NODE_0002010	0	0.99963019856052	0
leaf_79	0	1	0
leaf_94	0	1	0
NODE_0002011	0.998301977676396	0	0.00141052439209126
NODE_0002012	0.979187535443223	0.0142863525317997	0.00652611202497714
NODE_0002013	0.796076498376605	0.17502679389707	0.0288967077263247
leaf_1539	0.607028088176565	0.25426062702592	0.138711284797515
NODE_0002014	0.536376632373619	0.452617819477175	0.011005548149206
NODE_0002015	0.063952446662051	0.931944305709041	0.0041032476289075
leaf_1862	0	1	0
NODE_0002016	0.0494196152221208	0.943265326016764	0.00731505876111483
leaf_680	0.117835777512051	0.80127619277375	0.0808880297141992
NODE_0002017	0.0340722901371975	0.958230185127472	0.00769752473533038
leaf_805	0	1	0
leaf_1171	0.056500511794823	0.912839915961967	0.0306595722432101
NODE_0002018	0.606419697083297	0.382298594763139	0.0112817081535642
leaf_1247	0.534364553532221	0.385435374176347	0.0802000722914322
NODE_0002019	0.68197800495509	0.313487749773289	0.0045342452716214
NODE_0002020	0.680896011470127	0.313067529098727	0.00603645943114683
leaf_849	0	1	0
leaf_1052	1	0	0
NODE_0002021	0.744436373036796	0.249633126878448	0.00593050008475596
leaf_1450	1	0	0
NODE_0002022	0.00551522569360137	0.993142084187151	0.0013426901192473
leaf_129	0	1	0
leaf_184	0	1	0
NODE_0002023	0.992603889382502	0.00325207511330474	0.00414403550419365
NODE_0002024	0.999894606814047	0	0
leaf_1902	1	0	0
leaf_2066	1	0	0
NODE_0002026	0.969986055795214	0.0129442226057384	0.0170697215990472
leaf_1323	0.909943516686764	0.0438709242644345	0.0461855590488017
NODE_0002027	0.970838704812212	0.0125690391135708	0.0165922560742172
leaf_965	0.910715041144378	0.0435241184308656	0.0457608404247569
NODE_0002028	0.999411292245988	0	0
leaf_291	1	0	0
leaf_417	1	0	0
NODE_0002029	0.988058975054266	0.0022371054938964	0.00970391945183742
leaf_739	0	0	1
NODE_0002030	0.999436551826548	0	0
leaf_2332	1	0	0
NODE_0002031	0.99972799320201	0	0
NODE_0002032	0.99556156680957	0.0033048356790818	0.00113359751134796
leaf_1452	1	0	0
NODE_0002033	0.928119666457656	0.0681507041994651	0.00372962934287908
leaf_1532	1	0	0
leaf_1559	0	1	0
NODE_0002034	0.999846212384277	0	0
NODE_0002035	0.99978988845914	0	0
leaf_1915	1	0	0
NODE_0002036	0.999189360537619	0	0
NODE_0002037	0.999814365180888	0	0
leaf_1511	1	0	0
leaf_1832	1	0	0
NODE_0002038	0.983636654726304	0.0114954553080962	0.00486788996559917
leaf_25	1	0	0
NODE_0002039	0.879977954644616	0.114064431676697	0.00595761367868654
leaf_730	1	0	0
leaf_785	0	1	0
NODE_0002040	0.999341143994	0	0
leaf_1361	1	0	0
NODE_0002041	0.997656331048429	0.00143633607441148	0
leaf_378	1	0	0
NODE_0002042	0.991640750432137	0.00658134653817389	0.00177790302968897
leaf_1794	1	0	0
NODE_0002045	0.929498871439789	0.0379607211553967	0.0325404074048146
leaf_1222	0.799247401201474	0.105902929863785	0.0948496689347409
leaf_1695	0.87321968133882	0.0669302092834982	0.0598501093776823
NODE_0002046	0.246111579143151	0.378683409738833	0.375205011118017
leaf_539	0	0	1
NODE_0002047	0.0227584884846645	0.941219566992312	0.0360219445230231
leaf_276	0	1	0
leaf_336	0	1	0
NODE_0002048	0.935798099521762	0.0573805184803858	0.00682138199785219
leaf_826	1	0	0
leaf_1468	0.843717559418595	0.101647714616471	0.0546347259649342
NODE_0002050	0.0268802491015101	0.968462302740074	0.00465744815841583
leaf_603	0.0868544349630783	0.848806545154126	0.0643390198827953
leaf_917	0	1	0
NODE_0002052	0.00368347311439016	0.991579456544997	0.00473707034061329
leaf_777	0	1	0
NODE_0002053	0.00278554888994927	0.97227522388809	0.0249392272219609
leaf_581	0	0	1
NODE_0002054	0	0.998478069323116	0.0013118587066884
leaf_545	0	1	0
leaf_752	0	1	0
NODE_0002055	0.999764254751846	0	0
leaf_2422	1	0	0
NODE_0002056	0.998614224974892	0	0.00122497257331597
NODE_0002057	0.918536062247503	0	0.0814160060692121
NODE_0002113	0.0124899681228425	0	0.987258746684971
leaf_2240	0	0	1
NODE_0002114	0.00290958314818302	0.00144006927748542	0.995650347574332
leaf_442	0	0	1
leaf_979	0	0	1
NODE_0002116	0.00235351202095198	0	0.997368508266271
NODE_0002117	0.00321136662489049	0.00147000934392295	0.995318624031187
leaf_1281	0	0	1
NODE_0002118	0.0235740312924987	0.0180800756981986	0.958345893009303
leaf_245	0	0	1
leaf_559	0.0586471656466865	0.0523335111817681	0.889019323171545
NODE_0002119	0	0	0.999745065690101
leaf_1895	0	0	1
NODE_0002121	0.0536383927237977	0.0513104080299691	0.895051199246233
leaf_269	0.188840493362576	0.192639108634992	0.618520398002432
leaf_1094	0.104291467434821	0.101877614790443	0.793830917774735
NODE_0002122	0	0	0.999610808668173
leaf_492	0	0	1
leaf_1513	0	0	1
NODE_0002123	0.967599103822452	0	0.0321695396968015
NODE_0002124	0.944749704072109	0.00144693173980187	0.0538033641880891
leaf_2239	1	0	0
NODE_0002125	0.502753929071857	0.0170296476098091	0.480216423318334
leaf_466	0.425020601585356	0.202291487889121	0.372687910525523
NODE_0002126	0.0402904716160834	0.00220355316309287	0.957505975220824
NODE_0002127	0	0	0.999309241506441
leaf_952	0	0	1
leaf_1080	0	0	1
NODE_0002128	0.0013063711904234	0	0.998609770523624
leaf_1558	0	0	1
leaf_358	0	0	1
leaf_693	0	0	1
NODE_0002130	0.997508403538007	0	0.00237854825506256
NODE_0002131	0.99933363180026	0	0
NODE_0002132	0.999604623756947	0	0
leaf_1140	1	0	0
leaf_1327	1	0	0
NODE_0002133	0.999897716412736	0	0
leaf_1953	1	0	0
leaf_2076	1	0	0
NODE_0002134	0.999900773096193	0	0
leaf_2107	1	0	0
NODE_0002135	0.999462087892462	0	0
leaf_1823	1	0	0
NODE_0002136	0.997409816608862	0.00104068984032026	0.00154949355081725
leaf_1001	0.829078816366713	0.0880500865594213	0.0828710970738659
leaf_1551	1	0	0
NODE_0002138	0.999405453785618	0	0
leaf_1275	1	0	0
NODE_0002139	0.999797244491857	0	0
leaf_1758	1	0	0
NODE_0002140	0.997994495602674	0	0.00198311375277822
leaf_1689	0	0	1
leaf_1934	1	0	0
NODE_0002142	0.999272149413342	0	0
leaf_1031	1	0	0
NODE_0002143	0.997388693450478	0	0.00161780479738901
leaf_1298	0.934737634715097	0.0328231504114285	0.032439214873474
leaf_1427	1	0	0
NODE_0002058	0.602071546661058	0.00861746085180117	0.38931099248714
leaf_2017	0.517855915129868	0.128825304540693	0.353318780329439
NODE_0002059	0.291186994376301	0	0.70835624827909
NODE_0002068	0.0201648769271938	0	0.979392264296617
leaf_2361	0.0557982758308874	0.036203177383637	0.907998546785475
leaf_2351	0	0	1
NODE_0002070	0.00596298934185493	0	0.993098861303916
leaf_1987	0	0	1
NODE_0002071	0	0	0.999400986437363
leaf_489	0	0	1
leaf_515	0	0	1
NODE_0002060	0.931870326709676	0.00887723488588418	0.0592524384044398
NODE_0002065	0.989550485413261	0.00129014179982559	0.0091593727869137
leaf_1553	1	0	0
leaf_2318	1	0	0
NODE_0002066	0.965564884255142	0.00587677489503104	0.0285583408498266
leaf_2188	0.905845206578223	0.0375312130873698	0.0566235803344068
leaf_2273	1	0	0
NODE_0002061	0.269332321353774	0.716041187767365	0.014626490878861
leaf_1581	0	1	0
NODE_0002062	0.254008959991335	0.736143324819139	0.00984771518952616
leaf_860	1	0	0
NODE_0002063	0.0207092519956393	0.977373045171033	0.00191770283332788
leaf_779	0	1	0
leaf_1120	0	1	0
NODE_0002072	0.0350197373864791	0	0.964350421971093
NODE_0002073	0.0112374653308292	0	0.988399961400779
leaf_2138	0	0	1
NODE_0002074	0.0384348429953608	0.00321214020748798	0.958353016797151
leaf_1192	0	0	1
NODE_0002075	0.975387507481475	0.00220390870579996	0.0224085838127249
leaf_317	1	0	0
leaf_921	1	0	0
NODE_0002076	0.0106873864224796	0	0.988557841697228
NODE_0002077	0	0.00356624031297257	0.995860629121052
leaf_1153	0	1	0
leaf_1713	0	0	1
NODE_0002079	0	0	0.999550052616537
leaf_583	0	0	1
leaf_991	0	0	1
NODE_0002080	0	0	0.999090079842978
leaf_2000	0	0	1
NODE_0002081	0.00274042119307843	0.00169288418014447	0.995566694626777
leaf_125	0.221550189339335	0.230598789947664	0.547851020713001
NODE_0002082	0.00205092294354043	0.00117171172901073	0.996777365327449
leaf_643	0	0	1
NODE_0002083	0.00434666221667704	0.00312942126901686	0.992523916514306
leaf_958	0	0	1
leaf_1143	0.0415377540374808	0.038725140796022	0.919737105166497
NODE_0002085	0.983688789690039	0	0.0159016640514473
NODE_0002086	0.98602260881145	0.003512852040054	0.0104645391484958
leaf_711	1	0	0
leaf_985	1	0	0
NODE_0002087	0.999114505936311	0	0
NODE_0002088	0.999204077979218	0	0
NODE_0002089	0.999891467834265	0	0
leaf_2270	1	0	0
leaf_2274	1	0	0
NODE_0002090	0.987518663663233	0	0.0115824026328112
NODE_0002091	0.00768118472295885	0	0.991606999765769
leaf_1260	0	0	1
NODE_0002092	0	0	0.999655236100045
leaf_1118	0	0	1
leaf_1291	0	0	1
NODE_0002093	0.996572484376175	0	0.00304433586400753
leaf_2013	1	0	0
NODE_0002094	0.99209940670839	0.00245962040215119	0.00544097288945906
leaf_1623	0.818935760772325	0.0925221689417024	0.0885420702859727
NODE_0002095	0.993882555708402	0.00195424972000356	0.00416319457159497
leaf_445	1	0	0
NODE_0002096	0.999417582737424	0	0
leaf_542	1	0	0
leaf_866	1	0	0
NODE_0002097	0.999985030652876	0	0
leaf_1746	1	0	0
leaf_2193	1	0	0
NODE_0002099	0.999822377009183	0	0
NODE_0002100	0.999471094084866	0	0
leaf_780	1	0	0
NODE_0002101	0.999752059900217	0	0
leaf_1875	1	0	0
NODE_0002102	0.999208362749528	0	0
leaf_1377	1	0	0
NODE_0002103	0.992965192894237	0.00292823932561145	0.0041065677801513
leaf_372	1	0	0
leaf_504	0.930735148496224	0.0346116563732674	0.0346531951305089
NODE_0002104	0.999843713109508	0	0
NODE_0002105	0.977985031416403	0.00972136910009842	0.0122935994834988
leaf_52	1	0	0
leaf_856	0.805146061996151	0.100013115614121	0.0948408223897276
NODE_0002107	0.996194674332961	0.00136077203145512	0.00244455363558354
leaf_145	1	0	0
NODE_0002108	0.988388568893232	0.00491461581995074	0.00669681528681677
leaf_344	1	0	0
leaf_462	0.926594301639468	0.0364480376180124	0.0369576607425195
NODE_0002109	0.999903076690127	0	0
leaf_1834	1	0	0
NODE_0002110	0.999658000251204	0	0
leaf_881	1	0	0
NODE_0002111	0.999447670436611	0	0
leaf_684	1	0	0
leaf_1136	1	0	0
NODE_0002144	0.999694950886951	0	0
NODE_0002145	0.999727696648957	0	0
leaf_2393	1	0	0
NODE_0002146	0.998765630105035	0	0
leaf_2168	1	0	0
NODE_0002147	0.996193469962935	0	0.00340180068831956
NODE_0002148	0.975373253985755	0.00134718056452446	0.0232795654497201
leaf_1909	1	0	0
NODE_0002149	0.207869970117322	0.0122197233529143	0.779910306529764
leaf_60	0	0	1
leaf_911	0	0	1
NODE_0002150	0.999443092607893	0	0
leaf_1592	1	0	0
NODE_0002151	0.999767195255512	0	0
leaf_1342	1	0	0
NODE_0002152	0.999910201091681	0	0
leaf_1548	1	0	0
NODE_0002153	0.999918482087617	0	0
leaf_1533	1	0	0
leaf_1570	1	0	0
NODE_0002154	0.999858014536753	0	0
leaf_2406	1	0	0
NODE_0002155	0.999848386081619	0	0
NODE_0002198	0.929312183029139	0.00183944893031488	0.0688483680405461
NODE_0002199	0.999856531465032	0	0
leaf_2304	1	0	0
leaf_2206	1	0	0
leaf_2373	1	0	0
NODE_0002201	0.0826525211284305	0	0.916674077607601
NODE_0002202	0.0650974551336711	0.0101736493007244	0.924728895565604
leaf_1876	0	0	1
leaf_2334	0.096092113833637	0.0449314795640424	0.858976406602321
NODE_0002204	0.10664268339107	0.00541187273029761	0.887945443878633
leaf_1357	0.201267267304483	0.134733738425141	0.663998994270376
NODE_0002208	0.0542401259061383	0.00492552485037174	0.94083434924349
leaf_1766	0.112693329059133	0.0698095226067248	0.817497148334142
leaf_2132	0	0	1
NODE_0002205	0.888937936951778	0.00954206270204667	0.101520000346175
leaf_667	1	0	0
NODE_0002206	0.935809451550701	0.0136364292745352	0.0505541191747637
leaf_220	1	0	0
leaf_230	0.817746445387019	0.0789631311426601	0.103290423470321
NODE_0002209	0.0254152183924695	0	0.974366766292494
leaf_2172	0	0	1
NODE_0002211	0.0013880646093237	0	0.998537926749868
leaf_2305	0	0	1
leaf_2347	0	0	1
NODE_0002212	0.423378649425759	0.0472300440843231	0.529391306489918
leaf_2116	0.417884812550631	0.0774263156064438	0.504688871842925
NODE_0002213	0.988353337904439	0.00150498960895294	0.0101416724866084
leaf_804	1	0	0
leaf_1005	1	0	0
NODE_0002156	0.999896593236162	0	0
leaf_2407	1	0	0
NODE_0002157	0.999472448436963	0	0
NODE_0002158	0.984780952506149	0.0124811949661467	0.00273785252770477
NODE_0002159	0.995685100884545	0.00216030809850445	0.00215459101695056
leaf_1787	1	0	0
NODE_0002160	0.962907495839412	0.0166851324580033	0.0204073717025848
leaf_1287	0.903530721217491	0.0473232276459459	0.049146051136563
NODE_0002161	0.949174529262728	0.0228041960142581	0.0280212747230139
leaf_51	1	0	0
leaf_315	0.743667131187586	0.132462866661254	0.12387000215116
NODE_0002162	0.943624130589213	0.0531066366597612	0.00326923275102608
leaf_337	0	1	0
leaf_1302	0	1	0
NODE_0002164	0.995315565495762	0.00400432975173288	0
NODE_0002165	0.992858328896871	0.00423499966101251	0.00290667144211621
leaf_855	0.77926165818846	0.115434075296231	0.105304266515309
leaf_1449	1	0	0
NODE_0002166	0.999990523757681	0	0
leaf_1600	1	0	0
leaf_1811	1	0	0
leaf_1856	1	0	0
NODE_0002168	0.999605705441443	0	0
NODE_0002169	0.995882617935325	0.00233808272943025	0.00177929933524436
leaf_1716	0.699584466900495	0.159106335271247	0.141309197828258
NODE_0002170	0.996707893466919	0.0026903813210505	0
leaf_2348	1	0	0
NODE_0002172	0.988795957343622	0.00571262165427605	0.00549142100210147
leaf_2018	1	0	0
leaf_2308	0.899744369253516	0.0512163454809052	0.0490392852655793
NODE_0002173	0.37787486899107	0.596438235148225	0.0256868958607049
NODE_0002174	0.370187241103579	0.580314217544753	0.0494985413516678
leaf_1908	0.355643340562801	0.547458221080999	0.0968984383562007
leaf_2164	0.363377247924949	0.565374327203595	0.0712484248714557
NODE_0002175	0.053879686832445	0.939873087980072	0.00624722518748315
leaf_1515	0	1	0
NODE_0002176	0	0.999980946002579	0
leaf_1857	0	1	0
leaf_1355	0	1	0
leaf_1478	0	1	0
leaf_1731	0.0288608525478449	0.944462492662403	0.0266766547897518
NODE_0002180	0	0.998170319576051	0
leaf_1582	0.0346578434748877	0.93326652579882	0.032075630726292
leaf_1905	0	1	0
NODE_0002181	0.999860096887572	0	0
leaf_1154	1	0	0
NODE_0002183	0.996596836543727	0.0011918169035591	0.00221134655271362
leaf_1755	1	0	0
NODE_0002184	0.97635521027028	0.0100401553801584	0.0136046343495612
leaf_655	1	0	0
leaf_1263	0.915707934667108	0.0411874281010598	0.0431046372318319
NODE_0002185	0.999733963920973	0	0
NODE_0002186	0.999795091780569	0	0
leaf_2108	1	0	0
NODE_0002187	0.999784455744701	0	0
leaf_1557	1	0	0
leaf_1917	1	0	0
NODE_0002188	0.999154103308623	0	0
NODE_0002189	0.990006296745336	0.00730404260345361	0.00268966065121028
leaf_577	0	1	0
leaf_2139	1	0	0
NODE_0002190	0.996247615724809	0.00145723275438121	0.00229515152080962
leaf_2171	0.906404953806118	0.0473292644901156	0.0462657817037667
NODE_0002191	0.99785425943967	0	0.00149635824731197
NODE_0002192	0.998236422986811	0	0.00117145847455319
leaf_523	1	0	0
leaf_1184	1	0	0
NODE_0002193	0.996734658842909	0	0.00311928427542419
leaf_1322	1	0	0
NODE_0002194	0.999798653915209	0	0
leaf_1232	1	0	0
leaf_1317	1	0	0
NODE_0002196	0.00924735979122537	0	0.990069382386952
leaf_524	0	0	1
leaf_628	0	0	1
NODE_0002214	0.999604915585037	0	0
NODE_0002221	0.993503524090098	0.00273101828952742	0.00376545762037457
leaf_980	0.593811368132431	0.219874108948122	0.186314522919447
NODE_0002222	0.991974756095552	0.00341556891454174	0.00460967498990655
NODE_0002223	0.978416655883823	0.00211306608701502	0.0194702780291617
leaf_2155	0	0	1
NODE_0002224	0.995975086440799	0	0.00363880351532941
leaf_1897	1	0	0
NODE_0002225	0.998335703896999	0	0.00152790199210422
leaf_2233	1	0	0
NODE_0002226	0.988497781851299	0.00158653791550773	0.00991568023319295
leaf_449	0	0	1
leaf_2040	1	0	0
NODE_0002227	0.955254666412216	0.0411912734655135	0.00355406012227112
leaf_2313	1	0	0
NODE_0002228	0.0520178118872693	0.945116487365306	0.00286570074742506
leaf_2106	0	1	0
NODE_0002230	0.0560354846963984	0.940005436311685	0.00395907899191641
leaf_1965	0	1	0
NODE_0002231	0.991099483659454	0.00699201275505505	0.00190850358549138
leaf_758	1	0	0
NODE_0002232	0.999166933042723	0	0
leaf_705	1	0	0
NODE_0002233	0.999668208454762	0	0
leaf_168	1	0	0
leaf_240	1	0	0
NODE_0002234	0.0268477290017751	0.958459114702836	0.0146931562953891
leaf_2231	0	1	0
NODE_0002235	0.00521025487623287	0.0204311442458199	0.974358600877947
NODE_0002236	0	0	0.999520720260878
leaf_286	0	0	1
leaf_319	0	0	1
NODE_0002237	0	0	0.998799451495547
leaf_890	0	0	1
NODE_0002238	0	0	0.99827059399789
leaf_103	0	0	1
leaf_301	0	0	1
NODE_0001958	0.999339234198573	0	0
NODE_0002215	0.995526785536261	0.00186043846382941	0.00261277599990974
leaf_2258	0.859568218132597	0.0718157698286636	0.0686160120387397
leaf_2127	0.809152383741232	0.0986000619704075	0.0922475542883603
NODE_0002217	0.998688383042729	0	0
leaf_2330	1	0	0
NODE_0002218	0.998360656086346	0	0.0010765218661191
leaf_1320	1	0	0
NODE_0002219	0.999137261207285	0	0
leaf_151	1	0	0
leaf_494	1	0	0
NODE_0002239	0.995186037533369	0.00449097043029423	0
NODE_0002240	0.99556456512822	0.0034359666435358	0
leaf_2359	1	0	0
NODE_0002241	0.869154785461135	0.0950349892143999	0.0358102253244652
leaf_303	0	1	0
NODE_0002242	0.873320759503472	0.0773435286218456	0.0493357118746823
leaf_1556	0.822205835405892	0.103201780696604	0.0745923838975047
NODE_0002243	0.998328893423563	0	0
leaf_112	1	0	0
leaf_233	1	0	0
NODE_0002244	0.926768958325766	0.0726293343180756	0
NODE_0002294	0.754249466921747	0.239484414317741	0.0062661187605125
leaf_534	0	1	0
NODE_0002295	0.887507903693702	0.103152460969179	0.00933963533711923
leaf_1270	0.697354288522663	0.190757195428251	0.111888516049086
NODE_0002296	0.994882228460374	0.00427605173675559	0
leaf_1880	1	0	0
leaf_2130	1	0	0
NODE_0002298	0.0120185287157585	0.98677861296125	0.0012028583229918
leaf_2088	0	1	0
NODE_0002299	0	0.999099471615058	0
leaf_1536	0	1	0
NODE_0002300	0	0.999573722606457	0
leaf_1352	0.0458970481762249	0.91188127785965	0.0422216739641254
NODE_0002301	0	0.998873109343662	0
leaf_999	0	1	0
NODE_0002302	0.0100487666096923	0.979764868970511	0.0101863644197969
leaf_120	0	1	0
leaf_135	0.0788794267315918	0.8485833556104	0.0725372176580083
NODE_0002304	0	0.998890305236163	0
NODE_0002305	0.00378624735136804	0.992301507429824	0.0039122452188077
leaf_270	0	1	0
leaf_637	0.042384923852335	0.91824214519703	0.0393729309506349
NODE_0002306	0	0.999730474370686	0
leaf_367	0	1	0
leaf_710	0	1	0
NODE_0002245	0.996994301928304	0.00251711246496636	0
NODE_0002246	0.999283056145082	0	0
leaf_2302	1	0	0
NODE_0002247	0.999463209175082	0	0
leaf_1605	1	0	0
leaf_2049	1	0	0
NODE_0002248	0.99747848203027	0	0.00222246104739858
NODE_0002249	0.983290291193325	0.0015502938882043	0.0151594149184705
NODE_0002250	0.956109471016401	0.0159160052996851	0.0279745236839139
leaf_1921	0.897425842662403	0.0466462412949187	0.0559279160426787
NODE_0002251	0.954576525932612	0.0173408494017192	0.0280826246656685
leaf_748	0.71300687172727	0.147936038443914	0.139057089828816
NODE_0002252	0.99904783546843	0	0
leaf_575	1	0	0
leaf_807	1	0	0
NODE_0002253	0.905493751099039	0.00456547221058574	0.0899407766903751
NODE_0002254	0.962401563795498	0.00533824664823369	0.0322601895562684
leaf_1339	0.867028252786794	0.0565592760210055	0.0764124711922008
NODE_0002255	0.994784021361998	0	0.00456419903701701
leaf_880	1	0	0
NODE_0002256	0.997077784011879	0	0.00233272846219293
leaf_166	1	0	0
NODE_0002257	0.999094934935224	0	0
leaf_189	1	0	0
leaf_943	1	0	0
NODE_0002258	0.142126747139359	0	0.857087101855677
leaf_1176	0	0	1
NODE_0002259	0.396349059820238	0.0164303914630471	0.587220548716715
leaf_1334	0.393953204686462	0.04934188324483	0.556704912068708
NODE_0002260	0.98901299619296	0	0.010344555542384
leaf_743	1	0	0
NODE_0002261	0.999502430814454	0	0
leaf_639	1	0	0
leaf_708	1	0	0
NODE_0002263	0.00485708370954625	0	0.995007500293114
leaf_1344	0	0	1
NODE_0001998	0	0	0.999747785306458
NODE_0002266	0	0	0.999921508875585
leaf_1103	0	0	1
leaf_1146	0	0	1
NODE_0002265	0	0	0.999911199503557
leaf_937	0	0	1
leaf_1261	0	0	1
NODE_0002267	0.995363769664147	0	0.00447284094635714
leaf_2166	0.880195533771372	0.0595183686926463	0.0602860975359816
leaf_2335	1	0	0
leaf_2236	0.911643274577874	0.0430918130043361	0.0452649124177898
NODE_0002270	0.921070033702397	0.00201549421475623	0.0769144720828468
leaf_2024	1	0	0
NODE_0002271	0.0755534043912923	0.00796530544920401	0.916481290159504
NODE_0002272	0.0349203489043886	0.0226832445414201	0.942396406554191
NODE_0002273	0.0030291037919916	0.00157184597534452	0.995399050232664
leaf_2042	0	0	1
NODE_0002274	0	0	0.998680659687394
leaf_285	0	0	1
leaf_1529	0	0	1
NODE_0002275	0.0108863194508796	0.907907923678236	0.081205756870884
leaf_1079	0	1	0
NODE_0002276	0.0132068245427314	0.93386096108601	0.0529322143712586
leaf_435	0	1	0
leaf_774	0.0479973573036432	0.873307185229002	0.0786954574673551
NODE_0002277	0.00293024987501242	0	0.99679997774196
NODE_0002278	0	0	0.999396579394069
leaf_1088	0	0	1
NODE_0002279	0	0	0.99950317470982
leaf_1517	0	0	1
NODE_0002280	0.0133112407425107	0.001571484835576	0.985117274421913
leaf_127	1	0	0
leaf_827	0	0	1
NODE_0002281	0.00118360529101729	0	0.99876014726761
leaf_1785	0	0	1
NODE_0002289	0.00337470575162159	0.00215089140111583	0.994474402847263
leaf_1033	0	0	1
leaf_1188	0.040675607738351	0.0378333256109849	0.921491066650664
NODE_0002290	0.915072175189	0.00296627186184522	0.0819615529491548
NODE_0002291	0.97233145622483	0.00510450725857534	0.0225640365165951
leaf_408	0.912149683607624	0.0366856712210175	0.0511646451713582
leaf_478	1	0	0
NODE_0002292	0.996403135041557	0	0.00342768604921479
leaf_885	1	0	0
leaf_1098	1	0	0
NODE_0002283	0.0096488371849592	0.0298183245513764	0.960532838263664
NODE_0002284	0	0.00104980119370476	0.998206660274259
leaf_438	0	0	1
leaf_1061	0	0	1
NODE_0002285	0.092787518645039	0.470520929034367	0.436691552320594
NODE_0002286	0.0341951593825982	0.861219662626009	0.104585177991393
leaf_253	0.0907281702071961	0.772277810857996	0.136994018934808
leaf_569	0	1	0
NODE_0002287	0.236894564889253	0.533248571101624	0.229856864009123
leaf_453	0	1	0
leaf_540	1	0	0
NODE_0002307	0.0467055048845577	0.951443289675932	0.00185120543951026
NODE_0002308	0.013731684985075	0.985074851569783	0.00119346344514158
NODE_0002309	0.0140879246148295	0.982385875177578	0.00352620020759222
NODE_0002310	0.0292884901343946	0.966793261088444	0.00391824877716194
leaf_1854	1	0	0
NODE_0002311	0.00468359105012035	0.993274951224995	0.00204145772488462
leaf_2059	0.0325405035563999	0.939438145912148	0.0280213505314522
NODE_0002313	0.0070715180100909	0.972962588552864	0.0199658934370454
leaf_201	0	0	1
leaf_1331	0	1	0
NODE_0002314	0	0.99942159850678	0
leaf_2161	0	1	0
NODE_0002315	0.00106900718529657	0.997889322969525	0.00104166984517838
leaf_1812	0.0415178536924106	0.920185243516378	0.0382969027912111
leaf_2057	0	1	0
NODE_0002316	0.0144852595497803	0.96343250536679	0.0220822350834298
leaf_697	0	0	1
NODE_0002317	0.0071755592731215	0.983674383720571	0.00915005700630741
leaf_1266	0.0545206711397117	0.893441625964214	0.0520377028960739
NODE_0002318	0	0.998004864197928	0.00114911580779781
NODE_0002319	0	0.999613371352165	0
leaf_647	0	1	0
leaf_1374	0	1	0
NODE_0002320	0	0.999004419589351	0
NODE_0002321	0	0.999724813716982	0
leaf_267	0	1	0
NODE_0002322	0	0.999812423069253	0
leaf_147	0	1	0
leaf_275	0	1	0
NODE_0002323	0.00322992925034839	0.99351402209859	0.003256048651062
leaf_42	0.0752151053195526	0.855943278696829	0.0688416159836186
NODE_0002324	0	0.999449812092641	0
leaf_114	0	1	0
NODE_0002325	0.00147673405213588	0.998001798266207	0
leaf_62	0	1	0
NODE_0002326	0.0931193161283	0.891003830130288	0.0158768537414121
leaf_5	1	0	0
NODE_0002327	0.0208003731529591	0.97051886682317	0.00868076002387148
leaf_3	0	1	0
leaf_4	0.044411846861321	0.924140872123795	0.0314472810148841
NODE_0002328	0	0.999999924402469	0
NODE_0002335	0	0.999824144834299	0
leaf_1914	0	1	0
NODE_0002336	0.00161398420786357	0.996708459056682	0.00167755673545416
leaf_1038	0.0603064758769417	0.884274345286513	0.0554191788365452
leaf_1293	0	1	0
NODE_0002329	0	0.999836780579124	0
leaf_1368	0.0254094680085551	0.951058828846525	0.0235317031449198
NODE_0002330	0	0.999888000938892	0
leaf_1064	0	1	0
leaf_1495	0	1	0
NODE_0002332	0	0.99987996492401	0
leaf_916	0	1	0
leaf_1407	0	1	0
NODE_0002337	0	0.999898252766995	0
leaf_1523	0	1	0
NODE_0002338	0	0.999908556087078	0
leaf_1720	0	1	0
NODE_0002339	0	0.999377634529356	0
leaf_812	0	1	0
NODE_0002340	0.00209487717329055	0.99571324977028	0.00219187305642987
leaf_1096	0.04012772204455	0.922678436430258	0.0371938415251923
NODE_0002341	0	0.999548872109887	0
leaf_532	0	1	0
leaf_600	0	1	0
NODE_0002343	0	0.999503281709192	0
NODE_0002344	0.0038408642801489	0.992209590000664	0.00394954571918697
leaf_900	0.082697387374284	0.841714344657931	0.0755882679677847
NODE_0002345	0.00583411183504	0.988193347661433	0.00597254050352695
leaf_591	0.0818094975706711	0.843271982923405	0.0749185195059234
leaf_771	0	1	0
NODE_0002346	0	0.99894405156789	0
leaf_1715	0.0257942793158074	0.950240034850948	0.0239656858332443
NODE_0002347	0.00394892022578847	0.99196845227459	0.0040826274996218
leaf_611	0	1	0
leaf_679	0.0872717569911098	0.8330632207377	0.07966502227119
NODE_0002349	0	0.999029739674303	0
leaf_260	0	1	0
NODE_0002350	0	0.999621767099024	0
leaf_712	0	1	0
NODE_0002351	0	0.999683580826484	0
leaf_90	0	1	0
leaf_171	0	1	0
NODE_0002352	0	0.999827326438015	0
NODE_0002353	0.00126813116087847	0.997400138176218	0.00133173066290377
leaf_1387	0.0371361558033504	0.928474808453316	0.0343890357433333
NODE_0002354	0	0.99962922082039	0
leaf_1550	0	1	0
NODE_0002355	0	0.999478842542035	0
leaf_528	0	1	0
leaf_608	0	1	0
NODE_0002356	0	0.999771238985866	0
leaf_1208	0	1	0
NODE_0002357	0	0.999427529967478	0
NODE_0002358	0.00124728611400436	0.997445163406604	0.0013075504793919
leaf_473	0.084881512465647	0.837745749212717	0.0773727383216356
leaf_457	0.0870805742612619	0.833596441183963	0.0793229845547752
leaf_1404	0	1	0
NODE_0002360	0.00241809010834954	0.995060152947226	0.00252175694442421
leaf_672	0.086809297553905	0.834026371464594	0.0791643309815012
NODE_0002361	0	0.999442246639017	0
leaf_898	0	1	0
NODE_0002362	0.00142324554877165	0.997085185659818	0.00149156879141032
leaf_578	0	1	0
leaf_871	0.0266559627586527	0.948534851561927	0.0248091856794207
NODE_0002363	0.00328936733262006	0.996506997759294	0
NODE_0002364	0.00298905441102919	0.996837655154308	0
NODE_0002374	0.00127902829673153	0.997753007366245	0
leaf_1070	0	1	0
NODE_0002375	0	0.999621020634136	0
leaf_552	0	1	0
leaf_718	0	1	0
NODE_0002365	0	0.999017317986015	0
leaf_629	0	1	0
NODE_0002366	0	0.999744769488265	0
leaf_1053	0	1	0
NODE_0002367	0	0.999867661645917	0
NODE_0002368	0	0.999767274612615	0
leaf_754	0	1	0
leaf_1000	0	1	0
NODE_0002369	0	0.998870808688202	0
NODE_0002370	0.00498309737074192	0.989889090962896	0.00512781166636207
leaf_323	0	1	0
leaf_565	0.0353556267761607	0.931583109224653	0.0330612639991862
NODE_0002371	0.00266070491198856	0.994562684941136	0.00277661014687506
leaf_886	0.0350853046690221	0.93226969718965	0.0326449981413286
NODE_0002372	0.00243195464257603	0.995050301621272	0.00251774373615242
leaf_685	0.0275883115434955	0.946668250817307	0.0257434376391973
leaf_819	0	1	0
NODE_0002376	0.30572959081459	0.686297118746263	0.00797329043914748
NODE_0002377	0.72511405391079	0.254383396894418	0.0205025491947915
leaf_282	0.554102328930544	0.308363468973351	0.137534202096104
NODE_0002378	0.987692308109429	0.0104835851599611	0.00182410673061022
leaf_1305	1	0	0
leaf_875	1	0	0
leaf_951	0.911861791778721	0.0486914514520506	0.0394467567692284
NODE_0002380	0.312119508012951	0.682339138769358	0.0055413532176913
leaf_1048	1	0	0
NODE_0002381	0.00408228869699945	0.995633043025112	0
leaf_1196	0	1	0
leaf_268	0	1	0
NODE_0002383	0.00398367902766258	0.994198571237123	0.0018177497352147
leaf_656	0.0472178322018345	0.910878530162373	0.0419036376357924
NODE_0002384	0	0.999535966421898	0
NODE_0002385	0	0.998976223993384	0
leaf_8	0	1	0
leaf_258	0	1	0
NODE_0002386	0	0.99995231647678	0
leaf_238	0	1	0
leaf_15	0	1	0
leaf_207	0	1	0
NODE_0002388	0	0.999982669130139	0
NODE_0002409	0.00103176634406433	0.998441591482391	0
leaf_45	1	0	0
NODE_0002410	0.0036041385264673	0.992910810648504	0.00348505082502867
leaf_369	0.10756943324334	0.795077629882324	0.0973529368743365
leaf_1121	0	1	0
NODE_0002412	0	0.999568772463385	0
leaf_1104	0	1	0
NODE_0002413	0	0.999194783545659	0
leaf_176	0	1	0
leaf_1141	0	1	0
NODE_0002414	0	0.999889851195065	0
NODE_0002415	0	0.999667795411205	0
leaf_1274	0	1	0
NODE_0002416	0	0.99933096511272	0
leaf_606	0	1	0
NODE_0002417	0	0.999621888238385	0
leaf_1351	0	1	0
NODE_0002418	0	0.996018315404924	0.00363700298336985
leaf_1179	0	1	0
NODE_0002419	0.0052192572859702	0.834447462242794	0.160333280471236
leaf_810	0	0	1
NODE_0002420	0	0.996075582333915	0.00338799373794404
leaf_203	0	1	0
NODE_0002421	0	0.998951482095759	0
leaf_14	0	1	0
leaf_177	0	1	0
NODE_0002422	0	0.99962798302316	0
NODE_0002423	0	0.999903389439549	0
leaf_1829	0	1	0
NODE_0002424	0	0.99955525567153	0
leaf_625	0	1	0
NODE_0002425	0	0.999681936110265	0
leaf_512	0	1	0
leaf_891	0	1	0
NODE_0002426	0.00277724675713042	0.992229668514811	0.00499308472805824
NODE_0002427	0	0.999618063938852	0
leaf_1640	0	1	0
leaf_1903	0	1	0
NODE_0002429	0.00557252140588251	0.843718287908717	0.1507091906854
leaf_830	0	1	0
leaf_1522	0	0	1
NODE_0002430	0.949520251762633	0.0419791149524547	0.00850063328491216
leaf_75	1	0	0
leaf_501	0.842439335331486	0.0948341758736508	0.0627264887948636
leaf_1002	1	0	0
NODE_0002389	0	0.999929627193448	0
leaf_2160	0	1	0
NODE_0002390	0	0.999923357062474	0
NODE_0002391	0	0.999867546761885	0
leaf_1952	0	1	0
NODE_0002392	0.0017309892038017	0.99813131124494	0
leaf_1572	1	0	0
leaf_1771	0.0269198617100987	0.949491179135249	0.0235889591546522
NODE_0002394	0	0.999621687376005	0
leaf_978	0	1	0
leaf_1243	0	1	0
NODE_0002396	0	0.999095740991566	0
leaf_716	0	1	0
NODE_0002397	0	0.999412773752145	0
leaf_307	0	1	0
NODE_0002398	0	0.999730169133584	0
leaf_328	0	1	0
leaf_617	0	1	0
NODE_0002399	0	0.999884513404508	0
leaf_1772	0	1	0
NODE_0002400	0	0.99988358626819	0
NODE_0002401	0	0.999889983836632	0
leaf_1212	0	1	0
leaf_1593	0	1	0
NODE_0002402	0	0.99932050644194	0
leaf_398	0	1	0
NODE_0002403	0	0.998964733495383	0
NODE_0002404	0.00274167058156205	0.994390851085652	0.00286747833278569
leaf_53	0.131626163098228	0.750069321340617	0.118304515561156
NODE_0002405	0	0.999556802782858	0
leaf_155	0	1	0
leaf_212	0	1	0
NODE_0002406	0.00125766560119476	0.997397254967493	0.00134507943131181
leaf_634	0.0320369085043404	0.938215070583265	0.0297480209123943
NODE_0002407	0	0.999475012634644	0
leaf_217	0	1	0
leaf_840	0	1	0
