,strain,pool
0,leaf_12209,test
1,leaf_2253,test
2,leaf_6002,test
3,leaf_775,test
4,leaf_22734,test
5,leaf_5907,test
6,leaf_15154,test
7,leaf_3810,test
8,leaf_11211,test
9,leaf_3909,test
10,leaf_4727,test
11,leaf_20497,test
12,leaf_18857,test
13,leaf_8154,test
14,leaf_17137,test
15,leaf_5331,test
16,leaf_19425,test
17,leaf_4161,test
18,leaf_16171,test
19,leaf_5086,test
20,leaf_9253,test
21,leaf_21344,test
22,leaf_8650,test
23,leaf_6707,test
24,leaf_5042,test
25,leaf_1863,test
26,leaf_19648,test
27,leaf_10754,test
28,leaf_4744,test
29,leaf_22970,test
30,leaf_7774,test
31,leaf_16743,test
32,leaf_19446,test
33,leaf_18655,test
34,leaf_2252,test
35,leaf_3801,test
36,leaf_18885,test
37,leaf_12679,test
38,leaf_18492,test
39,leaf_14172,test
40,leaf_4730,test
41,leaf_8028,test
42,leaf_204,test
43,leaf_8150,test
44,leaf_5893,test
45,leaf_17693,test
46,leaf_12421,test
47,leaf_5265,test
48,leaf_1990,test
49,leaf_4704,test
50,leaf_18452,test
51,leaf_8613,test
52,leaf_1541,test
53,leaf_5657,test
54,leaf_5915,test
55,leaf_3446,test
56,leaf_14705,test
57,leaf_22481,test
58,leaf_18551,test
59,leaf_17020,test
60,leaf_16400,test
61,leaf_12194,test
62,leaf_4546,test
63,leaf_13196,test
64,leaf_7171,test
65,leaf_22871,test
66,leaf_14823,test
67,leaf_2964,test
68,leaf_21772,test
69,leaf_14524,test
70,leaf_3250,test
71,leaf_4140,test
72,leaf_20790,test
73,leaf_3869,test
74,leaf_20368,test
75,leaf_6849,test
76,leaf_21713,test
77,leaf_9410,test
78,leaf_7485,test
79,leaf_20247,test
80,leaf_16155,test
81,leaf_5635,test
82,leaf_12760,test
83,leaf_16962,test
84,leaf_4301,test
85,leaf_9382,test
86,leaf_11080,test
87,leaf_21808,test
88,leaf_6754,test
89,leaf_19686,test
90,leaf_17535,test
91,leaf_20335,test
92,leaf_19657,test
93,leaf_13401,test
94,leaf_14277,test
95,leaf_936,test
96,leaf_7246,test
97,leaf_17882,test
98,leaf_12883,test
99,leaf_15935,test
100,leaf_12221,test
101,leaf_21995,test
102,leaf_2063,test
103,leaf_18505,test
104,leaf_11659,test
105,leaf_11941,test
106,leaf_19096,test
107,leaf_12045,test
108,leaf_1715,test
109,leaf_15503,test
110,leaf_20971,test
111,leaf_452,test
112,leaf_22229,test
113,leaf_18770,test
114,leaf_6769,test
115,leaf_8664,test
116,leaf_3990,test
117,leaf_9928,test
118,leaf_18193,test
119,leaf_7390,test
120,leaf_13695,test
121,leaf_21737,test
122,leaf_21832,test
123,leaf_14867,test
124,leaf_5682,test
125,leaf_17273,test
126,leaf_5904,test
127,leaf_3100,test
128,leaf_18962,test
129,leaf_13303,test
130,leaf_19794,test
131,leaf_5840,test
132,leaf_18894,test
133,leaf_5834,test
134,leaf_8963,test
135,leaf_18078,test
136,leaf_17122,test
137,leaf_22378,test
138,leaf_4125,test
139,leaf_5838,test
140,leaf_18388,test
141,leaf_9581,test
142,leaf_9059,test
143,leaf_11921,test
144,leaf_4868,test
145,leaf_22691,test
146,leaf_22708,test
147,leaf_3051,test
148,leaf_2432,test
149,leaf_3345,test
150,leaf_17579,test
151,leaf_1434,test
152,leaf_22139,test
153,leaf_10533,test
154,leaf_23053,test
155,leaf_13170,test
156,leaf_4553,test
157,leaf_18457,test
158,leaf_11786,test
159,leaf_12900,test
160,leaf_14068,test
161,leaf_9679,test
162,leaf_21572,test
163,leaf_17350,test
164,leaf_1374,test
165,leaf_16806,test
166,leaf_13177,test
167,leaf_9549,test
168,leaf_16960,test
169,leaf_6412,test
170,leaf_3481,test
171,leaf_21709,test
172,leaf_22930,test
173,leaf_6952,test
174,leaf_16837,test
175,leaf_22531,test
176,leaf_2969,test
177,leaf_20951,test
178,leaf_3625,test
179,leaf_1417,test
180,leaf_8408,test
181,leaf_3417,test
182,leaf_5971,test
183,leaf_16583,test
184,leaf_9896,test
185,leaf_1600,test
186,leaf_17349,test
187,leaf_20762,test
188,leaf_22305,test
189,leaf_6071,test
190,leaf_9133,test
191,leaf_21380,test
192,leaf_15827,test
193,leaf_12506,test
194,leaf_18154,test
195,leaf_7142,test
196,leaf_19563,test
197,leaf_8305,test
198,leaf_19081,test
199,leaf_1321,test
200,leaf_13182,test
201,leaf_20460,test
202,leaf_21826,test
203,leaf_10346,test
204,leaf_14977,test
205,leaf_5308,test
206,leaf_12251,test
207,leaf_9758,test
208,leaf_3576,test
209,leaf_13815,test
210,leaf_13393,test
211,leaf_22757,test
212,leaf_17494,test
213,leaf_20091,test
214,leaf_19207,test
215,leaf_30,test
216,leaf_3910,test
217,leaf_4049,test
218,leaf_15284,test
219,leaf_20173,test
220,leaf_20039,test
221,leaf_2325,test
222,leaf_14594,test
223,leaf_17474,test
224,leaf_16773,test
225,leaf_15185,test
226,leaf_564,test
227,leaf_19913,test
228,leaf_15873,test
229,leaf_6064,test
230,leaf_10861,test
231,leaf_14789,test
232,leaf_1187,test
233,leaf_6608,test
234,leaf_13201,test
235,leaf_10001,test
236,leaf_11257,test
237,leaf_13007,test
238,leaf_20780,test
239,leaf_17893,test
240,leaf_5763,test
241,leaf_11308,test
242,leaf_12333,test
243,leaf_12374,test
244,leaf_9514,test
245,leaf_7802,test
246,leaf_13993,test
247,leaf_22532,test
248,leaf_14069,test
249,leaf_4835,test
250,leaf_7027,test
251,leaf_3820,test
252,leaf_21196,test
253,leaf_11441,test
254,leaf_22056,test
255,leaf_14942,test
256,leaf_1119,test
257,leaf_2919,test
258,leaf_17213,test
259,leaf_16346,test
260,leaf_16584,test
261,leaf_22740,test
262,leaf_7377,test
263,leaf_9520,test
264,leaf_10058,test
265,leaf_7134,test
266,leaf_15617,test
267,leaf_3938,test
268,leaf_10710,test
269,leaf_9612,test
270,leaf_9361,test
271,leaf_6240,test
272,leaf_13831,test
273,leaf_14359,test
274,leaf_12247,test
275,leaf_7244,test
276,leaf_17381,test
277,leaf_8865,test
278,leaf_19165,test
279,leaf_17613,test
280,leaf_22438,test
281,leaf_19412,test
282,leaf_9061,test
283,leaf_12334,test
284,leaf_14961,test
285,leaf_17480,test
286,leaf_19409,test
287,leaf_18893,test
288,leaf_21513,test
289,leaf_3780,test
290,leaf_13180,test
291,leaf_15179,test
292,leaf_13371,test
293,leaf_460,test
294,leaf_22331,test
295,leaf_1629,test
296,leaf_16167,test
297,leaf_12580,test
298,leaf_23055,test
299,leaf_15163,test
300,leaf_10358,test
301,leaf_1515,test
302,leaf_13793,test
303,leaf_4424,test
304,leaf_12913,test
305,leaf_14814,test
306,leaf_9305,test
307,leaf_3451,test
308,leaf_1164,test
309,leaf_1426,test
310,leaf_21083,test
311,leaf_13755,test
312,leaf_18167,test
313,leaf_22372,test
314,leaf_20774,test
315,leaf_19802,test
316,leaf_2899,test
317,leaf_7337,test
318,leaf_3688,test
319,leaf_22008,test
320,leaf_890,test
321,leaf_2335,test
322,leaf_19843,test
323,leaf_16376,test
324,leaf_7084,test
325,leaf_9558,test
326,leaf_3101,test
327,leaf_5015,test
328,leaf_14171,test
329,leaf_8594,test
330,leaf_17797,test
331,leaf_13111,test
332,leaf_5004,test
333,leaf_7380,test
334,leaf_15796,test
335,leaf_6079,test
336,leaf_20192,test
337,leaf_14102,test
338,leaf_13491,test
339,leaf_1089,test
340,leaf_2437,test
341,leaf_8187,test
342,leaf_3149,test
343,leaf_11759,test
344,leaf_16701,test
345,leaf_19668,test
346,leaf_3787,test
347,leaf_3876,test
348,leaf_14864,test
349,leaf_13821,test
350,leaf_9171,test
351,leaf_4733,test
352,leaf_16875,test
353,leaf_9862,test
354,leaf_18813,test
355,leaf_18562,test
356,leaf_15800,test
357,leaf_8346,test
358,leaf_5425,test
359,leaf_18824,test
360,leaf_22833,test
361,leaf_15431,test
362,leaf_7987,test
363,leaf_6883,test
364,leaf_9201,test
365,leaf_4465,test
366,leaf_14968,test
367,leaf_3396,test
368,leaf_10584,test
369,leaf_16296,test
370,leaf_22063,test
371,leaf_12938,test
372,leaf_6203,test
373,leaf_11494,test
374,leaf_15206,test
375,leaf_18498,test
376,leaf_8656,test
377,leaf_20076,test
378,leaf_4638,test
379,leaf_11760,test
380,leaf_15711,test
381,leaf_17106,test
382,leaf_21305,test
383,leaf_23020,test
384,leaf_21562,test
385,leaf_9570,test
386,leaf_16390,test
387,leaf_17789,test
388,leaf_535,test
389,leaf_5248,test
390,leaf_17818,test
391,leaf_14733,test
392,leaf_9109,test
393,leaf_19848,test
394,leaf_2874,test
395,leaf_18210,test
396,leaf_6841,test
397,leaf_21851,test
398,leaf_10725,test
399,leaf_6039,test
400,leaf_6360,test
401,leaf_9182,test
402,leaf_14887,test
403,leaf_6123,test
404,leaf_4263,test
405,leaf_14120,test
406,leaf_10700,test
407,leaf_19640,test
408,leaf_11323,test
409,leaf_11453,test
410,leaf_5697,test
411,leaf_12452,test
412,leaf_20741,test
413,leaf_19405,test
414,leaf_5378,test
415,leaf_7188,test
416,leaf_11234,test
417,leaf_1095,test
418,leaf_16115,test
419,leaf_2870,test
420,leaf_4581,test
421,leaf_18638,test
422,leaf_73,test
423,leaf_10721,test
424,leaf_1302,test
425,leaf_4960,test
426,leaf_20966,test
427,leaf_2885,test
428,leaf_2387,test
429,leaf_17374,test
430,leaf_7511,test
431,leaf_16974,test
432,leaf_9746,test
433,leaf_6489,test
434,leaf_8022,test
435,leaf_17277,test
436,leaf_7437,test
437,leaf_21907,test
438,leaf_2196,test
439,leaf_8387,test
440,leaf_10104,test
441,leaf_5435,test
442,leaf_8802,test
443,leaf_10285,test
444,leaf_11512,test
445,leaf_19229,test
446,leaf_7063,test
447,leaf_12970,test
448,leaf_15888,test
449,leaf_428,test
450,leaf_17139,test
451,leaf_8003,test
452,leaf_850,test
453,leaf_22146,test
454,leaf_7682,test
455,leaf_2233,test
456,leaf_13,test
457,leaf_5775,test
458,leaf_14301,test
459,leaf_18915,test
460,leaf_5131,test
461,leaf_2115,test
462,leaf_9102,test
463,leaf_14183,test
464,leaf_7384,test
465,leaf_10187,test
466,leaf_18100,test
467,leaf_6003,test
468,leaf_6318,test
469,leaf_10413,test
470,leaf_1966,test
471,leaf_17949,test
472,leaf_6364,test
473,leaf_12368,test
474,leaf_1229,test
475,leaf_19297,test
476,leaf_10202,test
477,leaf_12331,test
478,leaf_18221,test
479,leaf_12173,test
480,leaf_7687,test
481,leaf_3849,test
482,leaf_16301,test
483,leaf_3348,test
484,leaf_15611,test
485,leaf_15405,test
486,leaf_6614,test
487,leaf_15355,test
488,leaf_11304,test
489,leaf_14697,test
490,leaf_1416,test
491,leaf_19557,test
492,leaf_5977,test
493,leaf_22876,test
494,leaf_22972,test
495,leaf_16991,test
496,leaf_1804,test
497,leaf_14309,test
498,leaf_2344,test
499,leaf_2690,test
500,leaf_215,test
501,leaf_22715,test
502,leaf_17746,test
503,leaf_6850,test
504,leaf_1425,test
505,leaf_13872,test
506,leaf_15305,test
507,leaf_12483,test
508,leaf_1610,test
509,leaf_7560,test
510,leaf_16449,test
511,leaf_8746,test
512,leaf_14164,test
513,leaf_22843,test
514,leaf_457,test
515,leaf_8300,test
516,leaf_5481,test
517,leaf_6282,test
518,leaf_13046,test
519,leaf_984,test
520,leaf_870,test
521,leaf_17993,test
522,leaf_7506,test
523,leaf_736,test
524,leaf_14755,test
525,leaf_16123,test
526,leaf_7204,test
527,leaf_18497,test
528,leaf_6434,test
529,leaf_2041,test
530,leaf_8993,test
531,leaf_10917,test
532,leaf_5468,test
533,leaf_17094,test
534,leaf_730,test
535,leaf_18325,test
536,leaf_19479,test
537,leaf_5962,test
538,leaf_20725,test
539,leaf_4243,test
540,leaf_1356,test
541,leaf_7143,test
542,leaf_9830,test
543,leaf_10039,test
544,leaf_18643,test
545,leaf_20949,test
546,leaf_2751,test
547,leaf_21802,test
548,leaf_10199,test
549,leaf_6058,test
550,leaf_15636,test
551,leaf_6074,test
552,leaf_21551,test
553,leaf_9532,test
554,leaf_19751,test
555,leaf_21240,test
556,leaf_12892,test
557,leaf_871,test
558,leaf_5073,test
559,leaf_19669,test
560,leaf_6288,test
561,leaf_9883,test
562,leaf_16202,test
563,leaf_15868,test
564,leaf_431,test
565,leaf_9308,test
566,leaf_16297,test
567,leaf_13787,test
568,leaf_11992,test
569,leaf_13967,test
570,leaf_7937,test
571,leaf_20398,test
572,leaf_359,test
573,leaf_22234,test
574,leaf_17330,test
575,leaf_16375,test
576,leaf_11301,test
577,leaf_14668,test
578,leaf_1914,test
579,leaf_11435,test
580,leaf_8051,test
581,leaf_2279,test
582,leaf_6404,test
583,leaf_6504,test
584,leaf_16394,test
585,leaf_2397,test
586,leaf_8358,test
587,leaf_13232,test
588,leaf_6656,test
589,leaf_17506,test
590,leaf_3220,test
591,leaf_17928,test
592,leaf_1831,test
593,leaf_10975,test
594,leaf_9050,test
595,leaf_18854,test
596,leaf_3723,test
597,leaf_7419,test
598,leaf_11755,test
599,leaf_21813,test
600,leaf_6236,test
601,leaf_16905,test
602,leaf_17443,test
603,leaf_3882,test
604,leaf_15627,test
605,leaf_10469,test
606,leaf_7627,test
607,leaf_13727,test
608,leaf_19132,test
609,leaf_18969,test
610,leaf_10032,test
611,leaf_20792,test
612,leaf_1281,test
613,leaf_4652,test
614,leaf_126,test
615,leaf_21590,test
616,leaf_4781,test
617,leaf_22974,test
618,leaf_22474,test
619,leaf_16164,test
620,leaf_3579,test
621,leaf_14662,test
622,leaf_12863,test
623,leaf_10229,test
624,leaf_8813,test
625,leaf_2854,test
626,leaf_8696,test
627,leaf_14445,test
628,leaf_4867,test
629,leaf_2337,test
630,leaf_14999,test
631,leaf_9876,test
632,leaf_14573,test
633,leaf_18927,test
634,leaf_4851,test
635,leaf_6316,test
636,leaf_21368,test
637,leaf_12069,test
638,leaf_14319,test
639,leaf_3965,test
640,leaf_20283,test
641,leaf_9147,test
642,leaf_3700,test
643,leaf_766,test
644,leaf_10360,test
645,leaf_14995,test
646,leaf_14836,test
647,leaf_14402,test
648,leaf_12561,test
649,leaf_21401,test
650,leaf_20513,test
651,leaf_9799,test
652,leaf_14644,test
653,leaf_7251,test
654,leaf_12159,test
655,leaf_9521,test
656,leaf_6771,test
657,leaf_20547,test
658,leaf_3539,test
659,leaf_21161,test
660,leaf_21818,test
661,leaf_20670,test
662,leaf_21501,test
663,leaf_3161,test
664,leaf_7960,test
665,leaf_4739,test
666,leaf_9801,test
667,leaf_5183,test
668,leaf_9346,test
669,leaf_19224,test
670,leaf_21388,test
671,leaf_20602,test
672,leaf_22922,test
673,leaf_22194,test
674,leaf_3487,test
675,leaf_20754,test
676,leaf_4707,test
677,leaf_581,test
678,leaf_15094,test
679,leaf_10606,test
680,leaf_12256,test
681,leaf_3604,test
682,leaf_11740,test
683,leaf_3055,test
684,leaf_18240,test
685,leaf_9379,test
686,leaf_7085,test
687,leaf_734,test
688,leaf_3854,test
689,leaf_5671,test
690,leaf_17280,test
691,leaf_14134,test
692,leaf_3164,test
693,leaf_9314,test
694,leaf_14330,test
695,leaf_9515,test
696,leaf_18172,test
697,leaf_16638,test
698,leaf_14902,test
699,leaf_508,test
700,leaf_11316,test
701,leaf_17524,test
702,leaf_6792,test
703,leaf_3891,test
704,leaf_19153,test
705,leaf_16888,test
706,leaf_1477,test
707,leaf_15173,test
708,leaf_9116,test
709,leaf_17528,test
710,leaf_5608,test
711,leaf_10050,test
712,leaf_10593,test
713,leaf_4148,test
714,leaf_419,test
715,leaf_8736,test
716,leaf_21653,test
717,leaf_2304,test
718,leaf_17884,test
719,leaf_20958,test
720,leaf_13338,test
721,leaf_11550,test
722,leaf_17200,test
723,leaf_1999,test
724,leaf_21729,test
725,leaf_18602,test
726,leaf_14883,test
727,leaf_13150,test
728,leaf_3515,test
729,leaf_16682,test
730,leaf_6713,test
731,leaf_10613,test
732,leaf_8767,test
733,leaf_818,test
734,leaf_21880,test
735,leaf_18432,test
736,leaf_3015,test
737,leaf_16466,test
738,leaf_17704,test
739,leaf_16486,test
740,leaf_14088,test
741,leaf_20414,test
742,leaf_21115,test
743,leaf_22870,test
744,leaf_16438,test
745,leaf_273,test
746,leaf_19366,test
747,leaf_4064,test
748,leaf_13271,test
749,leaf_16079,test
750,leaf_17615,test
751,leaf_13866,test
752,leaf_8733,test
753,leaf_23019,test
754,leaf_19581,test
755,leaf_22293,test
756,leaf_12076,test
757,leaf_17126,test
758,leaf_9824,test
759,leaf_5681,test
760,leaf_8167,test
761,leaf_7631,test
762,leaf_20367,test
763,leaf_10312,test
764,leaf_20394,test
765,leaf_10920,test
766,leaf_6011,test
767,leaf_18540,test
768,leaf_16920,test
769,leaf_6912,test
770,leaf_8838,test
771,leaf_16409,test
772,leaf_2605,test
773,leaf_6362,test
774,leaf_218,test
775,leaf_19651,test
776,leaf_21138,test
777,leaf_18264,test
778,leaf_1228,test
779,leaf_9443,test
780,leaf_5271,test
781,leaf_11454,test
782,leaf_7105,test
783,leaf_14973,test
784,leaf_3599,test
785,leaf_6800,test
786,leaf_19239,test
787,leaf_16036,test
788,leaf_16193,test
789,leaf_21384,test
790,leaf_13617,test
791,leaf_9818,test
792,leaf_21788,test
793,leaf_19685,test
794,leaf_5022,test
795,leaf_918,test
796,leaf_19643,test
797,leaf_13778,test
798,leaf_8538,test
799,leaf_6352,test
800,leaf_13055,test
801,leaf_4203,test
802,leaf_16136,test
803,leaf_13241,test
804,leaf_5829,test
805,leaf_5417,test
806,leaf_11403,test
807,leaf_5241,test
808,leaf_2023,test
809,leaf_18372,test
810,leaf_13693,test
811,leaf_10961,test
812,leaf_20923,test
813,leaf_21366,test
814,leaf_6586,test
815,leaf_8006,test
816,leaf_6826,test
817,leaf_11771,test
818,leaf_10368,test
819,leaf_7821,test
820,leaf_9255,test
821,leaf_12046,test
822,leaf_15200,test
823,leaf_1451,test
824,leaf_19911,test
825,leaf_5017,test
826,leaf_15106,test
827,leaf_22582,test
828,leaf_18105,test
829,leaf_2163,test
830,leaf_137,test
831,leaf_11035,test
832,leaf_19131,test
833,leaf_15393,test
834,leaf_9857,test
835,leaf_5587,test
836,leaf_1433,test
837,leaf_5349,test
838,leaf_20,test
839,leaf_21073,test
840,leaf_2227,test
841,leaf_1573,test
842,leaf_17842,test
843,leaf_14832,test
844,leaf_171,test
845,leaf_5048,test
846,leaf_17808,test
847,leaf_44,test
848,leaf_9511,test
849,leaf_12145,test
850,leaf_14689,test
851,leaf_10321,test
852,leaf_8606,test
853,leaf_11914,test
854,leaf_3802,test
855,leaf_6251,test
856,leaf_3118,test
857,leaf_17795,test
858,leaf_4128,test
859,leaf_7174,test
860,leaf_20120,test
861,leaf_8654,test
862,leaf_17181,test
863,leaf_9684,test
864,leaf_17761,test
865,leaf_1274,test
866,leaf_51,test
867,leaf_1233,test
868,leaf_5074,test
869,leaf_18135,test
870,leaf_20814,test
871,leaf_18761,test
872,leaf_19447,test
873,leaf_1106,test
874,leaf_21416,test
875,leaf_1199,test
876,leaf_1525,test
877,leaf_11553,test
878,leaf_16600,test
879,leaf_7872,test
880,leaf_1782,test
881,leaf_13043,test
882,leaf_8834,test
883,leaf_20050,test
884,leaf_19268,test
885,leaf_515,test
886,leaf_18239,test
887,leaf_14196,test
888,leaf_20024,test
889,leaf_12086,test
890,leaf_10101,test
891,leaf_13867,test
892,leaf_15659,test
893,leaf_2458,test
894,leaf_20870,test
895,leaf_8699,test
896,leaf_22580,test
897,leaf_12543,test
898,leaf_15957,test
899,leaf_7651,test
900,leaf_4162,test
901,leaf_13718,test
902,leaf_283,test
903,leaf_11595,test
904,leaf_15653,test
905,leaf_10939,test
906,leaf_8108,test
907,leaf_12929,test
908,leaf_17487,test
909,leaf_14781,test
910,leaf_12408,test
911,leaf_13294,test
912,leaf_5538,test
913,leaf_18342,test
914,leaf_16828,test
915,leaf_12424,test
916,leaf_19574,test
917,leaf_16792,test
918,leaf_4978,test
919,leaf_18396,test
920,leaf_5452,test
921,leaf_658,test
922,leaf_14544,test
923,leaf_6891,test
924,leaf_4220,test
925,leaf_2777,test
926,leaf_14105,test
927,leaf_3012,test
928,leaf_2691,test
929,leaf_22214,test
930,leaf_4181,test
931,leaf_18374,test
932,leaf_8422,test
933,leaf_5325,test
934,leaf_3143,test
935,leaf_11928,test
936,leaf_5446,test
937,leaf_16945,test
938,leaf_23081,test
939,leaf_3762,test
940,leaf_10380,test
941,leaf_19249,test
942,leaf_14955,test
943,leaf_10826,test
944,leaf_6686,test
945,leaf_19088,test
946,leaf_1045,test
947,leaf_18381,test
948,leaf_22243,test
949,leaf_1136,test
950,leaf_21229,test
951,leaf_10425,test
952,leaf_1798,test
953,leaf_11298,test
954,leaf_4822,test
955,leaf_1838,test
956,leaf_22395,test
957,leaf_10808,test
958,leaf_18087,test
959,leaf_9610,test
960,leaf_2077,test
961,leaf_15081,test
962,leaf_9670,test
963,leaf_7072,test
964,leaf_18699,test
965,leaf_22860,test
966,leaf_14740,test
967,leaf_12581,test
968,leaf_4926,test
969,leaf_18097,test
970,leaf_16393,test
971,leaf_8223,test
972,leaf_8674,test
973,leaf_21879,test
974,leaf_22451,test
975,leaf_3942,test
976,leaf_5033,test
977,leaf_13908,test
978,leaf_944,test
979,leaf_6784,test
980,leaf_15490,test
981,leaf_20063,test
982,leaf_20838,test
983,leaf_21922,test
984,leaf_1068,test
985,leaf_18646,test
986,leaf_13856,test
987,leaf_7785,test
988,leaf_13489,test
989,leaf_2746,test
990,leaf_8364,test
991,leaf_13681,test
992,leaf_10504,test
993,leaf_10289,test
994,leaf_8724,test
995,leaf_8660,test
996,leaf_20452,test
997,leaf_11847,test
998,leaf_7314,test
999,leaf_5537,test
1000,leaf_16399,test
1001,leaf_6965,test
1002,leaf_19664,test
1003,leaf_13706,test
1004,leaf_20211,test
1005,leaf_19141,test
1006,leaf_12535,test
1007,leaf_11401,test
1008,leaf_13631,test
1009,leaf_3087,test
1010,leaf_333,test
1011,leaf_20918,test
1012,leaf_3392,test
1013,leaf_6402,test
1014,leaf_11232,test
1015,leaf_16124,test
1016,leaf_16371,test
1017,leaf_7426,test
1018,leaf_20804,test
1019,leaf_12370,test
1020,leaf_6102,test
1021,leaf_5353,test
1022,leaf_19394,test
1023,leaf_10878,test
1024,leaf_7022,test
1025,leaf_17338,test
1026,leaf_2150,test
1027,leaf_4103,test
1028,leaf_13302,test
1029,leaf_2366,test
1030,leaf_21619,test
1031,leaf_6199,test
1032,leaf_6729,test
1033,leaf_22500,test
1034,leaf_18828,test
1035,leaf_20824,test
1036,leaf_17292,test
1037,leaf_6045,test
1038,leaf_21006,test
1039,leaf_7180,test
1040,leaf_19925,test
1041,leaf_2148,test
1042,leaf_22197,test
1043,leaf_10892,test
1044,leaf_18340,test
1045,leaf_22280,test
1046,leaf_15402,test
1047,leaf_7661,test
1048,leaf_3833,test
1049,leaf_21945,test
1050,leaf_22810,test
1051,leaf_10615,test
1052,leaf_3848,test
1053,leaf_3275,test
1054,leaf_15791,test
1055,leaf_8287,test
1056,leaf_16786,test
1057,leaf_12318,test
1058,leaf_4560,test
1059,leaf_14377,test
1060,leaf_20821,test
1061,leaf_14773,test
1062,leaf_19116,test
1063,leaf_19359,test
1064,leaf_14913,test
1065,leaf_17454,test
1066,leaf_2486,test
1067,leaf_10244,test
1068,leaf_13653,test
1069,leaf_16102,test
1070,leaf_16834,test
1071,leaf_10123,test
1072,leaf_3215,test
1073,leaf_22460,test
1074,leaf_11976,test
1075,leaf_17497,test
1076,leaf_464,test
1077,leaf_2608,test
1078,leaf_12622,test
1079,leaf_934,test
1080,leaf_16866,test
1081,leaf_7078,test
1082,leaf_6470,test
1083,leaf_4088,test
1084,leaf_8455,test
1085,leaf_17921,test
1086,leaf_15833,test
1087,leaf_1837,test
1088,leaf_10805,test
1089,leaf_13748,test
1090,leaf_3930,test
1091,leaf_21204,test
1092,leaf_15732,test
1093,leaf_22091,test
1094,leaf_13447,test
1095,leaf_22220,test
1096,leaf_14556,test
1097,leaf_12526,test
1098,leaf_14634,test
1099,leaf_16065,test
1100,leaf_3137,test
1101,leaf_2861,test
1102,leaf_9134,test
1103,leaf_8046,test
1104,leaf_21586,test
1105,leaf_22738,test
1106,leaf_11103,test
1107,leaf_11237,test
1108,leaf_16185,test
1109,leaf_10918,test
1110,leaf_16911,test
1111,leaf_8149,test
1112,leaf_2615,test
1113,leaf_3623,test
1114,leaf_5194,test
1115,leaf_997,test
1116,leaf_12741,test
1117,leaf_18709,test
1118,leaf_9781,test
1119,leaf_6981,test
1120,leaf_8684,test
1121,leaf_14965,test
1122,leaf_13039,test
1123,leaf_13413,test
1124,leaf_8806,test
1125,leaf_13965,test
1126,leaf_13543,test
1127,leaf_18043,test
1128,leaf_15167,test
1129,leaf_23048,test
1130,leaf_4875,test
1131,leaf_19951,test
1132,leaf_18897,test
1133,leaf_1282,test
1134,leaf_14798,test
1135,leaf_16029,test
1136,leaf_14306,test
1137,leaf_1910,test
1138,leaf_1146,test
1139,leaf_15385,test
1140,leaf_4000,test
1141,leaf_15865,test
1142,leaf_13517,test
1143,leaf_16092,test
1144,leaf_21799,test
1145,leaf_21568,test
1146,leaf_14643,test
1147,leaf_13163,test
1148,leaf_10479,test
1149,leaf_19834,test
1150,leaf_12573,test
1151,leaf_6694,test
1152,leaf_22536,test
1153,leaf_14523,test
1154,leaf_13205,test
1155,leaf_4612,test
1156,leaf_8146,test
1157,leaf_20994,test
1158,leaf_4143,test
1159,leaf_16178,test
1160,leaf_19744,test
1161,leaf_9594,test
1162,leaf_2736,test
1163,leaf_10083,test
1164,leaf_2791,test
1165,leaf_20909,test
1166,leaf_7241,test
1167,leaf_14723,test
1168,leaf_2044,test
1169,leaf_1372,test
1170,leaf_5929,test
1171,leaf_19325,test
1172,leaf_6190,test
1173,leaf_21549,test
1174,leaf_11395,test
1175,leaf_2333,test
1176,leaf_19340,test
1177,leaf_8498,test
1178,leaf_18434,test
1179,leaf_22153,test
1180,leaf_22656,test
1181,leaf_19987,test
1182,leaf_21929,test
1183,leaf_6073,test
1184,leaf_21960,test
1185,leaf_16198,test
1186,leaf_18811,test
1187,leaf_20318,test
1188,leaf_15024,test
1189,leaf_5607,test
1190,leaf_5385,test
1191,leaf_3029,test
1192,leaf_10672,test
1193,leaf_1453,test
1194,leaf_17642,test
1195,leaf_2255,test
1196,leaf_21238,test
1197,leaf_9446,test
1198,leaf_13676,test
1199,leaf_11499,test
1200,leaf_15259,test
1201,leaf_18995,test
1202,leaf_6501,test
1203,leaf_19143,test
1204,leaf_7791,test
1205,leaf_22400,test
1206,leaf_14127,test
1207,leaf_800,test
1208,leaf_6682,test
1209,leaf_15991,test
1210,leaf_22613,test
1211,leaf_18810,test
1212,leaf_1291,test
1213,leaf_21835,test
1214,leaf_1060,test
1215,leaf_19749,test
1216,leaf_14719,test
1217,leaf_21226,test
1218,leaf_17042,test
1219,leaf_15544,test
1220,leaf_3003,test
1221,leaf_15320,test
1222,leaf_2173,test
1223,leaf_13882,test
1224,leaf_20345,test
1225,leaf_1906,test
1226,leaf_23023,test
1227,leaf_18332,test
1228,leaf_13362,test
1229,leaf_16529,test
1230,leaf_19197,test
1231,leaf_22585,test
1232,leaf_15590,test
1233,leaf_1355,test
1234,leaf_2001,test
1235,leaf_1871,test
1236,leaf_12012,test
1237,leaf_15269,test
1238,leaf_10077,test
1239,leaf_21822,test
1240,leaf_8202,test
1241,leaf_7664,test
1242,leaf_22724,test
1243,leaf_11569,test
1244,leaf_3829,test
1245,leaf_19811,test
1246,leaf_21570,test
1247,leaf_12259,test
1248,leaf_10428,test
1249,leaf_21183,test
1250,leaf_4569,test
1251,leaf_7822,test
1252,leaf_9071,test
1253,leaf_17822,test
1254,leaf_4147,test
1255,leaf_11346,test
1256,leaf_17131,test
1257,leaf_20145,test
1258,leaf_1023,test
1259,leaf_14367,test
1260,leaf_21854,test
1261,leaf_4673,test
1262,leaf_6706,test
1263,leaf_11247,test
1264,leaf_9990,test
1265,leaf_6804,test
1266,leaf_3196,test
1267,leaf_14964,test
1268,leaf_9288,test
1269,leaf_13469,test
1270,leaf_16153,test
1271,leaf_1509,test
1272,leaf_2202,test
1273,leaf_20978,test
1274,leaf_19892,test
1275,leaf_3865,test
1276,leaf_2754,test
1277,leaf_7035,test
1278,leaf_3421,test
1279,leaf_22103,test
1280,leaf_4011,test
1281,leaf_13971,test
1282,leaf_9197,test
1283,leaf_12193,test
1284,leaf_20618,test
1285,leaf_3924,test
1286,leaf_9960,test
1287,leaf_16427,test
1288,leaf_22299,test
1289,leaf_4884,test
1290,leaf_3629,test
1291,leaf_12593,test
1292,leaf_2094,test
1293,leaf_12870,test
1294,leaf_991,test
1295,leaf_12595,test
1296,leaf_20538,test
1297,leaf_7488,test
1298,leaf_18967,test
1299,leaf_13733,test
1300,leaf_8430,test
1301,leaf_11571,test
1302,leaf_1758,test
1303,leaf_16604,test
1304,leaf_1174,test
1305,leaf_21473,test
1306,leaf_12249,test
1307,leaf_22663,test
1308,leaf_20749,test
1309,leaf_16735,test
1310,leaf_127,test
1311,leaf_11385,test
1312,leaf_3904,test
1313,leaf_16859,test
1314,leaf_16938,test
1315,leaf_1158,test
1316,leaf_12637,test
1317,leaf_6111,test
1318,leaf_5454,test
1319,leaf_13119,test
1320,leaf_15191,test
1321,leaf_17927,test
1322,leaf_5442,test
1323,leaf_2594,test
1324,leaf_16703,test
1325,leaf_10383,test
1326,leaf_4153,test
1327,leaf_8909,test
1328,leaf_18282,test
1329,leaf_16440,test
1330,leaf_14432,test
1331,leaf_14943,test
1332,leaf_21632,test
1333,leaf_7018,test
1334,leaf_14481,test
1335,leaf_14820,test
1336,leaf_4634,test
1337,leaf_5872,test
1338,leaf_5903,test
1339,leaf_7474,test
1340,leaf_15379,test
1341,leaf_4997,test
1342,leaf_16662,test
1343,leaf_19274,test
1344,leaf_14405,test
1345,leaf_13811,test
1346,leaf_11902,test
1347,leaf_548,test
1348,leaf_2017,test
1349,leaf_8781,test
1350,leaf_6605,test
1351,leaf_17543,test
1352,leaf_2724,test
1353,leaf_13143,test
1354,leaf_2978,test
1355,leaf_3200,test
1356,leaf_10110,test
1357,leaf_11789,test
1358,leaf_19995,test
1359,leaf_1079,test
1360,leaf_14900,test
1361,leaf_15088,test
1362,leaf_6822,test
1363,leaf_9266,test
1364,leaf_5278,test
1365,leaf_19905,test
1366,leaf_10022,test
1367,leaf_907,test
1368,leaf_3120,test
1369,leaf_17915,test
1370,leaf_22927,test
1371,leaf_5652,test
1372,leaf_18056,test
1373,leaf_6613,test
1374,leaf_3071,test
1375,leaf_3643,test
1376,leaf_16758,test
1377,leaf_15004,test
1378,leaf_19437,test
1379,leaf_10934,test
1380,leaf_22529,test
1381,leaf_21949,test
1382,leaf_16006,test
1383,leaf_8957,test
1384,leaf_9497,test
1385,leaf_18507,test
1386,leaf_15739,test
1387,leaf_2186,test
1388,leaf_3622,test
1389,leaf_9508,test
1390,leaf_16288,test
1391,leaf_16315,test
1392,leaf_22624,test
1393,leaf_1864,test
1394,leaf_20445,test
1395,leaf_17627,test
1396,leaf_22219,test
1397,leaf_20183,test
1398,leaf_6321,test
1399,leaf_15306,test
1400,leaf_18171,test
1401,leaf_8711,test
1402,leaf_15033,test
1403,leaf_22574,test
1404,leaf_22336,test
1405,leaf_18830,test
1406,leaf_468,test
1407,leaf_20478,test
1408,leaf_9536,test
1409,leaf_8940,test
1410,leaf_22141,test
1411,leaf_11957,test
1412,leaf_18150,test
1413,leaf_8797,test
1414,leaf_13204,test
1415,leaf_18767,test
1416,leaf_9615,test
1417,leaf_16520,test
1418,leaf_7477,test
1419,leaf_8327,test
1420,leaf_11235,test
1421,leaf_21129,test
1422,leaf_3331,test
1423,leaf_14813,test
1424,leaf_8943,test
1425,leaf_13440,test
1426,leaf_10339,test
1427,leaf_4790,test
1428,leaf_12787,test
1429,leaf_11214,test
1430,leaf_7254,test
1431,leaf_12822,test
1432,leaf_9894,test
1433,leaf_1500,test
1434,leaf_227,test
1435,leaf_18841,test
1436,leaf_15131,test
1437,leaf_14707,test
1438,leaf_6922,test
1439,leaf_20166,test
1440,leaf_16271,test
1441,leaf_2476,test
1442,leaf_19829,test
1443,leaf_20997,test
1444,leaf_9219,test
1445,leaf_12198,test
1446,leaf_11603,test
1447,leaf_9873,test
1448,leaf_13209,test
1449,leaf_1640,test
1450,leaf_6866,test
1451,leaf_21281,test
1452,leaf_1459,test
1453,leaf_14206,test
1454,leaf_9320,test
1455,leaf_5744,test
1456,leaf_1336,test
1457,leaf_11747,test
1458,leaf_2555,test
1459,leaf_20032,test
1460,leaf_16573,test
1461,leaf_2721,test
1462,leaf_16094,test
1463,leaf_17599,test
1464,leaf_10356,test
1465,leaf_12118,test
1466,leaf_2312,test
1467,leaf_5563,test
1468,leaf_16933,test
1469,leaf_11464,test
1470,leaf_21693,test
1471,leaf_5889,test
1472,leaf_9747,test
1473,leaf_21211,test
1474,leaf_17333,test
1475,leaf_20831,test
1476,leaf_6930,test
1477,leaf_1487,test
1478,leaf_1227,test
1479,leaf_7321,test
1480,leaf_16474,test
1481,leaf_7194,test
1482,leaf_15786,test
1483,leaf_8916,test
1484,leaf_15196,test
1485,leaf_19014,test
1486,leaf_16680,test
1487,leaf_22169,test
1488,leaf_873,test
1489,leaf_1409,test
1490,leaf_6766,test
1491,leaf_5638,test
1492,leaf_1785,test
1493,leaf_19089,test
1494,leaf_1796,test
1495,leaf_21332,test
1496,leaf_23039,test
1497,leaf_13918,test
1498,leaf_15091,test
1499,leaf_16239,test
1500,leaf_7811,test
1501,leaf_17981,test
1502,leaf_11788,test
1503,leaf_23073,test
1504,leaf_6435,test
1505,leaf_9666,test
1506,leaf_6374,test
1507,leaf_17166,test
1508,leaf_12850,test
1509,leaf_7541,test
1510,leaf_5634,test
1511,leaf_17896,test
1512,leaf_13261,test
1513,leaf_1260,test
1514,leaf_2332,test
1515,leaf_22752,test
1516,leaf_21155,test
1517,leaf_17056,test
1518,leaf_8020,test
1519,leaf_3334,test
1520,leaf_12116,test
1521,leaf_5982,test
1522,leaf_4010,test
1523,leaf_7797,test
1524,leaf_3155,test
1525,leaf_9074,test
1526,leaf_10549,test
1527,leaf_6789,test
1528,leaf_21794,test
1529,leaf_22756,test
1530,leaf_13128,test
1531,leaf_19634,test
1532,leaf_4977,test
1533,leaf_11319,test
1534,leaf_1137,test
1535,leaf_13268,test
1536,leaf_13087,test
1537,leaf_915,test
1538,leaf_147,test
1539,leaf_11554,test
1540,leaf_12646,test
1541,leaf_12268,test
1542,leaf_10319,test
1543,leaf_12572,test
1544,leaf_9371,test
1545,leaf_697,test
1546,leaf_1307,test
1547,leaf_8237,test
1548,leaf_23044,test
1549,leaf_5346,test
1550,leaf_21041,test
1551,leaf_15473,test
1552,leaf_8377,test
1553,leaf_15783,test
1554,leaf_12803,test
1555,leaf_16331,test
1556,leaf_21463,test
1557,leaf_17694,test
1558,leaf_15854,test
1559,leaf_14500,test
1560,leaf_5476,test
1561,leaf_19527,test
1562,leaf_11581,test
1563,leaf_5547,test
1564,leaf_10340,test
1565,leaf_22452,test
1566,leaf_8814,test
1567,leaf_11540,test
1568,leaf_7062,test
1569,leaf_9237,test
1570,leaf_17379,test
1571,leaf_22433,test
1572,leaf_4259,test
1573,leaf_6090,test
1574,leaf_5235,test
1575,leaf_20123,test
1576,leaf_13341,test
1577,leaf_1992,test
1578,leaf_4540,test
1579,leaf_7453,test
1580,leaf_2513,test
1581,leaf_2419,test
1582,leaf_6034,test
1583,leaf_19040,test
1584,leaf_16699,test
1585,leaf_3435,test
1586,leaf_18496,test
1587,leaf_10649,test
1588,leaf_21445,test
1589,leaf_2172,test
1590,leaf_17554,test
1591,leaf_16501,test
1592,leaf_10558,test
1593,leaf_21651,test
1594,leaf_2246,test
1595,leaf_7329,test
1596,leaf_17864,test
1597,leaf_8461,test
1598,leaf_10369,test
1599,leaf_19351,test
1600,leaf_3268,test
1601,leaf_15188,test
1602,leaf_4403,test
1603,leaf_6955,test
1604,leaf_17307,test
1605,leaf_22520,test
1606,leaf_10475,test
1607,leaf_14784,test
1608,leaf_6708,test
1609,leaf_4842,test
1610,leaf_2533,test
1611,leaf_12111,test
1612,leaf_17107,test
1613,leaf_12079,test
1614,leaf_322,test
1615,leaf_17838,test
1616,leaf_19736,test
1617,leaf_1578,test
1618,leaf_3279,test
1619,leaf_17925,test
1620,leaf_17061,test
1621,leaf_20255,test
1622,leaf_21434,test
1623,leaf_6387,test
1624,leaf_8026,test
1625,leaf_368,test
1626,leaf_10314,test
1627,leaf_18511,test
1628,leaf_7225,test
1629,leaf_11559,test
1630,leaf_879,test
1631,leaf_16128,test
1632,leaf_10998,test
1633,leaf_19045,test
1634,leaf_22814,test
1635,leaf_5122,test
1636,leaf_14619,test
1637,leaf_3344,test
1638,leaf_11655,test
1639,leaf_5875,test
1640,leaf_12855,test
1641,leaf_10329,test
1642,leaf_21820,test
1643,leaf_16458,test
1644,leaf_22181,test
1645,leaf_15102,test
1646,leaf_3242,test
1647,leaf_4170,test
1648,leaf_10035,test
1649,leaf_6641,test
1650,leaf_10552,test
1651,leaf_11163,test
1652,leaf_12907,test
1653,leaf_21665,test
1654,leaf_10457,test
1655,leaf_20086,test
1656,leaf_6579,test
1657,leaf_6427,test
1658,leaf_21046,test
1659,leaf_5485,test
1660,leaf_246,test
1661,leaf_6396,test
1662,leaf_6684,test
1663,leaf_21160,test
1664,leaf_20100,test
1665,leaf_12176,test
1666,leaf_19092,test
1667,leaf_1874,test
1668,leaf_9086,test
1669,leaf_22029,test
1670,leaf_21509,test
1671,leaf_4996,test
1672,leaf_12472,test
1673,leaf_19105,test
1674,leaf_72,test
1675,leaf_5998,test
1676,leaf_16939,test
1677,leaf_21071,test
1678,leaf_7852,test
1679,leaf_9456,test
1680,leaf_11321,test
1681,leaf_1069,test
1682,leaf_1197,test
1683,leaf_15486,test
1684,leaf_2702,test
1685,leaf_4791,test
1686,leaf_8088,test
1687,leaf_17265,test
1688,leaf_11165,test
1689,leaf_12810,test
1690,leaf_11746,test
1691,leaf_20164,test
1692,leaf_2810,test
1693,leaf_17764,test
1694,leaf_21974,test
1695,leaf_16586,test
1696,leaf_336,test
1697,leaf_22534,test
1698,leaf_4946,test
1699,leaf_14220,test
1700,leaf_16719,test
1701,leaf_8070,test
1702,leaf_17879,test
1703,leaf_1220,test
1704,leaf_22674,test
1705,leaf_22488,test
1706,leaf_1443,test
1707,leaf_884,test
1708,leaf_6086,test
1709,leaf_6832,test
1710,leaf_9831,test
1711,leaf_3642,test
1712,leaf_3926,test
1713,leaf_10006,test
1714,leaf_8240,test
1715,leaf_5082,test
1716,leaf_10667,test
1717,leaf_16972,test
1718,leaf_20403,test
1719,leaf_10727,test
1720,leaf_4693,test
1721,leaf_9440,test
1722,leaf_23005,test
1723,leaf_1726,test
1724,leaf_22742,test
1725,leaf_22475,test
1726,leaf_710,test
1727,leaf_7250,test
1728,leaf_9031,test
1729,leaf_2305,test
1730,leaf_19043,test
1731,leaf_6044,test
1732,leaf_57,test
1733,leaf_12050,test
1734,leaf_9105,test
1735,leaf_1954,test
1736,leaf_20246,test
1737,leaf_17193,test
1738,leaf_9413,test
1739,leaf_5959,test
1740,leaf_7400,test
1741,leaf_19358,test
1742,leaf_22445,test
1743,leaf_10905,test
1744,leaf_2466,test
1745,leaf_21324,test
1746,leaf_3330,test
1747,leaf_16912,test
1748,leaf_4266,test
1749,leaf_18722,test
1750,leaf_15907,test
1751,leaf_9343,test
1752,leaf_11022,test
1753,leaf_2229,test
1754,leaf_4624,test
1755,leaf_3479,test
1756,leaf_18911,test
1757,leaf_22990,test
1758,leaf_8745,test
1759,leaf_15938,test
1760,leaf_18692,test
1761,leaf_1152,test
1762,leaf_5024,test
1763,leaf_8106,test
1764,leaf_16013,test
1765,leaf_16515,test
1766,leaf_4936,test
1767,leaf_15308,test
1768,leaf_3569,test
1769,leaf_21935,test
1770,leaf_2639,test
1771,leaf_5902,test
1772,leaf_16513,test
1773,leaf_20693,test
1774,leaf_1916,test
1775,leaf_10852,test
1776,leaf_3664,test
1777,leaf_8310,test
1778,leaf_10704,test
1779,leaf_1567,test
1780,leaf_21727,test
1781,leaf_1533,test
1782,leaf_13876,test
1783,leaf_20434,test
1784,leaf_8725,test
1785,leaf_3753,test
1786,leaf_15090,test
1787,leaf_17909,test
1788,leaf_12202,test
1789,leaf_2243,test
1790,leaf_2539,test
1791,leaf_1894,test
1792,leaf_9505,test
1793,leaf_10624,test
1794,leaf_18588,test
1795,leaf_20358,test
1796,leaf_1719,test
1797,leaf_21209,test
1798,leaf_5591,test
1799,leaf_17759,test
1800,leaf_12357,test
1801,leaf_8469,test
1802,leaf_7846,test
1803,leaf_16349,test
1804,leaf_20064,test
1805,leaf_22097,test
1806,leaf_5200,test
1807,leaf_3072,test
1808,leaf_9241,test
1809,leaf_2380,test
1810,leaf_4178,test
1811,leaf_1173,test
1812,leaf_8205,test
1813,leaf_2430,test
1814,leaf_1545,test
1815,leaf_14217,test
1816,leaf_6595,test
1817,leaf_14554,test
1818,leaf_3584,test
1819,leaf_4745,test
1820,leaf_3660,test
1821,leaf_16712,test
1822,leaf_17831,test
1823,leaf_1231,test
1824,leaf_9906,test
1825,leaf_20411,test
1826,leaf_15144,test
1827,leaf_6508,test
1828,leaf_1809,test
1829,leaf_8558,test
1830,leaf_16350,test
1831,leaf_2598,test
1832,leaf_8180,test
1833,leaf_17148,test
1834,leaf_9843,test
1835,leaf_21791,test
1836,leaf_5069,test
1837,leaf_12950,test
1838,leaf_20321,test
1839,leaf_14810,test
1840,leaf_22061,test
1841,leaf_13753,test
1842,leaf_21480,test
1843,leaf_8414,test
1844,leaf_5379,test
1845,leaf_17881,test
1846,leaf_21987,test
1847,leaf_19356,test
1848,leaf_15072,test
1849,leaf_19548,test
1850,leaf_5761,test
1851,leaf_17233,test
1852,leaf_22046,test
1853,leaf_22223,test
1854,leaf_21370,test
1855,leaf_12666,test
1856,leaf_11359,test
1857,leaf_14660,test
1858,leaf_7041,test
1859,leaf_10415,test
1860,leaf_18454,test
1861,leaf_12009,test
1862,leaf_18526,test
1863,leaf_11619,test
1864,leaf_8717,test
1865,leaf_5472,test
1866,leaf_2511,test
1867,leaf_17706,test
1868,leaf_10227,test
1869,leaf_21107,test
1870,leaf_13265,test
1871,leaf_4925,test
1872,leaf_3510,test
1873,leaf_6375,test
1874,leaf_7678,test
1875,leaf_10843,test
1876,leaf_9209,test
1877,leaf_8094,test
1878,leaf_2686,test
1879,leaf_16182,test
1880,leaf_16550,test
1881,leaf_17586,test
1882,leaf_3113,test
1883,leaf_6665,test
1884,leaf_19971,test
1885,leaf_22980,test
1886,leaf_15563,test
1887,leaf_22023,test
1888,leaf_13090,test
1889,leaf_21681,test
1890,leaf_7331,test
1891,leaf_13819,test
1892,leaf_22650,test
1893,leaf_16075,test
1894,leaf_7858,test
1895,leaf_13060,test
1896,leaf_6938,test
1897,leaf_18366,test
1898,leaf_3895,test
1899,leaf_8396,test
1900,leaf_22929,test
1901,leaf_514,test
1902,leaf_7519,test
1903,leaf_2971,test
1904,leaf_6398,test
1905,leaf_19196,test
1906,leaf_18519,test
1907,leaf_1950,test
1908,leaf_3429,test
1909,leaf_21316,test
1910,leaf_9872,test
1911,leaf_13278,test
1912,leaf_14872,test
1913,leaf_1603,test
1914,leaf_13117,test
1915,leaf_9578,test
1916,leaf_19230,test
1917,leaf_7617,test
1918,leaf_10016,test
1919,leaf_5689,test
1920,leaf_19378,test
1921,leaf_3032,test
1922,leaf_13715,test
1923,leaf_4158,test
1924,leaf_17242,test
1925,leaf_18470,test
1926,leaf_3125,test
1927,leaf_5225,test
1928,leaf_21132,test
1929,leaf_18348,test
1930,leaf_10021,test
1931,leaf_886,test
1932,leaf_13572,test
1933,leaf_21612,test
1934,leaf_7990,test
1935,leaf_9923,test
1936,leaf_904,test
1937,leaf_10744,test
1938,leaf_7646,test
1939,leaf_15168,test
1940,leaf_13340,test
1941,leaf_13305,test
1942,leaf_1261,test
1943,leaf_4794,test
1944,leaf_290,test
1945,leaf_8635,test
1946,leaf_4481,test
1947,leaf_15662,test
1948,leaf_20955,test
1949,leaf_4972,test
1950,leaf_9579,test
1951,leaf_14681,test
1952,leaf_7684,test
1953,leaf_467,test
1954,leaf_12847,test
1955,leaf_1051,test
1956,leaf_3020,test
1957,leaf_21221,test
1958,leaf_19730,test
1959,leaf_17534,test
1960,leaf_3994,test
1961,leaf_11492,test
1962,leaf_3506,test
1963,leaf_5023,test
1964,leaf_17370,test
1965,leaf_11190,test
1966,leaf_22872,test
1967,leaf_16659,test
1968,leaf_2134,test
1969,leaf_5098,test
1970,leaf_7456,test
1971,leaf_9902,test
1972,leaf_15099,test
1973,leaf_2924,test
1974,leaf_9632,test
1975,leaf_17037,test
1976,leaf_7101,test
1977,leaf_6027,test
1978,leaf_9316,test
1979,leaf_9024,test
1980,leaf_11873,test
1981,leaf_4167,test
1982,leaf_22252,test
1983,leaf_100,test
1984,leaf_8503,test
1985,leaf_13495,test
1986,leaf_694,test
1987,leaf_1245,test
1988,leaf_4728,test
1989,leaf_475,test
1990,leaf_10349,test
1991,leaf_12540,test
1992,leaf_18289,test
1993,leaf_21744,test
1994,leaf_11849,test
1995,leaf_12529,test
1996,leaf_19853,test
1997,leaf_8260,test
1998,leaf_9726,test
1999,leaf_10766,test
2000,leaf_12494,test
2001,leaf_13830,test
2002,leaf_23057,test
2003,leaf_8039,test
2004,leaf_1581,test
2005,leaf_10857,test
2006,leaf_19175,test
2007,leaf_8467,test
2008,leaf_13613,test
2009,leaf_22288,test
2010,leaf_1734,test
2011,leaf_13316,test
2012,leaf_4585,test
2013,leaf_10328,test
2014,leaf_3937,test
2015,leaf_11682,test
2016,leaf_21440,test
2017,leaf_15885,test
2018,leaf_21094,test
2019,leaf_360,test
2020,leaf_6972,test
2021,leaf_5099,test
2022,leaf_20236,test
2023,leaf_17604,test
2024,leaf_10357,test
2025,leaf_22745,test
2026,leaf_21495,test
2027,leaf_17849,test
2028,leaf_2625,test
2029,leaf_14950,test
2030,leaf_20349,test
2031,leaf_2563,test
2032,leaf_12184,test
2033,leaf_3362,test
2034,leaf_14716,test
2035,leaf_13774,test
2036,leaf_19341,test
2037,leaf_17418,test
2038,leaf_12635,test
2039,leaf_1326,test
2040,leaf_1360,test
2041,leaf_4899,test
2042,leaf_1108,test
2043,leaf_9826,test
2044,leaf_14202,test
2045,leaf_22595,test
2046,leaf_20436,test
2047,leaf_11292,test
2048,leaf_15752,test
2049,leaf_4239,test
2050,leaf_12749,test
2051,leaf_4482,test
2052,leaf_3847,test
2053,leaf_14627,test
2054,leaf_10292,test
2055,leaf_10377,test
2056,leaf_16406,test
2057,leaf_21702,test
2058,leaf_272,test
2059,leaf_19861,test
2060,leaf_6304,test
2061,leaf_13541,test
2062,leaf_19500,test
2063,leaf_15467,test
2064,leaf_21446,test
2065,leaf_1746,test
2066,leaf_21611,test
2067,leaf_3103,test
2068,leaf_7808,test
2069,leaf_18309,test
2070,leaf_3531,test
2071,leaf_9357,test
2072,leaf_5479,test
2073,leaf_22348,test
2074,leaf_3174,test
2075,leaf_4902,test
2076,leaf_4060,test
2077,leaf_6582,test
2078,leaf_21535,test
2079,leaf_10030,test
2080,leaf_4606,test
2081,leaf_19537,test
2082,leaf_21411,test
2083,leaf_16498,test
2084,leaf_19917,test
2085,leaf_21990,test
2086,leaf_10664,test
2087,leaf_10318,test
2088,leaf_13348,test
2089,leaf_2815,test
2090,leaf_10079,test
2091,leaf_22668,test
2092,leaf_5366,test
2093,leaf_7379,test
2094,leaf_2472,test
2095,leaf_19008,test
2096,leaf_20953,test
2097,leaf_4713,test
2098,leaf_9463,test
2099,leaf_6957,test
2100,leaf_17388,test
2101,leaf_671,test
2102,leaf_2345,test
2103,leaf_6585,test
2104,leaf_18015,test
2105,leaf_2640,test
2106,leaf_13545,test
2107,leaf_20776,test
2108,leaf_14892,test
2109,leaf_7616,test
2110,leaf_748,test
2111,leaf_17696,test
2112,leaf_3277,test
2113,leaf_16950,test
2114,leaf_16138,test
2115,leaf_15718,test
2116,leaf_8368,test
2117,leaf_20527,test
2118,leaf_14058,test
2119,leaf_4622,test
2120,leaf_14709,test
2121,leaf_22419,test
2122,leaf_4334,test
2123,leaf_3482,test
2124,leaf_20315,test
2125,leaf_20070,test
2126,leaf_20614,test
2127,leaf_7111,test
2128,leaf_15029,test
2129,leaf_14919,test
2130,leaf_14658,test
2131,leaf_12074,test
2132,leaf_9337,test
2133,leaf_11150,test
2134,leaf_14538,test
2135,leaf_14147,test
2136,leaf_5730,test
2137,leaf_12196,test
2138,leaf_830,test
2139,leaf_11661,test
2140,leaf_14772,test
2141,leaf_7696,test
2142,leaf_10473,test
2143,leaf_22786,test
2144,leaf_1845,test
2145,leaf_7007,test
2146,leaf_18652,test
2147,leaf_20415,test
2148,leaf_14522,test
2149,leaf_13580,test
2150,leaf_21599,test
2151,leaf_5193,test
2152,leaf_9492,test
2153,leaf_13915,test
2154,leaf_14916,test
2155,leaf_11339,test
2156,leaf_13436,test
2157,leaf_13999,test
2158,leaf_20963,test
2159,leaf_16367,test
2160,leaf_14369,test
2161,leaf_4025,test
2162,leaf_15696,test
2163,leaf_17451,test
2164,leaf_1322,test
2165,leaf_18268,test
2166,leaf_22993,test
2167,leaf_3773,test
2168,leaf_7668,test
2169,leaf_3296,test
2170,leaf_251,test
2171,leaf_760,test
2172,leaf_18625,test
2173,leaf_21901,test
2174,leaf_19374,test
2175,leaf_4231,test
2176,leaf_18954,test
2177,leaf_20718,test
2178,leaf_4494,test
2179,leaf_22986,test
2180,leaf_11062,test
2181,leaf_13333,test
2182,leaf_20564,test
2183,leaf_22315,test
2184,leaf_5354,test
2185,leaf_20530,test
2186,leaf_21190,test
2187,leaf_14227,test
2188,leaf_16630,test
2189,leaf_15341,test
2190,leaf_11027,test
2191,leaf_20566,test
2192,leaf_22147,test
2193,leaf_5465,test
2194,leaf_7475,test
2195,leaf_9643,test
2196,leaf_18966,test
2197,leaf_14337,test
2198,leaf_14718,test
2199,leaf_11063,test
2200,leaf_15254,test
2201,leaf_6772,test
2202,leaf_19907,test
2203,leaf_14447,test
2204,leaf_2074,test
2205,leaf_611,test
2206,leaf_11324,test
2207,leaf_13106,test
2208,leaf_20576,test
2209,leaf_1269,test
2210,leaf_9636,test
2211,leaf_5467,test
2212,leaf_2667,test
2213,leaf_19021,test
2214,leaf_7099,test
2215,leaf_15208,test
2216,leaf_14638,test
2217,leaf_20518,test
2218,leaf_21102,test
2219,leaf_13244,test
2220,leaf_12597,test
2221,leaf_6314,test
2222,leaf_17235,test
2223,leaf_20218,test
2224,leaf_20634,test
2225,leaf_696,test
2226,leaf_11823,test
2227,leaf_323,test
2228,leaf_2009,test
2229,leaf_932,test
2230,leaf_20277,test
2231,leaf_21774,test
2232,leaf_199,test
2233,leaf_11963,test
2234,leaf_3603,test
2235,leaf_5935,test
2236,leaf_19360,test
2237,leaf_21381,test
2238,leaf_19770,test
2239,leaf_8592,test
2240,leaf_13535,test
2241,leaf_12217,test
2242,leaf_954,test
2243,leaf_18981,test
2244,leaf_14228,test
2245,leaf_22886,test
2246,leaf_5948,test
2247,leaf_3047,test
2248,leaf_0,test
2249,leaf_22434,test
2250,leaf_10489,test
2251,leaf_15061,test
2252,leaf_15115,test
2253,leaf_1476,test
2254,leaf_7761,test
2255,leaf_6322,test
2256,leaf_22382,test
2257,leaf_14416,test
2258,leaf_5633,test
2259,leaf_2738,test
2260,leaf_19842,test
2261,leaf_13721,test
2262,leaf_19195,test
2263,leaf_220,test
2264,leaf_10951,test
2265,leaf_15184,test
2266,leaf_15326,test
2267,leaf_19545,test
2268,leaf_12808,test
2269,leaf_463,test
2270,leaf_15795,test
2271,leaf_17926,test
2272,leaf_2234,test
2273,leaf_10774,test
2274,leaf_17240,test
2275,leaf_10367,test
2276,leaf_17315,test
2277,leaf_12517,test
2278,leaf_3691,test
2279,leaf_11189,test
2280,leaf_21956,test
2281,leaf_20585,test
2282,leaf_3656,test
2283,leaf_17561,test
2284,leaf_9265,test
2285,leaf_17050,test
2286,leaf_17980,test
2287,leaf_16827,test
2288,leaf_13130,test
2289,leaf_7889,test
2290,leaf_7600,test
2291,leaf_20944,test
2292,leaf_6229,test
2293,leaf_3765,test
2294,leaf_13643,test
2295,leaf_11430,test
2296,leaf_9044,test
2297,leaf_22203,test
2298,leaf_11239,test
2299,leaf_20735,test
2300,leaf_22693,test
2301,leaf_2681,test
2302,leaf_4217,test
2303,leaf_22337,test
2304,leaf_10926,test
2305,leaf_19608,test
2306,leaf_18025,test
2307,leaf_2235,test
2308,leaf_18024,test
2309,leaf_2660,test
2310,leaf_11807,test
2311,leaf_10948,test
2312,leaf_9776,test
2313,leaf_4372,test
2314,leaf_10257,test
2315,leaf_6767,test
2316,leaf_4331,test
2317,leaf_7028,test
2318,leaf_10788,test
2319,leaf_4016,test
2320,leaf_17514,test
2321,leaf_7469,test
2322,leaf_19996,test
2323,leaf_15963,test
2324,leaf_7920,test
2325,leaf_4444,test
2326,leaf_2800,test
2327,leaf_21205,test
2328,leaf_3884,test
2329,leaf_3608,test
2330,leaf_4789,test
2331,leaf_5256,test
2332,leaf_9744,test
2333,leaf_2364,test
2334,leaf_8083,test
2335,leaf_5112,test
2336,leaf_15961,test
2337,leaf_328,test
2338,leaf_12174,test
2339,leaf_21884,test
2340,leaf_3678,test
2341,leaf_16196,test
2342,leaf_656,test
2343,leaf_4767,test
2344,leaf_4003,test
2345,leaf_13086,test
2346,leaf_6337,test
2347,leaf_1325,test
2348,leaf_5859,test
2349,leaf_16870,test
2350,leaf_16386,test
2351,leaf_10173,test
2352,leaf_11145,test
2353,leaf_10690,test
2354,leaf_5266,test
2355,leaf_10378,test
2356,leaf_16246,test
2357,leaf_20159,test
2358,leaf_18091,test
2359,leaf_14146,test
2360,leaf_8273,test
2361,leaf_16961,test
2362,leaf_2521,test
2363,leaf_17536,test
2364,leaf_13673,test
2365,leaf_5257,test
2366,leaf_369,test
2367,leaf_15573,test
2368,leaf_1854,test
2369,leaf_14700,test
2370,leaf_11596,test
2371,leaf_6703,test
2372,leaf_13033,test
2373,leaf_3084,test
2374,leaf_2162,test
2375,leaf_15517,test
2376,leaf_6482,test
2377,leaf_684,test
2378,leaf_2806,test
2379,leaf_6809,test
2380,leaf_1078,test
2381,leaf_10849,test
2382,leaf_7803,test
2383,leaf_14736,test
2384,leaf_13175,test
2385,leaf_13183,test
2386,leaf_16700,test
2387,leaf_22935,test
2388,leaf_18385,test
2389,leaf_4230,test
2390,leaf_16539,test
2391,leaf_16405,test
2392,leaf_6106,test
2393,leaf_4418,test
2394,leaf_20051,test
2395,leaf_155,test
2396,leaf_16353,test
2397,leaf_9640,test
2398,leaf_14314,test
2399,leaf_7034,test
2400,leaf_5273,test
2401,leaf_12075,test
2402,leaf_21390,test
2403,leaf_4882,test
2404,leaf_13107,test
2405,leaf_20444,test
2406,leaf_8890,test
2407,leaf_3745,test
2408,leaf_13626,test
2409,leaf_7114,test
2410,leaf_2728,test
2411,leaf_2169,test
2412,leaf_363,test
2413,leaf_15959,test
2414,leaf_15645,test
2415,leaf_9038,test
2416,leaf_22809,test
2417,leaf_518,test
2418,leaf_5111,test
2419,leaf_1813,test
2420,leaf_12781,test
2421,leaf_18547,test
2422,leaf_15869,test
2423,leaf_12988,test
2424,leaf_393,test
2425,leaf_18976,test
2426,leaf_8878,test
2427,leaf_7790,test
2428,leaf_8934,test
2429,leaf_20273,test
2430,leaf_6284,test
2431,leaf_17067,test
2432,leaf_772,test
2433,leaf_9522,test
2434,leaf_18343,test
2435,leaf_18270,test
2436,leaf_21724,test
2437,leaf_11173,test
2438,leaf_17120,test
2439,leaf_9251,test
2440,leaf_19772,test
2441,leaf_16717,test
2442,leaf_19235,test
2443,leaf_12152,test
2444,leaf_2069,test
2445,leaf_17216,test
2446,leaf_21055,test
2447,leaf_11772,test
2448,leaf_9042,test
2449,leaf_15352,test
2450,leaf_21752,test
2451,leaf_15412,test
2452,leaf_11186,test
2453,leaf_19867,test
2454,leaf_10385,test
2455,leaf_17331,test
2456,leaf_777,test
2457,leaf_7705,test
2458,leaf_10175,test
2459,leaf_15867,test
2460,leaf_2515,test
2461,leaf_7070,test
2462,leaf_14837,test
2463,leaf_7343,test
2464,leaf_5432,test
2465,leaf_4078,test
2466,leaf_4448,test
2467,leaf_7198,test
2468,leaf_16070,test
2469,leaf_13407,test
2470,leaf_4350,test
2471,leaf_13889,test
2472,leaf_4404,test
2473,leaf_10036,test
2474,leaf_14364,test
2475,leaf_17750,test
2476,leaf_5091,test
2477,leaf_10381,test
2478,leaf_11092,test
2479,leaf_21114,test
2480,leaf_3216,test
2481,leaf_15176,test
2482,leaf_18595,test
2483,leaf_15286,test
2484,leaf_4232,test
2485,leaf_13311,test
2486,leaf_8089,test
2487,leaf_22490,test
2488,leaf_3150,test
2489,leaf_7831,test
2490,leaf_4471,test
2491,leaf_14869,test
2492,leaf_19724,test
2493,leaf_22373,test
2494,leaf_6464,test
2495,leaf_22235,test
2496,leaf_11135,test
2497,leaf_15511,test
2498,leaf_3885,test
2499,leaf_12241,test
2500,leaf_21992,test
2501,leaf_17701,test
2502,leaf_15112,test
2503,leaf_4035,test
2504,leaf_14826,test
2505,leaf_347,test
2506,leaf_6416,test
2507,leaf_14513,test
2508,leaf_21649,test
2509,leaf_10696,test
2510,leaf_12663,test
2511,leaf_15883,test
2512,leaf_23064,test
2513,leaf_13122,test
2514,leaf_23012,test
2515,leaf_16453,test
2516,leaf_9359,test
2517,leaf_8140,test
2518,leaf_22679,test
2519,leaf_4363,test
2520,leaf_9955,test
2521,leaf_22266,test
2522,leaf_6323,test
2523,leaf_10834,test
2524,leaf_16510,test
2525,leaf_19173,test
2526,leaf_20672,test
2527,leaf_17054,test
2528,leaf_17630,test
2529,leaf_13959,test
2530,leaf_11009,test
2531,leaf_11139,test
2532,leaf_4788,test
2533,leaf_15435,test
2534,leaf_7053,test
2535,leaf_2101,test
2536,leaf_9254,test
2537,leaf_22300,test
2538,leaf_19820,test
2539,leaf_2259,test
2540,leaf_2881,test
2541,leaf_22766,test
2542,leaf_15128,test
2543,leaf_14963,test
2544,leaf_3452,test
2545,leaf_19982,test
2546,leaf_6411,test
2547,leaf_10962,test
2548,leaf_16745,test
2549,leaf_21997,test
2550,leaf_2619,test
2551,leaf_9946,test
2552,leaf_6458,test
2553,leaf_14503,test
2554,leaf_13062,test
2555,leaf_2621,test
2556,leaf_17973,test
2557,leaf_18912,test
2558,leaf_602,test
2559,leaf_19127,test
2560,leaf_8330,test
2561,leaf_23046,test
2562,leaf_1633,test
2563,leaf_17483,test
2564,leaf_20127,test
2565,leaf_8248,test
2566,leaf_4566,test
2567,leaf_3060,test
2568,leaf_21728,test
2569,leaf_2768,test
2570,leaf_4219,test
2571,leaf_14201,test
2572,leaf_3045,test
2573,leaf_2704,test
2574,leaf_2928,test
2575,leaf_20458,test
2576,leaf_11356,test
2577,leaf_15794,test
2578,leaf_12296,test
2579,leaf_525,test
2580,leaf_22855,test
2581,leaf_22842,test
2582,leaf_12611,test
2583,leaf_17623,test
2584,leaf_4907,test
2585,leaf_6899,test
2586,leaf_13366,test
2587,leaf_11037,test
2588,leaf_2698,test
2589,leaf_15998,test
2590,leaf_8842,test
2591,leaf_2857,test
2592,leaf_4240,test
2593,leaf_14239,test
2594,leaf_2577,test
2595,leaf_15717,test
2596,leaf_8176,test
2597,leaf_4823,test
2598,leaf_9757,test
2599,leaf_23052,test
2600,leaf_1015,test
2601,leaf_22369,test
2602,leaf_16213,test
2603,leaf_2987,test
2604,leaf_16623,test
2605,leaf_6308,test
2606,leaf_13068,test
2607,leaf_17711,test
2608,leaf_13757,test
2609,leaf_7504,test
2610,leaf_17329,test
2611,leaf_14019,test
2612,leaf_14465,test
2613,leaf_3572,test
2614,leaf_22257,test
2615,leaf_12704,test
2616,leaf_2113,test
2617,leaf_17911,test
2618,leaf_11114,test
2619,leaf_447,test
2620,leaf_9414,test
2621,leaf_2459,test
2622,leaf_20456,test
2623,leaf_7839,test
2624,leaf_22222,test
2625,leaf_12634,test
2626,leaf_3377,test
2627,leaf_7499,test
2628,leaf_22828,test
2629,leaf_2019,test
2630,leaf_21900,test
2631,leaf_5614,test
2632,leaf_19212,test
2633,leaf_11158,test
2634,leaf_13446,test
2635,leaf_18510,test
2636,leaf_15205,test
2637,leaf_18238,test
2638,leaf_8997,test
2639,leaf_4709,test
2640,leaf_20977,test
2641,leaf_21372,test
2642,leaf_23079,test
2643,leaf_17987,test
2644,leaf_6879,test
2645,leaf_18349,test
2646,leaf_18913,test
2647,leaf_13646,test
2648,leaf_9852,test
2649,leaf_22608,test
2650,leaf_22258,test
2651,leaf_12369,test
2652,leaf_8195,test
2653,leaf_12459,test
2654,leaf_3108,test
2655,leaf_4115,test
2656,leaf_4774,test
2657,leaf_15700,test
2658,leaf_13896,test
2659,leaf_226,test
2660,leaf_7518,test
2661,leaf_19773,test
2662,leaf_15070,test
2663,leaf_15386,test
2664,leaf_4653,test
2665,leaf_20427,test
2666,leaf_3974,test
2667,leaf_17489,test
2668,leaf_10719,test
2669,leaf_11141,test
2670,leaf_5771,test
2671,leaf_4340,test
2672,leaf_5886,test
2673,leaf_20700,test
2674,leaf_3170,test
2675,leaf_22156,test
2676,leaf_17383,test
2677,leaf_16435,test
2678,leaf_17747,test
2679,leaf_2813,test
2680,leaf_22095,test
2681,leaf_16225,test
2682,leaf_11074,test
2683,leaf_13891,test
2684,leaf_9539,test
2685,leaf_7849,test
2686,leaf_18359,test
2687,leaf_1038,test
2688,leaf_4994,test
2689,leaf_20391,test
2690,leaf_11509,test
2691,leaf_13893,test
2692,leaf_22510,test
2693,leaf_1702,test
2694,leaf_9678,test
2695,leaf_17946,test
2696,leaf_12499,test
2697,leaf_13878,test
2698,leaf_15773,test
2699,leaf_12683,test
2700,leaf_10063,test
2701,leaf_11874,test
2702,leaf_22583,test
2703,leaf_2858,test
2704,leaf_16556,test
2705,leaf_1890,test
2706,leaf_21264,test
2707,leaf_15924,test
2708,leaf_5511,test
2709,leaf_13675,test
2710,leaf_2153,test
2711,leaf_5321,test
2712,leaf_10221,test
2713,leaf_2538,test
2714,leaf_2168,test
2715,leaf_20471,test
2716,leaf_18782,test
2717,leaf_20258,test
2718,leaf_16026,test
2719,leaf_1091,test
2720,leaf_10494,test
2721,leaf_15395,test
2722,leaf_18868,test
2723,leaf_2343,test
2724,leaf_9969,test
2725,leaf_20998,test
2726,leaf_553,test
2727,leaf_120,test
2728,leaf_10846,test
2729,leaf_17252,test
2730,leaf_19032,test
2731,leaf_2865,test
2732,leaf_10177,test
2733,leaf_17903,test
2734,leaf_1589,test
2735,leaf_4056,test
2736,leaf_11082,test
2737,leaf_558,test
2738,leaf_14438,test
2739,leaf_10910,test
2740,leaf_3578,test
2741,leaf_16593,test
2742,leaf_22996,test
2743,leaf_12690,test
2744,leaf_22728,test
2745,leaf_10602,test
2746,leaf_10921,test
2747,leaf_4282,test
2748,leaf_20644,test
2749,leaf_9307,test
2750,leaf_7841,test
2751,leaf_4136,test
2752,leaf_8642,test
2753,leaf_22080,test
2754,leaf_1001,test
2755,leaf_22794,test
2756,leaf_11219,test
2757,leaf_18133,test
2758,leaf_15919,test
2759,leaf_15710,test
2760,leaf_21263,test
2761,leaf_1588,test
2762,leaf_16986,test
2763,leaf_12428,test
2764,leaf_1277,test
2765,leaf_9870,test
2766,leaf_2972,test
2767,leaf_14003,test
2768,leaf_1923,test
2769,leaf_16465,test
2770,leaf_4613,test
2771,leaf_8112,test
2772,leaf_2371,test
2773,leaf_15333,test
2774,leaf_14857,test
2775,leaf_4766,test
2776,leaf_11672,test
2777,leaf_14449,test
2778,leaf_5398,test
2779,leaf_3145,test
2780,leaf_12197,test
2781,leaf_18149,test
2782,leaf_6990,test
2783,leaf_18528,test
2784,leaf_20652,test
2785,leaf_5639,test
2786,leaf_12094,test
2787,leaf_18405,test
2788,leaf_12114,test
2789,leaf_20324,test
2790,leaf_2373,test
2791,leaf_4776,test
2792,leaf_13602,test
2793,leaf_18869,test
2794,leaf_4042,test
2795,leaf_4749,test
2796,leaf_2124,test
2797,leaf_5345,test
2798,leaf_1505,test
2799,leaf_8312,test
2800,leaf_21097,test
2801,leaf_977,test
2802,leaf_1196,test
2803,leaf_11666,test
2804,leaf_11252,test
2805,leaf_10631,test
2806,leaf_12491,test
2807,leaf_8444,test
2808,leaf_21105,test
2809,leaf_16943,test
2810,leaf_6831,test
2811,leaf_17136,test
2812,leaf_5717,test
2813,leaf_11664,test
2814,leaf_15913,test
2815,leaf_18904,test
2816,leaf_10431,test
2817,leaf_8196,test
2818,leaf_19231,test
2819,leaf_13342,test
2820,leaf_12135,test
2821,leaf_13031,test
2822,leaf_4658,test
2823,leaf_773,test
2824,leaf_9750,test
2825,leaf_12790,test
2826,leaf_13685,test
2827,leaf_2551,test
2828,leaf_2092,test
2829,leaf_17420,test
2830,leaf_3585,test
2831,leaf_16368,test
2832,leaf_13048,test
2833,leaf_11779,test
2834,leaf_21249,test
2835,leaf_5196,test
2836,leaf_12724,test
2837,leaf_22024,test
2838,leaf_4280,test
2839,leaf_8132,test
2840,leaf_19451,test
2841,leaf_11449,test
2842,leaf_18098,test
2843,leaf_19056,test
2844,leaf_12965,test
2845,leaf_3676,test
2846,leaf_10778,test
2847,leaf_14035,test
2848,leaf_15823,test
2849,leaf_22556,test
2850,leaf_4985,test
2851,leaf_9512,test
2852,leaf_1225,test
2853,leaf_12680,test
2854,leaf_20852,test
2855,leaf_3328,test
2856,leaf_18380,test
2857,leaf_9021,test
2858,leaf_3483,test
2859,leaf_6273,test
2860,leaf_12742,test
2861,leaf_12016,test
2862,leaf_22447,test
2863,leaf_14341,test
2864,leaf_1583,test
2865,leaf_7088,test
2866,leaf_20012,test
2867,leaf_22692,test
2868,leaf_10386,test
2869,leaf_19190,test
2870,leaf_13049,test
2871,leaf_21,test
2872,leaf_22322,test
2873,leaf_2463,test
2874,leaf_12323,test
2875,leaf_18013,test
2876,leaf_15632,test
2877,leaf_19889,test
2878,leaf_14562,test
2879,leaf_3824,test
2880,leaf_7910,test
2881,leaf_18673,test
2882,leaf_16967,test
2883,leaf_8341,test
2884,leaf_3652,test
2885,leaf_16579,test
2886,leaf_19674,test
2887,leaf_11084,test
2888,leaf_1251,test
2889,leaf_22604,test
2890,leaf_15541,test
2891,leaf_6500,test
2892,leaf_13871,test
2893,leaf_12552,test
2894,leaf_14870,test
2895,leaf_12762,test
2896,leaf_14847,test
2897,leaf_18560,test
2898,leaf_9455,test
2899,leaf_9491,test
2900,leaf_10010,test
2901,leaf_11702,test
2902,leaf_19715,test
2903,leaf_8158,test
2904,leaf_9593,test
2905,leaf_15077,test
2906,leaf_4778,test
2907,leaf_3289,test
2908,leaf_14204,test
2909,leaf_21353,test
2910,leaf_14372,test
2911,leaf_1947,test
2912,leaf_4697,test
2913,leaf_10029,test
2914,leaf_20520,test
2915,leaf_12925,test
2916,leaf_15668,test
2917,leaf_4509,test
2918,leaf_2580,test
2919,leaf_5728,test
2920,leaf_4450,test
2921,leaf_11345,test
2922,leaf_17788,test
2923,leaf_13221,test
2924,leaf_929,test
2925,leaf_8152,test
2926,leaf_6971,test
2927,leaf_7959,test
2928,leaf_21117,test
2929,leaf_10879,test
2930,leaf_20884,test
2931,leaf_8804,test
2932,leaf_1582,test
2933,leaf_14362,test
2934,leaf_16364,test
2935,leaf_22699,test
2936,leaf_19149,test
2937,leaf_16697,test
2938,leaf_18094,test
2939,leaf_22067,test
2940,leaf_5649,test
2941,leaf_19223,test
2942,leaf_2967,test
2943,leaf_8759,test
2944,leaf_12007,test
2945,leaf_8536,test
2946,leaf_18536,test
2947,leaf_429,test
2948,leaf_3845,test
2949,leaf_1394,test
2950,leaf_18265,test
2951,leaf_5146,test
2952,leaf_8894,test
2953,leaf_8917,test
2954,leaf_17036,test
2955,leaf_8197,test
2956,leaf_8031,test
2957,leaf_1937,test
2958,leaf_9871,test
2959,leaf_2488,test
2960,leaf_17990,test
2961,leaf_16819,test
2962,leaf_2494,test
2963,leaf_10174,test
2964,leaf_3294,test
2965,leaf_12468,test
2966,leaf_18738,test
2967,leaf_5169,test
2968,leaf_8634,test
2969,leaf_3711,test
2970,leaf_7418,test
2971,leaf_14422,test
2972,leaf_10264,test
2973,leaf_17038,test
2974,leaf_19176,test
2975,leaf_5484,test
2976,leaf_16887,test
2977,leaf_21261,test
2978,leaf_18875,test
2979,leaf_9890,test
2980,leaf_279,test
2981,leaf_3921,test
2982,leaf_131,test
2983,leaf_18312,test
2984,leaf_21852,test
2985,leaf_13004,test
2986,leaf_21478,test
2987,leaf_12335,test
2988,leaf_15442,test
2989,leaf_12505,test
2990,leaf_20417,test
2991,leaf_10535,test
2992,leaf_16580,test
2993,leaf_22112,test
2994,leaf_3980,test
2995,leaf_1216,test
2996,leaf_12906,test
2997,leaf_20217,test
2998,leaf_18823,test
2999,leaf_12080,test
3000,leaf_10209,test
3001,leaf_7151,test
3002,leaf_18306,test
3003,leaf_18286,test
3004,leaf_22211,test
3005,leaf_3667,test
3006,leaf_12952,test
3007,leaf_8690,test
3008,leaf_14380,test
3009,leaf_18938,test
3010,leaf_17580,test
3011,leaf_14167,test
3012,leaf_13471,test
3013,leaf_19659,test
3014,leaf_10222,test
3015,leaf_20929,test
3016,leaf_21131,test
3017,leaf_15900,test
3018,leaf_10256,test
3019,leaf_13482,test
3020,leaf_20298,test
3021,leaf_5173,test
3022,leaf_19779,test
3023,leaf_14145,test
3024,leaf_13990,test
3025,leaf_21646,test
3026,leaf_20888,test
3027,leaf_16041,test
3028,leaf_8415,test
3029,leaf_12148,test
3030,leaf_15328,test
3031,leaf_11706,test
3032,leaf_2128,test
3033,leaf_18890,test
3034,leaf_9066,test
3035,leaf_14861,test
3036,leaf_15521,test
3037,leaf_11798,test
3038,leaf_6089,test
3039,leaf_19466,test
3040,leaf_5756,test
3041,leaf_8230,test
3042,leaf_18790,test
3043,leaf_2176,test
3044,leaf_2994,test
3045,leaf_17551,test
3046,leaf_13803,test
3047,leaf_20942,test
3048,leaf_14280,test
3049,leaf_3774,test
3050,leaf_10212,test
3051,leaf_22217,test
3052,leaf_4562,test
3053,leaf_8362,test
3054,leaf_5788,test
3055,leaf_10947,test
3056,leaf_22148,test
3057,leaf_18633,test
3058,leaf_6439,test
3059,leaf_17603,test
3060,leaf_15403,test
3061,leaf_7024,test
3062,leaf_13761,test
3063,leaf_20147,test
3064,leaf_4357,test
3065,leaf_7988,test
3066,leaf_11879,test
3067,leaf_8521,test
3068,leaf_9125,test
3069,leaf_3286,test
3070,leaf_11254,test
3071,leaf_4849,test
3072,leaf_2741,test
3073,leaf_70,test
3074,leaf_18535,test
3075,leaf_21077,test
3076,leaf_17458,test
3077,leaf_20656,test
3078,leaf_12230,test
3079,leaf_16723,test
3080,leaf_10313,test
3081,leaf_3302,test
3082,leaf_8908,test
3083,leaf_11140,test
3084,leaf_19904,test
3085,leaf_3357,test
3086,leaf_12848,test
3087,leaf_1222,test
3088,leaf_13211,test
3089,leaf_15844,test
3090,leaf_19464,test
3091,leaf_11113,test
3092,leaf_343,test
3093,leaf_13716,test
3094,leaf_17318,test
3095,leaf_17894,test
3096,leaf_18814,test
3097,leaf_1202,test
3098,leaf_4784,test
3099,leaf_19145,test
3100,leaf_11852,test
3101,leaf_5444,test
3102,leaf_17940,test
3103,leaf_3835,test
3104,leaf_6072,test
3105,leaf_8566,test
3106,leaf_7298,test
3107,leaf_17785,test
3108,leaf_5426,test
3109,leaf_1492,test
3110,leaf_8283,test
3111,leaf_937,test
3112,leaf_14142,test
3113,leaf_6643,test
3114,leaf_13134,test
3115,leaf_6857,test
3116,leaf_3169,test
3117,leaf_8403,test
3118,leaf_12178,test
3119,leaf_10590,test
3120,leaf_27,test
3121,leaf_7795,test
3122,leaf_5155,test
3123,leaf_21871,test
3124,leaf_11754,test
3125,leaf_20609,test
3126,leaf_12020,test
3127,leaf_14358,test
3128,leaf_7681,test
3129,leaf_14269,test
3130,leaf_12981,test
3131,leaf_3982,test
3132,leaf_5121,test
3133,leaf_172,test
3134,leaf_20160,test
3135,leaf_11783,test
3136,leaf_16372,test
3137,leaf_6580,test
3138,leaf_479,test
3139,leaf_21282,test
3140,leaf_15491,test
3141,leaf_7683,test
3142,leaf_14076,test
3143,leaf_1617,test
3144,leaf_7892,test
3145,leaf_8979,test
3146,leaf_22615,test
3147,leaf_15688,test
3148,leaf_6980,test
3149,leaf_3583,test
3150,leaf_14478,test
3151,leaf_4236,test
3152,leaf_5624,test
3153,leaf_12083,test
3154,leaf_22854,test
3155,leaf_5908,test
3156,leaf_8453,test
3157,leaf_7223,test
3158,leaf_19850,test
3159,leaf_15890,test
3160,leaf_1350,test
3161,leaf_21659,test
3162,leaf_11194,test
3163,leaf_12584,test
3164,leaf_4741,test
3165,leaf_6328,test
3166,leaf_15955,test
3167,leaf_2904,test
3168,leaf_14279,test
3169,leaf_16850,test
3170,leaf_682,test
3171,leaf_3046,test
3172,leaf_22653,test
3173,leaf_1304,test
3174,leaf_14687,test
3175,leaf_16278,test
3176,leaf_22368,test
3177,leaf_10246,test
3178,leaf_15694,test
3179,leaf_19547,test
3180,leaf_21940,test
3181,leaf_1033,test
3182,leaf_16791,test
3183,leaf_797,test
3184,leaf_21889,test
3185,leaf_15020,test
3186,leaf_6555,test
3187,leaf_19890,test
3188,leaf_4968,test
3189,leaf_10059,test
3190,leaf_3359,test
3191,leaf_14683,test
3192,leaf_21377,test
3193,leaf_6327,test
3194,leaf_3815,test
3195,leaf_21671,test
3196,leaf_23050,test
3197,leaf_12363,test
3198,leaf_5956,test
3199,leaf_21470,test
3200,leaf_12839,test
3201,leaf_15520,test
3202,leaf_15504,test
3203,leaf_4871,test
3204,leaf_11434,test
3205,leaf_20919,test
3206,leaf_2193,test
3207,leaf_9769,test
3208,leaf_21444,test
3209,leaf_1571,test
3210,leaf_20521,test
3211,leaf_5154,test
3212,leaf_12772,test
3213,leaf_17072,test
3214,leaf_12065,test
3215,leaf_9369,test
3216,leaf_10397,test
3217,leaf_13255,test
3218,leaf_7152,test
3219,leaf_1376,test
3220,leaf_22999,test
3221,leaf_18251,test
3222,leaf_9185,test
3223,leaf_9347,test
3224,leaf_3606,test
3225,leaf_4956,test
3226,leaf_7835,test
3227,leaf_11846,test
3228,leaf_11895,test
3229,leaf_3571,test
3230,leaf_7957,test
3231,leaf_6797,test
3232,leaf_6076,test
3233,leaf_22561,test
3234,leaf_5401,test
3235,leaf_21354,test
3236,leaf_21662,test
3237,leaf_20588,test
3238,leaf_11733,test
3239,leaf_19126,test
3240,leaf_22710,test
3241,leaf_9828,test
3242,leaf_261,test
3243,leaf_15164,test
3244,leaf_17484,test
3245,leaf_1219,test
3246,leaf_2410,test
3247,leaf_4093,test
3248,leaf_1123,test
3249,leaf_18855,test
3250,leaf_10189,test
3251,leaf_11674,test
3252,leaf_16876,test
3253,leaf_6332,test
3254,leaf_2973,test
3255,leaf_8837,test
3256,leaf_10739,test
3257,leaf_4344,test
3258,leaf_21469,test
3259,leaf_19711,test
3260,leaf_1946,test
3261,leaf_1643,test
3262,leaf_22198,test
3263,leaf_19821,test
3264,leaf_11700,test
3265,leaf_2692,test
3266,leaf_538,test
3267,leaf_14904,test
3268,leaf_12577,test
3269,leaf_2441,test
3270,leaf_22487,test
3271,leaf_10554,test
3272,leaf_8714,test
3273,leaf_4912,test
3274,leaf_4854,test
3275,leaf_7614,test
3276,leaf_7089,test
3277,leaf_5878,test
3278,leaf_12788,test
3279,leaf_7158,test
3280,leaf_16543,test
3281,leaf_7431,test
3282,leaf_16992,test
3283,leaf_14098,test
3284,leaf_4198,test
3285,leaf_77,test
3286,leaf_18235,test
3287,leaf_7303,test
3288,leaf_17475,test
3289,leaf_8001,test
3290,leaf_13152,test
3291,leaf_8156,test
3292,leaf_10027,test
3293,leaf_7865,test
3294,leaf_18276,test
3295,leaf_405,test
3296,leaf_381,test
3297,leaf_21285,test
3298,leaf_3798,test
3299,leaf_20598,test
3300,leaf_2445,test
3301,leaf_425,test
3302,leaf_8193,test
3303,leaf_21525,test
3304,leaf_14732,test
3305,leaf_32,test
3306,leaf_1974,test
3307,leaf_13858,test
3308,leaf_21559,test
3309,leaf_7557,test
3310,leaf_20980,test
3311,leaf_16639,test
3312,leaf_4284,test
3313,leaf_1063,test
3314,leaf_3491,test
3315,leaf_18179,test
3316,leaf_11625,test
3317,leaf_1466,test
3318,leaf_15858,test
3319,leaf_12301,test
3320,leaf_7919,test
3321,leaf_9551,test
3322,leaf_756,test
3323,leaf_17769,test
3324,leaf_20439,test
3325,leaf_14326,test
3326,leaf_20905,test
3327,leaf_14663,test
3328,leaf_6128,test
3329,leaf_19241,test
3330,leaf_4214,test
3331,leaf_11209,test
3332,leaf_19552,test
3333,leaf_14107,test
3334,leaf_18525,test
3335,leaf_1982,test
3336,leaf_4119,test
3337,leaf_12015,test
3338,leaf_9587,test
3339,leaf_8821,test
3340,leaf_16562,test
3341,leaf_14425,test
3342,leaf_15597,test
3343,leaf_19198,test
3344,leaf_10863,test
3345,leaf_4760,test
3346,leaf_20501,test
3347,leaf_10234,test
3348,leaf_4874,test
3349,leaf_8721,test
3350,leaf_4409,test
3351,leaf_22007,test
3352,leaf_3035,test
3353,leaf_17777,test
3354,leaf_12636,test
3355,leaf_9658,test
3356,leaf_14794,test
3357,leaf_3648,test
3358,leaf_19613,test
3359,leaf_8601,test
3360,leaf_8646,test
3361,leaf_8065,test
3362,leaf_9767,test
3363,leaf_18600,test
3364,leaf_233,test
3365,leaf_1631,test
3366,leaf_449,test
3367,leaf_18082,test
3368,leaf_15602,test
3369,leaf_10564,test
3370,leaf_4989,test
3371,leaf_19774,test
3372,leaf_18975,test
3373,leaf_21135,test
3374,leaf_18248,test
3375,leaf_20996,test
3376,leaf_9235,test
3377,leaf_6958,test
3378,leaf_17692,test
3379,leaf_2306,test
3380,leaf_5503,test
3381,leaf_6947,test
3382,leaf_10814,test
3383,leaf_20537,test
3384,leaf_18697,test
3385,leaf_16149,test
3386,leaf_4798,test
3387,leaf_11153,test
3388,leaf_17820,test
3389,leaf_17567,test
3390,leaf_1127,test
3391,leaf_11428,test
3392,leaf_15564,test
3393,leaf_17986,test
3394,leaf_389,test
3395,leaf_13562,test
3396,leaf_491,test
3397,leaf_22568,test
3398,leaf_9909,test
3399,leaf_13523,test
3400,leaf_19071,test
3401,leaf_15665,test
3402,leaf_12779,test
3403,leaf_377,test
3404,leaf_17348,test
3405,leaf_8927,test
3406,leaf_846,test
3407,leaf_478,test
3408,leaf_16716,test
3409,leaf_7932,test
3410,leaf_14517,test
3411,leaf_12021,test
3412,leaf_499,test
3413,leaf_16472,test
3414,leaf_11867,test
3415,leaf_1153,test
3416,leaf_11344,test
3417,leaf_6776,test
3418,leaf_15704,test
3419,leaf_5644,test
3420,leaf_11988,test
3421,leaf_4176,test
3422,leaf_22869,test
3423,leaf_16358,test
3424,leaf_16206,test
3425,leaf_13200,test
3426,leaf_6663,test
3427,leaf_4391,test
3428,leaf_5690,test
3429,leaf_6202,test
3430,leaf_20833,test
3431,leaf_6647,test
3432,leaf_10842,test
3433,leaf_7480,test
3434,leaf_20397,test
3435,leaf_22470,test
3436,leaf_15607,test
3437,leaf_18997,test
3438,leaf_13960,test
3439,leaf_2901,test
3440,leaf_18392,test
3441,leaf_21206,test
3442,leaf_8948,test
3443,leaf_21430,test
3444,leaf_5388,test
3445,leaf_13363,test
3446,leaf_16882,test
3447,leaf_692,test
3448,leaf_16878,test
3449,leaf_16160,test
3450,leaf_6440,test
3451,leaf_4898,test
3452,leaf_15089,test
3453,leaf_2383,test
3454,leaf_11322,test
3455,leaf_10156,test
3456,leaf_6913,test
3457,leaf_3039,test
3458,leaf_14708,test
3459,leaf_16281,test
3460,leaf_16678,test
3461,leaf_2941,test
3462,leaf_17629,test
3463,leaf_5397,test
3464,leaf_20448,test
3465,leaf_12571,test
3466,leaf_22664,test
3467,leaf_18057,test
3468,leaf_2389,test
3469,leaf_6819,test
3470,leaf_10683,test
3471,leaf_18288,test
3472,leaf_17279,test
3473,leaf_8967,test
3474,leaf_4700,test
3475,leaf_17607,test
3476,leaf_9370,test
3477,leaf_650,test
3478,leaf_21863,test
3479,leaf_20541,test
3480,leaf_1471,test
3481,leaf_22260,test
3482,leaf_17531,test
3483,leaf_8225,test
3484,leaf_17653,test
3485,leaf_912,test
3486,leaf_16097,test
3487,leaf_8019,test
3488,leaf_12909,test
3489,leaf_1183,test
3490,leaf_17740,test
3491,leaf_6218,test
3492,leaf_13877,test
3493,leaf_3468,test
3494,leaf_13817,test
3495,leaf_1406,test
3496,leaf_16140,test
3497,leaf_13203,test
3498,leaf_9855,test
3499,leaf_10708,test
3500,leaf_6247,test
3501,leaf_444,test
3502,leaf_4460,test
3503,leaf_15135,test
3504,leaf_911,test
3505,leaf_20356,test
3506,leaf_9915,test
3507,leaf_13771,test
3508,leaf_17954,test
3509,leaf_18624,test
3510,leaf_1983,test
3511,leaf_17449,test
3512,leaf_874,test
3513,leaf_22649,test
3514,leaf_10125,test
3515,leaf_13390,test
3516,leaf_5309,test
3517,leaf_11318,test
3518,leaf_19698,test
3519,leaf_18605,test
3520,leaf_14822,test
3521,leaf_22045,test
3522,leaf_22190,test
3523,leaf_416,test
3524,leaf_11259,test
3525,leaf_2111,test
3526,leaf_2694,test
3527,leaf_7890,test
3528,leaf_3610,test
3529,leaf_7881,test
3530,leaf_7470,test
3531,leaf_22909,test
3532,leaf_7944,test
3533,leaf_9806,test
3534,leaf_14835,test
3535,leaf_11450,test
3536,leaf_10333,test
3537,leaf_4785,test
3538,leaf_9220,test
3539,leaf_1031,test
3540,leaf_16176,test
3541,leaf_6633,test
3542,leaf_17663,test
3543,leaf_17725,test
3544,leaf_12125,test
3545,leaf_15518,test
3546,leaf_8036,test
3547,leaf_8621,test
3548,leaf_13913,test
3549,leaf_18373,test
3550,leaf_7833,test
3551,leaf_4008,test
3552,leaf_22416,test
3553,leaf_4605,test
3554,leaf_5422,test
3555,leaf_13149,test
3556,leaf_14770,test
3557,leaf_16321,test
3558,leaf_14002,test
3559,leaf_2230,test
3560,leaf_16722,test
3561,leaf_985,test
3562,leaf_11055,test
3563,leaf_9459,test
3564,leaf_13652,test
3565,leaf_18436,test
3566,leaf_22514,test
3567,leaf_9177,test
3568,leaf_9094,test
3569,leaf_10154,test
3570,leaf_9449,test
3571,leaf_4547,test
3572,leaf_20176,test
3573,leaf_13285,test
3574,leaf_76,test
3575,leaf_5050,test
3576,leaf_18242,test
3577,leaf_878,test
3578,leaf_22518,test
3579,leaf_21908,test
3580,leaf_12659,test
3581,leaf_11858,test
3582,leaf_9005,test
3583,leaf_9516,test
3584,leaf_5755,test
3585,leaf_7013,test
3586,leaf_1972,test
3587,leaf_16497,test
3588,leaf_11077,test
3589,leaf_6303,test
3590,leaf_14567,test
3591,leaf_13253,test
3592,leaf_21566,test
3593,leaf_18752,test
3594,leaf_17743,test
3595,leaf_9047,test
3596,leaf_17022,test
3597,leaf_5492,test
3598,leaf_13118,test
3599,leaf_2473,test
3600,leaf_1922,test
3601,leaf_8175,test
3602,leaf_21352,test
3603,leaf_1733,test
3604,leaf_21187,test
3605,leaf_17527,test
3606,leaf_16896,test
3607,leaf_12523,test
3608,leaf_1407,test
3609,leaf_3297,test
3610,leaf_19185,test
3611,leaf_23043,test
3612,leaf_18807,test
3613,leaf_4698,test
3614,leaf_7486,test
3615,leaf_14957,test
3616,leaf_19395,test
3617,leaf_10088,test
3618,leaf_14848,test
3619,leaf_8145,test
3620,leaf_19427,test
3621,leaf_1730,test
3622,leaf_18806,test
3623,leaf_5026,test
3624,leaf_1814,test
3625,leaf_8784,test
3626,leaf_9925,test
3627,leaf_11362,test
3628,leaf_7514,test
3629,leaf_13075,test
3630,leaf_16175,test
3631,leaf_9362,test
3632,leaf_13260,test
3633,leaf_2376,test
3634,leaf_6737,test
3635,leaf_4531,test
3636,leaf_7542,test
3637,leaf_9596,test
3638,leaf_11670,test
3639,leaf_4145,test
3640,leaf_1953,test
3641,leaf_10459,test
3642,leaf_87,test
3643,leaf_13773,test
3644,leaf_13637,test
3645,leaf_15331,test
3646,leaf_8719,test
3647,leaf_5736,test
3648,leaf_4272,test
3649,leaf_1825,test
3650,leaf_7128,test
3651,leaf_6020,test
3652,leaf_5719,test
3653,leaf_13364,test
3654,leaf_2614,test
3655,leaf_15856,test
3656,leaf_10872,test
3657,leaf_19931,test
3658,leaf_18955,test
3659,leaf_5753,test
3660,leaf_5478,test
3661,leaf_21624,test
3662,leaf_9529,test
3663,leaf_9454,test
3664,leaf_15841,test
3665,leaf_7135,test
3666,leaf_22482,test
3667,leaf_1769,test
3668,leaf_117,test
3669,leaf_6130,test
3670,leaf_19799,test
3671,leaf_14346,test
3672,leaf_20266,test
3673,leaf_510,test
3674,leaf_2185,test
3675,leaf_845,test
3676,leaf_2440,test
3677,leaf_13287,test
3678,leaf_1247,test
3679,leaf_20600,test
3680,leaf_15927,test
3681,leaf_11286,test
3682,leaf_20867,test
3683,leaf_590,test
3684,leaf_2331,test
3685,leaf_14622,test
3686,leaf_16906,test
3687,leaf_16983,test
3688,leaf_20910,test
3689,leaf_12888,test
3690,leaf_21224,test
3691,leaf_3866,test
3692,leaf_7081,test
3693,leaf_13709,test
3694,leaf_16470,test
3695,leaf_12873,test
3696,leaf_15580,test
3697,leaf_17305,test
3698,leaf_14677,test
3699,leaf_1075,test
3700,leaf_22750,test
3701,leaf_16166,test
3702,leaf_8670,test
3703,leaf_18003,test
3704,leaf_6546,test
3705,leaf_19635,test
3706,leaf_1692,test
3707,leaf_8661,test
3708,leaf_16711,test
3709,leaf_6487,test
3710,leaf_4005,test
3711,leaf_9507,test
3712,leaf_13496,test
3713,leaf_16886,test
3714,leaf_21539,test
3715,leaf_17051,test
3716,leaf_10516,test
3717,leaf_14207,test
3718,leaf_8754,test
3719,leaf_17559,test
3720,leaf_11780,test
3721,leaf_15535,test
3722,leaf_455,test
3723,leaf_11386,test
3724,leaf_15943,test
3725,leaf_10913,test
3726,leaf_14604,test
3727,leaf_21236,test
3728,leaf_5809,test
3729,leaf_23042,test
3730,leaf_15051,test
3731,leaf_9775,test
3732,leaf_3597,test
3733,leaf_16599,test
3734,leaf_2839,test
3735,leaf_5946,test
3736,leaf_18669,test
3737,leaf_1379,test
3738,leaf_10572,test
3739,leaf_9011,test
3740,leaf_3207,test
3741,leaf_21554,test
3742,leaf_16571,test
3743,leaf_194,test
3744,leaf_18083,test
3745,leaf_9642,test
3746,leaf_16033,test
3747,leaf_18721,test
3748,leaf_13674,test
3749,leaf_17553,test
3750,leaf_20717,test
3751,leaf_6325,test
3752,leaf_8502,test
3753,leaf_8479,test
3754,leaf_303,test
3755,leaf_1942,test
3756,leaf_12675,test
3757,leaf_18411,test
3758,leaf_3324,test
3759,leaf_4880,test
3760,leaf_14399,test
3761,leaf_12789,test
3762,leaf_7455,test
3763,leaf_8255,test
3764,leaf_417,test
3765,leaf_1649,test
3766,leaf_21488,test
3767,leaf_2029,test
3768,leaf_4654,test
3769,leaf_2956,test
3770,leaf_1901,test
3771,leaf_4642,test
3772,leaf_11763,test
3773,leaf_16362,test
3774,leaf_18593,test
3775,leaf_4878,test
3776,leaf_8386,test
3777,leaf_14941,test
3778,leaf_16049,test
3779,leaf_12336,test
3780,leaf_1760,test
3781,leaf_17436,test
3782,leaf_8636,test
3783,leaf_22526,test
3784,leaf_7955,test
3785,leaf_14011,test
3786,leaf_12703,test
3787,leaf_4611,test
3788,leaf_6711,test
3789,leaf_10129,test
3790,leaf_5459,test
3791,leaf_9395,test
3792,leaf_3081,test
3793,leaf_14751,test
3794,leaf_7267,test
3795,leaf_5922,test
3796,leaf_1109,test
3797,leaf_3619,test
3798,leaf_4644,test
3799,leaf_13525,test
3800,leaf_9607,test
3801,leaf_5953,test
3802,leaf_21894,test
3803,leaf_3189,test
3804,leaf_16793,test
3805,leaf_559,test
3806,leaf_11407,test
3807,leaf_16673,test
3808,leaf_998,test
3809,leaf_17709,test
3810,leaf_13837,test
3811,leaf_6975,test
3812,leaf_13979,test
3813,leaf_4112,test
3814,leaf_10106,test
3815,leaf_6415,test
3816,leaf_5189,test
3817,leaf_13810,test
3818,leaf_5109,test
3819,leaf_19460,test
3820,leaf_7699,test
3821,leaf_12601,test
3822,leaf_16744,test
3823,leaf_12825,test
3824,leaf_18838,test
3825,leaf_7806,test
3826,leaf_14006,test
3827,leaf_12266,test
3828,leaf_4497,test
3829,leaf_16720,test
3830,leaf_13465,test
3831,leaf_8487,test
3832,leaf_10922,test
3833,leaf_2308,test
3834,leaf_19823,test
3835,leaf_12996,test
3836,leaf_17459,test
3837,leaf_19215,test
3838,leaf_22035,test
3839,leaf_19891,test
3840,leaf_19622,test
3841,leaf_12846,test
3842,leaf_11502,test
3843,leaf_4502,test
3844,leaf_23029,test
3845,leaf_22049,test
3846,leaf_4047,test
3847,leaf_8278,test
3848,leaf_20108,test
3849,leaf_8388,test
3850,leaf_5539,test
3851,leaf_17337,test
3852,leaf_7487,test
3853,leaf_17175,test
3854,leaf_5501,test
3855,leaf_15643,test
3856,leaf_9301,test
3857,leaf_18166,test
3858,leaf_12486,test
3859,leaf_8743,test
3860,leaf_8787,test
3861,leaf_15574,test
3862,leaf_12321,test
3863,leaf_19817,test
3864,leaf_19273,test
3865,leaf_20726,test
3866,leaf_4988,test
3867,leaf_8073,test
3868,leaf_6940,test
3869,leaf_3374,test
3870,leaf_5819,test
3871,leaf_17712,test
3872,leaf_9468,test
3873,leaf_967,test
3874,leaf_22171,test
3875,leaf_19577,test
3876,leaf_6739,test
3877,leaf_13167,test
3878,leaf_4588,test
3879,leaf_7245,test
3880,leaf_7935,test
3881,leaf_14875,test
3882,leaf_11633,test
3883,leaf_18804,test
3884,leaf_13321,test
3885,leaf_798,test
3886,leaf_12684,test
3887,leaf_9995,test
3888,leaf_9350,test
3889,leaf_19371,test
3890,leaf_8808,test
3891,leaf_13905,test
3892,leaf_11278,test
3893,leaf_7571,test
3894,leaf_9624,test
3895,leaf_6066,test
3896,leaf_22984,test
3897,leaf_2183,test
3898,leaf_16977,test
3899,leaf_2354,test
3900,leaf_13434,test
3901,leaf_14692,test
3902,leaf_7352,test
3903,leaf_5927,test
3904,leaf_22036,test
3905,leaf_11967,test
3906,leaf_12131,test
3907,leaf_11340,test
3908,leaf_14448,test
3909,leaf_20423,test
3910,leaf_17874,test
3911,leaf_157,test
3912,leaf_14783,test
3913,leaf_22327,test
3914,leaf_18664,test
3915,leaf_20482,test
3916,leaf_12226,test
3917,leaf_23061,test
3918,leaf_15327,test
3919,leaf_594,test
3920,leaf_20797,test
3921,leaf_4160,test
3922,leaf_14881,test
3923,leaf_1535,test
3924,leaf_21126,test
3925,leaf_12211,test
3926,leaf_15651,test
3927,leaf_21246,test
3928,leaf_1742,test
3929,leaf_10903,test
3930,leaf_5557,test
3931,leaf_18262,test
3932,leaf_5120,test
3933,leaf_1244,test
3934,leaf_20779,test
3935,leaf_20611,test
3936,leaf_19915,test
3937,leaf_17502,test
3938,leaf_6248,test
3939,leaf_10145,test
3940,leaf_59,test
3941,leaf_22464,test
3942,leaf_18717,test
3943,leaf_22092,test
3944,leaf_13531,test
3945,leaf_17734,test
3946,leaf_6787,test
3947,leaf_21669,test
3948,leaf_19323,test
3949,leaf_15595,test
3950,leaf_9072,test
3951,leaf_1278,test
3952,leaf_8331,test
3953,leaf_21098,test
3954,leaf_5985,test
3955,leaf_19997,test
3956,leaf_8233,test
3957,leaf_8947,test
3958,leaf_3201,test
3959,leaf_6791,test
3960,leaf_19562,test
3961,leaf_6625,test
3962,leaf_722,test
3963,leaf_3923,test
3964,leaf_15735,test
3965,leaf_10260,test
3966,leaf_20509,test
3967,leaf_7527,test
3968,leaf_16003,test
3969,leaf_10735,test
3970,leaf_3266,test
3971,leaf_5810,test
3972,leaf_2613,test
3973,leaf_6679,test
3974,leaf_22543,test
3975,leaf_18500,test
3976,leaf_5343,test
3977,leaf_5590,test
3978,leaf_13679,test
3979,leaf_5334,test
3980,leaf_9022,test
3981,leaf_5669,test
3982,leaf_5735,test
3983,leaf_5404,test
3984,leaf_4281,test
3985,leaf_7140,test
3986,leaf_15276,test
3987,leaf_19528,test
3988,leaf_5714,test
3989,leaf_7704,test
3990,leaf_4692,test
3991,leaf_6051,test
3992,leaf_8238,test
3993,leaf_16741,test
3994,leaf_13396,test
3995,leaf_18647,test
3996,leaf_2735,test
3997,leaf_15552,test
3998,leaf_8961,test
3999,leaf_15336,test
4000,leaf_16077,test
4001,leaf_18708,test
4002,leaf_18406,test
4003,leaf_15277,test
4004,leaf_20395,test
4005,leaf_14639,test
4006,leaf_17184,test
4007,leaf_19484,test
4008,leaf_14819,test
4009,leaf_13504,test
4010,leaf_23054,test
4011,leaf_2565,test
4012,leaf_13542,test
4013,leaf_13742,test
4014,leaf_14882,test
4015,leaf_1658,test
4016,leaf_21318,test
4017,leaf_4270,test
4018,leaf_15743,test
4019,leaf_19517,test
4020,leaf_20685,test
4021,leaf_14437,test
4022,leaf_18951,test
4023,leaf_7218,test
4024,leaf_12979,test
4025,leaf_18408,test
4026,leaf_2482,test
4027,leaf_7232,test
4028,leaf_16535,test
4029,leaf_13813,test
4030,leaf_18933,test
4031,leaf_19632,test
4032,leaf_15376,test
4033,leaf_21494,test
4034,leaf_7819,test
4035,leaf_2477,test
4036,leaf_19836,test
4037,leaf_6267,test
4038,leaf_20834,test
4039,leaf_13461,test
4040,leaf_3385,test
4041,leaf_16347,test
4042,leaf_20360,test
4043,leaf_96,test
4044,leaf_13978,test
4045,leaf_14363,test
4046,leaf_14094,test
4047,leaf_15815,test
4048,leaf_5090,test
4049,leaf_20782,test
4050,leaf_19162,test
4051,leaf_10883,test
4052,leaf_9364,test
4053,leaf_11225,test
4054,leaf_5692,test
4055,leaf_21763,test
4056,leaf_2627,test
4057,leaf_21819,test
4058,leaf_7509,test
4059,leaf_7967,test
4060,leaf_6083,test
4061,leaf_6534,test
4062,leaf_15675,test
4063,leaf_9477,test
4064,leaf_11201,test
4065,leaf_11472,test
4066,leaf_19422,test
4067,leaf_19415,test
4068,leaf_6114,test
4069,leaf_10980,test
4070,leaf_19692,test
4071,leaf_9648,test
4072,leaf_9986,test
4073,leaf_6798,test
4074,leaf_13620,test
4075,leaf_13126,test
4076,leaf_14303,test
4077,leaf_6573,test
4078,leaf_2832,test
4079,leaf_13961,test
4080,leaf_9688,test
4081,leaf_22848,test
4082,leaf_1168,test
4083,leaf_1268,test
4084,leaf_2644,test
4085,leaf_8830,test
4086,leaf_1384,test
4087,leaf_3861,test
4088,leaf_8203,test
4089,leaf_7252,test
4090,leaf_17772,test
4091,leaf_18329,test
4092,leaf_731,test
4093,leaf_5577,test
4094,leaf_10820,test
4095,leaf_4253,test
4096,leaf_17936,test
4097,leaf_16830,test
4098,leaf_20196,test
4099,leaf_18273,test
4100,leaf_21279,test
4101,leaf_3756,test
4102,leaf_10040,test
4103,leaf_4307,test
4104,leaf_18245,test
4105,leaf_8061,test
4106,leaf_6648,test
4107,leaf_8752,test
4108,leaf_10015,test
4109,leaf_666,test
4110,leaf_19600,test
4111,leaf_3878,test
4112,leaf_15108,test
4113,leaf_13661,test
4114,leaf_18272,test
4115,leaf_16948,test
4116,leaf_21149,test
4117,leaf_22910,test
4118,leaf_556,test
4119,leaf_17355,test
4120,leaf_13936,test
4121,leaf_18168,test
4122,leaf_3124,test
4123,leaf_20308,test
4124,leaf_8276,test
4125,leaf_12786,test
4126,leaf_13853,test
4127,leaf_20560,test
4128,leaf_16545,test
4129,leaf_4575,test
4130,leaf_278,test
4131,leaf_11841,test
4132,leaf_10084,test
4133,leaf_19994,test
4134,leaf_7447,test
4135,leaf_6524,test
4136,leaf_3068,test
4137,leaf_16596,test
4138,leaf_13208,test
4139,leaf_15537,test
4140,leaf_8718,test
4141,leaf_8472,test
4142,leaf_3948,test
4143,leaf_18861,test
4144,leaf_16214,test
4145,leaf_12541,test
4146,leaf_8189,test
4147,leaf_21266,test
4148,leaf_22465,test
4149,leaf_15421,test
4150,leaf_4559,test
4151,leaf_6394,test
4152,leaf_14497,test
4153,leaf_10688,test
4154,leaf_15680,test
4155,leaf_11168,test
4156,leaf_2493,test
4157,leaf_1757,test
4158,leaf_2407,test
4159,leaf_12511,test
4160,leaf_13089,test
4161,leaf_17302,test
4162,leaf_10648,test
4163,leaf_19695,test
4164,leaf_12773,test
4165,leaf_1534,test
4166,leaf_5951,test
4167,leaf_13655,test
4168,leaf_1419,test
4169,leaf_2281,test
4170,leaf_7732,test
4171,leaf_1754,test
4172,leaf_526,test
4173,leaf_12338,test
4174,leaf_20591,test
4175,leaf_10143,test
4176,leaf_22144,test
4177,leaf_13553,test
4178,leaf_10008,test
4179,leaf_2944,test
4180,leaf_5532,test
4181,leaf_14224,test
4182,leaf_16238,test
4183,leaf_20736,test
4184,leaf_19202,test
4185,leaf_763,test
4186,leaf_10004,test
4187,leaf_1516,test
4188,leaf_10017,test
4189,leaf_13841,test
4190,leaf_11683,test
4191,leaf_7836,test
4192,leaf_8374,test
4193,leaf_2537,test
4194,leaf_18183,test
4195,leaf_19166,test
4196,leaf_18579,test
4197,leaf_19644,test
4198,leaf_22643,test
4199,leaf_11039,test
4200,leaf_15492,test
4201,leaf_22101,test
4202,leaf_4202,test
4203,leaf_12282,test
4204,leaf_5096,test
4205,leaf_1026,test
4206,leaf_3054,test
4207,leaf_7601,test
4208,leaf_13174,test
4209,leaf_11647,test
4210,leaf_13036,test
4211,leaf_9418,test
4212,leaf_6815,test
4213,leaf_22125,test
4214,leaf_3049,test
4215,leaf_5827,test
4216,leaf_20628,test
4217,leaf_16174,test
4218,leaf_925,test
4219,leaf_524,test
4220,leaf_5126,test
4221,leaf_1924,test
4222,leaf_10930,test
4223,leaf_10996,test
4224,leaf_9812,test
4225,leaf_19950,test
4226,leaf_19792,test
4227,leaf_11591,test
4228,leaf_3783,test
4229,leaf_15292,test
4230,leaf_6816,test
4231,leaf_19036,test
4232,leaf_12722,test
4233,leaf_2310,test
4234,leaf_7868,test
4235,leaf_2455,test
4236,leaf_20267,test
4237,leaf_17055,test
4238,leaf_5499,test
4239,leaf_19631,test
4240,leaf_19988,test
4241,leaf_102,test
4242,leaf_19302,test
4243,leaf_8332,test
4244,leaf_6732,test
4245,leaf_13701,test
4246,leaf_21696,test
4247,leaf_11285,test
4248,leaf_636,test
4249,leaf_588,test
4250,leaf_1984,test
4251,leaf_17425,test
4252,leaf_10474,test
4253,leaf_16095,test
4254,leaf_1687,test
4255,leaf_21383,test
4256,leaf_2292,test
4257,leaf_4252,test
4258,leaf_10844,test
4259,leaf_20550,test
4260,leaf_5210,test
4261,leaf_21645,test
4262,leaf_20894,test
4263,leaf_16433,test
4264,leaf_3322,test
4265,leaf_19016,test
4266,leaf_9931,test
4267,leaf_16708,test
4268,leaf_941,test
4269,leaf_2201,test
4270,leaf_13478,test
4271,leaf_9706,test
4272,leaf_6978,test
4273,leaf_15839,test
4274,leaf_15980,test
4275,leaf_7217,test
4276,leaf_4863,test
4277,leaf_17293,test
4278,leaf_14193,test
4279,leaf_3901,test
4280,leaf_21225,test
4281,leaf_20930,test
4282,leaf_17138,test
4283,leaf_260,test
4284,leaf_21189,test
4285,leaf_21358,test
4286,leaf_2409,test
4287,leaf_3048,test
4288,leaf_1549,test
4289,leaf_12054,test
4290,leaf_15111,test
4291,leaf_9429,test
4292,leaf_835,test
4293,leaf_14721,test
4294,leaf_12488,test
4295,leaf_14038,test
4296,leaf_22821,test
4297,leaf_14685,test
4298,leaf_366,test
4299,leaf_782,test
4300,leaf_13711,test
4301,leaf_15059,test
4302,leaf_13100,test
4303,leaf_6418,test
4304,leaf_12695,test
4305,leaf_20637,test
4306,leaf_7722,test
4307,leaf_6237,test
4308,leaf_15056,test
4309,leaf_15712,test
4310,leaf_10984,test
4311,leaf_13549,test
4312,leaf_15797,test
4313,leaf_7800,test
4314,leaf_10283,test
4315,leaf_22701,test
4316,leaf_17901,test
4317,leaf_5060,test
4318,leaf_14830,test
4319,leaf_7621,test
4320,leaf_10137,test
4321,leaf_6133,test
4322,leaf_11548,test
4323,leaf_14244,test
4324,leaf_6131,test
4325,leaf_6741,test
4326,leaf_11639,test
4327,leaf_4923,test
4328,leaf_22944,test
4329,leaf_11379,test
4330,leaf_14371,test
4331,leaf_16285,test
4332,leaf_4691,test
4333,leaf_10983,test
4334,leaf_9716,test
4335,leaf_13943,test
4336,leaf_8177,test
4337,leaf_20667,test
4338,leaf_14975,test
4339,leaf_19798,test
4340,leaf_1368,test
4341,leaf_20372,test
4342,leaf_16857,test
4343,leaf_19137,test
4344,leaf_21848,test
4345,leaf_9572,test
4346,leaf_16988,test
4347,leaf_1024,test
4348,leaf_15124,test
4349,leaf_174,test
4350,leaf_17500,test
4351,leaf_17584,test
4352,leaf_10574,test
4353,leaf_12322,test
4354,leaf_1167,test
4355,leaf_9528,test
4356,leaf_12208,test
4357,leaf_3379,test
4358,leaf_6898,test
4359,leaf_5016,test
4360,leaf_22712,test
4361,leaf_263,test
4362,leaf_18888,test
4363,leaf_1815,test
4364,leaf_5261,test
4365,leaf_11818,test
4366,leaf_9953,test
4367,leaf_9213,test
4368,leaf_13526,test
4369,leaf_9097,test
4370,leaf_19682,test
4371,leaf_19002,test
4372,leaf_2231,test
4373,leaf_8741,test
4374,leaf_6386,test
4375,leaf_6590,test
4376,leaf_9709,test
4377,leaf_18871,test
4378,leaf_6908,test
4379,leaf_12275,test
4380,leaf_17406,test
4381,leaf_6637,test
4382,leaf_8653,test
4383,leaf_2352,test
4384,leaf_18202,test
4385,leaf_6653,test
4386,leaf_19803,test
4387,leaf_12726,test
4388,leaf_18736,test
4389,leaf_19786,test
4390,leaf_3490,test
4391,leaf_2886,test
4392,leaf_12084,test
4393,leaf_21015,test
4394,leaf_19507,test
4395,leaf_7807,test
4396,leaf_19968,test
4397,leaf_11260,test
4398,leaf_20049,test
4399,leaf_11880,test
4400,leaf_14986,test
4401,leaf_21350,test
4402,leaf_17313,test
4403,leaf_17890,test
4404,leaf_13894,test
4405,leaf_21235,test
4406,leaf_7748,test
4407,leaf_4650,test
4408,leaf_18561,test
4409,leaf_13997,test
4410,leaf_19218,test
4411,leaf_14962,test
4412,leaf_10817,test
4413,leaf_1866,test
4414,leaf_13764,test
4415,leaf_4641,test
4416,leaf_8478,test
4417,leaf_5623,test
4418,leaf_14570,test
4419,leaf_11296,test
4420,leaf_19091,test
4421,leaf_15209,test
4422,leaf_18066,test
4423,leaf_410,test
4424,leaf_22104,test
4425,leaf_378,test
4426,leaf_14152,test
4427,leaf_19135,test
4428,leaf_21337,test
4429,leaf_20818,test
4430,leaf_10561,test
4431,leaf_7612,test
4432,leaf_16005,test
4433,leaf_8675,test
4434,leaf_9020,test
4435,leaf_275,test
4436,leaf_22077,test
4437,leaf_2048,test
4438,leaf_12510,test
4439,leaf_17186,test
4440,leaf_4620,test
4441,leaf_6936,test
4442,leaf_3497,test
4443,leaf_18619,test
4444,leaf_23062,test
4445,leaf_1756,test
4446,leaf_19656,test
4447,leaf_6113,test
4448,leaf_1226,test
4449,leaf_4221,test
4450,leaf_10908,test
4451,leaf_22232,test
4452,leaf_22733,test
4453,leaf_8667,test
4454,leaf_14490,test
4455,leaf_4817,test
4456,leaf_22429,test
4457,leaf_12311,test
4458,leaf_22187,test
4459,leaf_17194,test
4460,leaf_6486,test
4461,leaf_8296,test
4462,leaf_6428,test
4463,leaf_15076,test
4464,leaf_6773,test
4465,leaf_12750,test
4466,leaf_19583,test
4467,leaf_14304,test
4468,leaf_13066,test
4469,leaf_12966,test
4470,leaf_22890,test
4471,leaf_18020,test
4472,leaf_16628,test
4473,leaf_7650,test
4474,leaf_12142,test
4475,leaf_20859,test
4476,leaf_21544,test
4477,leaf_19428,test
4478,leaf_3500,test
4479,leaf_4647,test
4480,leaf_19868,test
4481,leaf_20137,test
4482,leaf_14623,test
4483,leaf_21343,test
4484,leaf_9368,test
4485,leaf_14154,test
4486,leaf_3074,test
4487,leaf_15838,test
4488,leaf_22805,test
4489,leaf_21575,test
4490,leaf_10756,test
4491,leaf_11629,test
4492,leaf_4200,test
4493,leaf_2098,test
4494,leaf_9392,test
4495,leaf_18212,test
4496,leaf_6099,test
4497,leaf_11238,test
4498,leaf_9932,test
4499,leaf_10060,test
4500,leaf_3252,test
4501,leaf_3995,test
4502,leaf_5386,test
4503,leaf_1514,test
4504,leaf_6689,test
4505,leaf_13146,test
4506,leaf_11541,test
4507,leaf_8320,test
4508,leaf_21128,test
4509,leaf_2055,test
4510,leaf_16249,test
4511,leaf_20524,test
4512,leaf_8532,test
4513,leaf_12627,test
4514,leaf_3516,test
4515,leaf_19649,test
4516,leaf_1142,test
4517,leaf_16493,test
4518,leaf_4399,test
4519,leaf_14112,test
4520,leaf_16221,test
4521,leaf_16899,test
4522,leaf_9017,test
4523,leaf_15365,test
4524,leaf_12402,test
4525,leaf_17111,test
4526,leaf_4828,test
4527,leaf_21930,test
4528,leaf_12039,test
4529,leaf_10323,test
4530,leaf_20172,test
4531,leaf_22202,test
4532,leaf_3803,test
4533,leaf_14928,test
4534,leaf_21684,test
4535,leaf_17408,test
4536,leaf_1875,test
4537,leaf_4463,test
4538,leaf_18215,test
4539,leaf_15453,test
4540,leaf_20727,test
4541,leaf_9837,test
4542,leaf_11216,test
4543,leaf_17444,test
4544,leaf_21809,test
4545,leaf_17671,test
4546,leaf_22353,test
4547,leaf_17065,test
4548,leaf_16947,test
4549,leaf_5748,test
4550,leaf_14843,test
4551,leaf_11005,test
4552,leaf_22811,test
4553,leaf_6340,test
4554,leaf_14125,test
4555,leaf_1083,test
4556,leaf_986,test
4557,leaf_5950,test
4558,leaf_9897,test
4559,leaf_9819,test
4560,leaf_16772,test
4561,leaf_159,test
4562,leaf_21202,test
4563,leaf_14651,test
4564,leaf_13133,test
4565,leaf_16852,test
4566,leaf_21943,test
4567,leaf_4635,test
4568,leaf_18132,test
4569,leaf_20707,test
4570,leaf_4083,test
4571,leaf_18051,test
4572,leaf_13000,test
4573,leaf_6473,test
4574,leaf_7866,test
4575,leaf_547,test
4576,leaf_16802,test
4577,leaf_14970,test
4578,leaf_14139,test
4579,leaf_17985,test
4580,leaf_16665,test
4581,leaf_5742,test
4582,leaf_12399,test
4583,leaf_12908,test
4584,leaf_15294,test
4585,leaf_12644,test
4586,leaf_13611,test
4587,leaf_12347,test
4588,leaf_14983,test
4589,leaf_1502,test
4590,leaf_22772,test
4591,leaf_294,test
4592,leaf_17062,test
4593,leaf_13874,test
4594,leaf_307,test
4595,leaf_6330,test
4596,leaf_17951,test
4597,leaf_20132,test
4598,leaf_4117,test
4599,leaf_17683,test
4600,leaf_6788,test
4601,leaf_22553,test
4602,leaf_19573,test
4603,leaf_21694,test
4604,leaf_438,test
4605,leaf_5710,test
4606,leaf_22873,test
4607,leaf_9439,test
4608,leaf_11676,test
4609,leaf_5028,test
4610,leaf_17412,test
4611,leaf_2138,test
4612,leaf_1812,test
4613,leaf_20066,test
4614,leaf_3419,test
4615,leaf_16946,test
4616,leaf_6365,test
4617,leaf_17778,test
4618,leaf_13280,test
4619,leaf_15748,test
4620,leaf_18994,train
4621,leaf_9630,train
4622,leaf_19761,train
4623,leaf_79,train
4624,leaf_10845,train
4625,leaf_585,train
4626,leaf_17965,train
4627,leaf_17824,train
4628,leaf_22618,train
4629,leaf_10301,train
4630,leaf_7733,train
4631,leaf_19083,train
4632,leaf_13257,train
4633,leaf_7478,train
4634,leaf_1823,train
4635,leaf_1284,train
4636,leaf_17905,train
4637,leaf_4337,train
4638,leaf_22502,train
4639,leaf_13605,train
4640,leaf_9735,train
4641,leaf_12937,train
4642,leaf_1195,train
4643,leaf_6313,train
4644,leaf_22868,train
4645,leaf_6875,train
4646,leaf_22082,train
4647,leaf_342,train
4648,leaf_7270,train
4649,leaf_6252,train
4650,leaf_6612,train
4651,leaf_12183,train
4652,leaf_7236,train
4653,leaf_1279,train
4654,leaf_17649,train
4655,leaf_1727,train
4656,leaf_16333,train
4657,leaf_18766,train
4658,leaf_5754,train
4659,leaf_4648,train
4660,leaf_8062,train
4661,leaf_9419,train
4662,leaf_21824,train
4663,leaf_14294,train
4664,leaf_1263,train
4665,leaf_5832,train
4666,leaf_3190,train
4667,leaf_15303,train
4668,leaf_6343,train
4669,leaf_17154,train
4670,leaf_21927,train
4671,leaf_9599,train
4672,leaf_5249,train
4673,leaf_6171,train
4674,leaf_16054,train
4675,leaf_493,train
4676,leaf_8941,train
4677,leaf_15358,train
4678,leaf_10799,train
4679,leaf_13392,train
4680,leaf_20581,train
4681,leaf_18190,train
4682,leaf_5831,train
4683,leaf_3992,train
4684,leaf_16426,train
4685,leaf_7975,train
4686,leaf_314,train
4687,leaf_14083,train
4688,leaf_4177,train
4689,leaf_1299,train
4690,leaf_7166,train
4691,leaf_3102,train
4692,leaf_4318,train
4693,leaf_5326,train
4694,leaf_22003,train
4695,leaf_19332,train
4696,leaf_16488,train
4697,leaf_11869,train
4698,leaf_12997,train
4699,leaf_22830,train
4700,leaf_6198,train
4701,leaf_16186,train
4702,leaf_21522,train
4703,leaf_5107,train
4704,leaf_14788,train
4705,leaf_8857,train
4706,leaf_8739,train
4707,leaf_2436,train
4708,leaf_22459,train
4709,leaf_19402,train
4710,leaf_21396,train
4711,leaf_17003,train
4712,leaf_7996,train
4713,leaf_110,train
4714,leaf_20636,train
4715,leaf_21255,train
4716,leaf_9623,train
4717,leaf_8316,train
4718,leaf_10484,train
4719,leaf_1945,train
4720,leaf_313,train
4721,leaf_8766,train
4722,leaf_1527,train
4723,leaf_9303,train
4724,leaf_1141,train
4725,leaf_16656,train
4726,leaf_3243,train
4727,leaf_22521,train
4728,leaf_1120,train
4729,leaf_10371,train
4730,leaf_14871,train
4731,leaf_4186,train
4732,leaf_5506,train
4733,leaf_5220,train
4734,leaf_7205,train
4735,leaf_11398,train
4736,leaf_2699,train
4737,leaf_17716,train
4738,leaf_9914,train
4739,leaf_10012,train
4740,leaf_6163,train
4741,leaf_10118,train
4742,leaf_12783,train
4743,leaf_21533,train
4744,leaf_357,train
4745,leaf_7465,train
4746,leaf_13262,train
4747,leaf_1932,train
4748,leaf_6541,train
4749,leaf_5812,train
4750,leaf_15816,train
4751,leaf_14026,train
4752,leaf_15641,train
4753,leaf_8279,train
4754,leaf_4900,train
4755,leaf_5701,train
4756,leaf_3239,train
4757,leaf_420,train
4758,leaf_18228,train
4759,leaf_9340,train
4760,leaf_22283,train
4761,leaf_14680,train
4762,leaf_10658,train
4763,leaf_747,train
4764,leaf_7997,train
4765,leaf_18182,train
4766,leaf_1614,train
4767,leaf_12886,train
4768,leaf_2091,train
4769,leaf_7258,train
4770,leaf_5527,train
4771,leaf_19439,train
4772,leaf_15628,train
4773,leaf_18905,train
4774,leaf_22985,train
4775,leaf_22806,train
4776,leaf_12204,train
4777,leaf_12954,train
4778,leaf_2961,train
4779,leaf_12569,train
4780,leaf_11881,train
4781,leaf_8471,train
4782,leaf_7693,train
4783,leaf_9646,train
4784,leaf_19801,train
4785,leaf_5768,train
4786,leaf_12530,train
4787,leaf_17247,train
4788,leaf_10483,train
4789,leaf_16746,train
4790,leaf_1712,train
4791,leaf_8803,train
4792,leaf_5830,train
4793,leaf_15078,train
4794,leaf_11207,train
4795,leaf_18676,train
4796,leaf_4886,train
4797,leaf_3962,train
4798,leaf_8681,train
4799,leaf_5106,train
4800,leaf_21904,train
4801,leaf_17410,train
4802,leaf_9698,train
4803,leaf_18208,train
4804,leaf_8547,train
4805,leaf_5521,train
4806,leaf_20179,train
4807,leaf_4033,train
4808,leaf_18762,train
4809,leaf_13684,train
4810,leaf_2638,train
4811,leaf_6601,train
4812,leaf_1185,train
4813,leaf_14765,train
4814,leaf_634,train
4815,leaf_22318,train
4816,leaf_15860,train
4817,leaf_9299,train
4818,leaf_21946,train
4819,leaf_10094,train
4820,leaf_22900,train
4821,leaf_3265,train
4822,leaf_13141,train
4823,leaf_21742,train
4824,leaf_12314,train
4825,leaf_18197,train
4826,leaf_4014,train
4827,leaf_1599,train
4828,leaf_22358,train
4829,leaf_14593,train
4830,leaf_21101,train
4831,leaf_7991,train
4832,leaf_11806,train
4833,leaf_9601,train
4834,leaf_22646,train
4835,leaf_7876,train
4836,leaf_20959,train
4837,leaf_18280,train
4838,leaf_21186,train
4839,leaf_5475,train
4840,leaf_21418,train
4841,leaf_19851,train
4842,leaf_22152,train
4843,leaf_442,train
4844,leaf_4342,train
4845,leaf_12927,train
4846,leaf_4534,train
4847,leaf_20895,train
4848,leaf_10991,train
4849,leaf_2081,train
4850,leaf_10480,train
4851,leaf_14295,train
4852,leaf_22557,train
4853,leaf_17027,train
4854,leaf_18317,train
4855,leaf_15776,train
4856,leaf_9565,train
4857,leaf_6502,train
4858,leaf_14938,train
4859,leaf_8015,train
4860,leaf_16822,train
4861,leaf_2135,train
4862,leaf_22552,train
4863,leaf_10449,train
4864,leaf_12160,train
4865,leaf_3269,train
4866,leaf_2372,train
4867,leaf_8016,train
4868,leaf_15245,train
4869,leaf_17044,train
4870,leaf_10066,train
4871,leaf_3209,train
4872,leaf_9702,train
4873,leaf_14761,train
4874,leaf_16299,train
4875,leaf_20873,train
4876,leaf_22773,train
4877,leaf_16585,train
4878,leaf_8014,train
4879,leaf_10970,train
4880,leaf_18404,train
4881,leaf_2323,train
4882,leaf_22751,train
4883,leaf_6385,train
4884,leaf_21408,train
4885,leaf_14786,train
4886,leaf_6007,train
4887,leaf_19448,train
4888,leaf_10226,train
4889,leaf_2913,train
4890,leaf_5341,train
4891,leaf_130,train
4892,leaf_14039,train
4893,leaf_21888,train
4894,leaf_14420,train
4895,leaf_17774,train
4896,leaf_17029,train
4897,leaf_11012,train
4898,leaf_4703,train
4899,leaf_19906,train
4900,leaf_256,train
4901,leaf_22204,train
4902,leaf_11667,train
4903,leaf_3099,train
4904,leaf_8482,train
4905,leaf_1370,train
4906,leaf_19308,train
4907,leaf_15464,train
4908,leaf_386,train
4909,leaf_16812,train
4910,leaf_4539,train
4911,leaf_12598,train
4912,leaf_19830,train
4913,leaf_12053,train
4914,leaf_15568,train
4915,leaf_9415,train
4916,leaf_9498,train
4917,leaf_19797,train
4918,leaf_19260,train
4919,leaf_8687,train
4920,leaf_15971,train
4921,leaf_3575,train
4922,leaf_12240,train
4923,leaf_1383,train
4924,leaf_19930,train
4925,leaf_12794,train
4926,leaf_11221,train
4927,leaf_20470,train
4928,leaf_6621,train
4929,leaf_5928,train
4930,leaf_9500,train
4931,leaf_21607,train
4932,leaf_8151,train
4933,leaf_7628,train
4934,leaf_19734,train
4935,leaf_6217,train
4936,leaf_1539,train
4937,leaf_9968,train
4938,leaf_15447,train
4939,leaf_3470,train
4940,leaf_20361,train
4941,leaf_13640,train
4942,leaf_5513,train
4943,leaf_7482,train
4944,leaf_5094,train
4945,leaf_6781,train
4946,leaf_19263,train
4947,leaf_18386,train
4948,leaf_2285,train
4949,leaf_7908,train
4950,leaf_21496,train
4951,leaf_5860,train
4952,leaf_14559,train
4953,leaf_13394,train
4954,leaf_10628,train
4955,leaf_13400,train
4956,leaf_1859,train
4957,leaf_2004,train
4958,leaf_21516,train
4959,leaf_9342,train
4960,leaf_1346,train
4961,leaf_9178,train
4962,leaf_5409,train
4963,leaf_7311,train
4964,leaf_21850,train
4965,leaf_16030,train
4966,leaf_14842,train
4967,leaf_18916,train
4968,leaf_13769,train
4969,leaf_15318,train
4970,leaf_19924,train
4971,leaf_15251,train
4972,leaf_18257,train
4973,leaf_103,train
4974,leaf_4187,train
4975,leaf_9067,train
4976,leaf_5578,train
4977,leaf_5699,train
4978,leaf_9576,train
4979,leaf_16842,train
4980,leaf_8827,train
4981,leaf_2003,train
4982,leaf_7323,train
4983,leaf_14273,train
4984,leaf_11584,train
4985,leaf_10296,train
4986,leaf_14678,train
4987,leaf_4753,train
4988,leaf_9387,train
4989,leaf_18142,train
4990,leaf_12754,train
4991,leaf_15499,train
4992,leaf_19502,train
4993,leaf_11256,train
4994,leaf_22013,train
4995,leaf_7585,train
4996,leaf_12736,train
4997,leaf_16277,train
4998,leaf_8728,train
4999,leaf_3546,train
5000,leaf_7214,train
5001,leaf_3227,train
5002,leaf_22284,train
5003,leaf_3857,train
5004,leaf_22839,train
5005,leaf_8574,train
5006,leaf_20753,train
5007,leaf_11689,train
5008,leaf_1657,train
5009,leaf_9190,train
5010,leaf_1221,train
5011,leaf_14607,train
5012,leaf_14878,train
5013,leaf_4699,train
5014,leaf_15729,train
5015,leaf_15113,train
5016,leaf_18466,train
5017,leaf_16914,train
5018,leaf_1074,train
5019,leaf_20058,train
5020,leaf_7272,train
5021,leaf_19908,train
5022,leaf_15647,train
5023,leaf_4768,train
5024,leaf_9013,train
5025,leaf_9534,train
5026,leaf_17323,train
5027,leaf_4432,train
5028,leaf_22954,train
5029,leaf_22959,train
5030,leaf_922,train
5031,leaf_20269,train
5032,leaf_10886,train
5033,leaf_5631,train
5034,leaf_17919,train
5035,leaf_21026,train
5036,leaf_9609,train
5037,leaf_1569,train
5038,leaf_9057,train
5039,leaf_6910,train
5040,leaf_12502,train
5041,leaf_6996,train
5042,leaf_16559,train
5043,leaf_11688,train
5044,leaf_8252,train
5045,leaf_1441,train
5046,leaf_16981,train
5047,leaf_13497,train
5048,leaf_8113,train
5049,leaf_16336,train
5050,leaf_14450,train
5051,leaf_12274,train
5052,leaf_12542,train
5053,leaf_7940,train
5054,leaf_2126,train
5055,leaf_16445,train
5056,leaf_9225,train
5057,leaf_5045,train
5058,leaf_2356,train
5059,leaf_1408,train
5060,leaf_7145,train
5061,leaf_11233,train
5062,leaf_14281,train
5063,leaf_6782,train
5064,leaf_15138,train
5065,leaf_7969,train
5066,leaf_15462,train
5067,leaf_22453,train
5068,leaf_1059,train
5069,leaf_1014,train
5070,leaf_20088,train
5071,leaf_1897,train
5072,leaf_12162,train
5073,leaf_14486,train
5074,leaf_19738,train
5075,leaf_4002,train
5076,leaf_21497,train
5077,leaf_17539,train
5078,leaf_8004,train
5079,leaf_21985,train
5080,leaf_9637,train
5081,leaf_13422,train
5082,leaf_13023,train
5083,leaf_11462,train
5084,leaf_15461,train
5085,leaf_17651,train
5086,leaf_12853,train
5087,leaf_3077,train
5088,leaf_4347,train
5089,leaf_6176,train
5090,leaf_9574,train
5091,leaf_6530,train
5092,leaf_12010,train
5093,leaf_3001,train
5094,leaf_17482,train
5095,leaf_12859,train
5096,leaf_17258,train
5097,leaf_15267,train
5098,leaf_16995,train
5099,leaf_13749,train
5100,leaf_6642,train
5101,leaf_12849,train
5102,leaf_3706,train
5103,leaf_19034,train
5104,leaf_4819,train
5105,leaf_11377,train
5106,leaf_2600,train
5107,leaf_8271,train
5108,leaf_833,train
5109,leaf_13864,train
5110,leaf_2117,train
5111,leaf_14584,train
5112,leaf_14410,train
5113,leaf_19524,train
5114,leaf_4426,train
5115,leaf_3577,train
5116,leaf_11634,train
5117,leaf_10097,train
5118,leaf_8254,train
5119,leaf_22654,train
5120,leaf_1327,train
5121,leaf_17177,train
5122,leaf_8514,train
5123,leaf_4223,train
5124,leaf_1556,train
5125,leaf_13339,train
5126,leaf_21154,train
5127,leaf_3999,train
5128,leaf_10336,train
5129,leaf_17079,train
5130,leaf_15519,train
5131,leaf_9231,train
5132,leaf_12340,train
5133,leaf_12676,train
5134,leaf_1501,train
5135,leaf_14671,train
5136,leaf_2317,train
5137,leaf_19535,train
5138,leaf_11197,train
5139,leaf_15322,train
5140,leaf_6445,train
5141,leaf_346,train
5142,leaf_6259,train
5143,leaf_18794,train
5144,leaf_5724,train
5145,leaf_11328,train
5146,leaf_14636,train
5147,leaf_15121,train
5148,leaf_14241,train
5149,leaf_2748,train
5150,leaf_19750,train
5151,leaf_10755,train
5152,leaf_15233,train
5153,leaf_13312,train
5154,leaf_20421,train
5155,leaf_9753,train
5156,leaf_15673,train
5157,leaf_1625,train
5158,leaf_17855,train
5159,leaf_2342,train
5160,leaf_20396,train
5161,leaf_7609,train
5162,leaf_17121,train
5163,leaf_14429,train
5164,leaf_21776,train
5165,leaf_20872,train
5166,leaf_21782,train
5167,leaf_21916,train
5168,leaf_2789,train
5169,leaf_16286,train
5170,leaf_22759,train
5171,leaf_230,train
5172,leaf_2495,train
5173,leaf_20181,train
5174,leaf_2020,train
5175,leaf_18055,train
5176,leaf_4267,train
5177,leaf_11422,train
5178,leaf_17087,train
5179,leaf_6695,train
5180,leaf_10171,train
5181,leaf_11503,train
5182,leaf_6603,train
5183,leaf_5880,train
5184,leaf_13603,train
5185,leaf_22267,train
5186,leaf_9966,train
5187,leaf_1362,train
5188,leaf_374,train
5189,leaf_14612,train
5190,leaf_13240,train
5191,leaf_5745,train
5192,leaf_11701,train
5193,leaf_11159,train
5194,leaf_2468,train
5195,leaf_3502,train
5196,leaf_2807,train
5197,leaf_16636,train
5198,leaf_5247,train
5199,leaf_2566,train
5200,leaf_16194,train
5201,leaf_8570,train
5202,leaf_7972,train
5203,leaf_6392,train
5204,leaf_22426,train
5205,leaf_19287,train
5206,leaf_22462,train
5207,leaf_8877,train
5208,leaf_13627,train
5209,leaf_5974,train
5210,leaf_21867,train
5211,leaf_741,train
5212,leaf_4381,train
5213,leaf_13127,train
5214,leaf_4468,train
5215,leaf_2214,train
5216,leaf_2683,train
5217,leaf_17735,train
5218,leaf_17968,train
5219,leaf_22413,train
5220,leaf_20045,train
5221,leaf_20825,train
5222,leaf_9444,train
5223,leaf_792,train
5224,leaf_21489,train
5225,leaf_7873,train
5226,leaf_22272,train
5227,leaf_15742,train
5228,leaf_16617,train
5229,leaf_3749,train
5230,leaf_17014,train
5231,leaf_21452,train
5232,leaf_22862,train
5233,leaf_12167,train
5234,leaf_12220,train
5235,leaf_15771,train
5236,leaf_10929,train
5237,leaf_5108,train
5238,leaf_19703,train
5239,leaf_18207,train
5240,leaf_5963,train
5241,leaf_9794,train
5242,leaf_284,train
5243,leaf_15880,train
5244,leaf_22746,train
5245,leaf_22396,train
5246,leaf_11815,train
5247,leaf_6588,train
5248,leaf_12585,train
5249,leaf_20193,train
5250,leaf_11264,train
5251,leaf_6466,train
5252,leaf_11848,train
5253,leaf_17017,train
5254,leaf_3094,train
5255,leaf_17723,train
5256,leaf_7904,train
5257,leaf_1888,train
5258,leaf_14779,train
5259,leaf_4761,train
5260,leaf_12136,train
5261,leaf_6005,train
5262,leaf_2079,train
5263,leaf_17538,train
5264,leaf_4430,train
5265,leaf_7452,train
5266,leaf_14711,train
5267,leaf_11935,train
5268,leaf_4055,train
5269,leaf_15972,train
5270,leaf_16203,train
5271,leaf_10581,train
5272,leaf_23013,train
5273,leaf_2219,train
5274,leaf_6183,train
5275,leaf_22492,train
5276,leaf_7760,train
5277,leaf_15345,train
5278,leaf_3154,train
5279,leaf_16521,train
5280,leaf_19918,train
5281,leaf_8011,train
5282,leaf_14199,train
5283,leaf_3590,train
5284,leaf_17368,train
5285,leaf_11504,train
5286,leaf_7970,train
5287,leaf_20757,train
5288,leaf_15354,train
5289,leaf_17522,train
5290,leaf_7672,train
5291,leaf_22245,train
5292,leaf_5218,train
5293,leaf_7001,train
5294,leaf_183,train
5295,leaf_5184,train
5296,leaf_3659,train
5297,leaf_10938,train
5298,leaf_769,train
5299,leaf_7316,train
5300,leaf_19482,train
5301,leaf_4264,train
5302,leaf_17300,train
5303,leaf_18161,train
5304,leaf_4672,train
5305,leaf_5181,train
5306,leaf_12640,train
5307,leaf_851,train
5308,leaf_17236,train
5309,leaf_16595,train
5310,leaf_14531,train
5311,leaf_15273,train
5312,leaf_14647,train
5313,leaf_7144,train
5314,leaf_17413,train
5315,leaf_20485,train
5316,leaf_2631,train
5317,leaf_448,train
5318,leaf_20630,train
5319,leaf_9309,train
5320,leaf_10388,train
5321,leaf_4505,train
5322,leaf_16387,train
5323,leaf_5665,train
5324,leaf_10626,train
5325,leaf_18973,train
5326,leaf_14489,train
5327,leaf_16330,train
5328,leaf_21934,train
5329,leaf_740,train
5330,leaf_5282,train
5331,leaf_12126,train
5332,leaf_7751,train
5333,leaf_7454,train
5334,leaf_18939,train
5335,leaf_16785,train
5336,leaf_11116,train
5337,leaf_829,train
5338,leaf_755,train
5339,leaf_6357,train
5340,leaf_4311,train
5341,leaf_21007,train
5342,leaf_22700,train
5343,leaf_7827,train
5344,leaf_12933,train
5345,leaf_8157,train
5346,leaf_17086,train
5347,leaf_22709,train
5348,leaf_9752,train
5349,leaf_11122,train
5350,leaf_9356,train
5351,leaf_12576,train
5352,leaf_6443,train
5353,leaf_8021,train
5354,leaf_22367,train
5355,leaf_19469,train
5356,leaf_20787,train
5357,leaf_19431,train
5358,leaf_21829,train
5359,leaf_19646,train
5360,leaf_1559,train
5361,leaf_19764,train
5362,leaf_21296,train
5363,leaf_14287,train
5364,leaf_12091,train
5365,leaf_5933,train
5366,leaf_3730,train
5367,leaf_10241,train
5368,leaf_19200,train
5369,leaf_7629,train
5370,leaf_2347,train
5371,leaf_21970,train
5372,leaf_1393,train
5373,leaf_10695,train
5374,leaf_8581,train
5375,leaf_11830,train
5376,leaf_18644,train
5377,leaf_11488,train
5378,leaf_21054,train
5379,leaf_18554,train
5380,leaf_22422,train
5381,leaf_6292,train
5382,leaf_3612,train
5383,leaf_17288,train
5384,leaf_19293,train
5385,leaf_4030,train
5386,leaf_10203,train
5387,leaf_74,train
5388,leaf_465,train
5389,leaf_1380,train
5390,leaf_6141,train
5391,leaf_19108,train
5392,leaf_9863,train
5393,leaf_5449,train
5394,leaf_5836,train
5395,leaf_318,train
5396,leaf_17073,train
5397,leaf_3530,train
5398,leaf_6716,train
5399,leaf_16575,train
5400,leaf_9286,train
5401,leaf_5500,train
5402,leaf_8651,train
5403,leaf_18929,train
5404,leaf_6622,train
5405,leaf_21099,train
5406,leaf_18148,train
5407,leaf_1470,train
5408,leaf_958,train
5409,leaf_4513,train
5410,leaf_20418,train
5411,leaf_18764,train
5412,leaf_2103,train
5413,leaf_10647,train
5414,leaf_4584,train
5415,leaf_21367,train
5416,leaf_13296,train
5417,leaf_18529,train
5418,leaf_3707,train
5419,leaf_7738,train
5420,leaf_7927,train
5421,leaf_1935,train
5422,leaf_15262,train
5423,leaf_10928,train
5424,leaf_17268,train
5425,leaf_19272,train
5426,leaf_23047,train
5427,leaf_8994,train
5428,leaf_7891,train
5429,leaf_12702,train
5430,leaf_11271,train
5431,leaf_2516,train
5432,leaf_16910,train
5433,leaf_6624,train
5434,leaf_17873,train
5435,leaf_13421,train
5436,leaf_20843,train
5437,leaf_40,train
5438,leaf_19282,train
5439,leaf_1122,train
5440,leaf_15798,train
5441,leaf_11099,train
5442,leaf_11367,train
5443,leaf_18146,train
5444,leaf_5687,train
5445,leaf_304,train
5446,leaf_11654,train
5447,leaf_10595,train
5448,leaf_852,train
5449,leaf_17049,train
5450,leaf_20595,train
5451,leaf_1508,train
5452,leaf_11994,train
5453,leaf_8007,train
5454,leaf_15782,train
5455,leaf_10424,train
5456,leaf_11985,train
5457,leaf_8261,train
5458,leaf_20806,train
5459,leaf_20777,train
5460,leaf_17287,train
5461,leaf_2911,train
5462,leaf_15147,train
5463,leaf_4087,train
5464,leaf_5272,train
5465,leaf_7109,train
5466,leaf_12720,train
5467,leaf_6911,train
5468,leaf_21959,train
5469,leaf_9478,train
5470,leaf_8340,train
5471,leaf_5192,train
5472,leaf_8633,train
5473,leaf_15629,train
5474,leaf_7052,train
5475,leaf_11066,train
5476,leaf_12745,train
5477,leaf_5619,train
5478,leaf_14436,train
5479,leaf_8244,train
5480,leaf_21059,train
5481,leaf_17611,train
5482,leaf_14944,train
5483,leaf_19716,train
5484,leaf_3466,train
5485,leaf_9546,train
5486,leaf_2602,train
5487,leaf_17948,train
5488,leaf_11959,train
5489,leaf_7623,train
5490,leaf_14669,train
5491,leaf_10281,train
5492,leaf_18689,train
5493,leaf_17384,train
5494,leaf_6984,train
5495,leaf_9945,train
5496,leaf_3191,train
5497,leaf_6717,train
5498,leaf_6302,train
5499,leaf_19473,train
5500,leaf_2595,train
5501,leaf_1485,train
5502,leaf_9162,train
5503,leaf_3447,train
5504,leaf_18527,train
5505,leaf_9510,train
5506,leaf_6666,train
5507,leaf_1062,train
5508,leaf_82,train
5509,leaf_528,train
5510,leaf_10274,train
5511,leaf_1691,train
5512,leaf_505,train
5513,leaf_6592,train
5514,leaf_14738,train
5515,leaf_14866,train
5516,leaf_8520,train
5517,leaf_6301,train
5518,leaf_18191,train
5519,leaf_13020,train
5520,leaf_16179,train
5521,leaf_5264,train
5522,leaf_22924,train
5523,leaf_20755,train
5524,leaf_19494,train
5525,leaf_6554,train
5526,leaf_20661,train
5527,leaf_9519,train
5528,leaf_10157,train
5529,leaf_2758,train
5530,leaf_17369,train
5531,leaf_12315,train
5532,leaf_14267,train
5533,leaf_5037,train
5534,leaf_8966,train
5535,leaf_16220,train
5536,leaf_16635,train
5537,leaf_1481,train
5538,leaf_20798,train
5539,leaf_11883,train
5540,leaf_14546,train
5541,leaf_17883,train
5542,leaf_11787,train
5543,leaf_3714,train
5544,leaf_1767,train
5545,leaf_19704,train
5546,leaf_10670,train
5547,leaf_372,train
5548,leaf_10682,train
5549,leaf_11273,train
5550,leaf_7549,train
5551,leaf_2100,train
5552,leaf_5980,train
5553,leaf_8913,train
5554,leaf_16964,train
5555,leaf_10440,train
5556,leaf_21477,train
5557,leaf_13825,train
5558,leaf_18398,train
5559,leaf_12559,train
5560,leaf_3400,train
5561,leaf_17301,train
5562,leaf_10576,train
5563,leaf_17923,train
5564,leaf_21432,train
5565,leaf_22071,train
5566,leaf_3633,train
5567,leaf_22711,train
5568,leaf_6833,train
5569,leaf_2226,train
5570,leaf_8604,train
5571,leaf_12485,train
5572,leaf_13822,train
5573,leaf_10366,train
5574,leaf_9732,train
5575,leaf_5944,train
5576,leaf_22489,train
5577,leaf_15526,train
5578,leaf_21952,train
5579,leaf_5579,train
5580,leaf_811,train
5581,leaf_17605,train
5582,leaf_19417,train
5583,leaf_2290,train
5584,leaf_20562,train
5585,leaf_2388,train
5586,leaf_732,train
5587,leaf_15234,train
5588,leaf_5932,train
5589,leaf_23060,train
5590,leaf_8365,train
5591,leaf_21289,train
5592,leaf_20662,train
5593,leaf_18563,train
5594,leaf_17361,train
5595,leaf_19369,train
5596,leaf_13040,train
5597,leaf_16804,train
5598,leaf_14328,train
5599,leaf_14286,train
5600,leaf_7450,train
5601,leaf_22987,train
5602,leaf_17741,train
5603,leaf_20503,train
5604,leaf_17807,train
5605,leaf_7086,train
5606,leaf_16844,train
5607,leaf_20331,train
5608,leaf_7370,train
5609,leaf_13751,train
5610,leaf_7313,train
5611,leaf_1211,train
5612,leaf_20678,train
5613,leaf_21142,train
5614,leaf_23024,train
5615,leaf_12589,train
5616,leaf_15122,train
5617,leaf_13740,train
5618,leaf_7127,train
5619,leaf_21119,train
5620,leaf_3346,train
5621,leaf_10586,train
5622,leaf_371,train
5623,leaf_22877,train
5624,leaf_10304,train
5625,leaf_6724,train
5626,leaf_13172,train
5627,leaf_17429,train
5628,leaf_8486,train
5629,leaf_16553,train
5630,leaf_4570,train
5631,leaf_20632,train
5632,leaf_15085,train
5633,leaf_19845,train
5634,leaf_22554,train
5635,leaf_394,train
5636,leaf_4962,train
5637,leaf_2027,train
5638,leaf_21438,train
5639,leaf_6738,train
5640,leaf_8012,train
5641,leaf_22509,train
5642,leaf_10167,train
5643,leaf_198,train
5644,leaf_7406,train
5645,leaf_5533,train
5646,leaf_16001,train
5647,leaf_8122,train
5648,leaf_1679,train
5649,leaf_15214,train
5650,leaf_18350,train
5651,leaf_14087,train
5652,leaf_1526,train
5653,leaf_15661,train
5654,leaf_5176,train
5655,leaf_1019,train
5656,leaf_5798,train
5657,leaf_10522,train
5658,leaf_22477,train
5659,leaf_5338,train
5660,leaf_7895,train
5661,leaf_18430,train
5662,leaf_22285,train
5663,leaf_4129,train
5664,leaf_13691,train
5665,leaf_13442,train
5666,leaf_3879,train
5667,leaf_8982,train
5668,leaf_15454,train
5669,leaf_5477,train
5670,leaf_13569,train
5671,leaf_6931,train
5672,leaf_356,train
5673,leaf_14427,train
5674,leaf_8432,train
5675,leaf_12538,train
5676,leaf_20187,train
5677,leaf_2278,train
5678,leaf_17015,train
5679,leaf_4473,train
5680,leaf_17344,train
5681,leaf_20982,train
5682,leaf_12320,train
5683,leaf_22816,train
5684,leaf_20965,train
5685,leaf_16890,train
5686,leaf_2674,train
5687,leaf_9620,train
5688,leaf_2284,train
5689,leaf_14293,train
5690,leaf_14186,train
5691,leaf_12763,train
5692,leaf_15569,train
5693,leaf_622,train
5694,leaf_15007,train
5695,leaf_9154,train
5696,leaf_735,train
5697,leaf_1805,train
5698,leaf_14104,train
5699,leaf_9710,train
5700,leaf_5061,train
5701,leaf_18420,train
5702,leaf_8829,train
5703,leaf_16917,train
5704,leaf_13868,train
5705,leaf_16528,train
5706,leaf_6178,train
5707,leaf_14029,train
5708,leaf_20823,train
5709,leaf_10136,train
5710,leaf_14122,train
5711,leaf_22977,train
5712,leaf_5685,train
5713,leaf_20991,train
5714,leaf_17324,train
5715,leaf_2603,train
5716,leaf_10435,train
5717,leaf_11969,train
5718,leaf_11383,train
5719,leaf_831,train
5720,leaf_19491,train
5721,leaf_20544,train
5722,leaf_22212,train
5723,leaf_12586,train
5724,leaf_1166,train
5725,leaf_19958,train
5726,leaf_9153,train
5727,leaf_4580,train
5728,leaf_22486,train
5729,leaf_17555,train
5730,leaf_9200,train
5731,leaf_15523,train
5732,leaf_22311,train
5733,leaf_11342,train
5734,leaf_15231,train
5735,leaf_9227,train
5736,leaf_9270,train
5737,leaf_8935,train
5738,leaf_18769,train
5739,leaf_3640,train
5740,leaf_4646,train
5741,leaf_6107,train
5742,leaf_8915,train
5743,leaf_21828,train
5744,leaf_12309,train
5745,leaf_6279,train
5746,leaf_4825,train
5747,leaf_18934,train
5748,leaf_3836,train
5749,leaf_22251,train
5750,leaf_20856,train
5751,leaf_19284,train
5752,leaf_21422,train
5753,leaf_4558,train
5754,leaf_11739,train
5755,leaf_3673,train
5756,leaf_989,train
5757,leaf_4696,train
5758,leaf_5727,train
5759,leaf_10570,train
5760,leaf_10362,train
5761,leaf_21887,train
5762,leaf_17589,train
5763,leaf_739,train
5764,leaf_19138,train
5765,leaf_13113,train
5766,leaf_22732,train
5767,leaf_14464,train
5768,leaf_18651,train
5769,leaf_4006,train
5770,leaf_461,train
5771,leaf_8863,train
5772,leaf_10684,train
5773,leaf_11704,train
5774,leaf_16222,train
5775,leaf_17191,train
5776,leaf_17592,train
5777,leaf_19120,train
5778,leaf_21821,train
5779,leaf_4935,train
5780,leaf_19337,train
5781,leaf_11651,train
5782,leaf_599,train
5783,leaf_21194,train
5784,leaf_21121,train
5785,leaf_6043,train
5786,leaf_15576,train
5787,leaf_14284,train
5788,leaf_19073,train
5789,leaf_22086,train
5790,leaf_458,train
5791,leaf_7813,train
5792,leaf_13102,train
5793,leaf_16172,train
5794,leaf_16014,train
5795,leaf_15149,train
5796,leaf_1301,train
5797,leaf_4679,train
5798,leaf_12110,train
5799,leaf_2050,train
5800,leaf_22601,train
5801,leaf_16835,train
5802,leaf_15626,train
5803,leaf_21443,train
5804,leaf_315,train
5805,leaf_6968,train
5806,leaf_21913,train
5807,leaf_22645,train
5808,leaf_10239,train
5809,leaf_19364,train
5810,leaf_13198,train
5811,leaf_17594,train
5812,leaf_4915,train
5813,leaf_12088,train
5814,leaf_16675,train
5815,leaf_19903,train
5816,leaf_4814,train
5817,leaf_18334,train
5818,leaf_16968,train
5819,leaf_1204,train
5820,leaf_7779,train
5821,leaf_6036,train
5822,leaf_19038,train
5823,leaf_11712,train
5824,leaf_14466,train
5825,leaf_10728,train
5826,leaf_19604,train
5827,leaf_15672,train
5828,leaf_9907,train
5829,leaf_4721,train
5830,leaf_21892,train
5831,leaf_21176,train
5832,leaf_21050,train
5833,leaf_7663,train
5834,leaf_1731,train
5835,leaf_20163,train
5836,leaf_13231,train
5837,leaf_9723,train
5838,leaf_305,train
5839,leaf_15553,train
5840,leaf_14234,train
5841,leaf_7336,train
5842,leaf_14131,train
5843,leaf_20842,train
5844,leaf_21700,train
5845,leaf_15216,train
5846,leaf_17366,train
5847,leaf_3172,train
5848,leaf_14852,train
5849,leaf_15859,train
5850,leaf_17376,train
5851,leaf_20705,train
5852,leaf_15346,train
5853,leaf_2449,train
5854,leaf_16366,train
5855,leaf_14483,train
5856,leaf_1542,train
5857,leaf_12156,train
5858,leaf_22205,train
5859,leaf_11354,train
5860,leaf_15483,train
5861,leaf_14797,train
5862,leaf_13403,train
5863,leaf_1486,train
5864,leaf_14262,train
5865,leaf_6082,train
5866,leaf_13017,train
5867,leaf_13290,train
5868,leaf_4931,train
5869,leaf_3702,train
5870,leaf_15966,train
5871,leaf_10219,train
5872,leaf_22659,train
5873,leaf_21068,train
5874,leaf_20453,train
5875,leaf_6786,train
5876,leaf_2948,train
5877,leaf_22878,train
5878,leaf_2553,train
5879,leaf_13848,train
5880,leaf_1770,train
5881,leaf_5802,train
5882,leaf_4663,train
5883,leaf_20540,train
5884,leaf_22918,train
5885,leaf_19492,train
5886,leaf_9935,train
5887,leaf_11446,train
5888,leaf_14846,train
5889,leaf_12029,train
5890,leaf_84,train
5891,leaf_18826,train
5892,leaf_21698,train
5893,leaf_11166,train
5894,leaf_13308,train
5895,leaf_11598,train
5896,leaf_13857,train
5897,leaf_1732,train
5898,leaf_16829,train
5899,leaf_16781,train
5900,leaf_18485,train
5901,leaf_21582,train
5902,leaf_7728,train
5903,leaf_7014,train
5904,leaf_19217,train
5905,leaf_15799,train
5906,leaf_22414,train
5907,leaf_13067,train
5908,leaf_3717,train
5909,leaf_1669,train
5910,leaf_5168,train
5911,leaf_15183,train
5912,leaf_7776,train
5913,leaf_3920,train
5914,leaf_8573,train
5915,leaf_22309,train
5916,leaf_4352,train
5917,leaf_15026,train
5918,leaf_4369,train
5919,leaf_2872,train
5920,leaf_6290,train
5921,leaf_17942,train
5922,leaf_6182,train
5923,leaf_22121,train
5924,leaf_7832,train
5925,leaf_10322,train
5926,leaf_9239,train
5927,leaf_22090,train
5928,leaf_2636,train
5929,leaf_15654,train
5930,leaf_55,train
5931,leaf_14016,train
5932,leaf_4589,train
5933,leaf_19944,train
5934,leaf_5156,train
5935,leaf_19472,train
5936,leaf_10530,train
5937,leaf_7413,train
5938,leaf_7211,train
5939,leaf_17659,train
5940,leaf_22420,train
5941,leaf_15577,train
5942,leaf_20033,train
5943,leaf_18910,train
5944,leaf_4389,train
5945,leaf_4295,train
5946,leaf_18014,train
5947,leaf_13747,train
5948,leaf_10701,train
5949,leaf_19329,train
5950,leaf_639,train
5951,leaf_1005,train
5952,leaf_18059,train
5953,leaf_8442,train
5954,leaf_16998,train
5955,leaf_18845,train
5956,leaf_8066,train
5957,leaf_3710,train
5958,leaf_19827,train
5959,leaf_13120,train
5960,leaf_14053,train
5961,leaf_19501,train
5962,leaf_1911,train
5963,leaf_13568,train
5964,leaf_14992,train
5965,leaf_9431,train
5966,leaf_16739,train
5967,leaf_1536,train
5968,leaf_8768,train
5969,leaf_11850,train
5970,leaf_10311,train
5971,leaf_14756,train
5972,leaf_3728,train
5973,leaf_6088,train
5974,leaf_16672,train
5975,leaf_19288,train
5976,leaf_3611,train
5977,leaf_20580,train
5978,leaf_16625,train
5979,leaf_8081,train
5980,leaf_6220,train
5981,leaf_11090,train
5982,leaf_19237,train
5983,leaf_22797,train
5984,leaf_16749,train
5985,leaf_12525,train
5986,leaf_8855,train
5987,leaf_16763,train
5988,leaf_1081,train
5989,leaf_12531,train
5990,leaf_8790,train
5991,leaf_18076,train
5992,leaf_9901,train
5993,leaf_11157,train
5994,leaf_18252,train
5995,leaf_9817,train
5996,leaf_11038,train
5997,leaf_7503,train
5998,leaf_16219,train
5999,leaf_8437,train
6000,leaf_10891,train
6001,leaf_6355,train
6002,leaf_5757,train
6003,leaf_11049,train
6004,leaf_19234,train
6005,leaf_22941,train
6006,leaf_14231,train
6007,leaf_7626,train
6008,leaf_15770,train
6009,leaf_3877,train
6010,leaf_1728,train
6011,leaf_12313,train
6012,leaf_22973,train
6013,leaf_18819,train
6014,leaf_11245,train
6015,leaf_12549,train
6016,leaf_1980,train
6017,leaf_2620,train
6018,leaf_14283,train
6019,leaf_11486,train
6020,leaf_236,train
6021,leaf_16098,train
6022,leaf_9714,train
6023,leaf_19526,train
6024,leaf_4837,train
6025,leaf_22819,train
6026,leaf_10278,train
6027,leaf_1820,train
6028,leaf_9704,train
6029,leaf_9835,train
6030,leaf_7708,train
6031,leaf_19617,train
6032,leaf_14057,train
6033,leaf_20101,train
6034,leaf_1004,train
6035,leaf_5437,train
6036,leaf_21765,train
6037,leaf_11440,train
6038,leaf_19407,train
6039,leaf_6651,train
6040,leaf_17713,train
6041,leaf_3234,train
6042,leaf_7077,train
6043,leaf_16605,train
6044,leaf_21574,train
6045,leaf_12290,train
6046,leaf_2241,train
6047,leaf_18661,train
6048,leaf_19339,train
6049,leaf_10280,train
6050,leaf_17196,train
6051,leaf_2368,train
6052,leaf_14831,train
6053,leaf_14210,train
6054,leaf_17345,train
6055,leaf_14335,train
6056,leaf_19442,train
6057,leaf_2405,train
6058,leaf_9569,train
6059,leaf_22989,train
6060,leaf_4073,train
6061,leaf_11078,train
6062,leaf_11231,train
6063,leaf_14223,train
6064,leaf_21413,train
6065,leaf_18480,train
6066,leaf_10567,train
6067,leaf_3024,train
6068,leaf_14800,train
6069,leaf_18188,train
6070,leaf_4118,train
6071,leaf_7160,train
6072,leaf_3361,train
6073,leaf_11711,train
6074,leaf_2313,train
6075,leaf_22361,train
6076,leaf_4573,train
6077,leaf_15560,train
6078,leaf_177,train
6079,leaf_15409,train
6080,leaf_18760,train
6081,leaf_22111,train
6082,leaf_13207,train
6083,leaf_11778,train
6084,leaf_5244,train
6085,leaf_9567,train
6086,leaf_16500,train
6087,leaf_1234,train
6088,leaf_8174,train
6089,leaf_13018,train
6090,leaf_13546,train
6091,leaf_18641,train
6092,leaf_22640,train
6093,leaf_14905,train
6094,leaf_13595,train
6095,leaf_7366,train
6096,leaf_19806,train
6097,leaf_10454,train
6098,leaf_12392,train
6099,leaf_20383,train
6100,leaf_15719,train
6101,leaf_13431,train
6102,leaf_13775,train
6103,leaf_17760,train
6104,leaf_21512,train
6105,leaf_12935,train
6106,leaf_18468,train
6107,leaf_15325,train
6108,leaf_21920,train
6109,leaf_8130,train
6110,leaf_14344,train
6111,leaf_1624,train
6112,leaf_7032,train
6113,leaf_22184,train
6114,leaf_18209,train
6115,leaf_16927,train
6116,leaf_15293,train
6117,leaf_15671,train
6118,leaf_16761,train
6119,leaf_2700,train
6120,leaf_18616,train
6121,leaf_13016,train
6122,leaf_3405,train
6123,leaf_10443,train
6124,leaf_5721,train
6125,leaf_5808,train
6126,leaf_3797,train
6127,leaf_2036,train
6128,leaf_15830,train
6129,leaf_693,train
6130,leaf_7771,train
6131,leaf_4152,train
6132,leaf_2208,train
6133,leaf_4130,train
6134,leaf_971,train
6135,leaf_19387,train
6136,leaf_19046,train
6137,leaf_18403,train
6138,leaf_8822,train
6139,leaf_22034,train
6140,leaf_12130,train
6141,leaf_2669,train
6142,leaf_7898,train
6143,leaf_14979,train
6144,leaf_8844,train
6145,leaf_7736,train
6146,leaf_6793,train
6147,leaf_4461,train
6148,leaf_14954,train
6149,leaf_2520,train
6150,leaf_12061,train
6151,leaf_21647,train
6152,leaf_2151,train
6153,leaf_18901,train
6154,leaf_20751,train
6155,leaf_2946,train
6156,leaf_22016,train
6157,leaf_18038,train
6158,leaf_21759,train
6159,leaf_17885,train
6160,leaf_3175,train
6161,leaf_14484,train
6162,leaf_15193,train
6163,leaf_12034,train
6164,leaf_5298,train
6165,leaf_8294,train
6166,leaf_14653,train
6167,leaf_3073,train
6168,leaf_16667,train
6169,leaf_2732,train
6170,leaf_18921,train
6171,leaf_13682,train
6172,leaf_3093,train
6173,leaf_14419,train
6174,leaf_3567,train
6175,leaf_16676,train
6176,leaf_12986,train
6177,leaf_5570,train
6178,leaf_10597,train
6179,leaf_18866,train
6180,leaf_14480,train
6181,leaf_4353,train
6182,leaf_31,train
6183,leaf_395,train
6184,leaf_16173,train
6185,leaf_7670,train
6186,leaf_1474,train
6187,leaf_7113,train
6188,leaf_2102,train
6189,leaf_5216,train
6190,leaf_9306,train
6191,leaf_10420,train
6192,leaf_19455,train
6193,leaf_6116,train
6194,leaf_19033,train
6195,leaf_10018,train
6196,leaf_20191,train
6197,leaf_3376,train
6198,leaf_6226,train
6199,leaf_6727,train
6200,leaf_1412,train
6201,leaf_5310,train
6202,leaf_8879,train
6203,leaf_4032,train
6204,leaf_15285,train
6205,leaf_18093,train
6206,leaf_21207,train
6207,leaf_2438,train
6208,leaf_11767,train
6209,leaf_2607,train
6210,leaf_5439,train
6211,leaf_19937,train
6212,leaf_2519,train
6213,leaf_5801,train
6214,leaf_11896,train
6215,leaf_22446,train
6216,leaf_8216,train
6217,leaf_14082,train
6218,leaf_20117,train
6219,leaf_3318,train
6220,leaf_12339,train
6221,leaf_9028,train
6222,leaf_13890,train
6223,leaf_3278,train
6224,leaf_3842,train
6225,leaf_22703,train
6226,leaf_6654,train
6227,leaf_7781,train
6228,leaf_21081,train
6229,leaf_20767,train
6230,leaf_19863,train
6231,leaf_18882,train
6232,leaf_11240,train
6233,leaf_16309,train
6234,leaf_20131,train
6235,leaf_7066,train
6236,leaf_1560,train
6237,leaf_4894,train
6238,leaf_21075,train
6239,leaf_7098,train
6240,leaf_17259,train
6241,leaf_10513,train
6242,leaf_5329,train
6243,leaf_5926,train
6244,leaf_6132,train
6245,leaf_13754,train
6246,leaf_858,train
6247,leaf_12089,train
6248,leaf_7703,train
6249,leaf_8226,train
6250,leaf_9373,train
6251,leaf_10776,train
6252,leaf_20743,train
6253,leaf_1612,train
6254,leaf_21278,train
6255,leaf_20844,train
6256,leaf_22108,train
6257,leaf_12433,train
6258,leaf_14238,train
6259,leaf_11530,train
6260,leaf_19582,train
6261,leaf_4037,train
6262,leaf_552,train
6263,leaf_13723,train
6264,leaf_13216,train
6265,leaf_4466,train
6266,leaf_3778,train
6267,leaf_19067,train
6268,leaf_11508,train
6269,leaf_5658,train
6270,leaf_19125,train
6271,leaf_16424,train
6272,leaf_12818,train
6273,leaf_1860,train
6274,leaf_11130,train
6275,leaf_7043,train
6276,leaf_3241,train
6277,leaf_14949,train
6278,leaf_20699,train
6279,leaf_10168,train
6280,leaf_8464,train
6281,leaf_3907,train
6282,leaf_17291,train
6283,leaf_11174,train
6284,leaf_5387,train
6285,leaf_2220,train
6286,leaf_20906,train
6287,leaf_17165,train
6288,leaf_1951,train
6289,leaf_9474,train
6290,leaf_14041,train
6291,leaf_5672,train
6292,leaf_14980,train
6293,leaf_2682,train
6294,leaf_14373,train
6295,leaf_3263,train
6296,leaf_4104,train
6297,leaf_3665,train
6298,leaf_20813,train
6299,leaf_6777,train
6300,leaf_2346,train
6301,leaf_15619,train
6302,leaf_13670,train
6303,leaf_18041,train
6304,leaf_10661,train
6305,leaf_21327,train
6306,leaf_11953,train
6307,leaf_18089,train
6308,leaf_15536,train
6309,leaf_4207,train
6310,leaf_805,train
6311,leaf_12973,train
6312,leaf_483,train
6313,leaf_11723,train
6314,leaf_15914,train
6315,leaf_197,train
6316,leaf_12222,train
6317,leaf_5807,train
6318,leaf_7168,train
6319,leaf_19064,train
6320,leaf_14381,train
6321,leaf_7727,train
6322,leaf_14824,train
6323,leaf_11920,train
6324,leaf_5597,train
6325,leaf_81,train
6326,leaf_14264,train
6327,leaf_21479,train
6328,leaf_18671,train
6329,leaf_3121,train
6330,leaf_14550,train
6331,leaf_20089,train
6332,leaf_8584,train
6333,leaf_12710,train
6334,leaf_20142,train
6335,leaf_12253,train
6336,leaf_6900,train
6337,leaf_20889,train
6338,leaf_22706,train
6339,leaf_5381,train
6340,leaf_504,train
6341,leaf_2274,train
6342,leaf_17476,train
6343,leaf_10639,train
6344,leaf_6758,train
6345,leaf_3011,train
6346,leaf_20801,train
6347,leaf_19187,train
6348,leaf_4677,train
6349,leaf_19429,train
6350,leaf_9103,train
6351,leaf_9099,train
6352,leaf_10230,train
6353,leaf_9088,train
6354,leaf_19219,train
6355,leaf_5304,train
6356,leaf_18573,train
6357,leaf_3018,train
6358,leaf_9475,train
6359,leaf_13609,train
6360,leaf_10954,train
6361,leaf_9582,train
6362,leaf_5316,train
6363,leaf_6299,train
6364,leaf_12914,train
6365,leaf_13948,train
6366,leaf_21618,train
6367,leaf_2921,train
6368,leaf_490,train
6369,leaf_17916,train
6370,leaf_624,train
6371,leaf_819,train
6372,leaf_16606,train
6373,leaf_21490,train
6374,leaf_5276,train
6375,leaf_15746,train
6376,leaf_6545,train
6377,leaf_5947,train
6378,leaf_14175,train
6379,leaf_3188,train
6380,leaf_18054,train
6381,leaf_19367,train
6382,leaf_21666,train
6383,leaf_3961,train
6384,leaf_5725,train
6385,leaf_12450,train
6386,leaf_20875,train
6387,leaf_9638,train
6388,leaf_8102,train
6389,leaf_5035,train
6390,leaf_21896,train
6391,leaf_3641,train
6392,leaf_8395,train
6393,leaf_13940,train
6394,leaf_4535,train
6395,leaf_15764,train
6396,leaf_9187,train
6397,leaf_22397,train
6398,leaf_22472,train
6399,leaf_15049,train
6400,leaf_21461,train
6401,leaf_5711,train
6402,leaf_18484,train
6403,leaf_14492,train
6404,leaf_22351,train
6405,leaf_13353,train
6406,leaf_18992,train
6407,leaf_8050,train
6408,leaf_9861,train
6409,leaf_10761,train
6410,leaf_9054,train
6411,leaf_20484,train
6412,leaf_20952,train
6413,leaf_8571,train
6414,leaf_5066,train
6415,leaf_15474,train
6416,leaf_16598,train
6417,leaf_309,train
6418,leaf_1467,train
6419,leaf_10411,train
6420,leaf_2475,train
6421,leaf_1927,train
6422,leaf_3371,train
6423,leaf_14216,train
6424,leaf_5675,train
6425,leaf_18395,train
6426,leaf_8859,train
6427,leaf_20845,train
6428,leaf_16430,train
6429,leaf_18666,train
6430,leaf_10363,train
6431,leaf_18615,train
6432,leaf_6029,train
6433,leaf_9039,train
6434,leaf_668,train
6435,leaf_191,train
6436,leaf_3742,train
6437,leaf_14537,train
6438,leaf_21587,train
6439,leaf_7444,train
6440,leaf_9317,train
6441,leaf_1630,train
6442,leaf_2693,train
6443,leaf_17025,train
6444,leaf_4339,train
6445,leaf_12401,train
6446,leaf_9851,train
6447,leaf_19689,train
6448,leaf_6000,train
6449,leaf_6967,train
6450,leaf_8792,train
6451,leaf_22919,train
6452,leaf_15221,train
6453,leaf_13010,train
6454,leaf_1681,train
6455,leaf_477,train
6456,leaf_6939,train
6457,leaf_16266,train
6458,leaf_19192,train
6459,leaf_17930,train
6460,leaf_2448,train
6461,leaf_17389,train
6462,leaf_11123,train
6463,leaf_16566,train
6464,leaf_21579,train
6465,leaf_7556,train
6466,leaf_15068,train
6467,leaf_9590,train
6468,leaf_18400,train
6469,leaf_12891,train
6470,leaf_22254,train
6471,leaf_18677,train
6472,leaf_1064,train
6473,leaf_13379,train
6474,leaf_22588,train
6475,leaf_10646,train
6476,leaf_20178,train
6477,leaf_9942,train
6478,leaf_13024,train
6479,leaf_5923,train
6480,leaf_10957,train
6481,leaf_17817,train
6482,leaf_11119,train
6483,leaf_6438,train
6484,leaf_877,train
6485,leaf_4317,train
6486,leaf_5151,train
6487,leaf_21403,train
6488,leaf_3249,train
6489,leaf_8965,train
6490,leaf_13968,train
6491,leaf_3888,train
6492,leaf_3521,train
6493,leaf_4123,train
6494,leaf_3981,train
6495,leaf_3203,train
6496,leaf_1993,train
6497,leaf_14750,train
6498,leaf_12377,train
6499,leaf_10589,train
6500,leaf_12119,train
6501,leaf_3221,train
6502,leaf_2394,train
6503,leaf_630,train
6504,leaf_21010,train
6505,leaf_21667,train
6506,leaf_13041,train
6507,leaf_21038,train
6508,leaf_19423,train
6509,leaf_11384,train
6510,leaf_15042,train
6511,leaf_10034,train
6512,leaf_21231,train
6513,leaf_2014,train
6514,leaf_8155,train
6515,leaf_5491,train
6516,leaf_19111,train
6517,leaf_18491,train
6518,leaf_7747,train
6519,leaf_11649,train
6520,leaf_9554,train
6521,leaf_18544,train
6522,leaf_8075,train
6523,leaf_12797,train
6524,leaf_9112,train
6525,leaf_9899,train
6526,leaf_7320,train
6527,leaf_21538,train
6528,leaf_3735,train
6529,leaf_18860,train
6530,leaf_16205,train
6531,leaf_3406,train
6532,leaf_5545,train
6533,leaf_21526,train
6534,leaf_15255,train
6535,leaf_3168,train
6536,leaf_13503,train
6537,leaf_5574,train
6538,leaf_13095,train
6539,leaf_16130,train
6540,leaf_10889,train
6541,leaf_15263,train
6542,leaf_20238,train
6543,leaf_10269,train
6544,leaf_10545,train
6545,leaf_23035,train
6546,leaf_20162,train
6547,leaf_12310,train
6548,leaf_14160,train
6549,leaf_216,train
6550,leaf_1900,train
6551,leaf_10028,train
6552,leaf_22244,train
6553,leaf_14257,train
6554,leaf_5172,train
6555,leaf_6921,train
6556,leaf_375,train
6557,leaf_14502,train
6558,leaf_744,train
6559,leaf_7985,train
6560,leaf_1092,train
6561,leaf_18354,train
6562,leaf_13197,train
6563,leaf_512,train
6564,leaf_15202,train
6565,leaf_2635,train
6566,leaf_14162,train
6567,leaf_4980,train
6568,leaf_3431,train
6569,leaf_11561,train
6570,leaf_3309,train
6571,leaf_16951,train
6572,leaf_14272,train
6573,leaf_17367,train
6574,leaf_13249,train
6575,leaf_2770,train
6576,leaf_20533,train
6577,leaf_5663,train
6578,leaf_18263,train
6579,leaf_10608,train
6580,leaf_6722,train
6581,leaf_7260,train
6582,leaf_3586,train
6583,leaf_14409,train
6584,leaf_15817,train
6585,leaf_11148,train
6586,leaf_21518,train
6587,leaf_10455,train
6588,leaf_5814,train
6589,leaf_3985,train
6590,leaf_13050,train
6591,leaf_23056,train
6592,leaf_17688,train
6593,leaf_15994,train
6594,leaf_3697,train
6595,leaf_14046,train
6596,leaf_22018,train
6597,leaf_8136,train
6598,leaf_13324,train
6599,leaf_15912,train
6600,leaf_3231,train
6601,leaf_6015,train
6602,leaf_12599,train
6603,leaf_9442,train
6604,leaf_3319,train
6605,leaf_15952,train
6606,leaf_208,train
6607,leaf_15920,train
6608,leaf_20765,train
6609,leaf_3274,train
6610,leaf_4415,train
6611,leaf_7584,train
6612,leaf_8185,train
6613,leaf_15847,train
6614,leaf_14089,train
6615,leaf_14413,train
6616,leaf_15808,train
6617,leaf_789,train
6618,leaf_13483,train
6619,leaf_8439,train
6620,leaf_1979,train
6621,leaf_6262,train
6622,leaf_6571,train
6623,leaf_16592,train
6624,leaf_4367,train
6625,leaf_16898,train
6626,leaf_16742,train
6627,leaf_5347,train
6628,leaf_5660,train
6629,leaf_14028,train
6630,leaf_182,train
6631,leaf_229,train
6632,leaf_17083,train
6633,leaf_17326,train
6634,leaf_21679,train
6635,leaf_14912,train
6636,leaf_18071,train
6637,leaf_2637,train
6638,leaf_9997,train
6639,leaf_7,train
6640,leaf_4830,train
6641,leaf_6948,train
6642,leaf_20908,train
6643,leaf_8906,train
6644,leaf_4891,train
6645,leaf_16648,train
6646,leaf_885,train
6647,leaf_18213,train
6648,leaf_4427,train
6649,leaf_20763,train
6650,leaf_5436,train
6651,leaf_9933,train
6652,leaf_6828,train
6653,leaf_4754,train
6654,leaf_6449,train
6655,leaf_1531,train
6656,leaf_8980,train
6657,leaf_3960,train
6658,leaf_16355,train
6659,leaf_12138,train
6660,leaf_7289,train
6661,leaf_22307,train
6662,leaf_2072,train
6663,leaf_12518,train
6664,leaf_1084,train
6665,leaf_9230,train
6666,leaf_4640,train
6667,leaf_22133,train
6668,leaf_17407,train
6669,leaf_4873,train
6670,leaf_21047,train
6671,leaf_10279,train
6672,leaf_17342,train
6673,leaf_19128,train
6674,leaf_21078,train
6675,leaf_2564,train
6676,leaf_18232,train
6677,leaf_15768,train
6678,leaf_19062,train
6679,leaf_22542,train
6680,leaf_6030,train
6681,leaf_2012,train
6682,leaf_2187,train
6683,leaf_16615,train
6684,leaf_7026,train
6685,leaf_20573,train
6686,leaf_2181,train
6687,leaf_12299,train
6688,leaf_11547,train
6689,leaf_12884,train
6690,leaf_2930,train
6691,leaf_10090,train
6692,leaf_19029,train
6693,leaf_685,train
6694,leaf_18195,train
6695,leaf_7540,train
6696,leaf_6494,train
6697,leaf_17637,train
6698,leaf_7513,train
6699,leaf_11483,train
6700,leaf_466,train
6701,leaf_21668,train
6702,leaf_16633,train
6703,leaf_956,train
6704,leaf_19718,train
6705,leaf_14753,train
6706,leaf_22952,train
6707,leaf_11721,train
6708,leaf_4384,train
6709,leaf_927,train
6710,leaf_18599,train
6711,leaf_2032,train
6712,leaf_7421,train
6713,leaf_17689,train
6714,leaf_18233,train
6715,leaf_16397,train
6716,leaf_5088,train
6717,leaf_9367,train
6718,leaf_19054,train
6719,leaf_3966,train
6720,leaf_4944,train
6721,leaf_11680,train
6722,leaf_22496,train
6723,leaf_20622,train
6724,leaf_21439,train
6725,leaf_16363,train
6726,leaf_20658,train
6727,leaf_801,train
6728,leaf_18719,train
6729,leaf_17972,train
6730,leaf_22356,train
6731,leaf_16796,train
6732,leaf_10898,train
6733,leaf_4660,train
6734,leaf_3135,train
6735,leaf_2552,train
6736,leaf_1494,train
6737,leaf_23036,train
6738,leaf_20379,train
6739,leaf_20180,train
6740,leaf_12998,train
6741,leaf_10024,train
6742,leaf_12556,train
6743,leaf_21363,train
6744,leaf_20214,train
6745,leaf_1858,train
6746,leaf_18300,train
6747,leaf_18156,train
6748,leaf_8459,train
6749,leaf_5524,train
6750,leaf_17542,train
6751,leaf_21849,train
6752,leaf_11193,train
6753,leaf_7804,train
6754,leaf_16647,train
6755,leaf_18192,train
6756,leaf_1159,train
6757,leaf_2838,train
6758,leaf_13635,train
6759,leaf_21298,train
6760,leaf_14496,train
6761,leaf_234,train
6762,leaf_19480,train
6763,leaf_11875,train
6764,leaf_22994,train
6765,leaf_222,train
6766,leaf_4377,train
6767,leaf_19320,train
6768,leaf_9248,train
6769,leaf_16799,train
6770,leaf_42,train
6771,leaf_2643,train
6772,leaf_9788,train
6773,leaf_7201,train
6774,leaf_2765,train
6775,leaf_4637,train
6776,leaf_22863,train
6777,leaf_17218,train
6778,leaf_7673,train
6779,leaf_2673,train
6780,leaf_407,train
6781,leaf_22551,train
6782,leaf_12557,train
6783,leaf_15908,train
6784,leaf_23080,train
6785,leaf_22921,train
6786,leaf_9644,train
6787,leaf_1724,train
6788,leaf_20868,train
6789,leaf_7596,train
6790,leaf_22880,train
6791,leaf_7775,train
6792,leaf_19467,train
6793,leaf_14424,train
6794,leaf_473,train
6795,leaf_22410,train
6796,leaf_6338,train
6797,leaf_21965,train
6798,leaf_1022,train
6799,leaf_10354,train
6800,leaf_14759,train
6801,leaf_10677,train
6802,leaf_19086,train
6803,leaf_4168,train
6804,leaf_11735,train
6805,leaf_9957,train
6806,leaf_13934,train
6807,leaf_11623,train
6808,leaf_4516,train
6809,leaf_4406,train
6810,leaf_14074,train
6811,leaf_14918,train
6812,leaf_3458,train
6813,leaf_14925,train
6814,leaf_18972,train
6815,leaf_14966,train
6816,leaf_16411,train
6817,leaf_19485,train
6818,leaf_15805,train
6819,leaf_12615,train
6820,leaf_2707,train
6821,leaf_7228,train
6822,leaf_4041,train
6823,leaf_16784,train
6824,leaf_6583,train
6825,leaf_1094,train
6826,leaf_7641,train
6827,leaf_17322,train
6828,leaf_6070,train
6829,leaf_8839,train
6830,leaf_21616,train
6831,leaf_9543,train
6832,leaf_17676,train
6833,leaf_18986,train
6834,leaf_1338,train
6835,leaf_5584,train
6836,leaf_20673,train
6837,leaf_21109,train
6838,leaf_19037,train
6839,leaf_11120,train
6840,leaf_21735,train
6841,leaf_1883,train
6842,leaf_8559,train
6843,leaf_1844,train
6844,leaf_5130,train
6845,leaf_14611,train
6846,leaf_18030,train
6847,leaf_4805,train
6848,leaf_21688,train
6849,leaf_16958,train
6850,leaf_16603,train
6851,leaf_7156,train
6852,leaf_6013,train
6853,leaf_7787,train
6854,leaf_14180,train
6855,leaf_8831,train
6856,leaf_12767,train
6857,leaf_1855,train
6858,leaf_7754,train
6859,leaf_19305,train
6860,leaf_6119,train
6861,leaf_4872,train
6862,leaf_6060,train
6863,leaf_16840,train
6864,leaf_14997,train
6865,leaf_19542,train
6866,leaf_7562,train
6867,leaf_17958,train
6868,leaf_21655,train
6869,leaf_14564,train
6870,leaf_7498,train
6871,leaf_1280,train
6872,leaf_2349,train
6873,leaf_19871,train
6874,leaf_4172,train
6875,leaf_16725,train
6876,leaf_698,train
6877,leaf_6484,train
6878,leaf_433,train
6879,leaf_15674,train
6880,leaf_5408,train
6881,leaf_14529,train
6882,leaf_18011,train
6883,leaf_3326,train
6884,leaf_10956,train
6885,leaf_6747,train
6886,leaf_20005,train
6887,leaf_8234,train
6888,leaf_1482,train
6889,leaf_21663,train
6890,leaf_11996,train
6891,leaf_9665,train
6892,leaf_19523,train
6893,leaf_3082,train
6894,leaf_11093,train
6895,leaf_3638,train
6896,leaf_6286,train
6897,leaf_8510,train
6898,leaf_6730,train
6899,leaf_4475,train
6900,leaf_10950,train
6901,leaf_15861,train
6902,leaf_430,train
6903,leaf_3005,train
6904,leaf_9355,train
6905,leaf_20993,train
6906,leaf_2198,train
6907,leaf_8679,train
6908,leaf_16495,train
6909,leaf_7823,train
6910,leaf_18390,train
6911,leaf_22389,train
6912,leaf_6942,train
6913,leaf_17520,train
6914,leaf_8515,train
6915,leaf_11329,train
6916,leaf_11665,train
6917,leaf_19732,train
6918,leaf_15118,train
6919,leaf_11336,train
6920,leaf_15766,train
6921,leaf_4315,train
6922,leaf_19103,train
6923,leaf_18946,train
6924,leaf_6678,train
6925,leaf_4591,train
6926,leaf_12383,train
6927,leaf_9703,train
6928,leaf_20979,train
6929,leaf_3823,train
6930,leaf_3555,train
6931,leaf_12734,train
6932,leaf_19003,train
6933,leaf_16031,train
6934,leaf_11476,train
6935,leaf_565,train
6936,leaf_5973,train
6937,leaf_15436,train
6938,leaf_19267,train
6939,leaf_3078,train
6940,leaf_2949,train
6941,leaf_16162,train
6942,leaf_11944,train
6943,leaf_12449,train
6944,leaf_10178,train
6945,leaf_2414,train
6946,leaf_9161,train
6947,leaf_2403,train
6948,leaf_13034,train
6949,leaf_16359,train
6950,leaf_5373,train
6951,leaf_6363,train
6952,leaf_10421,train
6953,leaf_11482,train
6954,leaf_18214,train
6955,leaf_22030,train
6956,leaf_11008,train
6957,leaf_22041,train
6958,leaf_14431,train
6959,leaf_15095,train
6960,leaf_21777,train
6961,leaf_10507,train
6962,leaf_14253,train
6963,leaf_14752,train
6964,leaf_285,train
6965,leaf_4645,train
6966,leaf_10999,train
6967,leaf_20570,train
6968,leaf_22670,train
6969,leaf_4651,train
6970,leaf_20371,train
6971,leaf_10750,train
6972,leaf_9426,train
6973,leaf_12057,train
6974,leaf_18361,train
6975,leaf_10860,train
6976,leaf_1988,train
6977,leaf_14055,train
6978,leaf_7280,train
6979,leaf_22132,train
6980,leaf_3512,train
6981,leaf_18730,train
6982,leaf_16891,train
6983,leaf_1810,train
6984,leaf_614,train
6985,leaf_20747,train
6986,leaf_4098,train
6987,leaf_1283,train
6988,leaf_527,train
6989,leaf_9293,train
6990,leaf_6880,train
6991,leaf_18545,train
6992,leaf_822,train
6993,leaf_8259,train
6994,leaf_7288,train
6995,leaf_3514,train
6996,leaf_16803,train
6997,leaf_92,train
6998,leaf_2296,train
6999,leaf_22437,train
7000,leaf_10803,train
7001,leaf_1254,train
7002,leaf_16848,train
7003,leaf_19714,train
7004,leaf_21025,train
7005,leaf_3,train
7006,leaf_20043,train
7007,leaf_13266,train
7008,leaf_22761,train
7009,leaf_12052,train
7010,leaf_345,train
7011,leaf_12761,train
7012,leaf_15879,train
7013,leaf_17645,train
7014,leaf_13574,train
7015,leaf_22274,train
7016,leaf_15037,train
7017,leaf_8265,train
7018,leaf_19298,train
7019,leaf_13291,train
7020,leaf_4467,train
7021,leaf_6022,train
7022,leaf_10451,train
7023,leaf_13851,train
7024,leaf_15430,train
7025,leaf_7789,train
7026,leaf_1132,train
7027,leaf_847,train
7028,leaf_22702,train
7029,leaf_19694,train
7030,leaf_21932,train
7031,leaf_4514,train
7032,leaf_209,train
7033,leaf_23087,train
7034,leaf_22743,train
7035,leaf_2395,train
7036,leaf_21541,train
7037,leaf_18587,train
7038,leaf_13929,train
7039,leaf_12962,train
7040,leaf_13916,train
7041,leaf_11510,train
7042,leaf_19026,train
7043,leaf_18839,train
7044,leaf_10007,train
7045,leaf_21658,train
7046,leaf_18144,train
7047,leaf_6134,train
7048,leaf_1748,train
7049,leaf_3177,train
7050,leaf_19436,train
7051,leaf_10909,train
7052,leaf_16816,train
7053,leaf_15080,train
7054,leaf_13187,train
7055,leaf_2940,train
7056,leaf_12042,train
7057,leaf_1055,train
7058,leaf_15849,train
7059,leaf_18799,train
7060,leaf_3000,train
7061,leaf_12095,train
7062,leaf_5289,train
7063,leaf_4629,train
7064,leaf_3255,train
7065,leaf_6575,train
7066,leaf_11892,train
7067,leaf_9096,train
7068,leaf_6799,train
7069,leaf_2282,train
7070,leaf_15780,train
7071,leaf_22262,train
7072,leaf_10807,train
7073,leaf_5186,train
7074,leaf_18032,train
7075,leaf_8160,train
7076,leaf_8506,train
7077,leaf_733,train
7078,leaf_8596,train
7079,leaf_9745,train
7080,leaf_329,train
7081,leaf_5936,train
7082,leaf_4883,train
7083,leaf_22418,train
7084,leaf_15745,train
7085,leaf_20557,train
7086,leaf_10718,train
7087,leaf_5693,train
7088,leaf_12616,train
7089,leaf_2040,train
7090,leaf_597,train
7091,leaf_181,train
7092,leaf_4718,train
7093,leaf_10308,train
7094,leaf_10153,train
7095,leaf_5372,train
7096,leaf_8557,train
7097,leaf_19462,train
7098,leaf_1718,train
7099,leaf_17257,train
7100,leaf_2434,train
7101,leaf_13728,train
7102,leaf_23086,train
7103,leaf_1635,train
7104,leaf_19397,train
7105,leaf_4557,train
7106,leaf_672,train
7107,leaf_16504,train
7108,leaf_7335,train
7109,leaf_8541,train
7110,leaf_12917,train
7111,leaf_5197,train
7112,leaf_22669,train
7113,leaf_14776,train
7114,leaf_2529,train
7115,leaf_3542,train
7116,leaf_8418,train
7117,leaf_14545,train
7118,leaf_492,train
7119,leaf_19158,train
7120,leaf_6442,train
7121,leaf_6623,train
7122,leaf_10009,train
7123,leaf_16955,train
7124,leaf_10937,train
7125,leaf_21103,train
7126,leaf_17801,train
7127,leaf_22829,train
7128,leaf_21905,train
7129,leaf_370,train
7130,leaf_18968,train
7131,leaf_11827,train
7132,leaf_17034,train
7133,leaf_16134,train
7134,leaf_16064,train
7135,leaf_3984,train
7136,leaf_11300,train
7137,leaf_7458,train
7138,leaf_13005,train
7139,leaf_8731,train
7140,leaf_16836,train
7141,leaf_3705,train
7142,leaf_2188,train
7143,leaf_20943,train
7144,leaf_14091,train
7145,leaf_11588,train
7146,leaf_2491,train
7147,leaf_17529,train
7148,leaf_11589,train
7149,leaf_17308,train
7150,leaf_15698,train
7151,leaf_3076,train
7152,leaf_8425,train
7153,leaf_2726,train
7154,leaf_3522,train
7155,leaf_13888,train
7156,leaf_19927,train
7157,leaf_8577,train
7158,leaf_14649,train
7159,leaf_18681,train
7160,leaf_7159,train
7161,leaf_20985,train
7162,leaf_5314,train
7163,leaf_22511,train
7164,leaf_10416,train
7165,leaf_7451,train
7166,leaf_16969,train
7167,leaf_5765,train
7168,leaf_20799,train
7169,leaf_8511,train
7170,leaf_12117,train
7171,leaf_5924,train
7172,leaf_16692,train
7173,leaf_2706,train
7174,leaf_3325,train
7175,leaf_6561,train
7176,leaf_3327,train
7177,leaf_5441,train
7178,leaf_13560,train
7179,leaf_7344,train
7180,leaf_163,train
7181,leaf_11792,train
7182,leaf_17171,train
7183,leaf_13633,train
7184,leaf_15944,train
7185,leaf_18621,train
7186,leaf_6495,train
7187,leaf_18383,train
7188,leaf_7665,train
7189,leaf_4762,train
7190,leaf_12429,train
7191,leaf_5816,train
7192,leaf_9629,train
7193,leaf_16269,train
7194,leaf_2205,train
7195,leaf_21578,train
7196,leaf_11616,train
7197,leaf_9868,train
7198,leaf_19121,train
7199,leaf_16183,train
7200,leaf_12143,train
7201,leaf_7605,train
7202,leaf_22808,train
7203,leaf_19588,train
7204,leaf_10528,train
7205,leaf_21163,train
7206,leaf_3858,train
7207,leaf_4593,train
7208,leaf_15384,train
7209,leaf_20067,train
7210,leaf_8034,train
7211,leaf_17435,train
7212,leaf_11327,train
7213,leaf_22248,train
7214,leaf_5336,train
7215,leaf_19317,train
7216,leaf_8777,train
7217,leaf_7017,train
7218,leaf_20740,train
7219,leaf_22405,train
7220,leaf_18567,train
7221,leaf_10470,train
7222,leaf_13327,train
7223,leaf_18674,train
7224,leaf_1456,train
7225,leaf_12098,train
7226,leaf_9621,train
7227,leaf_13292,train
7228,leaf_17846,train
7229,leaf_408,train
7230,leaf_7692,train
7231,leaf_8159,train
7232,leaf_19452,train
7233,leaf_17232,train
7234,leaf_2887,train
7235,leaf_4743,train
7236,leaf_4,train
7237,leaf_8335,train
7238,leaf_17319,train
7239,leaf_10481,train
7240,leaf_8191,train
7241,leaf_22953,train
7242,leaf_19832,train
7243,leaf_22651,train
7244,leaf_22242,train
7245,leaf_4550,train
7246,leaf_18899,train
7247,leaf_12759,train
7248,leaf_12821,train
7249,leaf_4916,train
7250,leaf_3615,train
7251,leaf_2408,train
7252,leaf_12832,train
7253,leaf_18957,train
7254,leaf_1118,train
7255,leaf_2849,train
7256,leaf_3027,train
7257,leaf_16060,train
7258,leaf_5853,train
7259,leaf_12989,train
7260,leaf_22276,train
7261,leaf_453,train
7262,leaf_15707,train
7263,leaf_5133,train
7264,leaf_11904,train
7265,leaf_20029,train
7266,leaf_8531,train
7267,leaf_9613,train
7268,leaf_15527,train
7269,leaf_11960,train
7270,leaf_19984,train
7271,leaf_14137,train
7272,leaf_1002,train
7273,leaf_18896,train
7274,leaf_9911,train
7275,leaf_5351,train
7276,leaf_3171,train
7277,leaf_18255,train
7278,leaf_5884,train
7279,leaf_20625,train
7280,leaf_13323,train
7281,leaf_9058,train
7282,leaf_1847,train
7283,leaf_9502,train
7284,leaf_5039,train
7285,leaf_21674,train
7286,leaf_19017,train
7287,leaf_13375,train
7288,leaf_16090,train
7289,leaf_4205,train
7290,leaf_15610,train
7291,leaf_22936,train
7292,leaf_2705,train
7293,leaf_21425,train
7294,leaf_19331,train
7295,leaf_8413,train
7296,leaf_19554,train
7297,leaf_651,train
7298,leaf_22565,train
7299,leaf_8246,train
7300,leaf_11043,train
7301,leaf_15725,train
7302,leaf_10082,train
7303,leaf_1359,train
7304,leaf_14235,train
7305,leaf_11491,train
7306,leaf_4462,train
7307,leaf_21902,train
7308,leaf_7082,train
7309,leaf_19992,train
7310,leaf_1512,train
7311,leaf_21382,train
7312,leaf_3736,train
7313,leaf_2902,train
7314,leaf_7412,train
7315,leaf_8319,train
7316,leaf_20505,train
7317,leaf_18578,train
7318,leaf_14165,train
7319,leaf_18831,train
7320,leaf_9814,train
7321,leaf_22564,train
7322,leaf_19742,train
7323,leaf_2442,train
7324,leaf_9041,train
7325,leaf_19938,train
7326,leaf_13596,train
7327,leaf_993,train
7328,leaf_4023,train
7329,leaf_6743,train
7330,leaf_326,train
7331,leaf_6709,train
7332,leaf_7554,train
7333,leaf_19238,train
7334,leaf_20408,train
7335,leaf_19860,train
7336,leaf_16147,train
7337,leaf_16389,train
7338,leaf_11267,train
7339,leaf_7740,train
7340,leaf_89,train
7341,leaf_21661,train
7342,leaf_10086,train
7343,leaf_15314,train
7344,leaf_6225,train
7345,leaf_10471,train
7346,leaf_14778,train
7347,leaf_22782,train
7348,leaf_8424,train
7349,leaf_16042,train
7350,leaf_6395,train
7351,leaf_6660,train
7352,leaf_10048,train
7353,leaf_15543,train
7354,leaf_19189,train
7355,leaf_22183,train
7356,leaf_21271,train
7357,leaf_15369,train
7358,leaf_2211,train
7359,leaf_6516,train
7360,leaf_601,train
7361,leaf_2771,train
7362,leaf_20084,train
7363,leaf_21686,train
7364,leaf_9673,train
7365,leaf_7247,train
7366,leaf_2058,train
7367,leaf_19350,train
7368,leaf_22813,train
7369,leaf_5741,train
7370,leaf_5029,train
7371,leaf_19766,train
7372,leaf_12030,train
7373,leaf_9114,train
7374,leaf_10911,train
7375,leaf_5583,train
7376,leaf_7294,train
7377,leaf_7930,train
7378,leaf_10568,train
7379,leaf_7051,train
7380,leaf_21680,train
7381,leaf_20096,train
7382,leaf_4734,train
7383,leaf_12688,train
7384,leaf_22946,train
7385,leaf_3183,train
7386,leaf_5171,train
7387,leaf_16129,train
7388,leaf_11579,train
7389,leaf_12291,train
7390,leaf_5161,train
7391,leaf_9417,train
7392,leaf_1685,train
7393,leaf_3388,train
7394,leaf_14693,train
7395,leaf_20561,train
7396,leaf_9864,train
7397,leaf_4525,train
7398,leaf_15697,train
7399,leaf_15420,train
7400,leaf_7782,train
7401,leaf_23027,train
7402,leaf_2888,train
7403,leaf_4748,train
7404,leaf_4131,train
7405,leaf_20207,train
7406,leaf_19490,train
7407,leaf_21361,train
7408,leaf_7869,train
7409,leaf_1978,train
7410,leaf_14574,train
7411,leaf_18236,train
7412,leaf_16420,train
7413,leaf_9987,train
7414,leaf_18745,train
7415,leaf_6309,train
7416,leaf_10941,train
7417,leaf_9300,train
7418,leaf_20098,train
7419,leaf_3654,train
7420,leaf_13032,train
7421,leaf_11866,train
7422,leaf_9012,train
7423,leaf_8955,train
7424,leaf_11698,train
7425,leaf_7973,train
7426,leaf_2942,train
7427,leaf_9889,train
7428,leaf_1713,train
7429,leaf_20504,train
7430,leaf_13839,train
7431,leaf_3936,train
7432,leaf_11809,train
7433,leaf_5509,train
7434,leaf_11951,train
7435,leaf_3955,train
7436,leaf_5740,train
7437,leaf_6040,train
7438,leaf_4506,train
7439,leaf_3726,train
7440,leaf_19209,train
7441,leaf_8448,train
7442,leaf_11983,train
7443,leaf_12751,train
7444,leaf_19266,train
7445,leaf_7853,train
7446,leaf_2390,train
7447,leaf_10876,train
7448,leaf_6864,train
7449,leaf_10112,train
7450,leaf_14780,train
7451,leaf_10214,train
7452,leaf_10932,train
7453,leaf_2797,train
7454,leaf_7652,train
7455,leaf_19313,train
7456,leaf_21910,train
7457,leaf_17510,train
7458,leaf_5987,train
7459,leaf_21345,train
7460,leaf_65,train
7461,leaf_14926,train
7462,leaf_8599,train
7463,leaf_15082,train
7464,leaf_4503,train
7465,leaf_3301,train
7466,leaf_1436,train
7467,leaf_21201,train
7468,leaf_7375,train
7469,leaf_21100,train
7470,leaf_4096,train
7471,leaf_8798,train
7472,leaf_9841,train
7473,leaf_20074,train
7474,leaf_6344,train
7475,leaf_5949,train
7476,leaf_9693,train
7477,leaf_10437,train
7478,leaf_19857,train
7479,leaf_4876,train
7480,leaf_10974,train
7481,leaf_18672,train
7482,leaf_18940,train
7483,leaf_20220,train
7484,leaf_11804,train
7485,leaf_18336,train
7486,leaf_18591,train
7487,leaf_9600,train
7488,leaf_22904,train
7489,leaf_6042,train
7490,leaf_6993,train
7491,leaf_12875,train
7492,leaf_15445,train
7493,leaf_13014,train
7494,leaf_6454,train
7495,leaf_8338,train
7496,leaf_4106,train
7497,leaf_12693,train
7498,leaf_17616,train
7499,leaf_13276,train
7500,leaf_15988,train
7501,leaf_16737,train
7502,leaf_4809,train
7503,leaf_11138,train
7504,leaf_21795,train
7505,leaf_14722,train
7506,leaf_9533,train
7507,leaf_16757,train
7508,leaf_22867,train
7509,leaf_15411,train
7510,leaf_21483,train
7511,leaf_11916,train
7512,leaf_8805,train
7513,leaf_5215,train
7514,leaf_28,train
7515,leaf_16293,train
7516,leaf_11341,train
7517,leaf_14177,train
7518,leaf_7255,train
7519,leaf_6893,train
7520,leaf_6779,train
7521,leaf_3372,train
7522,leaf_14588,train
7523,leaf_13928,train
7524,leaf_8716,train
7525,leaf_4998,train
7526,leaf_17423,train
7527,leaf_20512,train
7528,leaf_18321,train
7529,leaf_13527,train
7530,leaf_15932,train
7531,leaf_3607,train
7532,leaf_1235,train
7533,leaf_22506,train
7534,leaf_3856,train
7535,leaf_13368,train
7536,leaf_2288,train
7537,leaf_17865,train
7538,leaf_19511,train
7539,leaf_22685,train
7540,leaf_5124,train
7541,leaf_12295,train
7542,leaf_22432,train
7543,leaf_5598,train
7544,leaf_3044,train
7545,leaf_16373,train
7546,leaf_22720,train
7547,leaf_20945,train
7548,leaf_11251,train
7549,leaf_4838,train
7550,leaf_17045,train
7551,leaf_15562,train
7552,leaf_5891,train
7553,leaf_15825,train
7554,leaf_5716,train
7555,leaf_29,train
7556,leaf_10147,train
7557,leaf_20989,train
7558,leaf_10500,train
7559,leaf_11572,train
7560,leaf_14549,train
7561,leaf_19068,train
7562,leaf_9739,train
7563,leaf_2375,train
7564,leaf_21106,train
7565,leaf_3213,train
7566,leaf_3945,train
7567,leaf_11658,train
7568,leaf_5629,train
7569,leaf_8902,train
7570,leaf_17929,train
7571,leaf_19752,train
7572,leaf_1110,train
7573,leaf_5236,train
7574,leaf_11544,train
7575,leaf_18163,train
7576,leaf_20878,train
7577,leaf_13070,train
7578,leaf_17028,train
7579,leaf_5001,train
7580,leaf_20785,train
7581,leaf_21265,train
7582,leaf_4961,train
7583,leaf_2548,train
7584,leaf_7943,train
7585,leaf_3993,train
7586,leaf_1962,train
7587,leaf_931,train
7588,leaf_21179,train
7589,leaf_3147,train
7590,leaf_15984,train
7591,leaf_20710,train
7592,leaf_14181,train
7593,leaf_5559,train
7594,leaf_20184,train
7595,leaf_5528,train
7596,leaf_18948,train
7597,leaf_1125,train
7598,leaf_10436,train
7599,leaf_13636,train
7600,leaf_7178,train
7601,leaf_21886,train
7602,leaf_9060,train
7603,leaf_21414,train
7604,leaf_586,train
7605,leaf_16616,train
7606,leaf_5664,train
7607,leaf_22493,train
7608,leaf_12134,train
7609,leaf_6467,train
7610,leaf_22626,train
7611,leaf_12930,train
7612,leaf_20227,train
7613,leaf_22157,train
7614,leaf_15291,train
7615,leaf_10847,train
7616,leaf_7372,train
7617,leaf_3473,train
7618,leaf_1843,train
7619,leaf_9832,train
7620,leaf_4051,train
7621,leaf_14998,train
7622,leaf_4472,train
7623,leaf_14808,train
7624,leaf_9916,train
7625,leaf_15451,train
7626,leaf_6436,train
7627,leaf_5058,train
7628,leaf_4792,train
7629,leaf_21708,train
7630,leaf_5498,train
7631,leaf_7595,train
7632,leaf_14278,train
7633,leaf_8118,train
7634,leaf_15219,train
7635,leaf_16316,train
7636,leaf_4615,train
7637,leaf_21623,train
7638,leaf_20359,train
7639,leaf_7712,train
7640,leaf_10621,train
7641,leaf_12618,train
7642,leaf_18256,train
7643,leaf_21613,train
7644,leaf_667,train
7645,leaf_10743,train
7646,leaf_19027,train
7647,leaf_2578,train
7648,leaf_22937,train
7649,leaf_13963,train
7650,leaf_1111,train
7651,leaf_19435,train
7652,leaf_22216,train
7653,leaf_13719,train
7654,leaf_15516,train
7655,leaf_19675,train
7656,leaf_22385,train
7657,leaf_21915,train
7658,leaf_11046,train
7659,leaf_1177,train
7660,leaf_19251,train
7661,leaf_16924,train
7662,leaf_5083,train
7663,leaf_11471,train
7664,leaf_10462,train
7665,leaf_7603,train
7666,leaf_8771,train
7667,leaf_22822,train
7668,leaf_11305,train
7669,leaf_1829,train
7670,leaf_6956,train
7671,leaf_20081,train
7672,leaf_18862,train
7673,leaf_12923,train
7674,leaf_7459,train
7675,leaf_15217,train
7676,leaf_5460,train
7677,leaf_16795,train
7678,leaf_11455,train
7679,leaf_21214,train
7680,leaf_709,train
7681,leaf_3050,train
7682,leaf_22329,train
7683,leaf_21248,train
7684,leaf_5274,train
7685,leaf_3339,train
7686,leaf_12082,train
7687,leaf_9384,train
7688,leaf_12093,train
7689,leaf_6970,train
7690,leaf_4890,train
7691,leaf_4436,train
7692,leaf_6499,train
7693,leaf_12804,train
7694,leaf_9470,train
7695,leaf_7369,train
7696,leaf_22344,train
7697,leaf_22914,train
7698,leaf_9589,train
7699,leaf_2591,train
7700,leaf_6061,train
7701,leaf_1998,train
7702,leaf_12233,train
7703,leaf_2392,train
7704,leaf_7894,train
7705,leaf_9680,train
7706,leaf_14737,train
7707,leaf_12920,train
7708,leaf_6157,train
7709,leaf_2934,train
7710,leaf_9727,train
7711,leaf_3850,train
7712,leaf_22098,train
7713,leaf_17633,train
7714,leaf_10741,train
7715,leaf_5617,train
7716,leaf_12380,train
7717,leaf_15092,train
7718,leaf_6869,train
7719,leaf_11262,train
7720,leaf_14948,train
7721,leaf_21629,train
7722,leaf_11524,train
7723,leaf_17731,train
7724,leaf_19228,train
7725,leaf_17486,train
7726,leaf_8981,train
7727,leaf_20263,train
7728,leaf_19214,train
7729,leaf_1926,train
7730,leaf_7441,train
7731,leaf_9993,train
7732,leaf_14325,train
7733,leaf_21843,train
7734,leaf_19873,train
7735,leaf_17773,train
7736,leaf_17168,train
7737,leaf_14106,train
7738,leaf_3769,train
7739,leaf_14817,train
7740,leaf_5817,train
7741,leaf_9778,train
7742,leaf_9900,train
7743,leaf_8849,train
7744,leaf_21840,train
7745,leaf_10697,train
7746,leaf_8074,train
7747,leaf_7305,train
7748,leaf_7284,train
7749,leaf_1941,train
7750,leaf_19679,train
7751,leaf_12102,train
7752,leaf_4618,train
7753,leaf_10410,train
7754,leaf_1208,train
7755,leaf_3009,train
7756,leaf_3693,train
7757,leaf_18797,train
7758,leaf_4840,train
7759,leaf_10266,train
7760,leaf_2834,train
7761,leaf_17276,train
7762,leaf_15066,train
7763,leaf_7897,train
7764,leaf_14825,train
7765,leaf_14350,train
7766,leaf_22716,train
7767,leaf_21079,train
7768,leaf_6750,train
7769,leaf_21331,train
7770,leaf_19630,train
7771,leaf_8207,train
7772,leaf_19205,train
7773,leaf_11529,train
7774,leaf_22325,train
7775,leaf_12288,train
7776,leaf_21426,train
7777,leaf_13199,train
7778,leaf_665,train
7779,leaf_12609,train
7780,leaf_6174,train
7781,leaf_6204,train
7782,leaf_14592,train
7783,leaf_14873,train
7784,leaf_1601,train
7785,leaf_14311,train
7786,leaf_22562,train
7787,leaf_2654,train
7788,leaf_19959,train
7789,leaf_22113,train
7790,leaf_2568,train
7791,leaf_9222,train
7792,leaf_19587,train
7793,leaf_15606,train
7794,leaf_4355,train
7795,leaf_2957,train
7796,leaf_2127,train
7797,leaf_8501,train
7798,leaf_21550,train
7799,leaf_15019,train
7800,leaf_645,train
7801,leaf_8027,train
7802,leaf_10944,train
7803,leaf_7277,train
7804,leaf_12092,train
7805,leaf_7429,train
7806,leaf_3152,train
7807,leaf_18667,train
7808,leaf_10033,train
7809,leaf_2155,train
7810,leaf_19169,train
7811,leaf_22517,train
7812,leaf_20314,train
7813,leaf_22107,train
7814,leaf_19928,train
7815,leaf_19020,train
7816,leaf_9695,train
7817,leaf_6156,train
7818,leaf_16492,train
7819,leaf_5420,train
7820,leaf_3887,train
7821,leaf_11484,train
7822,leaf_14632,train
7823,leaf_6544,train
7824,leaf_486,train
7825,leaf_902,train
7826,leaf_11424,train
7827,leaf_21072,train
7828,leaf_5419,train
7829,leaf_16255,train
7830,leaf_13282,train
7831,leaf_8101,train
7832,leaf_20007,train
7833,leaf_22545,train
7834,leaf_15470,train
7835,leaf_22559,train
7836,leaf_15525,train
7837,leaf_22323,train
7838,leaf_11325,train
7839,leaf_6909,train
7840,leaf_12731,train
7841,leaf_12500,train
7842,leaf_3547,train
7843,leaf_18549,train
7844,leaf_7759,train
7845,leaf_14616,train
7846,leaf_16093,train
7847,leaf_9566,train
7848,leaf_18924,train
7849,leaf_17963,train
7850,leaf_17078,train
7851,leaf_19785,train
7852,leaf_17784,train
7853,leaf_12064,train
7854,leaf_8354,train
7855,leaf_8317,train
7856,leaf_9064,train
7857,leaf_11021,train
7858,leaf_19540,train
7859,leaf_12245,train
7860,leaf_19475,train
7861,leaf_6985,train
7862,leaf_8116,train
7863,leaf_21148,train
7864,leaf_9717,train
7865,leaf_11297,train
7866,leaf_436,train
7867,leaf_4483,train
7868,leaf_10867,train
7869,leaf_18571,train
7870,leaf_8637,train
7871,leaf_22775,train
7872,leaf_2875,train
7873,leaf_10188,train
7874,leaf_9325,train
7875,leaf_5925,train
7876,leaf_10355,train
7877,leaf_13219,train
7878,leaf_13355,train
7879,leaf_8076,train
7880,leaf_992,train
7881,leaf_2981,train
7882,leaf_2755,train
7883,leaf_11061,train
7884,leaf_4793,train
7885,leaf_17146,train
7886,leaf_12931,train
7887,leaf_19031,train
7888,leaf_2883,train
7889,leaf_16028,train
7890,leaf_15071,train
7891,leaf_3631,train
7892,leaf_7176,train
7893,leaf_8950,train
7894,leaf_11368,train
7895,leaf_10243,train
7896,leaf_20866,train
7897,leaf_15340,train
7898,leaf_13667,train
7899,leaf_14542,train
7900,leaf_3525,train
7901,leaf_20871,train
7902,leaf_5504,train
7903,leaf_22253,train
7904,leaf_11366,train
7905,leaf_10637,train
7906,leaf_19697,train
7907,leaf_20892,train
7908,leaf_12507,train
7909,leaf_15093,train
7910,leaf_186,train
7911,leaf_7640,train
7912,leaf_13357,train
7913,leaf_11681,train
7914,leaf_17907,train
7915,leaf_1392,train
7916,leaf_9999,train
7917,leaf_9650,train
7918,leaf_15534,train
7919,leaf_15937,train
7920,leaf_13585,train
7921,leaf_5430,train
7922,leaf_12677,train
7923,leaf_4666,train
7924,leaf_12307,train
7925,leaf_16004,train
7926,leaf_6934,train
7927,leaf_175,train
7928,leaf_3493,train
7929,leaf_9324,train
7930,leaf_21020,train
7931,leaf_16053,train
7932,leaf_15459,train
7933,leaf_5601,train
7934,leaf_2334,train
7935,leaf_21989,train
7936,leaf_21866,train
7937,leaf_212,train
7938,leaf_17354,train
7939,leaf_16262,train
7940,leaf_6144,train
7941,leaf_20786,train
7942,leaf_14428,train
7943,leaf_5427,train
7944,leaf_8275,train
7945,leaf_2814,train
7946,leaf_21762,train
7947,leaf_7945,train
7948,leaf_21036,train
7949,leaf_93,train
7950,leaf_4818,train
7951,leaf_14376,train
7952,leaf_14390,train
7953,leaf_11685,train
7954,leaf_866,train
7955,leaf_20840,train
7956,leaf_22455,train
7957,leaf_6829,train
7958,leaf_7977,train
7959,leaf_15964,train
7960,leaf_22527,train
7961,leaf_908,train
7962,leaf_7979,train
7963,leaf_17781,train
7964,leaf_9740,train
7965,leaf_16824,train
7966,leaf_3146,train
7967,leaf_7118,train
7968,leaf_8587,train
7969,leaf_1192,train
7970,leaf_6238,train
7971,leaf_11432,train
7972,leaf_8933,train
7973,leaf_8322,train
7974,leaf_9971,train
7975,leaf_22817,train
7976,leaf_13838,train
7977,leaf_16052,train
7978,leaf_19872,train
7979,leaf_7994,train
7980,leaf_17568,train
7981,leaf_9804,train
7982,leaf_17574,train
7983,leaf_14320,train
7984,leaf_6480,train
7985,leaf_21969,train
7986,leaf_12861,train
7987,leaf_18387,train
7988,leaf_18820,train
7989,leaf_15031,train
7990,leaf_13283,train
7991,leaf_15586,train
7992,leaf_12714,train
7993,leaf_14880,train
7994,leaf_7671,train
7995,leaf_8009,train
7996,leaf_8891,train
7997,leaf_3280,train
7998,leaf_921,train
7999,leaf_13801,train
8000,leaf_8473,train
8001,leaf_6031,train
8002,leaf_20516,train
8003,leaf_1759,train
8004,leaf_9035,train
8005,leaf_9606,train
8006,leaf_20694,train
8007,leaf_1735,train
8008,leaf_3956,train
8009,leaf_6333,train
8010,leaf_13218,train
8011,leaf_17619,train
8012,leaf_978,train
8013,leaf_4343,train
8014,leaf_8344,train
8015,leaf_19172,train
8016,leaf_5620,train
8017,leaf_4705,train
8018,leaf_2968,train
8019,leaf_4574,train
8020,leaf_17816,train
8021,leaf_13215,train
8022,leaf_10601,train
8023,leaf_5688,train
8024,leaf_6035,train
8025,leaf_10295,train
8026,leaf_8796,train
8027,leaf_20689,train
8028,leaf_14459,train
8029,leaf_252,train
8030,leaf_21457,train
8031,leaf_15218,train
8032,leaf_13080,train
8033,leaf_6378,train
8034,leaf_13608,train
8035,leaf_15507,train
8036,leaf_16210,train
8037,leaf_8298,train
8038,leaf_13359,train
8039,leaf_1428,train
8040,leaf_15810,train
8041,leaf_22473,train
8042,leaf_83,train
8043,leaf_13438,train
8044,leaf_7050,train
8045,leaf_19146,train
8046,leaf_12055,train
8047,leaf_3554,train
8048,leaf_10640,train
8049,leaf_8958,train
8050,leaf_13550,train
8051,leaf_1682,train
8052,leaf_20095,train
8053,leaf_16650,train
8054,leaf_224,train
8055,leaf_19939,train
8056,leaf_10344,train
8057,leaf_14741,train
8058,leaf_20347,train
8059,leaf_19505,train
8060,leaf_5179,train
8061,leaf_8995,train
8062,leaf_10493,train
8063,leaf_11653,train
8064,leaf_19497,train
8065,leaf_21890,train
8066,leaf_3321,train
8067,leaf_5052,train
8068,leaf_8938,train
8069,leaf_11743,train
8070,leaf_16417,train
8071,leaf_13059,train
8072,leaf_22894,train
8073,leaf_13047,train
8074,leaf_3898,train
8075,leaf_7191,train
8076,leaf_1790,train
8077,leaf_11380,train
8078,leaf_13360,train
8079,leaf_15383,train
8080,leaf_5805,train
8081,leaf_15968,train
8082,leaf_15992,train
8083,leaf_13577,train
8084,leaf_13083,train
8085,leaf_8040,train
8086,leaf_5820,train
8087,leaf_17481,train
8088,leaf_10418,train
8089,leaf_17058,train
8090,leaf_11421,train
8091,leaf_280,train
8092,leaf_18064,train
8093,leaf_1354,train
8094,leaf_15970,train
8095,leaf_13484,train
8096,leaf_17995,train
8097,leaf_16361,train
8098,leaf_17900,train
8099,leaf_1676,train
8100,leaf_13349,train
8101,leaf_5400,train
8102,leaf_16199,train
8103,leaf_14868,train
8104,leaf_7317,train
8105,leaf_21567,train
8106,leaf_12813,train
8107,leaf_8029,train
8108,leaf_7964,train
8109,leaf_626,train
8110,leaf_2146,train
8111,leaf_838,train
8112,leaf_19070,train
8113,leaf_8398,train
8114,leaf_18022,train
8115,leaf_9496,train
8116,leaf_20864,train
8117,leaf_4358,train
8118,leaf_8224,train
8119,leaf_4302,train
8120,leaf_21678,train
8121,leaf_19849,train
8122,leaf_18663,train
8123,leaf_15211,train
8124,leaf_15271,train
8125,leaf_4548,train
8126,leaf_1704,train
8127,leaf_13344,train
8128,leaf_5421,train
8129,leaf_7644,train
8130,leaf_9402,train
8131,leaf_14389,train
8132,leaf_9461,train
8133,leaf_17738,train
8134,leaf_22357,train
8135,leaf_2676,train
8136,leaf_21468,train
8137,leaf_14946,train
8138,leaf_4383,train
8139,leaf_16660,train
8140,leaf_2357,train
8141,leaf_3131,train
8142,leaf_12668,train
8143,leaf_18297,train
8144,leaf_21043,train
8145,leaf_11726,train
8146,leaf_9333,train
8147,leaf_8302,train
8148,leaf_17316,train
8149,leaf_2599,train
8150,leaf_19813,train
8151,leaf_1401,train
8152,leaf_5881,train
8153,leaf_12442,train
8154,leaf_3538,train
8155,leaf_8869,train
8156,leaf_11406,train
8157,leaf_9490,train
8158,leaf_686,train
8159,leaf_22240,train
8160,leaf_22130,train
8161,leaf_22359,train
8162,leaf_17970,train
8163,leaf_1020,train
8164,leaf_8617,train
8165,leaf_15324,train
8166,leaf_9487,train
8167,leaf_7139,train
8168,leaf_16192,train
8169,leaf_1243,train
8170,leaf_16313,train
8171,leaf_17867,train
8172,leaf_9433,train
8173,leaf_21031,train
8174,leaf_17445,train
8175,leaf_13665,train
8176,leaf_18162,train
8177,leaf_22958,train
8178,leaf_2624,train
8179,leaf_9628,train
8180,leaf_12427,train
8181,leaf_1253,train
8182,leaf_8516,train
8183,leaf_17686,train
8184,leaf_4287,train
8185,leaf_16949,train
8186,leaf_20816,train
8187,leaf_18691,train
8188,leaf_19593,train
8189,leaf_5648,train
8190,leaf_13176,train
8191,leaf_1568,train
8192,leaf_21321,train
8193,leaf_19880,train
8194,leaf_9425,train
8195,leaf_17116,train
8196,leaf_17321,train
8197,leaf_687,train
8198,leaf_18603,train
8199,leaf_15736,train
8200,leaf_153,train
8201,leaf_11024,train
8202,leaf_17656,train
8203,leaf_11309,train
8204,leaf_14684,train
8205,leaf_6463,train
8206,leaf_18018,train
8207,leaf_22577,train
8208,leaf_849,train
8209,leaf_8972,train
8210,leaf_8600,train
8211,leaf_2510,train
8212,leaf_3167,train
8213,leaf_14600,train
8214,leaf_22995,train
8215,leaf_21596,train
8216,leaf_1865,train
8217,leaf_15958,train
8218,leaf_22516,train
8219,leaf_12466,train
8220,leaf_4563,train
8221,leaf_13226,train
8222,leaf_11836,train
8223,leaf_10286,train
8224,leaf_2896,train
8225,leaf_21862,train
8226,leaf_4386,train
8227,leaf_365,train
8228,leaf_12270,train
8229,leaf_3899,train
8230,leaf_19991,train
8231,leaf_418,train
8232,leaf_10894,train
8233,leaf_21527,train
8234,leaf_15886,train
8235,leaf_21878,train
8236,leaf_10600,train
8237,leaf_10759,train
8238,leaf_7597,train
8239,leaf_10539,train
8240,leaf_5661,train
8241,leaf_18765,train
8242,leaf_14023,train
8243,leaf_21585,train
8244,leaf_14388,train
8245,leaf_4183,train
8246,leaf_4330,train
8247,leaf_8507,train
8248,leaf_13551,train
8249,leaf_8277,train
8250,leaf_6258,train
8251,leaf_16838,train
8252,leaf_6192,train
8253,leaf_10873,train
8254,leaf_20006,train
8255,leaf_4135,train
8256,leaf_21485,train
8257,leaf_5359,train
8258,leaf_9160,train
8259,leaf_10242,train
8260,leaf_12476,train
8261,leaf_9591,train
8262,leaf_3732,train
8263,leaf_7517,train
8264,leaf_21498,train
8265,leaf_12190,train
8266,leaf_13220,train
8267,leaf_5253,train
8268,leaf_18763,train
8269,leaf_21146,train
8270,leaf_16324,train
8271,leaf_11720,train
8272,leaf_9080,train
8273,leaf_18772,train
8274,leaf_18657,train
8275,leaf_5616,train
8276,leaf_17018,train
8277,leaf_3401,train
8278,leaf_20420,train
8279,leaf_3472,train
8280,leaf_1070,train
8281,leaf_12711,train
8282,leaf_12443,train
8283,leaf_3092,train
8284,leaf_5463,train
8285,leaf_18945,train
8286,leaf_21110,train
8287,leaf_2024,train
8288,leaf_12730,train
8289,leaf_20250,train
8290,leaf_2221,train
8291,leaf_413,train
8292,leaf_4397,train
8293,leaf_22591,train
8294,leaf_7783,train
8295,leaf_19191,train
8296,leaf_3140,train
8297,leaf_19403,train
8298,leaf_22676,train
8299,leaf_10478,train
8300,leaf_10263,train
8301,leaf_16303,train
8302,leaf_7862,train
8303,leaf_17161,train
8304,leaf_12444,train
8305,leaf_15186,train
8306,leaf_16815,train
8307,leaf_2287,train
8308,leaf_9469,train
8309,leaf_2938,train
8310,leaf_10562,train
8311,leaf_12063,train
8312,leaf_10751,train
8313,leaf_2531,train
8314,leaf_22982,train
8315,leaf_14543,train
8316,leaf_18303,train
8317,leaf_1696,train
8318,leaf_16044,train
8319,leaf_17620,train
8320,leaf_1421,train
8321,leaf_18635,train
8322,leaf_13013,train
8323,leaf_18037,train
8324,leaf_19519,train
8325,leaf_14596,train
8326,leaf_21402,train
8327,leaf_16874,train
8328,leaf_11831,train
8329,leaf_4324,train
8330,leaf_20326,train
8331,leaf_17931,train
8332,leaf_3777,train
8333,leaf_22083,train
8334,leaf_3863,train
8335,leaf_11477,train
8336,leaf_7570,train
8337,leaf_12120,train
8338,leaf_22,train
8339,leaf_10851,train
8340,leaf_9922,train
8341,leaf_6009,train
8342,leaf_5975,train
8343,leaf_7558,train
8344,leaf_7324,train
8345,leaf_22807,train
8346,leaf_18821,train
8347,leaf_12161,train
8348,leaf_8342,train
8349,leaf_12945,train
8350,leaf_10351,train
8351,leaf_9098,train
8352,leaf_7427,train
8353,leaf_3905,train
8354,leaf_18956,train
8355,leaf_1050,train
8356,leaf_11911,train
8357,leaf_2262,train
8358,leaf_7546,train
8359,leaf_2007,train
8360,leaf_15618,train
8361,leaf_5434,train
8362,leaf_9176,train
8363,leaf_6973,train
8364,leaf_19006,train
8365,leaf_21257,train
8366,leaf_10331,train
8367,leaf_11018,train
8368,leaf_21951,train
8369,leaf_6559,train
8370,leaf_18471,train
8371,leaf_2471,train
8372,leaf_4716,train
8373,leaf_2223,train
8374,leaf_14657,train
8375,leaf_10875,train
8376,leaf_10353,train
8377,leaf_9677,train
8378,leaf_22328,train
8379,leaf_2983,train
8380,leaf_12382,train
8381,leaf_17185,train
8382,leaf_20788,train
8383,leaf_7809,train
8384,leaf_3527,train
8385,leaf_22037,train
8386,leaf_8738,train
8387,leaf_6906,train
8388,leaf_1596,train
8389,leaf_18898,train
8390,leaf_17576,train
8391,leaf_22688,train
8392,leaf_3867,train
8393,leaf_12654,train
8394,leaf_21633,train
8395,leaf_9766,train
8396,leaf_19758,train
8397,leaf_7624,train
8398,leaf_18565,train
8399,leaf_14000,train
8400,leaf_13463,train
8401,leaf_8103,train
8402,leaf_15567,train
8403,leaf_3457,train
8404,leaf_22569,train
8405,leaf_4732,train
8406,leaf_9383,train
8407,leaf_7397,train
8408,leaf_6287,train
8409,leaf_8164,train
8410,leaf_19768,train
8411,leaf_10405,train
8412,leaf_387,train
8413,leaf_22417,train
8414,leaf_12413,train
8415,leaf_20222,train
8416,leaf_15639,train
8417,leaf_16280,train
8418,leaf_18781,train
8419,leaf_8686,train
8420,leaf_6756,train
8421,leaf_7702,train
8422,leaf_3240,train
8423,leaf_22025,train
8424,leaf_7049,train
8425,leaf_1293,train
8426,leaf_19416,train
8427,leaf_12785,train
8428,leaf_3685,train
8429,leaf_7885,train
8430,leaf_20796,train
8431,leaf_3416,train
8432,leaf_20279,train
8433,leaf_22541,train
8434,leaf_8817,train
8435,leaf_11087,train
8436,leaf_4893,train
8437,leaf_21931,train
8438,leaf_17092,train
8439,leaf_13904,train
8440,leaf_20519,train
8441,leaf_15814,train
8442,leaf_22755,train
8443,leaf_3036,train
8444,leaf_2499,train
8445,leaf_3284,train
8446,leaf_21677,train
8447,leaf_11918,train
8448,leaf_572,train
8449,leaf_18206,train
8450,leaf_22406,train
8451,leaf_19419,train
8452,leaf_12692,train
8453,leaf_17176,train
8454,leaf_1722,train
8455,leaf_11668,train
8456,leaf_4319,train
8457,leaf_20202,train
8458,leaf_523,train
8459,leaf_12460,train
8460,leaf_4975,train
8461,leaf_3551,train
8462,leaf_17895,train
8463,leaf_21844,train
8464,leaf_13475,train
8465,leaf_7004,train
8466,leaf_2793,train
8467,leaf_1066,train
8468,leaf_19509,train
8469,leaf_942,train
8470,leaf_22917,train
8471,leaf_1011,train
8472,leaf_11570,train
8473,leaf_4595,train
8474,leaf_8490,train
8475,leaf_9476,train
8476,leaf_18712,train
8477,leaf_2182,train
8478,leaf_2665,train
8479,leaf_15429,train
8480,leaf_10270,train
8481,leaf_18410,train
8482,leaf_3349,train
8483,leaf_5643,train
8484,leaf_7845,train
8485,leaf_10717,train
8486,leaf_1201,train
8487,leaf_1587,train
8488,leaf_2341,train
8489,leaf_7929,train
8490,leaf_12132,train
8491,leaf_9394,train
8492,leaf_19444,train
8493,leaf_2089,train
8494,leaf_6902,train
8495,leaf_21219,train
8496,leaf_9056,train
8497,leaf_6383,train
8498,leaf_15253,train
8499,leaf_7534,train
8500,leaf_1395,train
8501,leaf_15558,train
8502,leaf_22179,train
8503,leaf_20306,train
8504,leaf_2105,train
8505,leaf_15769,train
8506,leaf_14073,train
8507,leaf_10071,train
8508,leaf_6801,train
8509,leaf_20449,train
8510,leaf_6920,train
8511,leaf_21033,train
8512,leaf_13361,train
8513,leaf_5064,train
8514,leaf_6008,train
8515,leaf_11970,train
8516,leaf_202,train
8517,leaf_14630,train
8518,leaf_1388,train
8519,leaf_7116,train
8520,leaf_10622,train
8521,leaf_20221,train
8522,leaf_13912,train
8523,leaf_22001,train
8524,leaf_2696,train
8525,leaf_17134,train
8526,leaf_3298,train
8527,leaf_1391,train
8528,leaf_19822,train
8529,leaf_15749,train
8530,leaf_17269,train
8531,leaf_6222,train
8532,leaf_7645,train
8533,leaf_6012,train
8534,leaf_4476,train
8535,leaf_17765,train
8536,leaf_22360,train
8537,leaf_5239,train
8538,leaf_148,train
8539,leaf_15976,train
8540,leaf_11124,train
8541,leaf_10337,train
8542,leaf_1468,train
8543,leaf_19430,train
8544,leaf_4603,train
8545,leaf_5526,train
8546,leaf_2006,train
8547,leaf_10588,train
8548,leaf_8293,train
8549,leaf_22895,train
8550,leaf_23000,train
8551,leaf_6038,train
8552,leaf_22208,train
8553,leaf_5877,train
8554,leaf_12805,train
8555,leaf_19181,train
8556,leaf_20534,train
8557,leaf_9697,train
8558,leaf_9793,train
8559,leaf_529,train
8560,leaf_16381,train
8561,leaf_21833,train
8562,leaf_13538,train
8563,leaf_17275,train
8564,leaf_22725,train
8565,leaf_8311,train
8566,leaf_1557,train
8567,leaf_18514,train
8568,leaf_17019,train
8569,leaf_10732,train
8570,leaf_2149,train
8571,leaf_17678,train
8572,leaf_16954,train
8573,leaf_18693,train
8574,leaf_16679,train
8575,leaf_9742,train
8576,leaf_3258,train
8577,leaf_17112,train
8578,leaf_10971,train
8579,leaf_9051,train
8580,leaf_4524,train
8581,leaf_11498,train
8582,leaf_4226,train
8583,leaf_20826,train
8584,leaf_22349,train
8585,leaf_20594,train
8586,leaf_16499,train
8587,leaf_19465,train
8588,leaf_966,train
8589,leaf_22134,train
8590,leaf_1165,train
8591,leaf_17862,train
8592,leaf_11516,train
8593,leaf_17913,train
8594,leaf_13910,train
8595,leaf_179,train
8596,leaf_9085,train
8597,leaf_12037,train
8598,leaf_1003,train
8599,leaf_426,train
8600,leaf_20552,train
8601,leaf_12414,train
8602,leaf_6759,train
8603,leaf_11862,train
8604,leaf_5145,train
8605,leaf_11242,train
8606,leaf_1943,train
8607,leaf_10025,train
8608,leaf_17336,train
8609,leaf_10657,train
8610,leaf_20380,train
8611,leaf_11799,train
8612,leaf_2166,train
8613,leaf_8789,train
8614,leaf_13533,train
8615,leaf_6701,train
8616,leaf_8774,train
8617,leaf_12388,train
8618,leaf_13996,train
8619,leaf_1314,train
8620,leaf_5263,train
8621,leaf_22366,train
8622,leaf_5394,train
8623,leaf_6334,train
8624,leaf_834,train
8625,leaf_16881,train
8626,leaf_16702,train
8627,leaf_9545,train
8628,leaf_5143,train
8629,leaf_5507,train
8630,leaf_19396,train
8631,leaf_22776,train
8632,leaf_15691,train
8633,leaf_18941,train
8634,leaf_18084,train
8635,leaf_4438,train
8636,leaf_14569,train
8637,leaf_3988,train
8638,leaf_17431,train
8639,leaf_4428,train
8640,leaf_10874,train
8641,leaf_4361,train
8642,leaf_16207,train
8643,leaf_18137,train
8644,leaf_243,train
8645,leaf_6388,train
8646,leaf_13139,train
8647,leaf_22374,train
8648,leaf_11913,train
8649,leaf_5496,train
8650,leaf_15899,train
8651,leaf_16522,train
8652,leaf_8210,train
8653,leaf_8324,train
8654,leaf_3587,train
8655,leaf_7387,train
8656,leaf_2206,train
8657,leaf_16142,train
8658,leaf_4633,train
8659,leaf_1586,train
8660,leaf_12361,train
8661,leaf_17752,train
8662,leaf_7345,train
8663,leaf_20062,train
8664,leaf_3503,train
8665,leaf_21528,train
8666,leaf_12018,train
8667,leaf_13335,train
8668,leaf_16862,train
8669,leaf_19066,train
8670,leaf_6422,train
8671,leaf_6349,train
8672,leaf_8182,train
8673,leaf_9075,train
8674,leaf_10995,train
8675,leaf_19775,train
8676,leaf_1056,train
8677,leaf_12791,train
8678,leaf_11958,train
8679,leaf_19432,train
8680,leaf_11172,train
8681,leaf_17325,train
8682,leaf_3776,train
8683,leaf_22964,train
8684,leaf_18880,train
8685,leaf_20559,train
8686,leaf_8370,train
8687,leaf_4338,train
8688,leaf_13845,train
8689,leaf_22449,train
8690,leaf_18031,train
8691,leaf_21450,train
8692,leaf_8854,train
8693,leaf_16264,train
8694,leaf_6452,train
8695,leaf_22313,train
8696,leaf_21564,train
8697,leaf_9278,train
8698,leaf_18127,train
8699,leaf_11137,train
8700,leaf_18230,train
8701,leaf_19381,train
8702,leaf_804,train
8703,leaf_8851,train
8704,leaf_20292,train
8705,leaf_8939,train
8706,leaf_891,train
8707,leaf_4485,train
8708,leaf_14067,train
8709,leaf_18859,train
8710,leaf_3620,train
8711,leaf_9556,train
8712,leaf_7396,train
8713,leaf_6859,train
8714,leaf_6715,train
8715,leaf_22380,train
8716,leaf_19262,train
8717,leaf_1720,train
8718,leaf_7531,train
8719,leaf_456,train
8720,leaf_17260,train
8721,leaf_7828,train
8722,leaf_12746,train
8723,leaf_11411,train
8724,leaf_19536,train
8725,leaf_16284,train
8726,leaf_2850,train
8727,leaf_12038,train
8728,leaf_6699,train
8729,leaf_11042,train
8730,leaf_7479,train
8731,leaf_11409,train
8732,leaf_16365,train
8733,leaf_10020,train
8734,leaf_8221,train
8735,leaf_754,train
8736,leaf_8757,train
8737,leaf_7493,train
8738,leaf_16570,train
8739,leaf_11770,train
8740,leaf_8954,train
8741,leaf_20655,train
8742,leaf_14858,train
8743,leaf_2421,train
8744,leaf_5566,train
8745,leaf_20157,train
8746,leaf_22291,train
8747,leaf_4870,train
8748,leaf_6408,train
8749,leaf_1538,train
8750,leaf_22269,train
8751,leaf_291,train
8752,leaf_19809,train
8753,leaf_17317,train
8754,leaf_12516,train
8755,leaf_21573,train
8756,leaf_16502,train
8757,leaf_1800,train
8758,leaf_2175,train
8759,leaf_7734,train
8760,leaf_10596,train
8761,leaf_17829,train
8762,leaf_441,train
8763,leaf_19895,train
8764,leaf_6368,train
8765,leaf_9834,train
8766,leaf_10877,train
8767,leaf_916,train
8768,leaf_20940,train
8769,leaf_9408,train
8770,leaf_17749,train
8771,leaf_2294,train
8772,leaf_17997,train
8773,leaf_19566,train
8774,leaf_4518,train
8775,leaf_2576,train
8776,leaf_7360,train
8777,leaf_21487,train
8778,leaf_8801,train
8779,leaf_469,train
8780,leaf_4577,train
8781,leaf_21719,train
8782,leaf_22820,train
8783,leaf_2195,train
8784,leaf_5339,train
8785,leaf_11052,train
8786,leaf_19629,train
8787,leaf_14084,train
8788,leaf_22201,train
8789,leaf_1929,train
8790,leaf_10466,train
8791,leaf_6342,train
8792,leaf_10396,train
8793,leaf_23016,train
8794,leaf_12199,train
8795,leaf_1763,train
8796,leaf_9363,train
8797,leaf_12411,train
8798,leaf_9838,train
8799,leaf_14138,train
8800,leaf_12326,train
8801,leaf_15754,train
8802,leaf_156,train
8803,leaf_2425,train
8804,leaf_3217,train
8805,leaf_17512,train
8806,leaf_18634,train
8807,leaf_409,train
8808,leaf_245,train
8809,leaf_3894,train
8810,leaf_8171,train
8811,leaf_14374,train
8812,leaf_21158,train
8813,leaf_19498,train
8814,leaf_22617,train
8815,leaf_7662,train
8816,leaf_18620,train
8817,leaf_21689,train
8818,leaf_12478,train
8819,leaf_11627,train
8820,leaf_13409,train
8821,leaf_2892,train
8822,leaf_7044,train
8823,leaf_18791,train
8824,leaf_20201,train
8825,leaf_9019,train
8826,leaf_13925,train
8827,leaf_5709,train
8828,leaf_14266,train
8829,leaf_11837,train
8830,leaf_20457,train
8831,leaf_15236,train
8832,leaf_12027,train
8833,leaf_7197,train
8834,leaf_14218,train
8835,leaf_15342,train
8836,leaf_17437,train
8837,leaf_10519,train
8838,leaf_5762,train
8839,leaf_20057,train
8840,leaf_23003,train
8841,leaf_10659,train
8842,leaf_8084,train
8843,leaf_18204,train
8844,leaf_10740,train
8845,leaf_11813,train
8846,leaf_20851,train
8847,leaf_16942,train
8848,leaf_7264,train
8849,leaf_9577,train
8850,leaf_18906,train
8851,leaf_1693,train
8852,leaf_6274,train
8853,leaf_681,train
8854,leaf_2664,train
8855,leaf_16877,train
8856,leaf_22314,train
8857,leaf_15398,train
8858,leaf_5232,train
8859,leaf_15767,train
8860,leaf_17966,train
8861,leaf_19897,train
8862,leaf_12262,train
8863,leaf_13173,train
8864,leaf_19531,train
8865,leaf_14265,train
8866,leaf_18718,train
8867,leaf_1933,train
8868,leaf_4250,train
8869,leaf_19353,train
8870,leaf_13498,train
8871,leaf_13410,train
8872,leaf_22064,train
8873,leaf_12234,train
8874,leaf_21753,train
8875,leaf_22896,train
8876,leaf_3719,train
8877,leaf_3663,train
8878,leaf_2749,train
8879,leaf_14931,train
8880,leaf_21074,train
8881,leaf_1047,train
8882,leaf_9055,train
8883,leaf_2618,train
8884,leaf_22012,train
8885,leaf_18196,train
8886,leaf_18796,train
8887,leaf_21690,train
8888,leaf_6983,train
8889,leaf_2915,train
8890,leaf_4086,train
8891,leaf_21299,train
8892,leaf_4724,train
8893,leaf_4636,train
8894,leaf_12737,train
8895,leaf_4300,train
8896,leaf_299,train
8897,leaf_18065,train
8898,leaf_21975,train
8899,leaf_20601,train
8900,leaf_22207,train
8901,leaf_17214,train
8902,leaf_16825,train
8903,leaf_1985,train
8904,leaf_17812,train
8905,leaf_10359,train
8906,leaf_13903,train
8907,leaf_18758,train
8908,leaf_22665,train
8909,leaf_10183,train
8910,leaf_20013,train
8911,leaf_5542,train
8912,leaf_17564,train
8913,leaf_12890,train
8914,leaf_22120,train
8915,leaf_22289,train
8916,leaf_11338,train
8917,leaf_20697,train
8918,leaf_11617,train
8919,leaf_21030,train
8920,leaf_10042,train
8921,leaf_5552,train
8922,leaf_6903,train
8923,leaf_4752,train
8924,leaf_5534,train
8925,leaf_5943,train
8926,leaf_2779,train
8927,leaf_16117,train
8928,leaf_6982,train
8929,leaf_6551,train
8930,leaf_15335,train
8931,leaf_15260,train
8932,leaf_21511,train
8933,leaf_7163,train
8934,leaf_11272,train
8935,leaf_462,train
8936,leaf_20275,train
8937,leaf_9705,train
8938,leaf_11525,train
8939,leaf_16002,train
8940,leaf_21147,train
8941,leaf_17898,train
8942,leaf_836,train
8943,leaf_4811,train
8944,leaf_6272,train
8945,leaf_12036,train
8946,leaf_2199,train
8947,leaf_21836,train
8948,leaf_6455,train
8949,leaf_19301,train
8950,leaf_17684,train
8951,leaf_2526,train
8952,leaf_11954,train
8953,leaf_20737,train
8954,leaf_22898,train
8955,leaf_7565,train
8956,leaf_5206,train
8957,leaf_8251,train
8958,leaf_22631,train
8959,leaf_15025,train
8960,leaf_7148,train
8961,leaf_14418,train
8962,leaf_17939,train
8963,leaf_21654,train
8964,leaf_4374,train
8965,leaf_22399,train
8966,leaf_11811,train
8967,leaf_2895,train
8968,leaf_9654,train
8969,leaf_20854,train
8970,leaf_10812,train
8971,leaf_1548,train
8972,leaf_14357,train
8973,leaf_12546,train
8974,leaf_11360,train
8975,leaf_19763,train
8976,leaf_15763,train
8977,leaf_5046,train
8978,leaf_6384,train
8979,leaf_9761,train
8980,leaf_19248,train
8981,leaf_8005,train
8982,leaf_21784,train
8983,leaf_12798,train
8984,leaf_22268,train
8985,leaf_1771,train
8986,leaf_10866,train
8987,leaf_6381,train
8988,leaf_6616,train
8989,leaf_1898,train
8990,leaf_2446,train
8991,leaf_19306,train
8992,leaf_13586,train
8993,leaf_9366,train
8994,leaf_1802,train
8995,leaf_17021,train
8996,leaf_16127,train
8997,leaf_12568,train
8998,leaf_19699,train
8999,leaf_12800,train
9000,leaf_3338,train
9001,leaf_10791,train
9002,leaf_4290,train
9003,leaf_12991,train
9004,leaf_10215,train
9005,leaf_18302,train
9006,leaf_1747,train
9007,leaf_14960,train
9008,leaf_10566,train
9009,leaf_8546,train
9010,leaf_10824,train
9011,leaf_17621,train
9012,leaf_6962,train
9013,leaf_19255,train
9014,leaf_4951,train
9015,leaf_9489,train
9016,leaf_7466,train
9017,leaf_643,train
9018,leaf_20278,train
9019,leaf_3761,train
9020,leaf_5364,train
9021,leaf_13378,train
9022,leaf_21017,train
9023,leaf_2370,train
9024,leaf_8466,train
9025,leaf_21333,train
9026,leaf_13981,train
9027,leaf_21011,train
9028,leaf_11438,train
9029,leaf_4742,train
9030,leaf_8127,train
9031,leaf_13123,train
9032,leaf_332,train
9033,leaf_10707,train
9034,leaf_18784,train
9035,leaf_1448,train
9036,leaf_10897,train
9037,leaf_3198,train
9038,leaf_8873,train
9039,leaf_18328,train
9040,leaf_7481,train
9041,leaf_12610,train
9042,leaf_13744,train
9043,leaf_12550,train
9044,leaf_20879,train
9045,leaf_12147,train
9046,leaf_11636,train
9047,leaf_10277,train
9048,leaf_5178,train
9049,leaf_18700,train
9050,leaf_17143,train
9051,leaf_18335,train
9052,leaf_11894,train
9053,leaf_6526,train
9054,leaf_5219,train
9055,leaf_19847,train
9056,leaf_8905,train
9057,leaf_17866,train
9058,leaf_14655,train
9059,leaf_35,train
9060,leaf_9138,train
9061,leaf_1347,train
9062,leaf_19576,train
9063,leaf_9335,train
9064,leaf_311,train
9065,leaf_2680,train
9066,leaf_133,train
9067,leaf_15246,train
9068,leaf_11185,train
9069,leaf_21921,train
9070,leaf_13309,train
9071,leaf_14061,train
9072,leaf_13437,train
9073,leaf_10806,train
9074,leaf_21923,train
9075,leaf_4261,train
9076,leaf_2139,train
9077,leaf_12081,train
9078,leaf_10901,train
9079,leaf_3384,train
9080,leaf_5493,train
9081,leaf_14355,train
9082,leaf_9046,train
9083,leaf_16385,train
9084,leaf_2561,train
9085,leaf_11662,train
9086,leaf_3358,train
9087,leaf_13516,train
9088,leaf_576,train
9089,leaf_9880,train
9090,leaf_14384,train
9091,leaf_21060,train
9092,leaf_20230,train
9093,leaf_14310,train
9094,leaf_64,train
9095,leaf_9279,train
9096,leaf_16788,train
9097,leaf_21481,train
9098,leaf_13772,train
9099,leaf_18987,train
9100,leaf_9389,train
9101,leaf_12212,train
9102,leaf_5483,train
9103,leaf_16477,train
9104,leaf_21621,train
9105,leaf_15874,train
9106,leaf_16216,train
9107,leaf_21084,train
9108,leaf_17206,train
9109,leaf_6149,train
9110,leaf_1016,train
9111,leaf_21993,train
9112,leaf_17096,train
9113,leaf_5627,train
9114,leaf_2209,train
9115,leaf_12389,train
9116,leaf_4879,train
9117,leaf_7361,train
9118,leaf_18446,train
9119,leaf_15414,train
9120,leaf_20174,train
9121,leaf_13336,train
9122,leaf_4537,train
9123,leaf_13576,train
9124,leaf_14086,train
9125,leaf_8971,train
9126,leaf_15784,train
9127,leaf_10126,train
9128,leaf_20638,train
9129,leaf_11357,train
9130,leaf_17000,train
9131,leaf_18658,train
9132,leaf_15514,train
9133,leaf_129,train
9134,leaf_9991,train
9135,leaf_17090,train
9136,leaf_15495,train
9137,leaf_18922,train
9138,leaf_20677,train
9139,leaf_940,train
9140,leaf_1404,train
9141,leaf_4621,train
9142,leaf_2803,train
9143,leaf_7215,train
9144,leaf_13554,train
9145,leaf_8256,train
9146,leaf_12056,train
9147,leaf_7398,train
9148,leaf_6591,train
9149,leaf_20715,train
9150,leaf_1523,train
9151,leaf_6468,train
9152,leaf_11592,train
9153,leaf_12482,train
9154,leaf_12051,train
9155,leaf_3775,train
9156,leaf_4948,train
9157,leaf_16982,train
9158,leaf_3363,train
9159,leaf_2509,train
9160,leaf_1320,train
9161,leaf_14527,train
9162,leaf_18900,train
9163,leaf_17960,train
9164,leaf_16770,train
9165,leaf_22938,train
9166,leaf_1647,train
9167,leaf_16588,train
9168,leaf_16073,train
9169,leaf_16226,train
9170,leaf_4538,train
9171,leaf_6124,train
9172,leaf_9374,train
9173,leaf_14049,train
9174,leaf_10559,train
9175,leaf_3237,train
9176,leaf_20016,train
9177,leaf_13738,train
9178,leaf_21387,train
9179,leaf_3814,train
9180,leaf_6033,train
9181,leaf_13289,train
9182,leaf_6979,train
9183,leaf_18553,train
9184,leaf_19159,train
9185,leaf_15171,train
9186,leaf_14591,train
9187,leaf_15114,train
9188,leaf_9093,train
9189,leaf_21720,train
9190,leaf_312,train
9191,leaf_20956,train
9192,leaf_14230,train
9193,leaf_19745,train
9194,leaf_7961,train
9195,leaf_10434,train
9196,leaf_21758,train
9197,leaf_22188,train
9198,leaf_5411,train
9199,leaf_12999,train
9200,leaf_14654,train
9201,leaf_13460,train
9202,leaf_14469,train
9203,leaf_5708,train
9204,leaf_18490,train
9205,leaf_6907,train
9206,leaf_20026,train
9207,leaf_12237,train
9208,leaf_771,train
9209,leaf_2742,train
9210,leaf_8366,train
9211,leaf_4780,train
9212,leaf_8169,train
9213,leaf_10092,train
9214,leaf_12306,train
9215,leaf_13054,train
9216,leaf_14161,train
9217,leaf_3496,train
9218,leaf_11973,train
9219,leaf_14885,train
9220,leaf_5471,train
9221,leaf_18506,train
9222,leaf_7491,train
9223,leaf_14534,train
9224,leaf_13909,train
9225,leaf_14507,train
9226,leaf_15582,train
9227,leaf_21751,train
9228,leaf_7131,train
9229,leaf_10790,train
9230,leaf_15357,train
9231,leaf_15300,train
9232,leaf_16674,train
9233,leaf_398,train
9234,leaf_10055,train
9235,leaf_546,train
9236,leaf_18224,train
9237,leaf_12235,train
9238,leaf_14898,train
9239,leaf_18010,train
9240,leaf_21625,train
9241,leaf_4990,train
9242,leaf_16143,train
9243,leaf_4336,train
9244,leaf_7602,train
9245,leaf_6854,train
9246,leaf_3875,train
9247,leaf_5424,train
9248,leaf_530,train
9249,leaf_6569,train
9250,leaf_109,train
9251,leaf_20090,train
9252,leaf_7655,train
9253,leaf_19791,train
9254,leaf_2905,train
9255,leaf_14795,train
9256,leaf_17099,train
9257,leaf_4919,train
9258,leaf_7794,train
9259,leaf_21641,train
9260,leaf_14984,train
9261,leaf_5031,train
9262,leaf_12365,train
9263,leaf_6775,train
9264,leaf_8880,train
9265,leaf_723,train
9266,leaf_9203,train
9267,leaf_4735,train
9268,leaf_5129,train
9269,leaf_7735,train
9270,leaf_18075,train
9271,leaf_6425,train
9272,leaf_7843,train
9273,leaf_15960,train
9274,leaf_12182,train
9275,leaf_753,train
9276,leaf_18021,train
9277,leaf_15625,train
9278,leaf_21395,train
9279,leaf_5191,train
9280,leaf_16408,train
9281,leaf_17635,train
9282,leaf_4306,train
9283,leaf_20352,train
9284,leaf_15813,train
9285,leaf_18139,train
9286,leaf_10526,train
9287,leaf_7495,train
9288,leaf_10326,train
9289,leaf_12774,train
9290,leaf_17377,train
9291,leaf_4274,train
9292,leaf_9100,train
9293,leaf_16012,train
9294,leaf_1349,train
9295,leaf_503,train
9296,leaf_5772,train
9297,leaf_4108,train
9298,leaf_21750,train
9299,leaf_5482,train
9300,leaf_8079,train
9301,leaf_12753,train
9302,leaf_4576,train
9303,leaf_190,train
9304,leaf_2299,train
9305,leaf_3335,train
9306,leaf_4043,train
9307,leaf_1511,train
9308,leaf_4095,train
9309,leaf_16601,train
9310,leaf_3430,train
9311,leaf_9786,train
9312,leaf_11900,train
9313,leaf_8874,train
9314,leaf_18458,train
9315,leaf_1931,train
9316,leaf_8367,train
9317,leaf_8643,train
9318,leaf_13616,train
9319,leaf_17856,train
9320,leaf_9380,train
9321,leaf_13919,train
9322,leaf_5117,train
9323,leaf_13212,train
9324,leaf_14349,train
9325,leaf_22471,train
9326,leaf_9622,train
9327,leaf_8760,train
9328,leaf_20862,train
9329,leaf_22218,train
9330,leaf_16300,train
9331,leaf_13481,train
9332,leaf_1170,train
9333,leaf_15775,train
9334,leaf_9348,train
9335,leaf_289,train
9336,leaf_12624,train
9337,leaf_15864,train
9338,leaf_5560,train
9339,leaf_13439,train
9340,leaf_11577,train
9341,leaf_4154,train
9342,leaf_1452,train
9343,leaf_5027,train
9344,leaf_7184,train
9345,leaf_12902,train
9346,leaf_13131,train
9347,leaf_13092,train
9348,leaf_21412,train
9349,leaf_897,train
9350,leaf_15087,train
9351,leaf_13583,train
9352,leaf_12100,train
9353,leaf_20262,train
9354,leaf_22884,train
9355,leaf_5515,train
9356,leaf_7278,train
9357,leaf_11555,train
9358,leaf_3038,train
9359,leaf_5868,train
9360,leaf_8421,train
9361,leaf_1869,train
9362,leaf_3804,train
9363,leaf_4695,train
9364,leaf_1461,train
9365,leaf_17211,train
9366,leaf_15353,train
9367,leaf_14045,train
9368,leaf_10723,train
9369,leaf_2400,train
9370,leaf_2142,train
9371,leaf_6184,train
9372,leaf_3181,train
9373,leaf_20761,train
9374,leaf_22933,train
9375,leaf_2110,train
9376,leaf_6976,train
9377,leaf_11942,train
9378,leaf_17730,train
9379,leaf_13297,train
9380,leaf_14136,train
9381,leaf_11218,train
9382,leaf_7590,train
9383,leaf_8436,train
9384,leaf_22606,train
9385,leaf_14937,train
9386,leaf_5549,train
9387,leaf_22341,train
9388,leaf_11545,train
9389,leaf_7547,train
9390,leaf_3192,train
9391,leaf_17516,train
9392,leaf_22765,train
9393,leaf_13587,train
9394,leaf_14582,train
9395,leaf_12292,train
9396,leaf_20543,train
9397,leaf_10832,train
9398,leaf_10779,train
9399,leaf_11228,train
9400,leaf_6565,train
9401,leaf_13420,train
9402,leaf_8266,train
9403,leaf_8922,train
9404,leaf_15741,train
9405,leaf_250,train
9406,leaf_10430,train
9407,leaf_18849,train
9408,leaf_16718,train
9409,leaf_5201,train
9410,leaf_17657,train
9411,leaf_2560,train
9412,leaf_3185,train
9413,leaf_2514,train
9414,leaf_17156,train
9415,leaf_270,train
9416,leaf_2156,train
9417,leaf_15404,train
9418,leaf_18711,train
9419,leaf_13263,train
9420,leaf_288,train
9421,leaf_19572,train
9422,leaf_21464,train
9423,leaf_19411,train
9424,leaf_19039,train
9425,leaf_19936,train
9426,leaf_12477,train
9427,leaf_15465,train
9428,leaf_7632,train
9429,leaf_12757,train
9430,leaf_8107,train
9431,leaf_8054,train
9432,leaf_8200,train
9433,leaf_164,train
9434,leaf_16163,train
9435,leaf_5873,train
9436,leaf_17230,train
9437,leaf_11724,train
9438,leaf_20528,train
9439,leaf_16618,train
9440,leaf_6645,train
9441,leaf_18944,train
9442,leaf_13328,train
9443,leaf_21770,train
9444,leaf_20987,train
9445,leaf_205,train
9446,leaf_4932,train
9447,leaf_11060,train
9448,leaf_3568,train
9449,leaf_10656,train
9450,leaf_6136,train
9451,leaf_18369,train
9452,leaf_9813,train
9453,leaf_3307,train
9454,leaf_3621,train
9455,leaf_13663,train
9456,leaf_3402,train
9457,leaf_11390,train
9458,leaf_19934,train
9459,leaf_1789,train
9460,leaf_21685,train
9461,leaf_13998,train
9462,leaf_7883,train
9463,leaf_3323,train
9464,leaf_18019,train
9465,leaf_13293,train
9466,leaf_18836,train
9467,leaf_8449,train
9468,leaf_5340,train
9469,leaf_19259,train
9470,leaf_9111,train
9471,leaf_4499,train
9472,leaf_20514,train
9473,leaf_20605,train
9474,leaf_16209,train
9475,leaf_10372,train
9476,leaf_20038,train
9477,leaf_5535,train
9478,leaf_18817,train
9479,leaf_7195,train
9480,leaf_11000,train
9481,leaf_112,train
9482,leaf_22881,train
9483,leaf_16305,train
9484,leaf_17064,train
9485,leaf_14909,train
9486,leaf_8671,train
9487,leaf_20654,train
9488,leaf_3383,train
9489,leaf_2330,train
9490,leaf_9649,train
9491,leaf_20642,train
9492,leaf_20009,train
9493,leaf_11609,train
9494,leaf_10603,train
9495,leaf_6173,train
9496,leaf_13798,train
9497,leaf_18211,train
9498,leaf_14551,train
9499,leaf_297,train
9500,leaf_4928,train
9501,leaf_7095,train
9502,leaf_22859,train
9503,leaf_13969,train
9504,leaf_10043,train
9505,leaf_2648,train
9506,leaf_16640,train
9507,leaf_12721,train
9508,leaf_18036,train
9509,leaf_8919,train
9510,leaf_11326,train
9511,leaf_19051,train
9512,leaf_3332,train
9513,leaf_15401,train
9514,leaf_13886,train
9515,leaf_3006,train
9516,leaf_13057,train
9517,leaf_16118,train
9518,leaf_5869,train
9519,leaf_7472,train
9520,leaf_8347,train
9521,leaf_8818,train
9522,leaf_15925,train
9523,leaf_22763,train
9524,leaf_21150,train
9525,leaf_10365,train
9526,leaf_1970,train
9527,leaf_6223,train
9528,leaf_8114,train
9529,leaf_8763,train
9530,leaf_3632,train
9531,leaf_7435,train
9532,leaf_7434,train
9533,leaf_8569,train
9534,leaf_15990,train
9535,leaf_8705,train
9536,leaf_22443,train
9537,leaf_7718,train
9538,leaf_7492,train
9539,leaf_8328,train
9540,leaf_20407,train
9541,leaf_7368,train
9542,leaf_6477,train
9543,leaf_3037,train
9544,leaf_4869,train
9545,leaf_19404,train
9546,leaf_9173,train
9547,leaf_4955,train
9548,leaf_5260,train
9549,leaf_11797,train
9550,leaf_12641,train
9551,leaf_13694,train
9552,leaf_11628,train
9553,leaf_7039,train
9554,leaf_21583,train
9555,leaf_3208,train
9556,leaf_20143,train
9557,leaf_716,train
9558,leaf_1862,train
9559,leaf_6634,train
9560,leaf_3065,train
9561,leaf_6105,train
9562,leaf_1036,train
9563,leaf_8018,train
9564,leaf_21471,train
9565,leaf_86,train
9566,leaf_1449,train
9567,leaf_6636,train
9568,leaf_19796,train
9569,leaf_3807,train
9570,leaf_10170,train
9571,leaf_21313,train
9572,leaf_840,train
9573,leaf_14785,train
9574,leaf_13510,train
9575,leaf_12467,train
9576,leaf_6161,train
9577,leaf_9354,train
9578,leaf_9961,train
9579,leaf_16839,train
9580,leaf_19206,train
9581,leaf_10520,train
9582,leaf_4021,train
9583,leaf_20917,train
9584,leaf_5150,train
9585,leaf_4228,train
9586,leaf_14599,train
9587,leaf_6961,train
9588,leaf_427,train
9589,leaf_6296,train
9590,leaf_16854,train
9591,leaf_711,train
9592,leaf_7936,train
9593,leaf_21941,train
9594,leaf_14383,train
9595,leaf_9479,train
9596,leaf_1994,train
9597,leaf_19973,train
9598,leaf_516,train
9599,leaf_11288,train
9600,leaf_19839,train
9601,leaf_22682,train
9602,leaf_3292,train
9603,leaf_9963,train
9604,leaf_13354,train
9605,leaf_3828,train
9606,leaf_10236,train
9607,leaf_5226,train
9608,leaf_909,train
9609,leaf_2714,train
9610,leaf_6179,train
9611,leaf_19539,train
9612,leaf_22960,train
9613,leaf_10158,train
9614,leaf_9517,train
9615,leaf_10592,train
9616,leaf_2047,train
9617,leaf_10729,train
9618,leaf_19171,train
9619,leaf_7656,train
9620,leaf_3840,train
9621,leaf_20916,train
9622,leaf_3210,train
9623,leaf_18690,train
9624,leaf_15389,train
9625,leaf_5843,train
9626,leaf_8055,train
9627,leaf_13826,train
9628,leaf_6359,train
9629,leaf_16242,train
9630,leaf_12922,train
9631,leaf_18931,train
9632,leaf_14691,train
9633,leaf_13505,train
9634,leaf_21159,train
9635,leaf_10299,train
9636,leaf_10804,train
9637,leaf_20153,train
9638,leaf_4107,train
9639,leaf_17943,train
9640,leaf_20886,train
9641,leaf_14065,train
9642,leaf_1224,train
9643,leaf_13974,train
9644,leaf_4447,train
9645,leaf_10370,train
9646,leaf_16889,train
9647,leaf_19691,train
9648,leaf_2426,train
9649,leaf_11886,train
9650,leaf_18618,train
9651,leaf_21069,train
9652,leaf_17945,train
9653,leaf_21532,train
9654,leaf_19330,train
9655,leaf_1377,train
9656,leaf_7097,train
9657,leaf_8166,train
9658,leaf_6941,train
9659,leaf_5019,train
9660,leaf_20698,train
9661,leaf_7362,train
9662,leaf_16418,train
9663,leaf_17170,train
9664,leaf_19170,train
9665,leaf_9081,train
9666,leaf_21323,train
9667,leaf_16952,train
9668,leaf_6269,train
9669,leaf_15570,train
9670,leaf_17742,train
9671,leaf_1039,train
9672,leaf_6135,train
9673,leaf_11669,train
9674,leaf_11355,train
9675,leaf_9972,train
9676,leaf_7535,train
9677,leaf_3935,train
9678,leaf_9782,train
9679,leaf_4089,train
9680,leaf_19532,train
9681,leaf_5704,train
9682,leaf_8986,train
9683,leaf_8775,train
9684,leaf_21348,train
9685,leaf_16514,train
9686,leaf_20350,train
9687,leaf_6529,train
9688,leaf_17160,train
9689,leaf_9974,train
9690,leaf_5839,train
9691,leaf_15954,train
9692,leaf_17250,train
9693,leaf_22275,train
9694,leaf_5212,train
9695,leaf_2685,train
9696,leaf_19784,train
9697,leaf_1054,train
9698,leaf_16169,train
9699,leaf_22802,train
9700,leaf_4102,train
9701,leaf_4312,train
9702,leaf_5696,train
9703,leaf_21143,train
9704,leaf_11933,train
9705,leaf_19049,train
9706,leaf_5921,train
9707,leaf_22857,train
9708,leaf_15685,train
9709,leaf_422,train
9710,leaf_5604,train
9711,leaf_8864,train
9712,leaf_11773,train
9713,leaf_14699,train
9714,leaf_15374,train
9715,leaf_488,train
9716,leaf_10681,train
9717,leaf_17703,train
9718,leaf_15677,train
9719,leaf_22947,train
9720,leaf_22567,train
9721,leaf_18630,train
9722,leaf_10722,train
9723,leaf_8819,train
9724,leaf_13696,train
9725,leaf_11684,train
9726,leaf_9280,train
9727,leaf_12060,train
9728,leaf_4903,train
9729,leaf_11040,train
9730,leaf_19,train
9731,leaf_22457,train
9732,leaf_12163,train
9733,leaf_12725,train
9734,leaf_6263,train
9735,leaf_17850,train
9736,leaf_18465,train
9737,leaf_12560,train
9738,leaf_6992,train
9739,leaf_17359,train
9740,leaf_15978,train
9741,leaf_12164,train
9742,leaf_11910,train
9743,leaf_2864,train
9744,leaf_21277,train
9745,leaf_7871,train
9746,leaf_23084,train
9747,leaf_12107,train
9748,leaf_20135,train
9749,leaf_2708,train
9750,leaf_8618,train
9751,leaf_16626,train
9752,leaf_4329,train
9753,leaf_17526,train
9754,leaf_17727,train
9755,leaf_1290,train
9756,leaf_5783,train
9757,leaf_7132,train
9758,leaf_21120,train
9759,leaf_16062,train
9760,leaf_1334,train
9761,leaf_11731,train
9762,leaf_107,train
9763,leaf_21543,train
9764,leaf_726,train
9765,leaf_2415,train
9766,leaf_11034,train
9767,leaf_5967,train
9768,leaf_19983,train
9769,leaf_22795,train
9770,leaf_14911,train
9771,leaf_21035,train
9772,leaf_6887,train
9773,leaf_13108,train
9774,leaf_9458,train
9775,leaf_16419,train
9776,leaf_17682,train
9777,leaf_451,train
9778,leaf_13121,train
9779,leaf_18294,train
9780,leaf_3594,train
9781,leaf_20734,train
9782,leaf_16564,train
9783,leaf_2550,train
9784,leaf_3675,train
9785,leaf_12104,train
9786,leaf_5857,train
9787,leaf_11652,train
9788,leaf_11638,train
9789,leaf_16684,train
9790,leaf_7439,train
9791,leaf_15652,train
9792,leaf_15789,train
9793,leaf_13449,train
9794,leaf_21378,train
9795,leaf_19254,train
9796,leaf_14746,train
9797,leaf_2569,train
9798,leaf_22866,train
9799,leaf_21565,train
9800,leaf_15999,train
9801,leaf_6808,train
9802,leaf_4965,train
9803,leaf_21958,train
9804,leaf_10678,train
9805,leaf_10713,train
9806,leaf_21419,train
9807,leaf_4293,train
9808,leaf_3219,train
9809,leaf_7103,train
9810,leaf_9403,train
9811,leaf_19558,train
9812,leaf_7778,train
9813,leaf_13807,train
9814,leaf_10091,train
9815,leaf_15621,train
9816,leaf_22611,train
9817,leaf_10384,train
9818,leaf_14479,train
9819,leaf_22102,train
9820,leaf_16895,train
9821,leaf_22123,train
9822,leaf_12283,train
9823,leaf_18358,train
9824,leaf_16747,train
9825,leaf_21048,train
9826,leaf_17493,train
9827,leaf_21076,train
9828,leaf_16307,train
9829,leaf_298,train
9830,leaf_3951,train
9831,leaf_23089,train
9832,leaf_149,train
9833,leaf_17811,train
9834,leaf_14213,train
9835,leaf_20684,train
9836,leaf_22907,train
9837,leaf_17433,train
9838,leaf_20341,train
9839,leaf_18187,train
9840,leaf_14247,train
9841,leaf_9690,train
9842,leaf_22845,train
9843,leaf_19142,train
9844,leaf_8474,train
9845,leaf_6964,train
9846,leaf_15831,train
9847,leaf_22635,train
9848,leaf_14150,train
9849,leaf_6658,train
9850,leaf_11478,train
9851,leaf_306,train
9852,leaf_13947,train
9853,leaf_12971,train
9854,leaf_17718,train
9855,leaf_3751,train
9856,leaf_14695,train
9857,leaf_9119,train
9858,leaf_21505,train
9859,leaf_19781,train
9860,leaf_4901,train
9861,leaf_2689,train
9862,leaf_3368,train
9863,leaf_21874,train
9864,leaf_9210,train
9865,leaf_13229,train
9866,leaf_1627,train
9867,leaf_16728,train
9868,leaf_3661,train
9869,leaf_14959,train
9870,leaf_1071,train
9871,leaf_8611,train
9872,leaf_7373,train
9873,leaf_16471,train
9874,leaf_15222,train
9875,leaf_11819,train
9876,leaf_8970,train
9877,leaf_19969,train
9878,leaf_10412,train
9879,leaf_17210,train
9880,leaf_12958,train
9881,leaf_9259,train
9882,leaf_1191,train
9883,leaf_17974,train
9884,leaf_19098,train
9885,leaf_16805,train
9886,leaf_17786,train
9887,leaf_5167,train
9888,leaf_20861,train
9889,leaf_4906,train
9890,leaf_9488,train
9891,leaf_15339,train
9892,leaf_6811,train
9893,leaf_5445,train
9894,leaf_20154,train
9895,leaf_17572,train
9896,leaf_17129,train
9897,leaf_2651,train
9898,leaf_16666,train
9899,leaf_10749,train
9900,leaf_14036,train
9901,leaf_14048,train
9902,leaf_8060,train
9903,leaf_4694,train
9904,leaf_21003,train
9905,leaf_12072,train
9906,leaf_6600,train
9907,leaf_7676,train
9908,leaf_4864,train
9909,leaf_10709,train
9910,leaf_20820,train
9911,leaf_19658,train
9912,leaf_16374,train
9913,leaf_6347,train
9914,leaf_12343,train
9915,leaf_20443,train
9916,leaf_14443,train
9917,leaf_11170,train
9918,leaf_6253,train
9919,leaf_6289,train
9920,leaf_21780,train
9921,leaf_11013,train
9922,leaf_21620,train
9923,leaf_1073,train
9924,leaf_16919,train
9925,leaf_21280,train
9926,leaf_6696,train
9927,leaf_20322,train
9928,leaf_20802,train
9929,leaf_14532,train
9930,leaf_1415,train
9931,leaf_8035,train
9932,leaf_21510,train
9933,leaf_17585,train
9934,leaf_20880,train
9935,leaf_18569,train
9936,leaf_5712,train
9937,leaf_13724,train
9938,leaf_18878,train
9939,leaf_16170,train
9940,leaf_10164,train
9941,leaf_3488,train
9942,leaf_18617,train
9943,leaf_13619,train
9944,leaf_3626,train
9945,leaf_13759,train
9946,leaf_15027,train
9947,leaf_13270,train
9948,leaf_18045,train
9949,leaf_715,train
9950,leaf_21704,train
9951,leaf_20529,train
9952,leaf_11714,train
9953,leaf_7092,train
9954,leaf_18047,train
9955,leaf_23067,train
9956,leaf_3595,train
9957,leaf_439,train
9958,leaf_11205,train
9959,leaf_8002,train
9960,leaf_11388,train
9961,leaf_20260,train
9962,leaf_16930,train
9963,leaf_10797,train
9964,leaf_22697,train
9965,leaf_9127,train
9966,leaf_10402,train
9967,leaf_20546,train
9968,leaf_11429,train
9969,leaf_15942,train
9970,leaf_2710,train
9971,leaf_15016,train
9972,leaf_11349,train
9973,leaf_3448,train
9974,leaf_5743,train
9975,leaf_16629,train
9976,leaf_3486,train
9977,leaf_5142,train
9978,leaf_20351,train
9979,leaf_11206,train
9980,leaf_3708,train
9981,leaf_7175,train
9982,leaf_3467,train
9983,leaf_362,train
9984,leaf_23015,train
9985,leaf_18247,train
9986,leaf_22689,train
9987,leaf_7840,train
9988,leaf_19458,train
9989,leaf_15930,train
9990,leaf_5656,train
9991,leaf_6175,train
9992,leaf_6456,train
9993,leaf_41,train
9994,leaf_13019,train
9995,leaf_19275,train
9996,leaf_11542,train
9997,leaf_23076,train
9998,leaf_23051,train
9999,leaf_4833,train
10000,leaf_20639,train
10001,leaf_11907,train
10002,leaf_2979,train
10003,leaf_4333,train
10004,leaf_15853,train
10005,leaf_3874,train
10006,leaf_22055,train
10007,leaf_9040,train
10008,leaf_8476,train
10009,leaf_17386,train
10010,leaf_9430,train
10011,leaf_15448,train
10012,leaf_16357,train
10013,leaf_19637,train
10014,leaf_2684,train
10015,leaf_22823,train
10016,leaf_18121,train
10017,leaf_16750,train
10018,leaf_2633,train
10019,leaf_12766,train
10020,leaf_20770,train
10021,leaf_18846,train
10022,leaf_5556,train
10023,leaf_17654,train
10024,leaf_19597,train
10025,leaf_6560,train
10026,leaf_3394,train
10027,leaf_13464,train
10028,leaf_20769,train
10029,leaf_17070,train
10030,leaf_21569,train
10031,leaf_9979,train
10032,leaf_6159,train
10033,leaf_19418,train
10034,leaf_10836,train
10035,leaf_3746,train
10036,leaf_10614,train
10037,leaf_1636,train
10038,leaf_1977,train
10039,leaf_16909,train
10040,leaf_16248,train
10041,leaf_1543,train
10042,leaf_15373,train
10043,leaf_9790,train
10044,leaf_13985,train
10045,leaf_521,train
10046,leaf_2954,train
10047,leaf_17093,train
10048,leaf_6493,train
10049,leaf_18311,train
10050,leaf_1080,train
10051,leaf_12356,train
10052,leaf_1667,train
10053,leaf_7304,train
10054,leaf_15432,train
10055,leaf_8783,train
10056,leaf_11236,train
10057,leaf_16664,train
10058,leaf_10399,train
10059,leaf_14845,train
10060,leaf_15669,train
10061,leaf_18122,train
10062,leaf_16518,train
10063,leaf_1000,train
10064,leaf_15046,train
10065,leaf_1778,train
10066,leaf_19023,train
10067,leaf_12982,train
10068,leaf_5036,train
10069,leaf_12386,train
10070,leaf_9136,train
10071,leaf_18173,train
10072,leaf_16632,train
10073,leaf_12366,train
10074,leaf_8959,train
10075,leaf_22892,train
10076,leaf_19099,train
10077,leaf_10233,train
10078,leaf_3792,train
10079,leaf_22681,train
10080,leaf_15134,train
10081,leaf_12708,train
10082,leaf_18351,train
10083,leaf_3747,train
10084,leaf_5871,train
10085,leaf_17917,train
10086,leaf_12490,train
10087,leaf_1799,train
10088,leaf_2853,train
10089,leaf_7011,train
10090,leaf_1590,train
10091,leaf_20203,train
10092,leaf_13789,train
10093,leaf_11843,train
10094,leaf_4142,train
10095,leaf_8315,train
10096,leaf_9685,train
10097,leaf_13578,train
10098,leaf_11612,train
10099,leaf_21687,train
10100,leaf_7818,train
10101,leaf_13021,train
10102,leaf_20069,train
10103,leaf_12713,train
10104,leaf_1497,train
10105,leaf_12815,train
10106,leaf_6353,train
10107,leaf_10210,train
10108,leaf_9738,train
10109,leaf_17274,train
10110,leaf_12101,train
10111,leaf_2581,train
10112,leaf_9725,train
10113,leaf_17859,train
10114,leaf_9016,train
10115,leaf_22501,train
10116,leaf_18503,train
10117,leaf_17477,train
10118,leaf_15417,train
10119,leaf_16436,train
10120,leaf_6242,train
10121,leaf_788,train
10122,leaf_20259,train
10123,leaf_17782,train
10124,leaf_5628,train
10125,leaf_6417,train
10126,leaf_6807,train
10127,leaf_12854,train
10128,leaf_349,train
10129,leaf_17296,train
10130,leaf_8454,train
10131,leaf_11317,train
10132,leaf_9208,train
10133,leaf_15366,train
10134,leaf_17432,train
10135,leaf_15989,train
10136,leaf_21972,train
10137,leaf_14441,train
10138,leaf_487,train
10139,leaf_379,train
10140,leaf_18287,train
10141,leaf_17914,train
10142,leaf_22131,train
10143,leaf_13522,train
10144,leaf_20232,train
10145,leaf_2623,train
10146,leaf_4326,train
10147,leaf_1895,train
10148,leaf_4844,train
10149,leaf_16619,train
10150,leaf_6611,train
10151,leaf_17162,train
10152,leaf_12851,train
10153,leaf_12939,train
10154,leaf_2130,train
10155,leaf_6450,train
10156,leaf_7648,train
10157,leaf_5021,train
10158,leaf_22381,train
10159,leaf_21838,train
10160,leaf_16434,train
10161,leaf_7983,train
10162,leaf_17007,train
10163,leaf_20261,train
10164,leaf_16508,train
10165,leaf_15638,train
10166,leaf_8321,train
10167,leaf_9509,train
10168,leaf_11007,train
10169,leaf_11151,train
10170,leaf_1405,train
10171,leaf_16932,train
10172,leaf_10080,train
10173,leaf_4113,train
10174,leaf_17340,train
10175,leaf_8607,train
10176,leaf_12171,train
10177,leaf_8937,train
10178,leaf_7888,train
10179,leaf_11058,train
10180,leaf_8680,train
10181,leaf_5841,train
10182,leaf_16569,train
10183,leaf_4908,train
10184,leaf_8451,train
10185,leaf_5680,train
10186,leaf_11156,train
10187,leaf_14040,train
10188,leaf_16558,train
10189,leaf_13964,train
10190,leaf_7319,train
10191,leaf_8742,train
10192,leaf_14101,train
10193,leaf_18310,train
10194,leaf_20759,train
10195,leaf_20450,train
10196,leaf_15565,train
10197,leaf_1330,train
10198,leaf_7750,train
10199,leaf_8142,train
10200,leaf_6723,train
10201,leaf_8998,train
10202,leaf_11507,train
10203,leaf_23092,train
10204,leaf_21699,train
10205,leaf_14735,train
10206,leaf_19015,train
10207,leaf_276,train
10208,leaf_8815,train
10209,leaf_14790,train
10210,leaf_10692,train
10211,leaf_15731,train
10212,leaf_21199,train
10213,leaf_4786,train
10214,leaf_7500,train
10215,leaf_22412,train
10216,leaf_17793,train
10217,leaf_22589,train
10218,leaf_20303,train
10219,leaf_7167,train
10220,leaf_3114,train
10221,leaf_9344,train
10222,leaf_5217,train
10223,leaf_12607,train
10224,leaf_10315,train
10225,leaf_20401,train
10226,leaf_19222,train
10227,leaf_11825,train
10228,leaf_17346,train
10229,leaf_7300,train
10230,leaf_11691,train
10231,leaf_12871,train
10232,leaf_20219,train
10233,leaf_11887,train
10234,leaf_6693,train
10235,leaf_12687,train
10236,leaf_6231,train
10237,leaf_211,train
10238,leaf_9122,train
10239,leaf_9904,train
10240,leaf_17271,train
10241,leaf_6751,train
10242,leaf_2033,train
10243,leaf_2483,train
10244,leaf_1371,train
10245,leaf_16907,train
10246,leaf_4439,train
10247,leaf_9930,train
10248,leaf_16555,train
10249,leaf_7328,train
10250,leaf_19884,train
10251,leaf_17904,train
10252,leaf_10582,train
10253,leaf_6213,train
10254,leaf_20745,train
10255,leaf_9008,train
10256,leaf_9614,train
10257,leaf_20714,train
10258,leaf_17343,train
10259,leaf_2876,train
10260,leaf_3336,train
10261,leaf_12612,train
10262,leaf_14474,train
10263,leaf_4726,train
10264,leaf_20204,train
10265,leaf_12258,train
10266,leaf_12473,train
10267,leaf_19074,train
10268,leaf_15615,train
10269,leaf_21870,train
10270,leaf_14321,train
10271,leaf_5370,train
10272,leaf_3687,train
10273,leaf_470,train
10274,leaf_17545,train
10275,leaf_2522,train
10276,leaf_11164,train
10277,leaf_19929,train
10278,leaf_9145,train
10279,leaf_4212,train
10280,leaf_12169,train
10281,leaf_6371,train
10282,leaf_2966,train
10283,leaf_17472,train
10284,leaf_6609,train
10285,leaf_21636,train
10286,leaf_10988,train
10287,leaf_727,train
10288,leaf_12558,train
10289,leaf_17221,train
10290,leaf_5955,train
10291,leaf_12378,train
10292,leaf_18609,train
10293,leaf_14044,train
10294,leaf_14317,train
10295,leaf_21319,train
10296,leaf_4354,train
10297,leaf_16050,train
10298,leaf_3139,train
10299,leaf_13558,train
10300,leaf_4799,train
10301,leaf_1824,train
10302,leaf_9784,train
10303,leaf_6483,train
10304,leaf_1357,train
10305,leaf_5785,train
10306,leaf_16076,train
10307,leaf_513,train
10308,leaf_9535,train
10309,leaf_2222,train
10310,leaf_4457,train
10311,leaf_3744,train
10312,leaf_15228,train
10313,leaf_2240,train
10314,leaf_3204,train
10315,leaf_21606,train
10316,leaf_2733,train
10317,leaf_9390,train
10318,leaf_16670,train
10319,leaf_1751,train
10320,leaf_19347,train
10321,leaf_6490,train
10322,leaf_1552,train
10323,leaf_12201,train
10324,leaf_8833,train
10325,leaf_12462,train
10326,leaf_20093,train
10327,leaf_12740,train
10328,leaf_13600,train
10329,leaf_18556,train
10330,leaf_5119,train
10331,leaf_14059,train
10332,leaf_19078,train
10333,leaf_8405,train
10334,leaf_12706,train
10335,leaf_18548,train
10336,leaf_12187,train
10337,leaf_14397,train
10338,leaf_719,train
10339,leaf_15197,train
10340,leaf_16893,train
10341,leaf_20750,train
10342,leaf_12439,train
10343,leaf_6871,train
10344,leaf_13638,train
10345,leaf_6471,train
10346,leaf_4411,train
10347,leaf_17048,train
10348,leaf_11840,train
10349,leaf_11246,train
10350,leaf_1361,train
10351,leaf_19858,train
10352,leaf_6564,train
10353,leaf_18631,train
10354,leaf_22404,train
10355,leaf_4490,train
10356,leaf_12967,train
10357,leaf_20623,train
10358,leaf_5502,train
10359,leaf_19348,train
10360,leaf_8649,train
10361,leaf_20124,train
10362,leaf_4517,train
10363,leaf_13539,train
10364,leaf_628,train
10365,leaf_20438,train
10366,leaf_8518,train
10367,leaf_15946,train
10368,leaf_9287,train
10369,leaf_20508,train
10370,leaf_12619,train
10371,leaf_7391,train
10372,leaf_10653,train
10373,leaf_3354,train
10374,leaf_18775,train
10375,leaf_8349,train
10376,leaf_21090,train
10377,leaf_11912,train
10378,leaf_3218,train
10379,leaf_14452,train
10380,leaf_13035,train
10381,leaf_11415,train
10382,leaf_19922,train
10383,leaf_7685,train
10384,leaf_8992,train
10385,leaf_901,train
10386,leaf_17157,train
10387,leaf_20827,train
10388,leaf_2452,train
10389,leaf_4116,train
10390,leaf_3883,train
10391,leaf_19828,train
10392,leaf_10002,train
10393,leaf_19042,train
10394,leaf_20641,train
10395,leaf_2,train
10396,leaf_2261,train
10397,leaf_7489,train
10398,leaf_7407,train
10399,leaf_19748,train
10400,leaf_20569,train
10401,leaf_238,train
10402,leaf_17843,train
10403,leaf_2216,train
10404,leaf_13507,train
10405,leaf_13416,train
10406,leaf_19627,train
10407,leaf_3091,train
10408,leaf_23058,train
10409,leaf_20405,train
10410,leaf_8360,train
10411,leaf_16754,train
10412,leaf_19084,train
10413,leaf_8598,train
10414,leaf_18701,train
10415,leaf_8427,train
10416,leaf_14767,train
10417,leaf_3722,train
10418,leaf_947,train
10419,leaf_19707,train
10420,leaf_5855,train
10421,leaf_16987,train
10422,leaf_654,train
10423,leaf_5784,train
10424,leaf_11693,train
10425,leaf_10160,train
10426,leaf_9662,train
10427,leaf_7165,train
10428,leaf_8010,train
10429,leaf_18724,train
10430,leaf_12705,train
10431,leaf_721,train
10432,leaf_2232,train
10433,leaf_21519,train
10434,leaf_7688,train
10435,leaf_17938,train
10436,leaf_587,train
10437,leaf_18176,train
10438,leaf_10258,train
10439,leaf_7334,train
10440,leaf_12717,train
10441,leaf_18642,train
10442,leaf_15368,train
10443,leaf_3413,train
10444,leaf_8932,train
10445,leaf_6821,train
10446,leaf_18902,train
10447,leaf_9132,train
10448,leaf_16131,train
10449,leaf_14688,train
10450,leaf_19795,train
10451,leaf_774,train
10452,leaf_8092,train
10453,leaf_20608,train
10454,leaf_9121,train
10455,leaf_19529,train
10456,leaf_17145,train
10457,leaf_10127,train
10458,leaf_4796,train
10459,leaf_21552,train
10460,leaf_20177,train
10461,leaf_22851,train
10462,leaf_19161,train
10463,leaf_21734,train
10464,leaf_1797,train
10465,leaf_22136,train
10466,leaf_18771,train
10467,leaf_21272,train
10468,leaf_12144,train
10469,leaf_7564,train
10470,leaf_19612,train
10471,leaf_16396,train
10472,leaf_20841,train
10473,leaf_3646,train
10474,leaf_2097,train
10475,leaf_6810,train
10476,leaf_17813,train
10477,leaf_11885,train
10478,leaf_7394,train
10479,leaf_10760,train
10480,leaf_15321,train
10481,leaf_14205,train
10482,leaf_15738,train
10483,leaf_13575,train
10484,leaf_8069,train
10485,leaf_9849,train
10486,leaf_5255,train
10487,leaf_9295,train
10488,leaf_22825,train
10489,leaf_18220,train
10490,leaf_8677,train
10491,leaf_22852,train
10492,leaf_12228,train
10493,leaf_7388,train
10494,leaf_15715,train
10495,leaf_4050,train
10496,leaf_6823,train
10497,leaf_9393,train
10498,leaf_22950,train
10499,leaf_22537,train
10500,leaf_17690,train
10501,leaf_10417,train
10502,leaf_20375,train
10503,leaf_11426,train
10504,leaf_6764,train
10505,leaf_16251,train
10506,leaf_7161,train
10507,leaf_12243,train
10508,leaf_5188,train
10509,leaf_20822,train
10510,leaf_5991,train
10511,leaf_15084,train
10512,leaf_20282,train
10513,leaf_18679,train
10514,leaf_6548,train
10515,leaf_19960,train
10516,leaf_17339,train
10517,leaf_4216,train
10518,leaf_22365,train
10519,leaf_1490,train
10520,leaf_3109,train
10521,leaf_8590,train
10522,leaf_10458,train
10523,leaf_21868,train
10524,leaf_21095,train
10525,leaf_21881,train
10526,leaf_11859,train
10527,leaf_21245,train
10528,leaf_5564,train
10529,leaf_19876,train
10530,leaf_12537,train
10531,leaf_12921,train
10532,leaf_9541,train
10533,leaf_20040,train
10534,leaf_10441,train
10535,leaf_22350,train
10536,leaf_9068,train
10537,leaf_10374,train
10538,leaf_15756,train
10539,leaf_13476,train
10540,leaf_2612,train
10541,leaf_7355,train
10542,leaf_1921,train
10543,leaf_13879,train
10544,leaf_18412,train
10545,leaf_20721,train
10546,leaf_18546,train
10547,leaf_17847,train
10548,leaf_10379,train
10549,leaf_10864,train
10550,leaf_7351,train
10551,leaf_2642,train
10552,leaf_12628,train
10553,leaf_9687,train
10554,leaf_16856,train
10555,leaf_21397,train
10556,leaf_1522,train
10557,leaf_7753,train
10558,leaf_1594,train
10559,leaf_7389,train
10560,leaf_10031,train
10561,leaf_10837,train
10562,leaf_7287,train
10563,leaf_18445,train
10564,leaf_14375,train
10565,leaf_2042,train
10566,leaf_17544,train
10567,leaf_496,train
10568,leaf_5369,train
10569,leaf_20666,train
10570,leaf_13900,train
10571,leaf_8148,train
10572,leaf_6725,train
10573,leaf_7306,train
10574,leaf_4288,train
10575,leaf_3557,train
10576,leaf_6536,train
10577,leaf_6803,train
10578,leaf_17821,train
10579,leaf_6691,train
10580,leaf_21275,train
10581,leaf_1524,train
10582,leaf_20926,train
10583,leaf_5213,train
10584,leaf_1385,train
10585,leaf_20499,train
10586,leaf_20739,train
10587,leaf_15104,train
10588,leaf_6230,train
10589,leaf_19740,train
10590,leaf_16993,train
10591,leaf_5789,train
10592,leaf_5228,train
10593,leaf_16259,train
10594,leaf_16398,train
10595,leaf_8706,train
10596,leaf_21732,train
10597,leaf_7861,train
10598,leaf_5222,train
10599,leaf_17732,train
10600,leaf_9186,train
10601,leaf_18177,train
10602,leaf_5525,train
10603,leaf_9998,train
10604,leaf_17498,train
10605,leaf_16089,train
10606,leaf_16587,train
10607,leaf_17717,train
10608,leaf_2556,train
10609,leaf_2980,train
10610,leaf_7690,train
10611,leaf_7667,train
10612,leaf_17933,train
10613,leaf_15765,train
10614,leaf_17685,train
10615,leaf_2606,train
10616,leaf_17133,train
10617,leaf_6209,train
10618,leaf_1313,train
10619,leaf_6537,train
10620,leaf_13662,train
10621,leaf_21203,train
10622,leaf_13651,train
10623,leaf_22483,train
10624,leaf_10618,train
10625,leaf_7293,train
10626,leaf_16868,train
10627,leaf_17409,train
10628,leaf_9853,train
10629,leaf_9467,train
10630,leaf_20515,train
10631,leaf_18429,train
10632,leaf_7449,train
10633,leaf_859,train
10634,leaf_11229,train
10635,leaf_15682,train
10636,leaf_19474,train
10637,leaf_17699,train
10638,leaf_17223,train
10639,leaf_4286,train
10640,leaf_5565,train
10641,leaf_3469,train
10642,leaf_13473,train
10643,leaf_21420,train
10644,leaf_16985,train
10645,leaf_8231,train
10646,leaf_21330,train
10647,leaf_7340,train
10648,leaf_15302,train
10649,leaf_18988,train
10650,leaf_15529,train
10651,leaf_12899,train
10652,leaf_19894,train
10653,leaf_10486,train
10654,leaf_21455,train
10655,leaf_20904,train
10656,leaf_20579,train
10657,leaf_17994,train
10658,leaf_10325,train
10659,leaf_6570,train
10660,leaf_9547,train
10661,leaf_10665,train
10662,leaf_15416,train
10663,leaf_9281,train
10664,leaf_17248,train
10665,leaf_4222,train
10666,leaf_485,train
10667,leaf_13859,train
10668,leaf_19077,train
10669,leaf_3391,train
10670,leaf_17557,train
10671,leaf_15513,train
10672,leaf_13607,train
10673,leaf_15720,train
10674,leaf_8974,train
10675,leaf_13164,train
10676,leaf_9938,train
10677,leaf_8383,train
10678,leaf_21966,train
10679,leaf_11564,train
10680,leaf_15705,train
10681,leaf_11898,train
10682,leaf_8372,train
10683,leaf_13713,train
10684,leaf_6154,train
10685,leaf_2975,train
10686,leaf_17495,train
10687,leaf_20432,train
10688,leaf_933,train
10689,leaf_14994,train
10690,leaf_21957,train
10691,leaf_13935,train
10692,leaf_8835,train
10693,leaf_22078,train
10694,leaf_17128,train
10695,leaf_18872,train
10696,leaf_4070,train
10697,leaf_22603,train
10698,leaf_17357,train
10699,leaf_20011,train
10700,leaf_9328,train
10701,leaf_16965,train
10702,leaf_15583,train
10703,leaf_17491,train
10704,leaf_13042,train
10705,leaf_22777,train
10706,leaf_1955,train
10707,leaf_14650,train
10708,leaf_12819,train
10709,leaf_22200,train
10710,leaf_13277,train
10711,leaf_14404,train
10712,leaf_10965,train
10713,leaf_11178,train
10714,leaf_22619,train
10715,leaf_19160,train
10716,leaf_2379,train
10717,leaf_3256,train
10718,leaf_11081,train
10719,leaf_2766,train
10720,leaf_4445,train
10721,leaf_7770,train
10722,leaf_13899,train
10723,leaf_4480,train
10724,leaf_14099,train
10725,leaf_7338,train
10726,leaf_3251,train
10727,leaf_5068,train
10728,leaf_4454,train
10729,leaf_11511,train
10730,leaf_15351,train
10731,leaf_8517,train
10732,leaf_4973,train
10733,leaf_10952,train
10734,leaf_742,train
10735,leaf_1705,train
10736,leaf_6151,train
10737,leaf_193,train
10738,leaf_23063,train
10739,leaf_9045,train
10740,leaf_2518,train
10741,leaf_5655,train
10742,leaf_14,train
10743,leaf_4185,train
10744,leaf_14318,train
10745,leaf_8861,train
10746,leaf_4701,train
10747,leaf_15997,train
10748,leaf_1270,train
10749,leaf_22151,train
10750,leaf_12812,train
10751,leaf_21787,train
10752,leaf_9787,train
10753,leaf_8973,train
10754,leaf_12044,train
10755,leaf_7686,train
10756,leaf_20281,train
10757,leaf_22976,train
10758,leaf_12877,train
10759,leaf_22428,train
10760,leaf_5324,train
10761,leaf_19605,train
10762,leaf_9720,train
10763,leaf_116,train
10764,leaf_3870,train
10765,leaf_17854,train
10766,leaf_22903,train
10767,leaf_4313,train
10768,leaf_13246,train
10769,leaf_6127,train
10770,leaf_19993,train
10771,leaf_20531,train
10772,leaf_15101,train
10773,leaf_3928,train
10774,leaf_18937,train
10775,leaf_10997,train
10776,leaf_5734,train
10777,leaf_10508,train
10778,leaf_20660,train
10779,leaf_11075,train
10780,leaf_8292,train
10781,leaf_6358,train
10782,leaf_20309,train
10783,leaf_14351,train
10784,leaf_17835,train
10785,leaf_5177,train
10786,leaf_4360,train
10787,leaf_13101,train
10788,leaf_12916,train
10789,leaf_15247,train
10790,leaf_22065,train
10791,leaf_13487,train
10792,leaf_7405,train
10793,leaf_21605,train
10794,leaf_1248,train
10795,leaf_4859,train
10796,leaf_6459,train
10797,leaf_1172,train
10798,leaf_4452,train
10799,leaf_21458,train
10800,leaf_10181,train
10801,leaf_2501,train
10802,leaf_21730,train
10803,leaf_11263,train
10804,leaf_15155,train
10805,leaf_14637,train
10806,leaf_8357,train
10807,leaf_8896,train
10808,leaf_20876,train
10809,leaf_8723,train
10810,leaf_19946,train
10811,leaf_14288,train
10812,leaf_20981,train
10813,leaf_4109,train
10814,leaf_5934,train
10815,leaf_10135,train
10816,leaf_16652,train
10817,leaf_22059,train
10818,leaf_6155,train
10819,leaf_2189,train
10820,leaf_21967,train
10821,leaf_16279,train
10822,leaf_1335,train
10823,leaf_12504,train
10824,leaf_17473,train
10825,leaf_9816,train
10826,leaf_9700,train
10827,leaf_21561,train
10828,leaf_6543,train
10829,leaf_18301,train
10830,leaf_21714,train
10831,leaf_18074,train
10832,leaf_16873,train
10833,leaf_12137,train
10834,leaf_6890,train
10835,leaf_14690,train
10836,leaf_8583,train
10837,leaf_3463,train
10838,leaf_19060,train
10839,leaf_3669,train
10840,leaf_18598,train
10841,leaf_5897,train
10842,leaf_549,train
10843,leaf_4484,train
10844,leaf_20055,train
10845,leaf_11180,train
10846,leaf_5202,train
10847,leaf_14888,train
10848,leaf_10518,train
10849,leaf_6917,train
10850,leaf_11635,train
10851,leaf_12536,train
10852,leaf_12227,train
10853,leaf_10813,train
10854,leaf_4862,train
10855,leaf_8624,train
10856,leaf_16557,train
10857,leaf_16937,train
10858,leaf_3427,train
10859,leaf_1776,train
10860,leaf_10671,train
10861,leaf_7237,train
10862,leaf_3133,train
10863,leaf_15158,train
10864,leaf_20107,train
10865,leaf_14387,train
10866,leaf_18516,train
10867,leaf_13214,train
10868,leaf_17950,train
10869,leaf_21955,train
10870,leaf_15060,train
10871,leaf_3917,train
10872,leaf_21749,train
10873,leaf_5976,train
10874,leaf_7115,train
10875,leaf_16928,train
10876,leaf_8761,train
10877,leaf_21745,train
10878,leaf_10488,train
10879,leaf_20738,train
10880,leaf_3934,train
10881,leaf_10599,train
10882,leaf_12983,train
10883,leaf_16244,train
10884,leaf_1052,train
10885,leaf_1717,train
10886,leaf_19687,train
10887,leaf_7059,train
10888,leaf_2880,train
10889,leaf_18611,train
10890,leaf_18493,train
10891,leaf_6778,train
10892,leaf_11940,train
10893,leaf_21536,train
10894,leaf_4164,train
10895,leaf_7269,train
10896,leaf_9822,train
10897,leaf_12625,train
10898,leaf_6475,train
10899,leaf_11865,train
10900,leaf_16736,train
10901,leaf_474,train
10902,leaf_935,train
10903,leaf_19047,train
10904,leaf_22638,train
10905,leaf_4398,train
10906,leaf_536,train
10907,leaf_6265,train
10908,leaf_13230,train
10909,leaf_18891,train
10910,leaf_10607,train
10911,leaf_14710,train
10912,leaf_11535,train
10913,leaf_5942,train
10914,leaf_6310,train
10915,leaf_19741,train
10916,leaf_22596,train
10917,leaf_3748,train
10918,leaf_1830,train
10919,leaf_7020,train
10920,leaf_4523,train
10921,leaf_16734,train
10922,leaf_717,train
10923,leaf_5242,train
10924,leaf_14297,train
10925,leaf_1457,train
10926,leaf_22394,train
10927,leaf_19666,train
10928,leaf_12959,train
10929,leaf_17351,train
10930,leaf_7525,train
10931,leaf_18222,train
10932,leaf_14849,train
10933,leaf_21034,train
10934,leaf_16544,train
10935,leaf_415,train
10936,leaf_8580,train
10937,leaf_17006,train
10938,leaf_8484,train
10939,leaf_19877,train
10940,leaf_3440,train
10941,leaf_7816,train
10942,leaf_6046,train
10943,leaf_18476,train
10944,leaf_18597,train
10945,leaf_14635,train
10946,leaf_16141,train
10947,leaf_3040,train
10948,leaf_18827,train
10949,leaf_20291,train
10950,leaf_20103,train
10951,leaf_14860,train
10952,leaf_10856,train
10953,leaf_969,train
10954,leaf_15159,train
10955,leaf_14910,train
10956,leaf_11431,train
10957,leaf_2022,train
10958,leaf_16037,train
10959,leaf_10442,train
10960,leaf_17724,train
10961,leaf_13593,train
10962,leaf_3178,train
10963,leaf_7065,train
10964,leaf_6215,train
10965,leaf_14252,train
10966,leaf_10781,train
10967,leaf_3214,train
10968,leaf_19919,train
10969,leaf_4156,train
10970,leaf_16104,train
10971,leaf_21254,train
10972,leaf_47,train
10973,leaf_14575,train
10974,leaf_15777,train
10975,leaf_8144,train
10976,leaf_1319,train
10977,leaf_6115,train
10978,leaf_16191,train
10979,leaf_9701,train
10980,leaf_9878,train
10981,leaf_5281,train
10982,leaf_20141,train
10983,leaf_5075,train
10984,leaf_17787,train
10985,leaf_6885,train
10986,leaf_18069,train
10987,leaf_18883,train
10988,leaf_9741,train
10989,leaf_4649,train
10990,leaf_8895,train
10991,leaf_8222,train
10992,leaf_21796,train
10993,leaf_13895,train
10994,leaf_9879,train
10995,leaf_19309,train
10996,leaf_3900,train
10997,leaf_6205,train
10998,leaf_3080,train
10999,leaf_4075,train
11000,leaf_23083,train
11001,leaf_7899,train
11002,leaf_18788,train
11003,leaf_10228,train
11004,leaf_2470,train
11005,leaf_10053,train
11006,leaf_15063,train
11007,leaf_17372,train
11008,leaf_13846,train
11009,leaf_4085,train
11010,leaf_14811,train
11011,leaf_18753,train
11012,leaf_15052,train
11013,leaf_3475,train
11014,leaf_22747,train
11015,leaf_18067,train
11016,leaf_8673,train
11017,leaf_18881,train
11018,leaf_6830,train
11019,leaf_18952,train
11020,leaf_20287,train
11021,leaf_7040,train
11022,leaf_21223,train
11023,leaf_18367,train
11024,leaf_18668,train
11025,leaf_10427,train
11026,leaf_13317,train
11027,leaf_13885,train
11028,leaf_4356,train
11029,leaf_20393,train
11030,leaf_20392,train
11031,leaf_21016,train
11032,leaf_5363,train
11033,leaf_21040,train
11034,leaf_14289,train
11035,leaf_2141,train
11036,leaf_5322,train
11037,leaf_16342,train
11038,leaf_816,train
11039,leaf_6216,train
11040,leaf_2303,train
11041,leaf_2756,train
11042,leaf_5561,train
11043,leaf_880,train
11044,leaf_6987,train
11045,leaf_18787,train
11046,leaf_14113,train
11047,leaf_2424,train
11048,leaf_15153,train
11049,leaf_15863,train
11050,leaf_17453,train
11051,leaf_15973,train
11052,leaf_15787,train
11053,leaf_10819,train
11054,leaf_15910,train
11055,leaf_11489,train
11056,leaf_8399,train
11057,leaf_5443,train
11058,leaf_10662,train
11059,leaf_1473,train
11060,leaf_18194,train
11061,leaf_11372,train
11062,leaf_22612,train
11063,leaf_3822,train
11064,leaf_2574,train
11065,leaf_3295,train
11066,leaf_2947,train
11067,leaf_15524,train
11068,leaf_10933,train
11069,leaf_19188,train
11070,leaf_979,train
11071,leaf_5231,train
11072,leaf_21716,train
11073,leaf_5613,train
11074,leaf_18275,train
11075,leaf_10069,train
11076,leaf_18963,train
11077,leaf_17335,train
11078,leaf_3704,train
11079,leaf_18710,train
11080,leaf_15922,train
11081,leaf_23,train
11082,leaf_16810,train
11083,leaf_17382,train
11084,leaf_16727,train
11085,leaf_17008,train
11086,leaf_12447,train
11087,leaf_4084,train
11088,leaf_8856,train
11089,leaf_4201,train
11090,leaf_9252,train
11091,leaf_18170,train
11092,leaf_17601,train
11093,leaf_22621,train
11094,leaf_20937,train
11095,leaf_21027,train
11096,leaf_18541,train
11097,leaf_617,train
11098,leaf_3206,train
11099,leaf_12273,train
11100,leaf_3561,train
11101,leaf_22696,train
11102,leaf_16916,train
11103,leaf_10585,train
11104,leaf_21200,train
11105,leaf_19606,train
11106,leaf_20922,train
11107,leaf_15592,train
11108,leaf_17910,train
11109,leaf_14579,train
11110,leaf_11350,train
11111,leaf_11864,train
11112,leaf_12155,train
11113,leaf_19585,train
11114,leaf_16698,train
11115,leaf_16755,train
11116,leaf_8608,train
11117,leaf_3750,train
11118,leaf_22231,train
11119,leaf_3977,train
11120,leaf_6165,train
11121,leaf_3548,train
11122,leaf_6019,train
11123,leaf_4771,train
11124,leaf_18085,train
11125,leaf_12264,train
11126,leaf_22915,train
11127,leaf_10587,train
11128,leaf_8867,train
11129,leaf_7544,train
11130,leaf_20893,train
11131,leaf_1018,train
11132,leaf_8384,train
11133,leaf_5854,train
11134,leaf_20363,train
11135,leaf_21410,train
11136,leaf_3034,train
11137,leaf_13281,train
11138,leaf_5317,train
11139,leaf_5302,train
11140,leaf_10150,train
11141,leaf_14174,train
11142,leaf_6025,train
11143,leaf_1960,train
11144,leaf_5032,train
11145,leaf_1551,train
11146,leaf_4685,train
11147,leaf_1690,train
11148,leaf_11975,train
11149,leaf_18181,train
11150,leaf_9713,train
11151,leaf_1644,train
11152,leaf_10406,train
11153,leaf_16485,train
11154,leaf_10502,train
11155,leaf_13880,train
11156,leaf_2170,train
11157,leaf_3796,train
11158,leaf_5994,train
11159,leaf_15210,train
11160,leaf_20020,train
11161,leaf_7949,train
11162,leaf_7183,train
11163,leaf_13958,train
11164,leaf_12121,train
11165,leaf_20671,train
11166,leaf_9151,train
11167,leaf_10376,train
11168,leaf_9699,train
11169,leaf_11500,train
11170,leaf_15809,train
11171,leaf_4296,train
11172,leaf_10573,train
11173,leaf_16721,train
11174,leaf_1554,train
11175,leaf_10316,train
11176,leaf_6150,train
11177,leaf_15790,train
11178,leaf_4196,train
11179,leaf_20647,train
11180,leaf_9962,train
11181,leaf_11710,train
11182,leaf_6224,train
11183,leaf_5776,train
11184,leaf_13689,train
11185,leaf_7169,train
11186,leaf_18483,train
11187,leaf_6014,train
11188,leaf_6300,train
11189,leaf_5294,train
11190,leaf_13792,train
11191,leaf_21778,train
11192,leaf_7561,train
11193,leaf_8984,train
11194,leaf_5182,train
11195,leaf_4144,train
11196,leaf_8071,train
11197,leaf_7618,train
11198,leaf_15450,train
11199,leaf_13508,train
11200,leaf_20422,train
11201,leaf_14560,train
11202,leaf_10616,train
11203,leaf_20121,train
11204,leaf_6087,train
11205,leaf_14305,train
11206,leaf_10540,train
11207,leaf_7392,train
11208,leaf_12146,train
11209,leaf_1271,train
11210,leaf_18117,train
11211,leaf_16768,train
11212,leaf_19949,train
11213,leaf_2454,train
11214,leaf_6671,train
11215,leaf_5964,train
11216,leaf_6101,train
11217,leaf_19457,train
11218,leaf_21814,train
11219,leaf_1699,train
11220,leaf_3946,train
11221,leaf_11177,train
11222,leaf_20517,train
11223,leaf_19292,train
11224,leaf_2210,train
11225,leaf_12186,train
11226,leaf_3235,train
11227,leaf_21939,train
11228,leaf_13513,train
11229,leaf_158,train
11230,leaf_1065,train
11231,leaf_20364,train
11232,leaf_8564,train
11233,leaf_16602,train
11234,leaf_3954,train
11235,leaf_19450,train
11236,leaf_2301,train
11237,leaf_14141,train
11238,leaf_8172,train
11239,leaf_11936,train
11240,leaf_13625,train
11241,leaf_21803,train
11242,leaf_12157,train
11243,leaf_4702,train
11244,leaf_12272,train
11245,leaf_20688,train
11246,leaf_11882,train
11247,leaf_14818,train
11248,leaf_18151,train
11249,leaf_13790,train
11250,leaf_18895,train
11251,leaf_15995,train
11252,leaf_8110,train
11253,leaf_9164,train
11254,leaf_7021,train
11255,leaf_5720,train
11256,leaf_11995,train
11257,leaf_19981,train
11258,leaf_17776,train
11259,leaf_4717,train
11260,leaf_18851,train
11261,leaf_17705,train
11262,leaf_13892,train
11263,leaf_7772,train
11264,leaf_19728,train
11265,leaf_690,train
11266,leaf_8313,train
11267,leaf_15156,train
11268,leaf_14130,train
11269,leaf_1410,train
11270,leaf_4549,train
11271,leaf_13274,train
11272,leaf_16413,train
11273,leaf_11931,train
11274,leaf_22129,train
11275,leaf_2013,train
11276,leaf_7104,train
11277,leaf_17039,train
11278,leaf_15215,train
11279,leaf_10338,train
11280,leaf_751,train
11281,leaf_7742,train
11282,leaf_20567,train
11283,leaf_1710,train
11284,leaf_827,train
11285,leaf_8262,train
11286,leaf_16609,train
11287,leaf_2666,train
11288,leaf_4905,train
11289,leaf_17794,train
11290,leaf_637,train
11291,leaf_21640,train
11292,leaf_15349,train
11293,leaf_14703,train
11294,leaf_5778,train
11295,leaf_18720,train
11296,leaf_12158,train
11297,leaf_11631,train
11298,leaf_11399,train
11299,leaf_2628,train
11300,leaf_21359,train
11301,leaf_21508,train
11302,leaf_18662,train
11303,leaf_12151,train
11304,leaf_17309,train
11305,leaf_14628,train
11306,leaf_8306,train
11307,leaf_604,train
11308,leaf_15974,train
11309,leaf_17666,train
11310,leaf_15538,train
11311,leaf_13138,train
11312,leaf_16201,train
11313,leaf_16231,train
11314,leaf_5858,train
11315,leaf_22597,train
11316,leaf_7150,train
11317,leaf_8924,train
11318,leaf_8526,train
11319,leaf_10191,train
11320,leaf_1246,train
11321,leaf_383,train
11322,leaf_1076,train
11323,leaf_854,train
11324,leaf_15116,train
11325,leaf_5320,train
11326,leaf_3182,train
11327,leaf_11287,train
11328,leaf_2992,train
11329,leaf_15015,train
11330,leaf_21642,train
11331,leaf_17722,train
11332,leaf_15604,train
11333,leaf_14743,train
11334,leaf_2002,train
11335,leaf_20794,train
11336,leaf_4937,train
11337,leaf_22788,train
11338,leaf_17550,train
11339,leaf_15884,train
11340,leaf_15426,train
11341,leaf_17809,train
11342,leaf_8820,train
11343,leaf_12026,train
11344,leaf_11506,train
11345,leaf_19974,train
11346,leaf_669,train
11347,leaf_3563,train
11348,leaf_8952,train
11349,leaf_12834,train
11350,leaf_5796,train
11351,leaf_3129,train
11352,leaf_12215,train
11353,leaf_2035,train
11354,leaf_168,train
11355,leaf_2804,train
11356,leaf_8206,train
11357,leaf_21650,train
11358,leaf_10152,train
11359,leaf_1086,train
11360,leaf_18401,train
11361,leaf_10037,train
11362,leaf_9277,train
11363,leaf_13125,train
11364,leaf_1840,train
11365,leaf_15588,train
11366,leaf_13426,train
11367,leaf_14728,train
11368,leaf_17246,train
11369,leaf_10816,train
11370,leaf_12113,train
11371,leaf_11175,train
11372,leaf_10057,train
11373,leaf_22167,train
11374,leaf_1915,train
11375,leaf_18696,train
11376,leaf_22019,train
11377,leaf_20683,train
11378,leaf_3116,train
11379,leaf_9604,train
11380,leaf_16627,train
11381,leaf_1659,train
11382,leaf_12496,train
11383,leaf_11358,train
11384,leaf_8417,train
11385,leaf_9796,train
11386,leaf_22126,train
11387,leaf_12889,train
11388,leaf_6424,train
11389,leaf_23059,train
11390,leaf_9107,train
11391,leaf_15929,train
11392,leaf_17270,train
11393,leaf_11031,train
11394,leaf_16039,train
11395,leaf_8264,train
11396,leaf_2496,train
11397,leaf_8785,train
11398,leaf_5585,train
11399,leaf_15555,train
11400,leaf_12006,train
11401,leaf_15424,train
11402,leaf_6138,train
11403,leaf_4536,train
11404,leaf_896,train
11405,leaf_14157,train
11406,leaf_11934,train
11407,leaf_8446,train
11408,leaf_23078,train
11409,leaf_22978,train
11410,leaf_15203,train
11411,leaf_21563,train
11412,leaf_5670,train
11413,leaf_10833,train
11414,leaf_6399,train
11415,leaf_3022,train
11416,leaf_11861,train
11417,leaf_683,train
11418,leaf_7528,train
11419,leaf_12604,train
11420,leaf_3734,train
11421,leaf_11611,train
11422,leaf_6180,train
11423,leaf_22454,train
11424,leaf_22966,train
11425,leaf_12127,train
11426,leaf_2575,train
11427,leaf_5879,train
11428,leaf_11812,train
11429,leaf_10193,train
11430,leaf_16334,train
11431,leaf_17456,train
11432,leaf_15761,train
11433,leaf_21364,train
11434,leaf_14197,train
11435,leaf_638,train
11436,leaf_20839,train
11437,leaf_16152,train
11438,leaf_2480,train
11439,leaf_8552,train
11440,leaf_1200,train
11441,leaf_824,train
11442,leaf_3989,train
11443,leaf_19256,train
11444,leaf_7192,train
11445,leaf_13736,train
11446,leaf_13051,train
11447,leaf_2562,train
11448,leaf_3233,train
11449,leaf_5920,train
11450,leaf_15634,train
11451,leaf_8441,train
11452,leaf_151,train
11453,leaf_16447,train
11454,leaf_8126,train
11455,leaf_8740,train
11456,leaf_14313,train
11457,leaf_20208,train
11458,leaf_7386,train
11459,leaf_8239,train
11460,leaf_3741,train
11461,leaf_7279,train
11462,leaf_2799,train
11463,leaf_2180,train
11464,leaf_22304,train
11465,leaf_5407,train
11466,leaf_16422,train
11467,leaf_22729,train
11468,leaf_4564,train
11469,leaf_633,train
11470,leaf_4628,train
11471,leaf_13332,train
11472,leaf_21723,train
11473,leaf_13202,train
11474,leaf_1239,train
11475,leaf_26,train
11476,leaf_22578,train
11477,leaf_6762,train
11478,leaf_21721,train
11479,leaf_13805,train
11480,leaf_22704,train
11481,leaf_13953,train
11482,leaf_3245,train
11483,leaf_14951,train
11484,leaf_17294,train
11485,leaf_324,train
11486,leaf_22586,train
11487,leaf_19546,train
11488,leaf_22161,train
11489,leaf_21816,train
11490,leaf_20388,train
11491,leaf_2907,train
11492,leaf_15656,train
11493,leaf_10492,train
11494,leaf_17394,train
11495,leaf_19456,train
11496,leaf_9004,train
11497,leaf_21005,train
11498,leaf_5905,train
11499,leaf_18072,train
11500,leaf_10373,train
11501,leaf_17655,train
11502,leaf_20702,train
11503,leaf_10550,train
11504,leaf_9053,train
11505,leaf_13708,train
11506,leaf_20805,train
11507,leaf_21290,train
11508,leaf_21493,train
11509,leaf_21806,train
11510,leaf_2453,train
11511,leaf_200,train
11512,leaf_13168,train
11513,leaf_11112,train
11514,leaf_8253,train
11515,leaf_20565,train
11516,leaf_18423,train
11517,leaf_18416,train
11518,leaf_12032,train
11519,leaf_2365,train
11520,leaf_4210,train
11521,leaf_11962,train
11522,leaf_16015,train
11523,leaf_8554,train
11524,leaf_14859,train
11525,leaf_16858,train
11526,leaf_17814,train
11527,leaf_3987,train
11528,leaf_17700,train
11529,leaf_3686,train
11530,leaf_19815,train
11531,leaf_14987,train
11532,leaf_15928,train
11533,leaf_9749,train
11534,leaf_7162,train
11535,leaf_13273,train
11536,leaf_15334,train
11537,leaf_5546,train
11538,leaf_15934,train
11539,leaf_9573,train
11540,leaf_21903,train
11541,leaf_16855,train
11542,leaf_22074,train
11543,leaf_15591,train
11544,leaf_6644,train
11545,leaf_4376,train
11546,leaf_22398,train
11547,leaf_16382,train
11548,leaf_4911,train
11549,leaf_20355,train
11550,leaf_8866,train
11551,leaf_10829,train
11552,leaf_8257,train
11553,leaf_21310,train
11554,leaf_12857,train
11555,leaf_8134,train
11556,leaf_16531,train
11557,leaf_10238,train
11558,leaf_11808,train
11559,leaf_15681,train
11560,leaf_17661,train
11561,leaf_1561,train
11562,leaf_22575,train
11563,leaf_22818,train
11564,leaf_1099,train
11565,leaf_2848,train
11566,leaf_10981,train
11567,leaf_18907,train
11568,leaf_4366,train
11569,leaf_16685,train
11570,leaf_9212,train
11571,leaf_21857,train
11572,leaf_1904,train
11573,leaf_20353,train
11574,leaf_17523,train
11575,leaf_4614,train
11576,leaf_8668,train
11577,leaf_21558,train
11578,leaf_15821,train
11579,leaf_15962,train
11580,leaf_5123,train
11581,leaf_22105,train
11582,leaf_9696,train
11583,leaf_14124,train
11584,leaf_18118,train
11585,leaf_22128,train
11586,leaf_6047,train
11587,leaf_1674,train
11588,leaf_2903,train
11589,leaf_6640,train
11590,leaf_19522,train
11591,leaf_15708,train
11592,leaf_2656,train
11593,leaf_16308,train
11594,leaf_14473,train
11595,leaf_9809,train
11596,leaf_19281,train
11597,leaf_16511,train
11598,leaf_10499,train
11599,leaf_15174,train
11600,leaf_9349,train
11601,leaf_8513,train
11602,leaf_3059,train
11603,leaf_3830,train
11604,leaf_2668,train
11605,leaf_3495,train
11606,leaf_184,train
11607,leaf_196,train
11608,leaf_8208,train
11609,leaf_12448,train
11610,leaf_22480,train
11611,leaf_22087,train
11612,leaf_17428,train
11613,leaf_923,train
11614,leaf_18843,train
11615,leaf_19626,train
11616,leaf_20811,train
11617,leaf_352,train
11618,leaf_8389,train
11619,leaf_7058,train
11620,leaf_4601,train
11621,leaf_13834,train
11622,leaf_6760,train
11623,leaf_22209,train
11624,leaf_3212,train
11625,leaf_21417,train
11626,leaf_22558,train
11627,leaf_20041,train
11628,leaf_22865,train
11629,leaf_472,train
11630,leaf_12719,train
11631,leaf_3725,train
11632,leaf_19639,train
11633,leaf_20003,train
11634,leaf_20296,train
11635,leaf_2925,train
11636,leaf_17004,train
11637,leaf_5603,train
11638,leaf_9034,train
11639,leaf_15686,train
11640,leaf_15850,train
11641,leaf_1707,train
11642,leaf_22519,train
11643,leaf_22769,train
11644,leaf_6444,train
11645,leaf_4630,train
11646,leaf_9163,train
11647,leaf_12682,train
11648,leaf_8549,train
11649,leaf_4208,train
11650,leaf_9027,train
11651,leaf_19722,train
11652,leaf_6918,train
11653,leaf_15916,train
11654,leaf_1103,train
11655,leaf_4173,train
11656,leaf_7238,train
11657,leaf_19921,train
11658,leaf_15575,train
11659,leaf_18246,train
11660,leaf_18418,train
11661,leaf_19276,train
11662,leaf_2411,train
11663,leaf_21293,train
11664,leaf_17245,train
11665,leaf_15539,train
11666,leaf_11465,train
11667,leaf_22535,train
11668,leaf_12181,train
11669,leaf_18989,train
11670,leaf_8715,train
11671,leaf_14702,train
11672,leaf_15734,train
11673,leaf_18713,train
11674,leaf_3533,train
11675,leaf_10955,train
11676,leaf_7729,train
11677,leaf_9079,train
11678,leaf_18453,train
11679,leaf_17710,train
11680,leaf_20129,train
11681,leaf_17263,train
11682,leaf_4396,train
11683,leaf_11924,train
11684,leaf_9777,train
11685,leaf_11057,train
11686,leaf_16306,train
11687,leaf_17771,train
11688,leaf_5531,train
11689,leaf_7409,train
11690,leaf_869,train
11691,leaf_12003,train
11692,leaf_13588,train
11693,leaf_4496,train
11694,leaf_4390,train
11695,leaf_20574,train
11696,leaf_3545,train
11697,leaf_5815,train
11698,leaf_6280,train
11699,leaf_8333,train
11700,leaf_10249,train
11701,leaf_3684,train
11702,leaf_21406,train
11703,leaf_19322,train
11704,leaf_11097,train
11705,leaf_3179,train
11706,leaf_14050,train
11707,leaf_12441,train
11708,leaf_19611,train
11709,leaf_17226,train
11710,leaf_14015,train
11711,leaf_17729,train
11712,leaf_20340,train
11713,leaf_22145,train
11714,leaf_8125,train
11715,leaf_11845,train
11716,leaf_19916,train
11717,leaf_17081,train
11718,leaf_13027,train
11719,leaf_4995,train
11720,leaf_11290,train
11721,leaf_10702,train
11722,leaf_19483,train
11723,leaf_21631,train
11724,leaf_21197,train
11725,leaf_5912,train
11726,leaf_6317,train
11727,leaf_19115,train
11728,leaf_882,train
11729,leaf_7608,train
11730,leaf_19443,train
11731,leaf_5706,train
11732,leaf_22971,train
11733,leaf_12667,train
11734,leaf_9135,train
11735,leaf_10023,train
11736,leaf_8773,train
11737,leaf_4206,train
11738,leaf_13956,train
11739,leaf_12035,train
11740,leaf_17515,train
11741,leaf_10580,train
11742,leaf_5667,train
11743,leaf_15596,train
11744,leaf_20712,train
11745,leaf_12926,train
11746,leaf_9398,train
11747,leaf_17868,train
11748,leaf_8610,train
11749,leaf_22116,train
11750,leaf_2923,train
11751,leaf_20695,train
11752,leaf_8765,train
11753,leaf_4993,train
11754,leaf_18049,train
11755,leaf_10752,train
11756,leaf_12332,train
11757,leaf_12596,train
11758,leaf_13799,train
11759,leaf_11212,train
11760,leaf_10207,train
11761,leaf_21999,train
11762,leaf_543,train
11763,leaf_217,train
11764,leaf_11675,train
11765,leaf_17799,train
11766,leaf_6361,train
11767,leaf_5888,train
11768,leaf_18044,train
11769,leaf_2484,train
11770,leaf_13735,train
11771,leaf_13235,train
11772,leaf_15917,train
11773,leaf_743,train
11774,leaf_7874,train
11775,leaf_22550,train
11776,leaf_12047,train
11777,leaf_10467,train
11778,leaf_22249,train
11779,leaf_10841,train
11780,leaf_4939,train
11781,leaf_18607,train
11782,leaf_11703,train
11783,leaf_3816,train
11784,leaf_20659,train
11785,leaf_18136,train
11786,leaf_11050,train
11787,leaf_9242,train
11788,leaf_18876,train
11789,leaf_17869,train
11790,leaf_11136,train
11791,leaf_18439,train
11792,leaf_718,train
11793,leaf_437,train
11794,leaf_11311,train
11795,leaf_6818,train
11796,leaf_791,train
11797,leaf_7012,train
11798,leaf_507,train
11799,leaf_4947,train
11800,leaf_16461,train
11801,leaf_22182,train
11802,leaf_17327,train
11803,leaf_11761,train
11804,leaf_9611,train
11805,leaf_7353,train
11806,leaf_19953,train
11807,leaf_8519,train
11808,leaf_11088,train
11809,leaf_4402,train
11810,leaf_2359,train
11811,leaf_6719,train
11812,leaf_10163,train
11813,leaf_7425,train
11814,leaf_19148,train
11815,leaf_1920,train
11816,leaf_9920,train
11817,leaf_7611,train
11818,leaf_11927,train
11819,leaf_1287,train
11820,leaf_13081,train
11821,leaf_14568,train
11822,leaf_5005,train
11823,leaf_214,train
11824,leaf_2399,train
11825,leaf_3846,train
11826,leaf_6553,train
11827,leaf_19030,train
11828,leaf_11169,train
11829,leaf_20858,train
11830,leaf_17499,train
11831,leaf_22004,train
11832,leaf_16125,train
11833,leaf_10096,train
11834,leaf_5989,train
11835,leaf_906,train
11836,leaf_11728,train
11837,leaf_10769,train
11838,leaf_13923,train
11839,leaf_1418,train
11840,leaf_10184,train
11841,leaf_22791,train
11842,leaf_14744,train
11843,leaf_15034,train
11844,leaf_15425,train
11845,leaf_2889,train
11846,leaf_5299,train
11847,leaf_566,train
11848,leaf_21195,train
11849,leaf_13454,train
11850,leaf_20297,train
11851,leaf_12826,train
11852,leaf_5595,train
11853,leaf_17365,train
11854,leaf_11217,train
11855,leaf_9523,train
11856,leaf_5360,train
11857,leaf_5609,train
11858,leaf_7347,train
11859,leaf_13458,train
11860,leaf_1842,train
11861,leaf_14996,train
11862,leaf_11897,train
11863,leaf_13598,train
11864,leaf_6914,train
11865,leaf_1030,train
11866,leaf_14889,train
11867,leaf_15463,train
11868,leaf_14366,train
11869,leaf_13069,train
11870,leaf_9783,train
11871,leaf_4423,train
11872,leaf_17353,train
11873,leaf_14079,train
11874,leaf_17035,train
11875,leaf_56,train
11876,leaf_14114,train
11877,leaf_20170,train
11878,leaf_8272,train
11879,leaf_3738,train
11880,leaf_14839,train
11881,leaf_6270,train
11882,leaf_22513,train
11883,leaf_23070,train
11884,leaf_7801,train
11885,leaf_15343,train
11886,leaf_18783,train
11887,leaf_19805,train
11888,leaf_21295,train
11889,leaf_21964,train
11890,leaf_7463,train
11891,leaf_13566,train
11892,leaf_4346,train
11893,leaf_21973,train
11894,leaf_11604,train
11895,leaf_6453,train
11896,leaf_1358,train
11897,leaf_3767,train
11898,leaf_21399,train
11899,leaf_2239,train
11900,leaf_6147,train
11901,leaf_3570,train
11902,leaf_21474,train
11903,leaf_12426,train
11904,leaf_21767,train
11905,leaf_917,train
11906,leaf_17424,train
11907,leaf_12874,train
11908,leaf_11826,train
11909,leaf_9724,train
11910,leaf_18974,train
11911,leaf_8712,train
11912,leaf_8008,train
11913,leaf_7079,train
11914,leaf_10253,train
11915,leaf_3795,train
11916,leaf_20807,train
11917,leaf_23031,train
11918,leaf_7291,train
11919,leaf_22963,train
11920,leaf_6877,train
11921,leaf_16022,train
11922,leaf_23038,train
11923,leaf_11549,train
11924,leaf_1801,train
11925,leaf_6927,train
11926,leaf_16547,train
11927,leaf_19468,train
11928,leaf_10272,train
11929,leaf_2469,train
11930,leaf_16900,train
11931,leaf_767,train
11932,leaf_17076,train
11933,leaf_11142,train
11934,leaf_15142,train
11935,leaf_10705,train
11936,leaf_10448,train
11937,leaf_10237,train
11938,leaf_3244,train
11939,leaf_1762,train
11940,leaf_12578,train
11941,leaf_20933,train
11942,leaf_20018,train
11943,leaf_14672,train
11944,leaf_15836,train
11945,leaf_11656,train
11946,leaf_14054,train
11947,leaf_7793,train
11948,leaf_12416,train
11949,leaf_11742,train
11950,leaf_21252,train
11951,leaf_6103,train
11952,leaf_15759,train
11953,leaf_10051,train
11954,leaf_7615,train
11955,leaf_60,train
11956,leaf_9548,train
11957,leaf_15876,train
11958,leaf_4556,train
11959,leaf_22607,train
11960,leaf_7339,train
11961,leaf_16343,train
11962,leaf_17207,train
11963,leaf_14974,train
11964,leaf_9708,train
11965,leaf_15709,train
11966,leaf_6390,train
11967,leaf_17897,train
11968,leaf_13621,train
11969,leaf_22057,train
11970,leaf_22033,train
11971,leaf_18705,train
11972,leaf_9561,train
11973,leaf_612,train
11974,leaf_11741,train
11975,leaf_6806,train
11976,leaf_8595,train
11977,leaf_4904,train
11978,leaf_15484,train
11979,leaf_6271,train
11980,leaf_2298,train
11981,leaf_5138,train
11982,leaf_6851,train
11983,leaf_21898,train
11984,leaf_648,train
11985,leaf_9730,train
11986,leaf_12878,train
11987,leaf_5070,train
11988,leaf_22660,train
11989,leaf_952,train
11990,leaf_8285,train
11991,leaf_13414,train
11992,leaf_5653,train
11993,leaf_7714,train
11994,leaf_4101,train
11995,leaf_9634,train
11996,leaf_1312,train
11997,leaf_19665,train
11998,leaf_12239,train
11999,leaf_18000,train
12000,leaf_3158,train
12001,leaf_5910,train
12002,leaf_21706,train
12003,leaf_259,train
12004,leaf_7911,train
12005,leaf_13730,train
12006,leaf_4292,train
12007,leaf_19530,train
12008,leaf_8698,train
12009,leaf_20412,train
12010,leaf_4443,train
12011,leaf_18330,train
12012,leaf_10139,train
12013,leaf_16337,train
12014,leaf_14406,train
12015,leaf_860,train
12016,leaf_17617,train
12017,leaf_11387,train
12018,leaf_16234,train
12019,leaf_1639,train
12020,leaf_10972,train
12021,leaf_662,train
12022,leaf_10969,train
12023,leaf_1819,train
12024,leaf_4959,train
12025,leaf_16506,train
12026,leaf_19285,train
12027,leaf_9385,train
12028,leaf_20729,train
12029,leaf_15000,train
12030,leaf_10003,train
12031,leaf_10390,train
12032,leaf_12484,train
12033,leaf_10868,train
12034,leaf_21792,train
12035,leaf_20781,train
12036,leaf_7647,train
12037,leaf_7909,train
12038,leaf_22778,train
12039,leaf_4579,train
12040,leaf_16161,train
12041,leaf_8168,train
12042,leaf_8488,train
12043,leaf_2632,train
12044,leaf_2719,train
12045,leaf_20708,train
12046,leaf_21156,train
12047,leaf_9155,train
12048,leaf_12396,train
12049,leaf_1740,train
12050,leaf_22333,train
12051,leaf_12218,train
12052,leaf_3202,train
12053,leaf_15802,train
12054,leaf_13780,train
12055,leaf_11919,train
12056,leaf_20764,train
12057,leaf_3010,train
12058,leaf_169,train
12059,leaf_14924,train
12060,leaf_3021,train
12061,leaf_5892,train
12062,leaf_13972,train
12063,leaf_1563,train
12064,leaf_8505,train
12065,leaf_13565,train
12066,leaf_20619,train
12067,leaf_4371,train
12068,leaf_22006,train
12069,leaf_19390,train
12070,leaf_13917,train
12071,leaf_22975,train
12072,leaf_10666,train
12073,leaf_11020,train
12074,leaf_18050,train
12075,leaf_4590,train
12076,leaf_14037,train
12077,leaf_7411,train
12078,leaf_145,train
12079,leaf_7438,train
12080,leaf_22052,train
12081,leaf_12280,train
12082,leaf_21899,train
12083,leaf_18113,train
12084,leaf_36,train
12085,leaf_22840,train
12086,leaf_18284,train
12087,leaf_12031,train
12088,leaf_15298,train
12089,leaf_19788,train
12090,leaf_17989,train
12091,leaf_3790,train
12092,leaf_4091,train
12093,leaf_2963,train
12094,leaf_22749,train
12095,leaf_21996,train
12096,leaf_8807,train
12097,leaf_14535,train
12098,leaf_15785,train
12099,leaf_21571,train
12100,leaf_1462,train
12101,leaf_10013,train
12102,leaf_21087,train
12103,leaf_9165,train
12104,leaf_22079,train
12105,leaf_2906,train
12106,leaf_7209,train
12107,leaf_19151,train
12108,leaf_18165,train
12109,leaf_10461,train
12110,leaf_6356,train
12111,leaf_22899,train
12112,leaf_4607,train
12113,leaf_22320,train
12114,leaf_2286,train
12115,leaf_7844,train
12116,leaf_13658,train
12117,leaf_22655,train
12118,leaf_5901,train
12119,leaf_6140,train
12120,leaf_18847,train
12121,leaf_20386,train
12122,leaf_3696,train
12123,leaf_1214,train
12124,leaf_10823,train
12125,leaf_9765,train
12126,leaf_7637,train
12127,leaf_13954,train
12128,leaf_11642,train
12129,leaf_15406,train
12130,leaf_10896,train
12131,leaf_17231,train
12132,leaf_4688,train
12133,leaf_22075,train
12134,leaf_14624,train
12135,leaf_2171,train
12136,leaf_15753,train
12137,leaf_18698,train
12138,leaf_141,train
12139,leaf_12830,train
12140,leaf_14572,train
12141,leaf_6626,train
12142,leaf_14308,train
12143,leaf_19221,train
12144,leaf_17013,train
12145,leaf_13427,train
12146,leaf_23068,train
12147,leaf_3825,train
12148,leaf_6593,train
12149,leaf_14018,train
12150,leaf_18421,train
12151,leaf_12796,train
12152,leaf_19789,train
12153,leaf_13347,train
12154,leaf_340,train
12155,leaf_9772,train
12156,leaf_14173,train
12157,leaf_20304,train
12158,leaf_13700,train
12159,leaf_8694,train
12160,leaf_1957,train
12161,leaf_11337,train
12162,leaf_3138,train
12163,leaf_8258,train
12164,leaf_13989,train
12165,leaf_11626,train
12166,leaf_7003,train
12167,leaf_14626,train
12168,leaf_2709,train
12169,leaf_17085,train
12170,leaf_20195,train
12171,leaf_7619,train
12172,leaf_9686,train
12173,leaf_13299,train
12174,leaf_4204,train
12175,leaf_4489,train
12176,leaf_2571,train
12177,leaf_3160,train
12178,leaf_11068,train
12179,leaf_13114,train
12180,leaf_19057,train
12181,leaf_13076,train
12182,leaf_19759,train
12183,leaf_16158,train
12184,leaf_15028,train
12185,leaf_20716,train
12186,leaf_16548,train
12187,leaf_2993,train
12188,leaf_2630,train
12189,leaf_7669,train
12190,leaf_19864,train
12191,leaf_22137,train
12192,leaf_21237,train
12193,leaf_6676,train
12194,leaf_4235,train
12195,leaf_19338,train
12196,leaf_3315,train
12197,leaf_16046,train
12198,leaf_12623,train
12199,leaf_7907,train
12200,leaf_8087,train
12201,leaf_18555,train
12202,leaf_22593,train
12203,leaf_2106,train
12204,leaf_22888,train
12205,leaf_15399,train
12206,leaf_3897,train
12207,leaf_10736,train
12208,leaf_10284,train
12209,leaf_411,train
12210,leaf_6498,train
12211,leaf_6720,train
12212,leaf_16645,train
12213,leaf_12351,train
12214,leaf_9184,train
12215,leaf_7847,train
12216,leaf_2713,train
12217,leaf_15902,train
12218,leaf_7091,train
12219,leaf_7443,train
12220,leaf_16425,train
12221,leaf_2249,train
12222,leaf_19690,train
12223,leaf_17779,train
12224,leaf_19676,train
12225,leaf_14717,train
12226,leaf_618,train
12227,leaf_22637,train
12228,leaf_18143,train
12229,leaf_13480,train
12230,leaf_17378,train
12231,leaf_4522,train
12232,leaf_19963,train
12233,leaf_3550,train
12234,leaf_11981,train
12235,leaf_10114,train
12236,leaf_8037,train
12237,leaf_17470,train
12238,leaf_22633,train
12239,leaf_15975,train
12240,leaf_22641,train
12241,leaf_3843,train
12242,leaf_2646,train
12243,leaf_4394,train
12244,leaf_2988,train
12245,leaf_14521,train
12246,leaf_537,train
12247,leaf_18254,train
12248,leaf_11756,train
12249,leaf_14140,train
12250,leaf_10119,train
12251,leaf_8337,train
12252,leaf_13601,train
12253,leaf_14307,train
12254,leaf_484,train
12255,leaf_4521,train
12256,leaf_21086,train
12257,leaf_15319,train
12258,leaf_20563,train
12259,leaf_19705,train
12260,leaf_6260,train
12261,leaf_18115,train
12262,leaf_1510,train
12263,leaf_17059,train
12264,leaf_3616,train
12265,leaf_6702,train
12266,leaf_403,train
12267,leaf_8758,train
12268,leaf_10855,train
12269,leaf_19401,train
12270,leaf_20589,train
12271,leaf_1285,train
12272,leaf_20732,train
12273,leaf_7508,train
12274,leaf_4529,train
12275,leaf_10000,train
12276,leaf_4024,train
12277,leaf_17504,train
12278,leaf_10131,train
12279,leaf_11374,train
12280,leaf_21961,train
12281,leaf_2266,train
12282,leaf_18566,train
12283,leaf_15361,train
12284,leaf_3088,train
12285,leaf_22345,train
12286,leaf_12587,train
12287,leaf_22324,train
12288,leaf_8951,train
12289,leaf_9948,train
12290,leaf_6492,train
12291,leaf_11289,train
12292,leaf_15551,train
12293,leaf_14012,train
12294,leaf_20593,train
12295,leaf_22297,train
12296,leaf_16384,train
12297,leaf_14923,train
12298,leaf_8121,train
12299,leaf_19438,train
12300,leaf_2597,train
12301,leaf_8949,train
12302,leaf_570,train
12303,leaf_14382,train
12304,leaf_16505,train
12305,leaf_3223,train
12306,leaf_11268,train
12307,leaf_4105,train
12308,leaf_15726,train
12309,leaf_15622,train
12310,leaf_17505,train
12311,leaf_18277,train
12312,leaf_11513,train
12313,leaf_4856,train
12314,leaf_21389,train
12315,leaf_18243,train
12316,leaf_14215,train
12317,leaf_3600,train
12318,leaf_13318,train
12319,leaf_5144,train
12320,leaf_7033,train
12321,leaf_9733,train
12322,leaf_861,train
12323,leaf_913,train
12324,leaf_3173,train
12325,leaf_2837,train
12326,leaf_21137,train
12327,leaf_5544,train
12328,leaf_14958,train
12329,leaf_21523,train
12330,leaf_17053,train
12331,leaf_9524,train
12332,leaf_3313,train
12333,leaf_18352,train
12334,leaf_7399,train
12335,leaf_7207,train
12336,leaf_12269,train
12337,leaf_1622,train
12338,leaf_16287,train
12339,leaf_660,train
12340,leaf_16040,train
12341,leaf_20276,train
12342,leaf_17560,train
12343,leaf_16546,train
12344,leaf_13672,train
12345,leaf_14803,train
12346,leaf_928,train
12347,leaf_20675,train
12348,leaf_14439,train
12349,leaf_2038,train
12350,leaf_5774,train
12351,leaf_9246,train
12352,leaf_2194,train
12353,leaf_11056,train
12354,leaf_8627,train
12355,leaf_14571,train
12356,leaf_19883,train
12357,leaf_22590,train
12358,leaf_18293,train
12359,leaf_14378,train
12360,leaf_20954,train
12361,leaf_2882,train
12362,leaf_3156,train
12363,leaf_16833,train
12364,leaf_2316,train
12365,leaf_18114,train
12366,leaf_10907,train
12367,leaf_9036,train
12368,leaf_13690,train
12369,leaf_19333,train
12370,leaf_5489,train
12371,leaf_13589,train
12372,leaf_6988,train
12373,leaf_17178,train
12374,leaf_7951,train
12375,leaf_1826,train
12376,leaf_19400,train
12377,leaf_980,train
12378,leaf_4477,train
12379,leaf_3461,train
12380,leaf_1178,train
12381,leaf_14799,train
12382,leaf_20590,train
12383,leaf_6094,train
12384,leaf_22282,train
12385,leaf_19510,train
12386,leaf_1817,train
12387,leaf_5995,train
12388,leaf_15332,train
12389,leaf_2167,train
12390,leaf_2133,train
12391,leaf_7221,train
12392,leaf_10551,train
12393,leaf_6228,train
12394,leaf_1495,train
12395,leaf_2909,train
12396,leaf_18706,train
12397,leaf_22048,train
12398,leaf_7903,train
12399,leaf_1478,train
12400,leaf_21707,train
12401,leaf_18733,train
12402,leaf_21449,train
12403,leaf_2276,train
12404,leaf_20327,train
12405,leaf_19865,train
12406,leaf_4958,train
12407,leaf_5055,train
12408,leaf_910,train
12409,leaf_7523,train
12410,leaf_5214,train
12411,leaf_161,train
12412,leaf_12605,train
12413,leaf_18315,train
12414,leaf_18581,train
12415,leaf_8537,train
12416,leaf_20079,train
12417,leaf_4327,train
12418,leaf_17244,train
12419,leaf_23007,train
12420,leaf_20156,train
12421,leaf_54,train
12422,leaf_15151,train
12423,leaf_786,train
12424,leaf_13741,train
12425,leaf_22081,train
12426,leaf_14907,train
12427,leaf_20939,train
12428,leaf_2464,train
12429,leaf_14952,train
12430,leaf_14510,train
12431,leaf_22758,train
12432,leaf_10882,train
12433,leaf_4834,train
12434,leaf_296,train
12435,leaf_1013,train
12436,leaf_22879,train
12437,leaf_22785,train
12438,leaf_843,train
12439,leaf_21919,train
12440,leaf_680,train
12441,leaf_18460,train
12442,leaf_22988,train
12443,leaf_20479,train
12444,leaf_18947,train
12445,leaf_12141,train
12446,leaf_17518,train
12447,leaf_22054,train
12448,leaf_11053,train
12449,leaf_11244,train
12450,leaf_21113,train
12451,leaf_6291,train
12452,leaf_7834,train
12453,leaf_12024,train
12454,leaf_5890,train
12455,leaf_20271,train
12456,leaf_21230,train
12457,leaf_3771,train
12458,leaf_6451,train
12459,leaf_63,train
12460,leaf_21171,train
12461,leaf_13319,train
12462,leaf_16159,train
12463,leaf_7639,train
12464,leaf_7677,train
12465,leaf_2184,train
12466,leaf_9605,train
12467,leaf_6329,train
12468,leaf_6549,train
12469,leaf_3808,train
12470,leaf_12953,train
12471,leaf_1689,train
12472,leaf_16082,train
12473,leaf_17624,train
12474,leaf_18747,train
12475,leaf_21329,train
12476,leaf_7147,train
12477,leaf_9140,train
12478,leaf_4425,train
12479,leaf_2417,train
12480,leaf_1664,train
12481,leaf_3445,train
12482,leaf_16926,train
12483,leaf_19720,train
12484,leaf_20621,train
12485,leaf_9833,train
12486,leaf_11608,train
12487,leaf_17419,train
12488,leaf_3975,train
12489,leaf_9780,train
12490,leaf_12403,train
12491,leaf_20046,train
12492,leaf_12574,train
12493,leaf_4199,train
12494,leaf_21152,train
12495,leaf_17169,train
12496,leaf_749,train
12497,leaf_43,train
12498,leaf_8053,train
12499,leaf_4829,train
12500,leaf_17479,train
12501,leaf_6856,train
12502,leaf_20473,train
12503,leaf_14939,train
12504,leaf_8631,train
12505,leaf_3122,train
12506,leaf_8500,train
12507,leaf_8048,train
12508,leaf_21428,train
12509,leaf_396,train
12510,leaf_14312,train
12511,leaf_2542,train
12512,leaf_6872,train
12513,leaf_6748,train
12514,leaf_11006,train
12515,leaf_4298,train
12516,leaf_3033,train
12517,leaf_21008,train
12518,leaf_13571,train
12519,leaf_11162,train
12520,leaf_14565,train
12521,leaf_14354,train
12522,leaf_15906,train
12523,leaf_8495,train
12524,leaf_4812,train
12525,leaf_19956,train
12526,leaf_1750,train
12527,leaf_17646,train
12528,leaf_5190,train
12529,leaf_17573,train
12530,leaf_20105,train
12531,leaf_5592,train
12532,leaf_6680,train
12533,leaf_15531,train
12534,leaf_1777,train
12535,leaf_5965,train
12536,leaf_17249,train
12537,leaf_10990,train
12538,leaf_11709,train
12539,leaf_21506,train
12540,leaf_21472,train
12541,leaf_7308,train
12542,leaf_8339,train
12543,leaf_10121,train
12544,leaf_7857,train
12545,leaf_22920,train
12546,leaf_8899,train
12547,leaf_19236,train
12548,leaf_22694,train
12549,leaf_3609,train
12550,leaf_22731,train
12551,leaf_22956,train
12552,leaf_10796,train
12553,leaf_17237,train
12554,leaf_22364,train
12555,leaf_17991,train
12556,leaf_6848,train
12557,leaf_13284,train
12558,leaf_13462,train
12559,leaf_13433,train
12560,leaf_14051,train
12561,leaf_7755,train
12562,leaf_21133,train
12563,leaf_11096,train
12564,leaf_13594,train
12565,leaf_22832,train
12566,leaf_5650,train
12567,leaf_11200,train
12568,leaf_9836,train
12569,leaf_2125,train
12570,leaf_8553,train
12571,leaf_12371,train
12572,leaf_5377,train
12573,leaf_19967,train
12574,leaf_14446,train
12575,leaf_14590,train
12576,leaf_17074,train
12577,leaf_8848,train
12578,leaf_16257,train
12579,leaf_12085,train
12580,leaf_8578,train
12581,leaf_20847,train
12582,leaf_19155,train
12583,leaf_1961,train
12584,leaf_8214,train
12585,leaf_18637,train
12586,leaf_11979,train
12587,leaf_8576,train
12588,leaf_7982,train
12589,leaf_5286,train
12590,leaf_1615,train
12591,leaf_13300,train
12592,leaf_3420,train
12593,leaf_21825,train
12594,leaf_12903,train
12595,leaf_17117,train
12596,leaf_7884,train
12597,leaf_11870,train
12598,leaf_18685,train
12599,leaf_4139,train
12600,leaf_18889,train
12601,leaf_13884,train
12602,leaf_18382,train
12603,leaf_10946,train
12604,leaf_5647,train
12605,leaf_19970,train
12606,leaf_21314,train
12607,leaf_1675,train
12608,leaf_1315,train
12609,leaf_4720,train
12610,leaf_397,train
12611,leaf_1646,train
12612,leaf_12984,train
12613,leaf_2068,train
12614,leaf_20134,train
12615,leaf_16215,train
12616,leaf_17108,train
12617,leaf_9886,train
12618,leaf_17012,train
12619,leaf_16478,train
12620,leaf_10142,train
12621,leaf_21675,train
12622,leaf_2422,train
12623,leaf_2485,train
12624,leaf_5780,train
12625,leaf_6690,train
12626,leaf_6048,train
12627,leaf_10324,train
12628,leaf_22005,train
12629,leaf_20390,train
12630,leaf_21804,train
12631,leaf_8683,train
12632,leaf_2845,train
12633,leaf_631,train
12634,leaf_16691,train
12635,leaf_9885,train
12636,leaf_2805,train
12637,leaf_1981,train
12638,leaf_16613,train
12639,leaf_4719,train
12640,leaf_20245,train
12641,leaf_16468,train
12642,leaf_5389,train
12643,leaf_253,train
12644,leaf_3443,train
12645,leaf_19019,train
12646,leaf_9365,train
12647,leaf_18112,train
12648,leaf_5410,train
12649,leaf_5380,train
12650,leaf_12880,train
12651,leaf_21779,train
12652,leaf_344,train
12653,leaf_970,train
12654,leaf_22170,train
12655,leaf_11026,train
12656,leaf_7507,train
12657,leaf_231,train
12658,leaf_5786,train
12659,leaf_12948,train
12660,leaf_15820,train
12661,leaf_325,train
12662,leaf_12866,train
12663,leaf_20535,train
12664,leaf_9689,train
12665,leaf_19778,train
12666,leaf_8964,train
12667,leaf_20472,train
12668,leaf_1100,train
12669,leaf_1784,train
12670,leaf_18515,train
12671,leaf_12728,train
12672,leaf_21307,train
12673,leaf_21213,train
12674,leaf_1537,train
12675,leaf_10220,train
12676,leaf_7445,train
12677,leaf_17763,train
12678,leaf_7625,train
12679,leaf_2782,train
12680,leaf_3436,train
12681,leaf_893,train
12682,leaf_350,train
12683,leaf_12168,train
12684,leaf_2490,train
12685,leaf_11333,train
12686,leaf_1101,train
12687,leaf_19725,train
12688,leaf_18524,train
12689,leaf_15939,train
12690,leaf_2178,train
12691,leaf_20682,train
12692,leaf_4619,train
12693,leaf_12828,train
12694,leaf_19326,train
12695,leaf_10162,train
12696,leaf_18320,train
12697,leaf_176,train
12698,leaf_10643,train
12699,leaf_15893,train
12700,leaf_22639,train
12701,leaf_19136,train
12702,leaf_1678,train
12703,leaf_13795,train
12704,leaf_6904,train
12705,leaf_3793,train
12706,leaf_12893,train
12707,leaf_22225,train
12708,leaf_10476,train
12709,leaf_9104,train
12710,leaf_10261,train
12711,leaf_9664,train
12712,leaf_12203,train
12713,leaf_22118,train
12714,leaf_21637,train
12715,leaf_10578,train
12716,leaf_6518,train
12717,leaf_203,train
12718,leaf_18574,train
12719,leaf_14072,train
12720,leaf_5399,train
12721,leaf_22115,train
12722,leaf_13470,train
12723,leaf_13707,train
12724,leaf_228,train
12725,leaf_19314,train
12726,leaf_22273,train
12727,leaf_3526,train
12728,leaf_17650,train
12729,leaf_17978,train
12730,leaf_10198,train
12731,leaf_13466,train
12732,leaf_1341,train
12733,leaf_12172,train
12734,leaf_4304,train
12735,leaf_5990,train
12736,leaf_3508,train
12737,leaf_88,train
12738,leaf_8886,train
12739,leaf_2257,train
12740,leaf_20426,train
12741,leaf_6503,train
12742,leaf_5777,train
12743,leaf_12582,train
12744,leaf_8799,train
12745,leaf_19094,train
12746,leaf_4065,train
12747,leaf_4597,train
12748,leaf_8843,train
12749,leaf_2204,train
12750,leaf_4007,train
12751,leaf_14553,train
12752,leaf_5952,train
12753,leaf_21968,train
12754,leaf_13988,train
12755,leaf_10348,train
12756,leaf_13752,train
12757,leaf_11315,train
12758,leaf_5844,train
12759,leaf_2140,train
12760,leaf_14110,train
12761,leaf_13962,train
12762,leaf_6112,train
12763,leaf_15050,train
12764,leaf_4841,train
12765,leaf_11400,train
12766,leaf_13365,train
12767,leaf_9070,train
12768,leaf_21971,train
12769,leaf_9651,train
12770,leaf_19550,train
12771,leaf_12856,train
12772,leaf_22017,train
12773,leaf_2977,train
12774,leaf_2275,train
12775,leaf_13132,train
12776,leaf_12876,train
12777,leaf_17953,train
12778,leaf_3679,train
12779,leaf_10403,train
12780,leaf_1021,train
12781,leaf_5104,train
12782,leaf_334,train
12783,leaf_11857,train
12784,leaf_17805,train
12785,leaf_9211,train
12786,leaf_6431,train
12787,leaf_12153,train
12788,leaf_7642,train
12789,leaf_15283,train
12790,leaf_7137,train
12791,leaf_2567,train
12792,leaf_2095,train
12793,leaf_10966,train
12794,leaf_21980,train
12795,leaf_14641,train
12796,leaf_2164,train
12797,leaf_9936,train
12798,leaf_14391,train
12799,leaf_17031,train
12800,leaf_6697,train
12801,leaf_364,train
12802,leaf_22662,train
12803,leaf_1206,train
12804,leaf_7054,train
12805,leaf_8907,train
12806,leaf_20385,train
12807,leaf_22319,train
12808,leaf_3098,train
12809,leaf_11605,train
12810,leaf_3426,train
12811,leaf_20229,train
12812,leaf_10095,train
12813,leaf_9158,train
12814,leaf_11451,train
12815,leaf_18532,train
12816,leaf_8297,train
12817,leaf_19441,train
12818,leaf_5396,train
12819,leaf_2650,train
12820,leaf_8308,train
12821,leaf_450,train
12822,leaf_20756,train
12823,leaf_18134,train
12824,leaf_13078,train
12825,leaf_9030,train
12826,leaf_15965,train
12827,leaf_22317,train
12828,leaf_919,train
12829,leaf_5279,train
12830,leaf_10472,train
12831,leaf_4400,train
12832,leaf_4773,train
12833,leaf_20869,train
12834,leaf_2160,train
12835,leaf_21335,train
12836,leaf_6491,train
12837,leaf_10271,train
12838,leaf_19619,train
12839,leaf_1654,train
12840,leaf_18399,train
12841,leaf_11294,train
12842,leaf_11938,train
12843,leaf_11643,train
12844,leaf_6108,train
12845,leaf_7706,train
12846,leaf_14454,train
12847,leaf_4012,train
12848,leaf_1414,train
12849,leaf_239,train
12850,leaf_7984,train
12851,leaf_13511,train
12852,leaf_1303,train
12853,leaf_10496,train
12854,leaf_16574,train
12855,leaf_13615,train
12856,leaf_2841,train
12857,leaf_13443,train
12858,leaf_21014,train
12859,leaf_4227,train
12860,leaf_21172,train
12861,leaf_19090,train
12862,leaf_15038,train
12863,leaf_3645,train
12864,leaf_11353,train
12865,leaf_11697,train
12866,leaf_15032,train
12867,leaf_9559,train
12868,leaf_19706,train
12869,leaf_21837,train
12870,leaf_23065,train
12871,leaf_5571,train
12872,leaf_4616,train
12873,leaf_19139,train
12874,leaf_7031,train
12875,leaf_17167,train
12876,leaf_9874,train
12877,leaf_14117,train
12878,leaf_20709,train
12879,leaf_10818,train
12880,leaf_11562,train
12881,leaf_2604,train
12882,leaf_2996,train
12883,leaf_21267,train
12884,leaf_8990,train
12885,leaf_14890,train
12886,leaf_2314,train
12887,leaf_872,train
12888,leaf_8628,train
12889,leaf_21351,train
12890,leaf_1846,train
12891,leaf_16940,train
12892,leaf_14296,train
12893,leaf_12918,train
12894,leaf_14827,train
12895,leaf_19130,train
12896,leaf_13038,train
12897,leaf_1792,train
12898,leaf_10341,train
12899,leaf_15275,train
12900,leaf_4375,train
12901,leaf_960,train
12902,leaf_3013,train
12903,leaf_7268,train
12904,leaf_11423,train
12905,leaf_8713,train
12906,leaf_19756,train
12907,leaf_22332,train
12908,leaf_18716,train
12909,leaf_5818,train
12910,leaf_6659,train
12911,leaf_1787,train
12912,leaf_15307,train
12913,leaf_17606,train
12914,leaf_4974,train
12915,leaf_20023,train
12916,leaf_22695,train
12917,leaf_15493,train
12918,leaf_21049,train
12919,leaf_5275,train
12920,leaf_1608,train
12921,leaf_14148,train
12922,leaf_22264,train
12923,leaf_5333,train
12924,leaf_20934,train
12925,leaf_2049,train
12926,leaf_13509,train
12927,leaf_9294,train
12928,leaf_2579,train
12929,leaf_22109,train
12930,leaf_2080,train
12931,leaf_16451,train
12932,leaf_22321,train
12933,leaf_1096,train
12934,leaf_19568,train
12935,leaf_19232,train
12936,leaf_21555,train
12937,leaf_14686,train
12938,leaf_540,train
12939,leaf_21801,train
12940,leaf_16620,train
12941,leaf_21228,train
12942,leaf_10762,train
12943,leaf_20766,train
12944,leaf_3176,train
12945,leaf_7698,train
12946,leaf_12956,train
12947,leaf_12941,train
12948,leaf_13512,train
12949,leaf_3782,train
12950,leaf_12946,train
12951,leaf_2798,train
12952,leaf_13301,train
12953,leaf_2192,train
12954,leaf_4215,train
12955,leaf_8499,train
12956,leaf_1660,train
12957,leaf_22642,train
12958,leaf_20285,train
12959,leaf_2460,train
12960,leaf_22384,train
12961,leaf_7947,train
12962,leaf_11306,train
12963,leaf_19318,train
12964,leaf_2900,train
12965,leaf_9499,train
12966,leaf_10993,train
12967,leaf_9803,train
12968,leaf_20339,train
12969,leaf_13073,train
12970,leaf_11891,train
12971,leaf_20532,train
12972,leaf_4193,train
12973,leaf_10542,train
12974,leaf_5157,train
12975,leaf_10668,train
12976,leaf_9525,train
12977,leaf_5703,train
12978,leaf_7126,train
12979,leaf_4504,train
12980,leaf_7301,train
12981,leaf_1340,train
12982,leaf_7393,train
12983,leaf_15878,train
12984,leaf_12303,train
12985,leaf_5306,train
12986,leaf_1422,train
12987,leaf_15009,train
12988,leaf_17519,train
12989,leaf_10801,train
12990,leaf_6062,train
12991,leaf_15572,train
12992,leaf_20257,train
12993,leaf_22250,train
12994,leaf_22584,train
12995,leaf_18147,train
12996,leaf_5550,train
12997,leaf_3914,train
12998,leaf_20599,train
12999,leaf_12707,train
13000,leaf_18292,train
13001,leaf_9106,train
13002,leaf_19561,train
13003,leaf_15822,train
13004,leaf_6053,train
13005,leaf_10634,train
13006,leaf_14368,train
13007,leaf_4097,train
13008,leaf_16953,train
13009,leaf_3770,train
13010,leaf_799,train
13011,leaf_1238,train
13012,leaf_1709,train
13013,leaf_13820,train
13014,leaf_2131,train
13015,leaf_7090,train
13016,leaf_20198,train
13017,leaf_16072,train
13018,leaf_2528,train
13019,leaf_12566,train
13020,leaf_9736,train
13021,leaf_21847,train
13022,leaf_19001,train
13023,leaf_11531,train
13024,leaf_11717,train
13025,leaf_17040,train
13026,leaf_1308,train
13027,leaf_1773,train
13028,leaf_10419,train
13029,leaf_6084,train
13030,leaf_12626,train
13031,leaf_6397,train
13032,leaf_7674,train
13033,leaf_21643,train
13034,leaf_11800,train
13035,leaf_17164,train
13036,leaf_17201,train
13037,leaf_6255,train
13038,leaf_561,train
13039,leaf_14805,train
13040,leaf_6639,train
13041,leaf_15936,train
13042,leaf_1673,train
13043,leaf_15530,train
13044,leaf_19948,train
13045,leaf_5009,train
13046,leaf_2215,train
13047,leaf_6944,train
13048,leaf_11707,train
13049,leaf_12099,train
13050,leaf_20607,train
13051,leaf_18305,train
13052,leaf_15316,train
13053,leaf_2824,train
13054,leaf_2687,train
13055,leaf_412,train
13056,leaf_8978,train
13057,leaf_6400,train
13058,leaf_583,train
13059,leaf_18327,train
13060,leaf_21456,train
13061,leaf_9029,train
13062,leaf_9332,train
13063,leaf_5992,train
13064,leaf_7829,train
13065,leaf_10548,train
13066,leaf_1337,train
13067,leaf_13153,train
13068,leaf_16534,train
13069,leaf_14064,train
13070,leaf_2543,train
13071,leaf_5147,train
13072,leaf_14536,train
13073,leaf_16245,train
13074,leaf_12481,train
13075,leaf_16694,train
13076,leaf_16849,train
13077,leaf_2008,train
13078,leaf_13129,train
13079,leaf_11017,train
13080,leaf_14667,train
13081,leaf_15295,train
13082,leaf_12139,train
13083,leaf_6239,train
13084,leaf_11965,train
13085,leaf_21362,train
13086,leaf_22158,train
13087,leaf_18991,train
13088,leaf_1818,train
13089,leaf_15096,train
13090,leaf_9538,train
13091,leaf_18126,train
13092,leaf_12022,train
13093,leaf_11686,train
13094,leaf_10800,train
13095,leaf_4074,train
13096,leaf_21682,train
13097,leaf_15931,train
13098,leaf_1230,train
13099,leaf_7107,train
13100,leaf_3247,train
13101,leaf_22544,train
13102,leaf_18345,train
13103,leaf_14249,train
13104,leaf_7695,train
13105,leaf_19879,train
13106,leaf_21242,train
13107,leaf_5078,train
13108,leaf_14934,train
13109,leaf_2985,train
13110,leaf_17016,train
13111,leaf_13330,train
13112,leaf_19477,train
13113,leaf_8412,train
13114,leaf_6824,train
13115,leaf_2596,train
13116,leaf_7814,train
13117,leaf_12341,train
13118,leaf_16428,train
13119,leaf_11227,train
13120,leaf_6377,train
13121,leaf_4938,train
13122,leaf_7824,train
13123,leaf_22853,train
13124,leaf_1255,train
13125,leaf_6619,train
13126,leaf_14285,train
13127,leaf_3813,train
13128,leaf_6245,train
13129,leaf_3724,train
13130,leaf_3197,train
13131,leaf_17755,train
13132,leaf_3657,train
13133,leaf_5651,train
13134,leaf_2672,train
13135,leaf_16654,train
13136,leaf_18244,train
13137,leaf_21251,train
13138,leaf_11496,train
13139,leaf_9377,train
13140,leaf_19782,train
13141,leaf_10108,train
13142,leaf_10679,train
13143,leaf_19362,train
13144,leaf_20148,train
13145,leaf_16726,train
13146,leaf_9091,train
13147,leaf_20631,train
13148,leaf_16023,train
13149,leaf_16378,train
13150,leaf_17341,train
13151,leaf_11768,train
13152,leaf_7701,train
13153,leaf_11646,train
13154,leaf_17937,train
13155,leaf_20149,train
13156,leaf_8823,train
13157,leaf_22044,train
13158,leaf_5790,train
13159,leaf_605,train
13160,leaf_11447,train
13161,leaf_14520,train
13162,leaf_1375,train
13163,leaf_9221,train
13164,leaf_15407,train
13165,leaf_21435,train
13166,leaf_13479,train
13167,leaf_3053,train
13168,leaf_21018,train
13169,leaf_22687,train
13170,leaf_4929,train
13171,leaf_14625,train
13172,leaf_21703,train
13173,leaf_11794,train
13174,leaf_11868,train
13175,leaf_8735,train
13176,leaf_21793,train
13177,leaf_17195,train
13178,leaf_9224,train
13179,leaf_13760,train
13180,leaf_20362,train
13181,leaf_14212,train
13182,leaf_21021,train
13183,leaf_809,train
13184,leaf_16106,train
13185,leaf_9289,train
13186,leaf_4009,train
13187,leaf_5940,train
13188,leaf_2843,train
13189,leaf_12897,train
13190,leaf_15242,train
13191,leaf_16339,train
13192,leaf_21437,train
13193,leaf_21842,train
13194,leaf_15714,train
13195,leaf_12405,train
13196,leaf_11343,train
13197,leaf_12353,train
13198,leaf_8545,train
13199,leaf_12188,train
13200,leaf_2461,train
13201,leaf_8889,train
13202,leaf_20158,train
13203,leaf_22540,train
13204,leaf_11469,train
13205,leaf_1333,train
13206,leaf_6261,train
13207,leaf_19385,train
13208,leaf_7155,train
13209,leaf_11744,train
13210,leaf_17071,train
13211,leaf_7154,train
13212,leaf_20850,train
13213,leaf_4511,train
13214,leaf_8426,train
13215,leaf_11445,train
13216,leaf_22737,train
13217,leaf_24,train
13218,leaf_17614,train
13219,leaf_10537,train
13220,leaf_5573,train
13221,leaf_1570,train
13222,leaf_13705,train
13223,leaf_14482,train
13224,leaf_18175,train
13225,leaf_11648,train
13226,leaf_9659,train
13227,leaf_5227,train
13228,leaf_11419,train
13229,leaf_11320,train
13230,leaf_12987,train
13231,leaf_7638,train
13232,leaf_3519,train
13233,leaf_7119,train
13234,leaf_10463,train
13235,leaf_903,train
13236,leaf_19004,train
13237,leaf_13852,train
13238,leaf_3754,train
13239,leaf_22281,train
13240,leaf_21360,train
13241,leaf_3211,train
13242,leaf_14260,train
13243,leaf_8708,train
13244,leaf_21546,train
13245,leaf_21944,train
13246,leaf_17113,train
13247,leaf_11198,train
13248,leaf_13486,train
13249,leaf_2073,train
13250,leaf_15005,train
13251,leaf_18250,train
13252,leaf_5686,train
13253,leaf_5323,train
13254,leaf_17080,train
13255,leaf_2401,train
13256,leaf_9866,train
13257,leaf_11369,train
13258,leaf_6736,train
13259,leaf_22594,train
13260,leaf_16086,train
13261,leaf_14730,train
13262,leaf_9839,train
13263,leaf_20336,train
13264,leaf_962,train
13265,leaf_13559,train
13266,leaf_22068,train
13267,leaf_152,train
13268,leaf_225,train
13269,leaf_15722,train
13270,leaf_803,train
13271,leaf_4063,train
13272,leaf_1236,train
13273,leaf_9617,train
13274,leaf_787,train
13275,leaf_14533,train
13276,leaf_9939,train
13277,leaf_10098,train
13278,leaf_22667,train
13279,leaf_3439,train
13280,leaf_6193,train
13281,leaf_13225,train
13282,leaf_20402,train
13283,leaf_7326,train
13284,leaf_10986,train
13285,leaf_20722,train
13286,leaf_17203,train
13287,leaf_4751,train
13288,leaf_22787,train
13289,leaf_13758,train
13290,leaf_3837,train
13291,leaf_2780,train
13292,leaf_476,train
13293,leaf_13025,train
13294,leaf_4725,train
13295,leaf_9124,train
13296,leaf_13472,train
13297,leaf_1619,train
13298,leaf_16687,train
13299,leaf_10062,train
13300,leaf_2391,train
13301,leaf_7181,train
13302,leaf_15676,train
13303,leaf_5602,train
13304,leaf_18261,train
13305,leaf_20481,train
13306,leaf_19321,train
13307,leaf_17999,train
13308,leaf_6018,train
13309,leaf_18833,train
13310,leaf_12755,train
13311,leaf_6672,train
13312,leaf_5116,train
13313,leaf_817,train
13314,leaf_6139,train
13315,leaf_18601,train
13316,leaf_16644,train
13317,leaf_22021,train
13318,leaf_8756,train
13319,leaf_17660,train
13320,leaf_8375,train
13321,leaf_17583,train
13322,leaf_10726,train
13323,leaf_18029,train
13324,leaf_19011,train
13325,leaf_16109,train
13326,leaf_1544,train
13327,leaf_18079,train
13328,leaf_11790,train
13329,leaf_1670,train
13330,leaf_13664,train
13331,leaf_16978,train
13332,leaf_22290,train
13333,leaf_22286,train
13334,leaf_3959,train
13335,leaf_19998,train
13336,leaf_1766,train
13337,leaf_5738,train
13338,leaf_4082,train
13339,leaf_12894,train
13340,leaf_16922,train
13341,leaf_12379,train
13342,leaf_9988,train
13343,leaf_1521,train
13344,leaf_5368,train
13345,leaf_2891,train
13346,leaf_16661,train
13347,leaf_16724,train
13348,leaf_8241,train
13349,leaf_6599,train
13350,leaf_21937,train
13351,leaf_14024,train
13352,leaf_4846,train
13353,leaf_4747,train
13354,leaf_12698,train
13355,leaf_16345,train
13356,leaf_8023,train
13357,leaf_820,train
13358,leaf_2908,train
13359,leaf_3337,train
13360,leaf_3689,train
13361,leaf_4072,train
13362,leaf_22295,train
13363,leaf_4881,train
13364,leaf_7149,train
13365,leaf_10087,train
13366,leaf_13702,train
13367,leaf_6254,train
13368,leaf_1205,train
13369,leaf_2697,train
13370,leaf_3079,train
13371,leaf_14242,train
13372,leaf_21070,train
13373,leaf_14971,train
13374,leaf_8791,train
13375,leaf_810,train
13376,leaf_4924,train
13377,leaf_5874,train
13378,leaf_13922,train
13379,leaf_15117,train
13380,leaf_13391,train
13381,leaf_2995,train
13382,leaf_21591,train
13383,leaf_11107,train
13384,leaf_1464,train
13385,leaf_20231,train
13386,leaf_5978,train
13387,leaf_20915,train
13388,leaf_14989,train
13389,leaf_11067,train
13390,leaf_3978,train
13391,leaf_7851,train
13392,leaf_12391,train
13393,leaf_1184,train
13394,leaf_14365,train
13395,leaf_5406,train
13396,leaf_20075,train
13397,leaf_15584,train
13398,leaf_9108,train
13399,leaf_20960,train
13400,leaf_18834,train
13401,leaf_20784,train
13402,leaf_19307,train
13403,leaf_533,train
13404,leaf_6858,train
13405,leaf_12191,train
13406,leaf_20860,train
13407,leaf_4419,train
13408,leaf_14007,train
13409,leaf_9965,train
13410,leaf_207,train
13411,leaf_9755,train
13412,leaf_10565,train
13413,leaf_19655,train
13414,leaf_6460,train
13415,leaf_9943,train
13416,leaf_1745,train
13417,leaf_17267,train
13418,leaf_15043,train
13419,leaf_7112,train
13420,leaf_13286,train
13421,leaf_14095,train
13422,leaf_20487,train
13423,leaf_15400,train
13424,leaf_9661,train
13425,leaf_18477,train
13426,leaf_3347,train
13427,leaf_9908,train
13428,leaf_11947,train
13429,leaf_3477,train
13430,leaf_4368,train
13431,leaf_12784,train
13432,leaf_3025,train
13433,leaf_20248,train
13434,leaf_5252,train
13435,leaf_16034,train
13436,leaf_20568,train
13437,leaf_6210,train
13438,leaf_21346,train
13439,leaf_10165,train
13440,leaf_6320,train
13441,leaf_9584,train
13442,leaf_10987,train
13443,leaf_1009,train
13444,leaf_15877,train
13445,leaf_15055,train
13446,leaf_22425,train
13447,leaf_2224,train
13448,leaf_20061,train
13449,leaf_15982,train
13450,leaf_22753,train
13451,leaf_17581,train
13452,leaf_2070,train
13453,leaf_7950,train
13454,leaf_16105,train
13455,leaf_10763,train
13456,leaf_13012,train
13457,leaf_21188,train
13458,leaf_22968,train
13459,leaf_5057,train
13460,leaf_12793,train
13461,leaf_18513,train
13462,leaf_10235,train
13463,leaf_8734,train
13464,leaf_5077,train
13465,leaf_7436,train
13466,leaf_2933,train
13467,leaf_12980,train
13468,leaf_12718,train
13469,leaf_15993,train
13470,leaf_8751,train
13471,leaf_2228,train
13472,leaf_12342,train
13473,leaf_13105,train
13474,leaf_16621,train
13475,leaf_3564,train
13476,leaf_19964,train
13477,leaf_1215,train
13478,leaf_11537,train
13479,leaf_5612,train
13480,leaf_2398,train
13481,leaf_8025,train
13482,leaf_12451,train
13483,leaf_7275,train
13484,leaf_9341,train
13485,leaf_1498,train
13486,leaf_720,train
13487,leaf_4413,train
13488,leaf_21476,train
13489,leaf_4519,train
13490,leaf_10885,train
13491,leaf_11522,train
13492,leaf_17962,train
13493,leaf_12817,train
13494,leaf_19594,train
13495,leaf_8809,train
13496,leaf_13659,train
13497,leaf_13223,train
13498,leaf_39,train
13499,leaf_22070,train
13500,leaf_14577,train
13501,leaf_9555,train
13502,leaf_22302,train
13503,leaf_9275,train
13504,leaf_2893,train
13505,leaf_95,train
13506,leaf_14782,train
13507,leaf_18205,train
13508,leaf_6410,train
13509,leaf_3062,train
13510,leaf_18092,train
13511,leaf_249,train
13512,leaf_5195,train
13513,leaf_22263,train
13514,leaf_17390,train
13515,leaf_16083,train
13516,leaf_22154,train
13517,leaf_17618,train
13518,leaf_5611,train
13519,leaf_2043,train
13520,leaf_5514,train
13521,leaf_13178,train
13522,leaf_16236,train
13523,leaf_21250,train
13524,leaf_15120,train
13525,leaf_11182,train
13526,leaf_4018,train
13527,leaf_21891,train
13528,leaf_1701,train
13529,leaf_22723,train
13530,leaf_5455,train
13531,leaf_3441,train
13532,leaf_4674,train
13533,leaf_12254,train
13534,leaf_17507,train
13535,leaf_16195,train
13536,leaf_2974,train
13537,leaf_15224,train
13538,leaf_14566,train
13539,leaf_12944,train
13540,leaf_20578,train
13541,leaf_22039,train
13542,leaf_2339,train
13543,leaf_14581,train
13544,leaf_13380,train
13545,leaf_14498,train
13546,leaf_9188,train
13547,leaf_14042,train
13548,leaf_18687,train
13549,leaf_4013,train
13550,leaf_7769,train
13551,leaf_16200,train
13552,leaf_12512,train
13553,leaf_1028,train
13554,leaf_12639,train
13555,leaf_18447,train
13556,leaf_10450,train
13557,leaf_12647,train
13558,leaf_17886,train
13559,leaf_7882,train
13560,leaf_1725,train
13561,leaf_1987,train
13562,leaf_2530,train
13563,leaf_17647,train
13564,leaf_2028,train
13565,leaf_4479,train
13566,leaf_10753,train
13567,leaf_10180,train
13568,leaf_14233,train
13569,leaf_11888,train
13570,leaf_7724,train
13571,leaf_5986,train
13572,leaf_13387,train
13573,leaf_11696,train
13574,leaf_2958,train
13575,leaf_13228,train
13576,leaf_19615,train
13577,leaf_13557,train
13578,leaf_609,train
13579,leaf_18186,train
13580,leaf_17220,train
13581,leaf_18318,train
13582,leaf_16526,train
13583,leaf_4179,train
13584,leaf_22053,train
13585,leaf_2005,train
13586,leaf_6835,train
13587,leaf_3601,train
13588,leaf_4322,train
13589,leaf_15476,train
13590,leaf_14001,train
13591,leaf_16423,train
13592,leaf_2860,train
13593,leaf_6867,train
13594,leaf_19670,train
13595,leaf_13865,train
13596,leaf_18873,train
13597,leaf_10529,train
13598,leaf_18726,train
13599,leaf_20885,train
13600,leaf_17638,train
13601,leaf_9845,train
13602,leaf_4860,train
13603,leaf_6366,train
13604,leaf_16047,train
13605,leaf_11586,train
13606,leaf_22943,train
13607,leaf_8220,train
13608,leaf_15441,train
13609,leaf_13887,train
13610,leaf_19947,train
13611,leaf_13630,train
13612,leaf_18341,train
13613,leaf_15793,train
13614,leaf_983,train
13615,leaf_9616,train
13616,leaf_18512,train
13617,leaf_17284,train
13618,leaf_2152,train
13619,leaf_12001,train
13620,leaf_16865,train
13621,leaf_18407,train
13622,leaf_22826,train
13623,leaf_22423,train
13624,leaf_9416,train
13625,leaf_18714,train
13626,leaf_9089,train
13627,leaf_3896,train
13628,leaf_539,train
13629,leaf_11105,train
13630,leaf_13405,train
13631,leaf_17798,train
13632,leaf_13053,train
13633,leaf_20846,train
13634,leaf_5165,train
13635,leaf_12112,train
13636,leaf_7569,train
13637,leaf_5041,train
13638,leaf_14608,train
13639,leaf_17503,train
13640,leaf_15811,train
13641,leaf_4981,train
13642,leaf_22834,train
13643,leaf_18459,train
13644,leaf_85,train
13645,leaf_18472,train
13646,leaf_9376,train
13647,leaf_3257,train
13648,leaf_7902,train
13649,leaf_18702,train
13650,leaf_400,train
13651,leaf_11521,train
13652,leaf_18307,train
13653,leaf_16642,train
13654,leaf_22951,train
13655,leaf_22940,train
13656,leaf_8190,train
13657,leaf_11764,train
13658,leaf_23002,train
13659,leaf_4712,train
13660,leaf_9973,train
13661,leaf_21830,train
13662,leaf_9283,train
13663,leaf_8575,train
13664,leaf_1126,train
13665,leaf_19647,train
13666,leaf_3644,train
13667,leaf_67,train
13668,leaf_1613,train
13669,leaf_8267,train
13670,leaf_19957,train
13671,leaf_22178,train
13672,leaf_6796,train
13673,leaf_4182,train
13674,leaf_2420,train
13675,leaf_1879,train
13676,leaf_6345,train
13677,leaf_15758,train
13678,leaf_876,train
13679,leaf_14379,train
13680,leaf_18469,train
13681,leaf_11253,train
13682,leaf_14932,train
13683,leaf_578,train
13684,leaf_9760,train
13685,leaf_11041,train
13686,leaf_8749,train
13687,leaf_8314,train
13688,leaf_9846,train
13689,leaf_12205,train
13690,leaf_20332,train
13691,leaf_3655,train
13692,leaf_5335,train
13693,leaf_12294,train
13694,leaf_15129,train
13695,leaf_16352,train
13696,leaf_1645,train
13697,leaf_22908,train
13698,leaf_7539,train
13699,leaf_21705,train
13700,leaf_8956,train
13701,leaf_4335,train
13702,leaf_10691,train
13703,leaf_13468,train
13704,leaf_2785,train
13705,leaf_12709,train
13706,leaf_20877,train
13707,leaf_4608,train
13708,leaf_20890,train
13709,leaf_8794,train
13710,leaf_16024,train
13711,leaf_7265,train
13712,leaf_17253,train
13713,leaf_12150,train
13714,leaf_223,train
13715,leaf_1007,train
13716,leaf_2121,train
13717,leaf_13424,train
13718,leaf_17863,train
13719,leaf_17205,train
13720,leaf_21672,train
13721,leaf_19247,train
13722,leaf_12440,train
13723,leaf_16318,train
13724,leaf_10056,train
13725,leaf_9721,train
13726,leaf_22717,train
13727,leaf_7965,train
13728,leaf_12548,train
13729,leaf_15434,train
13730,leaf_1598,train
13731,leaf_12809,train
13732,leaf_16831,train
13733,leaf_16681,train
13734,leaf_13091,train
13735,leaf_8639,train
13736,leaf_14176,train
13737,leaf_10924,train
13738,leaf_6584,train
13739,leaf_2836,train
13740,leaf_7030,train
13741,leaf_16145,train
13742,leaf_5558,train
13743,leaf_8603,train
13744,leaf_16782,train
13745,leaf_9694,train
13746,leaf_13622,train
13747,leaf_699,train
13748,leaf_1387,train
13749,leaf_18319,train
13750,leaf_8475,train
13751,leaf_17375,train
13752,leaf_22022,train
13753,leaf_15733,train
13754,leaf_16503,train
13755,leaf_18299,train
13756,leaf_2937,train
13757,leaf_22599,train
13758,leaf_3418,train
13759,leaf_18145,train
13760,leaf_11601,train
13761,leaf_15433,train
13762,leaf_10895,train
13763,leaf_12354,train
13764,leaf_20626,train
13765,leaf_16294,train
13766,leaf_12298,train
13767,leaf_6960,train
13768,leaf_16017,train
13769,leaf_11533,train
13770,leaf_20102,train
13771,leaf_8605,train
13772,leaf_2145,train
13773,leaf_13680,train
13774,leaf_19999,train
13775,leaf_7471,train
13776,leaf_20941,train
13777,leaf_7259,train
13778,leaf_14435,train
13779,leaf_15977,train
13780,leaf_12261,train
13781,leaf_20000,train
13782,leaf_12631,train
13783,leaf_6594,train
13784,leaf_13785,train
13785,leaf_22628,train
13786,leaf_16403,train
13787,leaf_12835,train
13788,leaf_10407,train
13789,leaf_11413,train
13790,leaf_21855,train
13791,leaf_10594,train
13792,leaf_8884,train
13793,leaf_7859,train
13794,leaf_1067,train
13795,leaf_3873,train
13796,leaf_22897,train
13797,leaf_14511,train
13798,leaf_20463,train
13799,leaf_2046,train
13800,leaf_938,train
13801,leaf_19384,train
13802,leaf_2626,train
13803,leaf_7243,train
13804,leaf_15469,train
13805,leaf_9172,train
13806,leaf_10724,train
13807,leaf_10758,train
13808,leaf_7553,train
13809,leaf_4816,train
13810,leaf_2423,train
13811,leaf_5673,train
13812,leaf_21530,train
13813,leaf_11381,train
13814,leaf_4299,train
13815,leaf_15987,train
13816,leaf_20475,train
13817,leaf_8270,train
13818,leaf_11585,train
13819,leaf_14760,train
13820,leaf_8825,train
13821,leaf_5174,train
13822,leaf_19363,train
13823,leaf_10426,train
13824,leaf_20197,train
13825,leaf_4950,train
13826,leaf_13008,train
13827,leaf_21885,train
13828,leaf_4542,train
13829,leaf_2404,train
13830,leaf_21218,train
13831,leaf_20110,train
13832,leaf_5382,train
13833,leaf_10276,train
13834,leaf_9143,train
13835,leaf_6010,train
13836,leaf_21000,train
13837,leaf_21157,train
13838,leaf_1602,train
13839,leaf_16525,train
13840,leaf_652,train
13841,leaf_17714,train
13842,leaf_22316,train
13843,leaf_8568,train
13844,leaf_19157,train
13845,leaf_8962,train
13846,leaf_10393,train
13847,leaf_17032,train
13848,leaf_12843,train
13849,leaf_14222,train
13850,leaf_12678,train
13851,leaf_14010,train
13852,leaf_13247,train
13853,leaf_4625,train
13854,leaf_7981,train
13855,leaf_18773,train
13856,leaf_12633,train
13857,leaf_19344,train
13858,leaf_5092,train
13859,leaf_13428,train
13860,leaf_20536,train
13861,leaf_10915,train
13862,leaf_7855,train
13863,leaf_6687,train
13864,leaf_11493,train
13865,leaf_21405,train
13866,leaf_14434,train
13867,leaf_19933,train
13868,leaf_2319,train
13869,leaf_8800,train
13870,leaf_20194,train
13871,leaf_3670,train
13872,leaf_13181,train
13873,leaf_11854,train
13874,leaf_707,train
13875,leaf_11514,train
13876,leaf_10644,train
13877,leaf_10487,train
13878,leaf_649,train
13879,leaf_994,train
13880,leaf_5209,train
13881,leaf_17631,train
13882,leaf_3276,train
13883,leaf_17596,train
13884,leaf_16232,train
13885,leaf_10054,train
13886,leaf_1209,train
13887,leaf_2322,train
13888,leaf_9903,train
13889,leaf_16524,train
13890,leaf_22174,train
13891,leaf_5230,train
13892,leaf_7954,train
13893,leaf_15803,train
13894,leaf_12216,train
13895,leaf_18856,train
13896,leaf_20413,train
13897,leaf_4797,train
13898,leaf_12842,train
13899,leaf_3381,train
13900,leaf_11774,train
13901,leaf_4126,train
13902,leaf_8289,train
13903,leaf_247,train
13904,leaf_17796,train
13905,leaf_10291,train
13906,leaf_21243,train
13907,leaf_9891,train
13908,leaf_15835,train
13909,leaf_6026,train
13910,leaf_17183,train
13911,leaf_19516,train
13912,leaf_14519,train
13913,leaf_9692,train
13914,leaf_16686,train
13915,leaf_2866,train
13916,leaf_6531,train
13917,leaf_19888,train
13918,leaf_2512,train
13919,leaf_8988,train
13920,leaf_828,train
13921,leaf_6812,train
13922,leaf_16936,train
13923,leaf_498,train
13924,leaf_9564,train
13925,leaf_15418,train
13926,leaf_11171,train
13927,leaf_8769,train
13928,leaf_5662,train
13929,leaf_11208,train
13930,leaf_99,train
13931,leaf_1913,train
13932,leaf_11361,train
13933,leaf_18042,train
13934,leaf_9602,train
13935,leaf_13162,train
13936,leaf_22226,train
13937,leaf_1697,train
13938,leaf_7307,train
13939,leaf_8872,train
13940,leaf_14509,train
13941,leaf_2203,train
13942,leaf_5301,train
13943,leaf_20019,train
13944,leaf_1163,train
13945,leaf_20493,train
13946,leaf_14411,train
13947,leaf_4824,train
13948,leaf_3518,train
13949,leaf_18953,train
13950,leaf_15510,train
13951,leaf_9544,train
13952,leaf_16572,train
13953,leaf_15047,train
13954,leaf_18231,train
13955,leaf_12166,train
13956,leaf_12454,train
13957,leaf_3860,train
13958,leaf_11915,train
13959,leaf_15162,train
13960,leaf_445,train
13961,leaf_9420,train
13962,leaf_17810,train
13963,leaf_22237,train
13964,leaf_14877,train
13965,leaf_12780,train
13966,leaf_5270,train
13967,leaf_6794,train
13968,leaf_5864,train
13969,leaf_18451,train
13970,leaf_17644,train
13971,leaf_8652,train
13972,leaf_18610,train
13973,leaf_5280,train
13974,leaf_18590,train
13975,leaf_4015,train
13976,leaf_18801,train
13977,leaf_13654,train
13978,leaf_4507,train
13979,leaf_22781,train
13980,leaf_1902,train
13981,leaf_6354,train
13982,leaf_9823,train
13983,leaf_16325,train
13984,leaf_7719,train
13985,leaf_8695,train
13986,leaf_23066,train
13987,leaf_2583,train
13988,leaf_14462,train
13989,leaf_19184,train
13990,leaf_9391,train
13991,leaf_12352,train
13992,leaf_5332,train
13993,leaf_4478,train
13994,leaf_17984,train
13995,leaf_13544,train
13996,leaf_5296,train
13997,leaf_19975,train
13998,leaf_17698,train
13999,leaf_8881,train
14000,leaf_13456,train
14001,leaf_10850,train
14002,leaf_16467,train
14003,leaf_21355,train
14004,leaf_22815,train
14005,leaf_21906,train
14006,leaf_12090,train
14007,leaf_14209,train
14008,leaf_19399,train
14009,leaf_13147,train
14010,leaf_3096,train
14011,leaf_12257,train
14012,leaf_7746,train
14013,leaf_6283,train
14014,leaf_7408,train
14015,leaf_18023,train
14016,leaf_3066,train
14017,leaf_7689,train
14018,leaf_351,train
14019,leaf_14090,train
14020,leaf_4832,train
14021,leaf_2158,train
14022,leaf_15281,train
14023,leaf_6196,train
14024,leaf_3880,train
14025,leaf_20313,train
14026,leaf_2154,train
14027,leaf_11224,train
14028,leaf_10870,train
14029,leaf_10571,train
14030,leaf_22026,train
14031,leaf_10047,train
14032,leaf_13502,train
14033,leaf_7577,train
14034,leaf_7581,train
14035,leaf_8068,train
14036,leaf_15455,train
14037,leaf_19625,train
14038,leaf_6662,train
14039,leaf_18979,train
14040,leaf_1607,train
14041,leaf_996,train
14042,leaf_2447,train
14043,leaf_18812,train
14044,leaf_22306,train
14045,leaf_13233,train
14046,leaf_15845,train
14047,leaf_8105,train
14048,leaf_20615,train
14049,leaf_10100,train
14050,leaf_7417,train
14051,leaf_1749,train
14052,leaf_16552,train
14053,leaf_8567,train
14054,leaf_2715,train
14055,leaf_6863,train
14056,leaf_20400,train
14057,leaf_780,train
14058,leaf_10943,train
14059,leaf_399,train
14060,leaf_22722,train
14061,leaf_20406,train
14062,leaf_21092,train
14063,leaf_16429,train
14064,leaf_8163,train
14065,leaf_12551,train
14066,leaf_5883,train
14067,leaf_19814,train
14068,leaf_4470,train
14069,leaf_6946,train
14070,leaf_2056,train
14071,leaf_21831,train
14072,leaf_10676,train
14073,leaf_20809,train
14074,leaf_14757,train
14075,leaf_1057,train
14076,leaf_2086,train
14077,leaf_20094,train
14078,leaf_4807,train
14079,leaf_21768,train
14080,leaf_7141,train
14081,leaf_6143,train
14082,leaf_10960,train
14083,leaf_18728,train
14084,leaf_17485,train
14085,leaf_4245,train
14086,leaf_19533,train
14087,leaf_22916,train
14088,leaf_23014,train
14089,leaf_7586,train
14090,leaf_15945,train
14091,leaf_21882,train
14092,leaf_13995,train
14093,leaf_7348,train
14094,leaf_14237,train
14095,leaf_15444,train
14096,leaf_3305,train
14097,leaf_7559,train
14098,leaf_12545,train
14099,leaf_18229,train
14100,leaf_12936,train
14101,leaf_1288,train
14102,leaf_8433,train
14103,leaf_12650,train
14104,leaf_2443,train
14105,leaf_2641,train
14106,leaf_17492,train
14107,leaf_16779,train
14108,leaf_4061,train
14109,leaf_1930,train
14110,leaf_7382,train
14111,leaf_8352,train
14112,leaf_21082,train
14113,leaf_5799,train
14114,leaf_2540,train
14115,leaf_4121,train
14116,leaf_3414,train
14117,leaf_3812,train
14118,leaf_14032,train
14119,leaf_14063,train
14120,leaf_4451,train
14121,leaf_19727,train
14122,leaf_3637,train
14123,leaf_745,train
14124,leaf_19595,train
14125,leaf_14393,train
14126,leaf_8080,train
14127,leaf_15198,train
14128,leaf_6403,train
14129,leaf_17626,train
14130,leaf_8380,train
14131,leaf_1677,train
14132,leaf_5791,train
14133,leaf_8269,train
14134,leaf_11086,train
14135,leaf_16302,train
14136,leaf_16310,train
14137,leaf_235,train
14138,leaf_15301,train
14139,leaf_13099,train
14140,leaf_17891,train
14141,leaf_22119,train
14142,leaf_14917,train
14143,leaf_19495,train
14144,leaf_7133,train
14145,leaf_19354,train
14146,leaf_15501,train
14147,leaf_14302,train
14148,leaf_8585,train
14149,leaf_11855,train
14150,leaf_8232,train
14151,leaf_21853,train
14152,leaf_7838,train
14153,leaf_16512,train
14154,leaf_14610,train
14155,leaf_17501,train
14156,leaf_18744,train
14157,leaf_3838,train
14158,leaf_17222,train
14159,leaf_12602,train
14160,leaf_20272,train
14161,leaf_22362,train
14162,leaf_16459,train
14163,leaf_679,train
14164,leaf_11820,train
14165,leaf_22355,train
14166,leaf_19513,train
14167,leaf_3180,train
14168,leaf_11842,train
14169,leaf_14226,train
14170,leaf_17848,train
14171,leaf_14300,train
14172,leaf_20462,train
14173,leaf_15062,train
14174,leaf_14787,train
14175,leaf_19420,train
14176,leaf_2353,train
14177,leaf_2842,train
14178,leaf_7939,train
14179,leaf_14742,train
14180,leaf_2177,train
14181,leaf_15496,train
14182,leaf_21872,train
14183,leaf_2427,train
14184,leaf_11118,train
14185,leaf_15624,train
14186,leaf_11072,train
14187,leaf_165,train
14188,leaf_18377,train
14189,leaf_20223,train
14190,leaf_11249,train
14191,leaf_9603,train
14192,leaf_17758,train
14193,leaf_15110,train
14194,leaf_13614,train
14195,leaf_14236,train
14196,leaf_18985,train
14197,leaf_17068,train
14198,leaf_13124,train
14199,leaf_11065,train
14200,leaf_3333,train
14201,leaf_20901,train
14202,leaf_1128,train
14203,leaf_10394,train
14204,leaf_11552,train
14205,leaf_17935,train
14206,leaf_13071,train
14207,leaf_13148,train
14208,leaf_1439,train
14209,leaf_22998,train
14210,leaf_15177,train
14211,leaf_8115,train
14212,leaf_19336,train
14213,leaf_584,train
14214,leaf_18552,train
14215,leaf_8841,train
14216,leaf_18650,train
14217,leaf_4656,train
14218,leaf_11313,train
14219,leaf_21918,train
14220,leaf_4501,train
14221,leaf_18324,train
14222,leaf_3721,train
14223,leaf_8104,train
14224,leaf_20293,train
14225,leaf_20486,train
14226,leaf_8678,train
14227,leaf_15410,train
14228,leaf_13977,train
14229,leaf_22100,train
14230,leaf_20704,train
14231,leaf_8047,train
14232,leaf_1605,train
14233,leaf_6241,train
14234,leaf_6845,train
14235,leaf_3618,train
14236,leaf_19345,train
14237,leaf_13165,train
14238,leaf_11222,train
14239,leaf_3912,train
14240,leaf_5250,train
14241,leaf_16254,train
14242,leaf_16274,train
14243,leaf_2492,train
14244,leaf_2588,train
14245,leaf_20633,train
14246,leaf_5205,train
14247,leaf_7926,train
14248,leaf_15472,train
14249,leaf_3111,train
14250,leaf_6194,train
14251,leaf_13521,train
14252,leaf_8860,train
14253,leaf_4092,train
14254,leaf_19633,train
14255,leaf_21181,train
14256,leaf_7578,train
14257,leaf_6664,train
14258,leaf_2406,train
14259,leaf_18034,train
14260,leaf_4800,train
14261,leaf_4247,train
14262,leaf_4706,train
14263,leaf_12694,train
14264,leaf_16984,train
14265,leaf_20582,train
14266,leaf_13938,train
14267,leaf_3063,train
14268,leaf_9867,train
14269,leaf_13188,train
14270,leaf_8431,train
14271,leaf_18169,train
14272,leaf_9719,train
14273,leaf_20957,train
14274,leaf_2601,train
14275,leaf_18365,train
14276,leaf_13924,train
14277,leaf_20612,train
14278,leaf_21276,train
14279,leaf_19025,train
14280,leaf_11640,train
14281,leaf_888,train
14282,leaf_14935,train
14283,leaf_5110,train
14284,leaf_12224,train
14285,leaf_18850,train
14286,leaf_21691,train
14287,leaf_13863,train
14288,leaf_9571,train
14289,leaf_11191,train
14290,leaf_18223,train
14291,leaf_5782,train
14292,leaf_16818,train
14293,leaf_9464,train
14294,leaf_2897,train
14295,leaf_14694,train
14296,leaf_8615,train
14297,leaf_9092,train
14298,leaf_11890,train
14299,leaf_21484,train
14300,leaf_20604,train
14301,leaf_8665,train
14302,leaf_8336,train
14303,leaf_11838,train
14304,leaf_21291,train
14305,leaf_11705,train
14306,leaf_19163,train
14307,leaf_2251,train
14308,leaf_4861,train
14309,leaf_3069,train
14310,leaf_15713,train
14311,leaf_20696,train
14312,leaf_9000,train
14313,leaf_2030,train
14314,leaf_9069,train
14315,leaf_22162,train
14316,leaf_2884,train
14317,leaf_13490,train
14318,leaf_21342,train
14319,leaf_7766,train
14320,leaf_13862,train
14321,leaf_6896,train
14322,leaf_15655,train
14323,leaf_18879,train
14324,leaf_13911,train
14325,leaf_9653,train
14326,leaf_17918,train
14327,leaf_13970,train
14328,leaf_2717,train
14329,leaf_9683,train
14330,leaf_22435,train
14331,leaf_5569,train
14332,leaf_18949,train
14333,leaf_18802,train
14334,leaf_955,train
14335,leaf_13499,train
14336,leaf_13064,train
14337,leaf_6774,train
14338,leaf_1213,train
14339,leaf_9560,train
14340,leaf_22163,train
14341,leaf_3281,train
14342,leaf_14298,train
14343,leaf_1849,train
14344,leaf_5013,train
14345,leaf_19129,train
14346,leaf_621,train
14347,leaf_12579,train
14348,leaf_20928,train
14349,leaf_6966,train
14350,leaf_1780,train
14351,leaf_3971,train
14352,leaf_4843,train
14353,leaf_7762,train
14354,leaf_19426,train
14355,leaf_4359,train
14356,leaf_4631,train
14357,leaf_4459,train
14358,leaf_21639,train
14359,leaf_19110,train
14360,leaf_10783,train
14361,leaf_5384,train
14362,leaf_15760,train
14363,leaf_19607,train
14364,leaf_1788,train
14365,leaf_16177,train
14366,leaf_17952,train
14367,leaf_18081,train
14368,leaf_632,train
14369,leaf_864,train
14370,leaf_10532,train
14371,leaf_10259,train
14372,leaf_17448,train
14373,leaf_9256,train
14374,leaf_3672,train
14375,leaf_13009,train
14376,leaf_17889,train
14377,leaf_5283,train
14378,leaf_22279,train
14379,leaf_2559,train
14380,leaf_19977,train
14381,leaf_15875,train
14382,leaf_4639,train
14383,leaf_22627,train
14384,leaf_15378,train
14385,leaf_19349,train
14386,leaf_1517,train
14387,leaf_7887,train
14388,leaf_1097,train
14389,leaf_6472,train
14390,leaf_12278,train
14391,leaf_19556,train
14392,leaf_4750,train
14393,leaf_20835,train
14394,leaf_17840,train
14395,leaf_16738,train
14396,leaf_22864,train
14397,leaf_22206,train
14398,leaf_4071,train
14399,leaf_4602,train
14400,leaf_19118,train
14401,leaf_15008,train
14402,leaf_16295,train
14403,leaf_20042,train
14404,leaf_98,train
14405,leaf_22675,train
14406,leaf_135,train
14407,leaf_2431,train
14408,leaf_3944,train
14409,leaf_21614,train
14410,leaf_13444,train
14411,leaf_5367,train
14412,leaf_7248,train
14413,leaf_11402,train
14414,leaf_1454,train
14415,leaf_18326,train
14416,leaf_2722,train
14417,leaf_5845,train
14418,leaf_17662,train
14419,leaf_7019,train
14420,leaf_2616,train
14421,leaf_10075,train
14422,leaf_2695,train
14423,leaf_7780,train
14424,leaf_4888,train
14425,leaf_2174,train
14426,leaf_1576,train
14427,leaf_17256,train
14428,leaf_15127,train
14429,leaf_21781,train
14430,leaf_404,train
14431,leaf_20022,train
14432,leaf_21942,train
14433,leaf_21287,train
14434,leaf_15241,train
14435,leaf_201,train
14436,leaf_12232,train
14437,leaf_11673,train
14438,leaf_4710,train
14439,leaf_19899,train
14440,leaf_3283,train
14441,leaf_19265,train
14442,leaf_19245,train
14443,leaf_482,train
14444,leaf_10085,train
14445,leaf_13528,train
14446,leaf_22450,train
14447,leaf_21733,train
14448,leaf_17417,train
14449,leaf_8334,train
14450,leaf_635,train
14451,leaf_18427,train
14452,leaf_13966,train
14453,leaf_20343,train
14454,leaf_11152,train
14455,leaf_8647,train
14456,leaf_15905,train
14457,leaf_11045,train
14458,leaf_3817,train
14459,leaf_21400,train
14460,leaf_675,train
14461,leaf_14696,train
14462,leaf_14876,train
14463,leaf_8249,train
14464,leaf_7125,train
14465,leaf_12806,train
14466,leaf_9983,train
14467,leaf_2557,train
14468,leaf_3442,train
14469,leaf_4345,train
14470,leaf_15058,train
14471,leaf_16027,train
14472,leaf_271,train
14473,leaf_22020,train
14474,leaf_19881,train
14475,leaf_3852,train
14476,leaf_7231,train
14477,leaf_2327,train
14478,leaf_6093,train
14479,leaf_501,train
14480,leaf_9082,train
14481,leaf_9627,train
14482,leaf_17600,train
14483,leaf_5968,train
14484,leaf_1743,train
14485,leaf_18798,train
14486,leaf_17569,train
14487,leaf_4388,train
14488,leaf_12764,train
14489,leaf_13765,train
14490,leaf_9381,train
14491,leaf_8153,train
14492,leaf_1475,train
14493,leaf_16610,train
14494,leaf_19050,train
14495,leaf_3126,train
14496,leaf_4053,train
14497,leaf_18008,train
14498,leaf_4137,train
14499,leaf_22149,train
14500,leaf_13634,train
14501,leaf_11261,train
14502,leaf_13946,train
14503,leaf_567,train
14504,leaf_1332,train
14505,leaf_6977,train
14506,leaf_17109,train
14507,leaf_13492,train
14508,leaf_7917,train
14509,leaf_9400,train
14510,leaf_12430,train
14511,leaf_11048,train
14512,leaf_18539,train
14513,leaf_19962,train
14514,leaf_1237,train
14515,leaf_11998,train
14516,leaf_12712,train
14517,leaf_3134,train
14518,leaf_2847,train
14519,leaf_11829,train
14520,leaf_19693,train
14521,leaf_21347,train
14522,leaf_19182,train
14523,leaf_19618,train
14524,leaf_2634,train
14525,leaf_12238,train
14526,leaf_20848,train
14527,leaf_20855,train
14528,leaf_2546,train
14529,leaf_6574,train
14530,leaf_15279,train
14531,leaf_4487,train
14532,leaf_22533,train
14533,leaf_3886,train
14534,leaf_3023,train
14535,leaf_16565,train
14536,leaf_1180,train
14537,leaf_335,train
14538,leaf_6629,train
14539,leaf_11393,train
14540,leaf_7934,train
14541,leaf_16811,train
14542,leaf_3471,train
14543,leaf_9473,train
14544,leaf_8409,train
14545,leaf_23040,train
14546,leaf_9216,train
14547,leaf_20021,train
14548,leaf_15667,train
14549,leaf_3086,train
14550,leaf_7512,train
14551,leaf_5139,train
14552,leaf_17001,train
14553,leaf_6195,train
14554,leaf_15658,train
14555,leaf_1711,train
14556,leaf_16329,train
14557,leaf_19048,train
14558,leaf_19334,train
14559,leaf_268,train
14560,leaf_3485,train
14561,leaf_9170,train
14562,leaf_13828,train
14563,leaf_6928,train
14564,leaf_14353,train
14565,leaf_15382,train
14566,leaf_17202,train
14567,leaf_7649,train
14568,leaf_12461,train
14569,leaf_101,train
14570,leaf_21630,train
14571,leaf_21695,train
14572,leaf_14179,train
14573,leaf_16607,train
14574,leaf_18426,train
14575,leaf_22547,train
14576,leaf_18155,train
14577,leaf_23022,train
14578,leaf_20681,train
14579,leaf_10619,train
14580,leaf_14392,train
14581,leaf_1147,train
14582,leaf_178,train
14583,leaf_14191,train
14584,leaf_6814,train
14585,leaf_1130,train
14586,leaf_18346,train
14587,leaf_1369,train
14588,leaf_7442,train
14589,leaf_18489,train
14590,leaf_4275,train
14591,leaf_8064,train
14592,leaf_2962,train
14593,leaf_7633,train
14594,leaf_18337,train
14595,leaf_18108,train
14596,leaf_21004,train
14597,leaf_3403,train
14598,leaf_255,train
14599,leaf_13944,train
14600,leaf_2740,train
14601,leaf_17832,train
14602,leaf_20036,train
14603,leaf_17697,train
14604,leaf_6538,train
14605,leaf_22570,train
14606,leaf_16217,train
14607,leaf_16019,train
14608,leaf_15941,train
14609,leaf_14899,train
14610,leaf_9869,train
14611,leaf_16975,train
14612,leaf_9518,train
14613,leaf_8914,train
14614,leaf_20857,train
14615,leaf_8423,train
14616,leaf_17332,train
14617,leaf_895,train
14618,leaf_4258,train
14619,leaf_14494,train
14620,leaf_8219,train
14621,leaf_13488,train
14622,leaf_6677,train
14623,leaf_3932,train
14624,leaf_20903,train
14625,leaf_3484,train
14626,leaf_4897,train
14627,leaf_1753,train
14628,leaf_7056,train
14629,leaf_17679,train
14630,leaf_1963,train
14631,leaf_22387,train
14632,leaf_1956,train
14633,leaf_20461,train
14634,leaf_21676,train
14635,leaf_9691,train
14636,leaf_4917,train
14637,leaf_22439,train
14638,leaf_15237,train
14639,leaf_13933,train
14640,leaf_18203,train
14641,leaf_15762,train
14642,leaf_13914,train
14643,leaf_6413,train
14644,leaf_14329,train
14645,leaf_45,train
14646,leaf_6285,train
14647,leaf_10810,train
14648,leaf_18918,train
14649,leaf_7879,train
14650,leaf_6710,train
14651,leaf_21560,train
14652,leaf_12410,train
14653,leaf_18104,train
14654,leaf_17298,train
14655,leaf_20789,train
14656,leaf_21771,train
14657,leaf_8892,train
14658,leaf_4458,train
14659,leaf_7497,train
14660,leaf_5175,train
14661,leaf_21938,train
14662,leaf_14933,train
14663,leaf_13649,train
14664,leaf_1194,train
14665,leaf_22678,train
14666,leaf_10205,train
14667,leaf_20442,train
14668,leaf_14370,train
14669,leaf_5115,train
14670,leaf_7490,train
14671,leaf_17400,train
14672,leaf_21009,train
14673,leaf_6393,train
14674,leaf_7720,train
14675,leaf_7266,train
14676,leaf_17957,train
14677,leaf_21320,train
14678,leaf_15840,train
14679,leaf_14153,train
14680,leaf_7130,train
14681,leaf_13534,train
14682,leaf_17466,train
14683,leaf_10288,train
14684,leaf_16227,train
14685,leaf_16489,train
14686,leaf_4999,train
14687,leaf_20433,train
14688,leaf_8921,train
14689,leaf_5043,train
14690,leaf_11015,train
14691,leaf_2819,train
14692,leaf_18704,train
14693,leaf_15950,train
14694,leaf_18417,train
14695,leaf_13398,train
14696,leaf_18805,train
14697,leaf_12961,train
14698,leaf_14855,train
14699,leaf_14838,train
14700,leaf_4600,train
14701,leaf_14840,train
14702,leaf_2544,train
14703,leaf_22499,train
14704,leaf_2207,train
14705,leaf_15296,train
14706,leaf_3480,train
14707,leaf_13515,train
14708,leaf_21436,train
14709,leaf_22634,train
14710,leaf_17737,train
14711,leaf_15239,train
14712,leaf_19010,train
14713,leaf_4667,train
14714,leaf_14618,train
14715,leaf_7745,train
14716,leaf_20333,train
14717,leaf_19719,train
14718,leaf_21917,train
14719,leaf_11089,train
14720,leaf_2554,train
14721,leaf_10973,train
14722,leaf_8996,train
14723,leaf_22114,train
14724,leaf_1808,train
14725,leaf_11534,train
14726,leaf_5794,train
14727,leaf_11199,train
14728,leaf_4686,train
14729,leaf_20674,train
14730,leaf_69,train
14731,leaf_14195,train
14732,leaf_18867,train
14733,leaf_21800,train
14734,leaf_22784,train
14735,leaf_3859,train
14736,leaf_14476,train
14737,leaf_11230,train
14738,leaf_2761,train
14739,leaf_5025,train
14740,leaf_1611,train
14741,leaf_15953,train
14742,leaf_2112,train
14743,leaf_5722,train
14744,leaf_7124,train
14745,leaf_6855,train
14746,leaf_2671,train
14747,leaf_8795,train
14748,leaf_5519,train
14749,leaf_9150,train
14750,leaf_15616,train
14751,leaf_16402,train
14752,leaf_189,train
14753,leaf_8893,train
14754,leaf_1848,train
14755,leaf_19518,train
14756,leaf_18725,train
14757,leaf_1822,train
14758,leaf_4632,train
14759,leaf_10789,train
14760,leaf_20048,train
14761,leaf_17440,train
14762,leaf_4248,train
14763,leaf_7613,train
14764,leaf_13356,train
14765,leaf_13987,train
14766,leaf_9807,train
14767,leaf_1852,train
14768,leaf_4913,train
14769,leaf_3395,train
14770,leaf_7061,train
14771,leaf_2351,train
14772,leaf_5848,train
14773,leaf_10166,train
14774,leaf_18347,train
14775,leaf_11460,train
14776,leaf_11536,train
14777,leaf_1807,train
14778,leaf_1668,train
14779,leaf_17766,train
14780,leaf_13835,train
14781,leaf_22335,train
14782,leaf_12097,train
14783,leaf_8747,train
14784,leaf_14922,train
14785,leaf_13604,train
14786,leaf_4520,train
14787,leaf_6478,train
14788,leaf_17622,train
14789,leaf_14251,train
14790,leaf_18080,train
14791,leaf_15290,train
14792,leaf_15105,train
14793,leaf_21664,train
14794,leaf_7179,train
14795,leaf_20551,train
14796,leaf_12858,train
14797,leaf_19570,train
14798,leaf_11687,train
14799,leaf_21845,train
14800,leaf_7226,train
14801,leaf_4526,train
14802,leaf_16756,train
14803,leaf_9919,train
14804,leaf_21741,train
14805,leaf_15897,train
14806,leaf_5391,train
14807,leaf_17767,train
14808,leaf_17860,train
14809,leaf_4165,train
14810,leaf_7604,train
14811,leaf_12165,train
14812,leaf_21124,train
14813,leaf_21712,train
14814,leaf_11016,train
14815,leaf_18688,train
14816,leaf_10335,train
14817,leaf_13245,train
14818,leaf_9978,train
14819,leaf_11876,train
14820,leaf_20686,train
14821,leaf_4283,train
14822,leaf_5999,train
14823,leaf_23032,train
14824,leaf_6346,train
14825,leaf_1604,train
14826,leaf_15272,train
14827,leaf_6080,train
14828,leaf_22193,train
14829,leaf_13750,train
14830,leaf_3692,train
14831,leaf_9912,train
14832,leaf_23025,train
14833,leaf_2429,train
14834,leaf_5166,train
14835,leaf_12653,train
14836,leaf_4858,train
14837,leaf_22538,train
14838,leaf_15039,train
14839,leaf_4421,train
14840,leaf_1090,train
14841,leaf_16594,train
14842,leaf_17857,train
14843,leaf_15494,train
14844,leaf_11621,train
14845,leaf_13238,train
14846,leaf_3184,train
14847,leaf_18543,train
14848,leaf_5358,train
14849,leaf_22015,train
14850,leaf_13157,train
14851,leaf_6827,train
14852,leaf_4979,train
14853,leaf_11279,train
14854,leaf_2541,train
14855,leaf_15230,train
14856,leaf_14762,train
14857,leaf_9540,train
14858,leaf_3352,train
14859,leaf_20008,train
14860,leaf_19544,train
14861,leaf_3389,train
14862,leaf_17702,train
14863,leaf_19555,train
14864,leaf_5290,train
14865,leaf_10146,train
14866,leaf_10731,train
14867,leaf_11497,train
14868,leaf_12128,train
14869,leaf_616,train
14870,leaf_22748,train
14871,leaf_3450,train
14872,leaf_17739,train
14873,leaf_10553,train
14874,leaf_7432,train
14875,leaf_17261,train
14876,leaf_14854,train
14877,leaf_2801,train
14878,leaf_4552,train
14879,leaf_8762,train
14880,leaf_17439,train
14881,leaf_8290,train
14882,leaf_13423,train
14883,leaf_68,train
14884,leaf_8946,train
14885,leaf_19434,train
14886,leaf_6129,train
14887,leaf_11425,train
14888,leaf_11213,train
14889,leaf_9729,train
14890,leaf_16456,train
14891,leaf_9298,train
14892,leaf_2688,train
14893,leaf_7460,train
14894,leaf_20239,train
14895,leaf_18639,train
14896,leaf_19602,train
14897,leaf_11363,train
14898,leaf_10197,train
14899,leaf_12642,train
14900,leaf_19743,train
14901,leaf_4772,train
14902,leaf_12360,train
14903,leaf_12600,train
14904,leaf_21283,train
14905,leaf_6006,train
14906,leaf_12844,train
14907,leaf_20252,train
14908,leaf_14841,train
14909,leaf_22648,train
14910,leaf_7428,train
14911,leaf_12286,train
14912,leaf_14203,train
14913,leaf_16597,train
14914,leaf_5152,train
14915,leaf_18481,train
14916,leaf_13902,train
14917,leaf_8883,train
14918,leaf_20927,train
14919,leaf_6481,train
14920,leaf_8485,train
14921,leaf_13408,train
14922,leaf_2657,train
14923,leaf_20968,train
14924,leaf_13184,train
14925,leaf_8489,train
14926,leaf_3788,train
14927,leaf_4508,train
14928,leaf_11127,train
14929,leaf_15289,train
14930,leaf_18002,train
14931,leaf_21626,train
14932,leaf_20116,train
14933,leaf_7710,train
14934,leaf_11719,train
14935,leaf_2932,train
14936,leaf_12995,train
14937,leaf_11821,train
14938,leaf_6923,train
14939,leaf_20964,train
14940,leaf_8000,train
14941,leaf_13827,train
14942,leaf_16494,train
14943,leaf_5759,train
14944,leaf_13256,train
14945,leaf_7501,train
14946,leaf_10309,train
14947,leaf_106,train
14948,leaf_7187,train
14949,leaf_15872,train
14950,leaf_20812,train
14951,leaf_4149,train
14952,leaf_7378,train
14953,leaf_2830,train
14954,leaf_4596,train
14955,leaf_15901,train
14956,leaf_19365,train
14957,leaf_18217,train
14958,leaf_4209,train
14959,leaf_9397,train
14960,leaf_1305,train
14961,leaf_21391,train
14962,leaf_11526,train
14963,leaf_12777,train
14964,leaf_20627,train
14965,leaf_22530,train
14966,leaf_22089,train
14967,leaf_14245,train
14968,leaf_21740,train
14969,leaf_18046,train
14970,leaf_13743,train
14971,leaf_19035,train
14972,leaf_11414,train
14973,leaf_15359,train
14974,leaf_21062,train
14975,leaf_4048,train
14976,leaf_3927,train
14977,leaf_16658,train
14978,leaf_2248,train
14979,leaf_11025,train
14980,leaf_5237,train
14981,leaf_5746,train
14982,leaf_10630,train
14983,leaf_11439,train
14984,leaf_10923,train
14985,leaf_17396,train
14986,leaf_23074,train
14987,leaf_5185,train
14988,leaf_20146,train
14989,leaf_14897,train
14990,leaf_10772,train
14991,leaf_3653,train
14992,leaf_5080,train
14993,leaf_12852,train
14994,leaf_8428,train
14995,leaf_9291,train
14996,leaf_18504,train
14997,leaf_16519,train
14998,leaf_20128,train
14999,leaf_7582,train
15000,leaf_19671,train
15001,leaf_22298,train
15002,leaf_9770,train
15003,leaf_9447,train
15004,leaf_3651,train
15005,leaf_20778,train
15006,leaf_18606,train
15007,leaf_9290,train
15008,leaf_18200,train
15009,leaf_10113,train
15010,leaf_22342,train
15011,leaf_2457,train
15012,leaf_1149,train
15013,leaf_16532,train
15014,leaf_23049,train
15015,leaf_12715,train
15016,leaf_19603,train
15017,leaf_5056,train
15018,leaf_11844,train
15019,leaf_19093,train
15020,leaf_17977,train
15021,leaf_613,train
15022,leaf_9751,train
15023,leaf_14749,train
15024,leaf_20760,train
15025,leaf_3453,train
15026,leaf_16292,train
15027,leaf_9276,train
15028,leaf_17636,train
15029,leaf_13731,train
15030,leaf_7700,train
15031,leaf_17983,train
15032,leaf_1431,train
15033,leaf_4174,train
15034,leaf_12418,train
15035,leaf_10560,train
15036,leaf_2179,train
15037,leaf_6897,train
15038,leaf_21725,train
15039,leaf_6177,train
15040,leaf_9166,train
15041,leaf_6373,train
15042,leaf_2558,train
15043,leaf_14972,train
15044,leaf_4225,train
15045,leaf_15947,train
15046,leaf_19787,train
15047,leaf_19840,train
15048,leaf_21812,train
15049,leaf_16923,train
15050,leaf_15190,train
15051,leaf_1938,train
15052,leaf_5059,train
15053,leaf_11331,train
15054,leaf_13430,train
15055,leaf_8989,train
15056,leaf_6277,train
15057,leaf_6152,train
15058,leaf_7620,train
15059,leaf_3353,train
15060,leaf_3386,train
15061,leaf_4512,train
15062,leaf_20365,train
15063,leaf_5723,train
15064,leaf_12423,train
15065,leaf_19183,train
15066,leaf_13951,train
15067,leaf_4671,train
15068,leaf_10858,train
15069,leaf_22256,train
15070,leaf_6669,train
15071,leaf_15192,train
15072,leaf_6421,train
15073,leaf_11269,train
15074,leaf_15194,train
15075,leaf_6419,train
15076,leaf_3162,train
15077,leaf_19870,train
15078,leaf_19808,train
15079,leaf_2237,train
15080,leaf_8858,train
15081,leaf_1638,train
15082,leaf_6096,train
15083,leaf_18095,train
15084,leaf_16150,train
15085,leaf_3789,train
15086,leaf_22658,train
15087,leaf_19391,train
15088,leaf_18364,train
15089,leaf_6989,train
15090,leaf_5259,train
15091,leaf_10268,train
15092,leaf_19914,train
15093,leaf_18776,train
15094,leaf_8406,train
15095,leaf_13797,train
15096,leaf_12606,train
15097,leaf_9553,train
15098,leaf_12924,train
15099,leaf_5402,train
15100,leaf_16567,train
15101,leaf_14528,train
15102,leaf_8529,train
15103,leaf_1181,train
15104,leaf_1995,train
15105,leaf_9675,train
15106,leaf_7467,train
15107,leaf_19589,train
15108,leaf_18159,train
15109,leaf_8563,train
15110,leaf_5540,train
15111,leaf_15703,train
15112,leaf_3781,train
15113,leaf_13932,train
15114,leaf_946,train
15115,leaf_22084,train
15116,leaf_162,train
15117,leaf_16452,train
15118,leaf_21448,train
15119,leaf_1655,train
15120,leaf_953,train
15121,leaf_21984,train
15122,leaf_6632,train
15123,leaf_19499,train
15124,leaf_16377,train
15125,leaf_8369,train
15126,leaf_7219,train
15127,leaf_14920,train
15128,leaf_3317,train
15129,leaf_13746,train
15130,leaf_13536,train
15131,leaf_20510,train
15132,leaf_12716,train
15133,leaf_22401,train
15134,leaf_6382,train
15135,leaf_2293,train
15136,leaf_1460,train
15137,leaf_1889,train
15138,leaf_14221,train
15139,leaf_5983,train
15140,leaf_9537,train
15141,leaf_1316,train
15142,leaf_4740,train
15143,leaf_8710,train
15144,leaf_19478,train
15145,leaf_5637,train
15146,leaf_115,train
15147,leaf_12267,train
15148,leaf_11578,train
15149,leaf_14541,train
15150,leaf_11738,train
15151,leaf_20938,train
15152,leaf_21284,train
15153,leaf_22468,train
15154,leaf_9663,train
15155,leaf_8304,train
15156,leaf_14679,train
15157,leaf_19729,train
15158,leaf_22392,train
15159,leaf_22408,train
15160,leaf_22383,train
15161,leaf_22605,train
15162,leaf_5254,train
15163,leaf_21577,train
15164,leaf_14712,train
15165,leaf_8530,train
15166,leaf_6249,train
15167,leaf_826,train
15168,leaf_22647,train
15169,leaf_21140,train
15170,leaf_10541,train
15171,leaf_7815,train
15172,leaf_15098,train
15173,leaf_21336,train
15174,leaf_22117,train
15175,leaf_15213,train
15176,leaf_12105,train
15177,leaf_1171,train
15178,leaf_15909,train
15179,leaf_14194,train
15180,leaf_17959,train
15181,leaf_19737,train
15182,leaf_4826,train
15183,leaf_18759,train
15184,leaf_16963,train
15185,leaf_10527,train
15186,leaf_11824,train
15187,leaf_4810,train
15188,leaf_4163,train
15189,leaf_10515,train
15190,leaf_22050,train
15191,leaf_10890,train
15192,leaf_3014,train
15193,leaf_17391,train
15194,leaf_22997,train
15195,leaf_4684,train
15196,leaf_2878,train
15197,leaf_11906,train
15198,leaf_13156,train
15199,leaf_1841,train
15200,leaf_11984,train
15201,leaf_17513,train
15202,leaf_18363,train
15203,leaf_15073,train
15204,leaf_22803,train
15205,leaf_8602,train
15206,leaf_20233,train
15207,leaf_4729,train
15208,leaf_14332,train
15209,leaf_11978,train
15210,leaf_14401,train
15211,leaf_15456,train
15212,leaf_642,train
15213,leaf_12077,train
15214,leaf_16533,train
15215,leaf_12977,train
15216,leaf_6635,train
15217,leaf_22677,train
15218,leaf_22379,train
15219,leaf_7777,train
15220,leaf_8662,train
15221,leaf_5049,train
15222,leaf_13455,train
15223,leaf_21864,train
15224,leaf_1546,train
15225,leaf_20575,train
15226,leaf_9238,train
15227,leaf_15608,train
15228,leaf_134,train
15229,leaf_2991,train
15230,leaf_5350,train
15231,leaf_15268,train
15232,leaf_17130,train
15233,leaf_2021,train
15234,leaf_10117,train
15235,leaf_1694,train
15236,leaf_6341,train
15237,leaf_15579,train
15238,leaf_6448,train
15239,leaf_15238,train
15240,leaf_18006,train
15241,leaf_5850,train
15242,leaf_14256,train
15243,leaf_16980,train
15244,leaf_14169,train
15245,leaf_13052,train
15246,leaf_7222,train
15247,leaf_627,train
15248,leaf_9829,train
15249,leaf_21588,train
15250,leaf_21123,train
15251,leaf_4379,train
15252,leaf_2265,train
15253,leaf_10144,train
15254,leaf_9503,train
15255,leaf_19767,train
15256,leaf_16121,train
15257,leaf_11376,train
15258,leaf_11810,train
15259,leaf_19816,train
15260,leaf_22261,train
15261,leaf_12103,train
15262,leaf_9795,train
15263,leaf_9258,train
15264,leaf_4845,train
15265,leaf_8509,train
15266,leaf_17756,train
15267,leaf_16180,train
15268,leaf_7805,train
15269,leaf_6315,train
15270,leaf_8095,train
15271,leaf_17628,train
15272,leaf_689,train
15273,leaf_11937,train
15274,leaf_8793,train
15275,leaf_4279,train
15276,leaf_924,train
15277,leaf_16446,train
15278,leaf_19489,train
15279,leaf_17681,train
15280,leaf_19100,train
15281,leaf_9437,train
15282,leaf_18942,train
15283,leaf_423,train
15284,leaf_3929,train
15285,leaf_1919,train
15286,leaf_663,train
15287,leaf_10159,train
15288,leaf_7076,train
15289,leaf_13800,train
15290,leaf_11,train
15291,leaf_20881,train
15292,leaf_7190,train
15293,leaf_6405,train
15294,leaf_10290,train
15295,leaf_22388,train
15296,leaf_10716,train
15297,leaf_20554,train
15298,leaf_17932,train
15299,leaf_18441,train
15300,leaf_1329,train
15301,leaf_11196,train
15302,leaf_16733,train
15303,leaf_97,train
15304,leaf_5919,train
15305,leaf_14128,train
15306,leaf_15040,train
15307,leaf_3142,train
15308,leaf_19838,train
15309,leaf_8376,train
15310,leaf_18444,train
15311,leaf_13641,train
15312,leaf_4081,train
15313,leaf_16751,train
15314,leaf_15388,train
15315,leaf_6054,train
15316,leaf_18107,train
15317,leaf_52,train
15318,leaf_14947,train
15319,leaf_10976,train
15320,leaf_6305,train
15321,leaf_14327,train
15322,leaf_5081,train
15323,leaf_4820,train
15324,leaf_20384,train
15325,leaf_7262,train
15326,leaf_9078,train
15327,leaf_5529,train
15328,leaf_4530,train
15329,leaf_20078,train
15330,leaf_19174,train
15331,leaf_4395,train
15332,leaf_8194,train
15333,leaf_6063,train
15334,leaf_12435,train
15335,leaf_1061,train
15336,leaf_15394,train
15337,leaf_14652,train
15338,leaf_9327,train
15339,leaf_14828,train
15340,leaf_7978,train
15341,leaf_13477,train
15342,leaf_19283,train
15343,leaf_14945,train
15344,leaf_6783,train
15345,leaf_4469,train
15346,leaf_20882,train
15347,leaf_20369,train
15348,leaf_9152,train
15349,leaf_7622,train
15350,leaf_5002,train
15351,leaf_12503,train
15352,leaf_14642,train
15353,leaf_14981,train
15354,leaf_14990,train
15355,leaf_19053,train
15356,leaf_10650,train
15357,leaf_18033,train
15358,leaf_10906,train
15359,leaf_3940,train
15360,leaf_1179,train
15361,leaf_1082,train
15362,leaf_6297,train
15363,leaf_3543,train
15364,leaf_10686,train
15365,leaf_3271,train
15366,leaf_892,train
15367,leaf_21269,train
15368,leaf_14255,train
15369,leaf_16247,train
15370,leaf_11332,train
15371,leaf_7227,train
15372,leaf_2122,train
15373,leaf_8058,train
15374,leaf_497,train
15375,leaf_15986,train
15376,leaf_8512,train
15377,leaf_15848,train
15378,leaf_13193,train
15379,leaf_15648,train
15380,leaf_7784,train
15381,leaf_14801,train
15382,leaf_3303,train
15383,leaf_17155,train
15384,leaf_20302,train
15385,leaf_5779,train
15386,leaf_563,train
15387,leaf_10802,train
15388,leaf_1203,train
15389,leaf_6780,train
15390,leaf_16476,train
15391,leaf_8143,train
15392,leaf_7036,train
15393,leaf_15598,train
15394,leaf_4746,train
15395,leaf_20144,train
15396,leaf_1217,train
15397,leaf_4138,train
15398,leaf_20072,train
15399,leaf_6597,train
15400,leaf_15297,train
15401,leaf_2910,train
15402,leaf_17806,train
15403,leaf_9411,train
15404,leaf_7502,train
15405,leaf_22609,train
15406,leaf_10712,train
15407,leaf_18653,train
15408,leaf_10792,train
15409,leaf_2835,train
15410,leaf_3462,train
15411,leaf_1857,train
15412,leaf_8181,train
15413,leaf_15689,train
15414,leaf_274,train
15415,leaf_785,train
15416,leaf_1591,train
15417,leaf_8024,train
15418,leaf_19063,train
15419,leaf_7357,train
15420,leaf_21673,train
15421,leaf_6618,train
15422,leaf_19754,train
15423,leaf_13227,train
15424,leaf_244,train
15425,leaf_20577,train
15426,leaf_544,train
15427,leaf_19862,train
15428,leaf_7901,train
15429,leaf_10611,train
15430,leaf_5666,train
15431,leaf_7980,train
15432,leaf_5374,train
15433,leaf_5833,train
15434,leaf_18870,train
15435,leaf_11210,train
15436,leaf_16904,train
15437,leaf_1366,train
15438,leaf_8780,train
15439,leaf_5047,train
15440,leaf_123,train
15441,leaf_6661,train
15442,leaf_7918,train
15443,leaf_19052,train
15444,leaf_1886,train
15445,leaf_20119,train
15446,leaf_1936,train
15447,leaf_18570,train
15448,leaf_16789,train
15449,leaf_21217,train
15450,leaf_6994,train
15451,leaf_1853,train
15452,leaf_12367,train
15453,leaf_21615,train
15454,leaf_6768,train
15455,leaf_13901,train
15456,leaf_15693,train
15457,leaf_18943,train
15458,leaf_4545,train
15459,leaf_2703,train
15460,leaf_22347,train
15461,leaf_3532,train
15462,leaf_2617,train
15463,leaf_3811,train
15464,leaf_8953,train
15465,leaf_1145,train
15466,leaf_592,train
15467,leaf_1363,train
15468,leaf_21234,train
15469,leaf_9326,train
15470,leaf_6550,train
15471,leaf_3186,train
15472,leaf_8135,train
15473,leaf_3311,train
15474,leaf_8565,train
15475,leaf_8778,train
15476,leaf_21644,train
15477,leaf_17652,train
15478,leaf_2396,train
15479,leaf_1592,train
15480,leaf_22215,train
15481,leaf_6208,train
15482,leaf_1040,train
15483,leaf_21736,train
15484,leaf_18462,train
15485,leaf_9592,train
15486,leaf_17119,train
15487,leaf_8458,train
15488,leaf_14022,train
15489,leaf_14066,train
15490,leaf_13425,train
15491,leaf_4952,train
15492,leaf_20376,train
15493,leaf_17582,train
15494,leaf_9001,train
15495,leaf_19812,train
15496,leaf_2573,train
15497,leaf_20465,train
15498,leaf_15045,train
15499,leaf_3841,train
15500,leaf_4533,train
15501,leaf_21357,train
15502,leaf_14214,train
15503,leaf_5803,train
15504,leaf_19819,train
15505,leaf_4431,train
15506,leaf_21322,train
15507,leaf_5293,train
15508,leaf_17719,train
15509,leaf_21988,train
15510,leaf_4213,train
15511,leaf_9014,train
15512,leaf_16312,train
15513,leaf_1783,train
15514,leaf_19844,train
15515,leaf_21861,train
15516,leaf_12816,train
15517,leaf_4262,train
15518,leaf_22180,train
15519,leaf_16715,train
15520,leaf_14793,train
15521,leaf_16056,train
15522,leaf_19662,train
15523,leaf_15313,train
15524,leaf_13840,train
15525,leaf_10730,train
15526,leaf_12827,train
15527,leaf_5356,train
15528,leaf_18780,train
15529,leaf_21534,train
15530,leaf_10273,train
15531,leaf_5267,train
15532,leaf_14953,train
15533,leaf_9681,train
15534,leaf_19636,train
15535,leaf_20553,train
15536,leaf_7607,train
15537,leaf_19702,train
15538,leaf_15614,train
15539,leaf_18604,train
15540,leaf_4026,train
15541,leaf_1113,train
15542,leaf_2817,train
15543,leaf_11444,train
15544,leaf_19119,train
15545,leaf_13079,train
15546,leaf_10663,train
15547,leaf_20249,train
15548,leaf_13939,train
15549,leaf_3671,train
15550,leaf_3998,train
15551,leaf_9399,train
15552,leaf_10694,train
15553,leaf_20037,train
15554,leaf_6227,train
15555,leaf_13537,train
15556,leaf_4146,train
15557,leaf_10364,train
15558,leaf_20962,train
15559,leaf_248,train
15560,leaf_21576,train
15561,leaf_18936,train
15562,leaf_9645,train
15563,leaf_17828,train
15564,leaf_16775,train
15565,leaf_19683,train
15566,leaf_338,train
15567,leaf_8644,train
15568,leaf_21482,train
15569,leaf_22278,train
15570,leaf_20897,train
15571,leaf_5062,train
15572,leaf_844,train
15573,leaf_11375,train
15574,leaf_16482,train
15575,leaf_4169,train
15576,leaf_1686,train
15577,leaf_15889,train
15578,leaf_5750,train
15579,leaf_16861,train
15580,leaf_16439,train
15581,leaf_18007,train
15582,leaf_10985,train
15583,leaf_905,train
15584,leaf_8887,train
15585,leaf_15750,train
15586,leaf_8862,train
15587,leaf_22491,train
15588,leaf_19866,train
15589,leaf_15951,train
15590,leaf_8697,train
15591,leaf_19278,train
15592,leaf_3703,train
15593,leaf_16051,train
15594,leaf_494,train
15595,leaf_8438,train
15596,leaf_20555,train
15597,leaf_13195,train
15598,leaf_22849,train
15599,leaf_3913,train
15600,leaf_20724,train
15601,leaf_1029,train
15602,leaf_20596,train
15603,leaf_7446,train
15604,leaf_21349,train
15605,leaf_6457,train
15606,leaf_16391,train
15607,leaf_5063,train
15608,leaf_19538,train
15609,leaf_20613,train
15610,leaf_14333,train
15611,leaf_12062,train
15612,leaf_7763,train
15613,leaf_10557,train
15614,leaf_7322,train
15615,leaf_706,train
15616,leaf_762,train
15617,leaf_3558,train
15618,leaf_10775,train
15619,leaf_5127,train
15620,leaf_1491,train
15621,leaf_21786,train
15622,leaf_10510,train
15623,leaf_13185,train
15624,leaf_10093,train
15625,leaf_9996,train
15626,leaf_12096,train
15627,leaf_6515,train
15628,leaf_20264,train
15629,leaf_14501,train
15630,leaf_4249,train
15631,leaf_8722,train
15632,leaf_2590,train
15633,leaf_18522,train
15634,leaf_6761,train
15635,leaf_11776,train
15636,leaf_15423,train
15637,leaf_6746,train
15638,leaf_14291,train
15639,leaf_15508,train
15640,leaf_14583,train
15641,leaf_11258,train
15642,leaf_21748,train
15643,leaf_7749,train
15644,leaf_22140,train
15645,leaf_1528,train
15646,leaf_4852,train
15647,leaf_15605,train
15648,leaf_11968,train
15649,leaf_10452,train
15650,leaf_21660,train
15651,leaf_15360,train
15652,leaf_7741,train
15653,leaf_11448,train
15654,leaf_9493,train
15655,leaf_7383,train
15656,leaf_4806,train
15657,leaf_21962,train
15658,leaf_18840,train
15659,leaf_3520,train
15660,leaf_12978,train
15661,leaf_5234,train
15662,leaf_16540,train
15663,leaf_2144,train
15664,leaf_16112,train
15665,leaf_22463,train
15666,leaf_11155,train
15667,leaf_3287,train
15668,leaf_13386,train
15669,leaf_3764,train
15670,leaf_22614,train
15671,leaf_5053,train
15672,leaf_20338,train
15673,leaf_2059,train
15674,leaf_2953,train
15675,leaf_20665,train
15676,leaf_15678,train
15677,leaf_4052,train
15678,leaf_17800,train
15679,leaf_1584,train
15680,leaf_18283,train
15681,leaf_6021,train
15682,leaf_19377,train
15683,leaf_20410,train
15684,leaf_9247,train
15685,leaf_17612,train
15686,leaf_14056,train
15687,leaf_11543,train
15688,leaf_12390,train
15689,leaf_21718,train
15690,leaf_11146,train
15691,leaf_14713,train
15692,leaf_19007,train
15693,leaf_8494,train
15694,leaf_10429,train
15695,leaf_12738,train
15696,leaf_421,train
15697,leaf_20185,train
15698,leaf_10298,train
15699,leaf_2295,train
15700,leaf_22213,train
15701,leaf_13823,train
15702,leaf_2877,train
15703,leaf_3380,train
15704,leaf_15330,train
15705,leaf_128,train
15706,leaf_11802,train
15707,leaf_10240,train
15708,leaf_9762,train
15709,leaf_20001,train
15710,leaf_12672,train
15711,leaf_12308,train
15712,leaf_17264,train
15713,leaf_8812,train
15714,leaf_1396,train
15715,leaf_4341,train
15716,leaf_5516,train
15717,leaf_5543,train
15718,leaf_6513,train
15719,leaf_14530,train
15720,leaf_21061,train
15721,leaf_7864,train
15722,leaf_19508,train
15723,leaf_17082,train
15724,leaf_5285,train
15725,leaf_6293,train
15726,leaf_2976,train
15727,leaf_9049,train
15728,leaf_8323,train
15729,leaf_14758,train
15730,leaf_18258,train
15731,leaf_13224,train
15732,leaf_8043,train
15733,leaf_21309,train
15734,leaf_9722,train
15735,leaf_19565,train
15736,leaf_19488,train
15737,leaf_9329,train
15738,leaf_21603,train
15739,leaf_2025,train
15740,leaf_15189,train
15741,leaf_14829,train
15742,leaf_898,train
15743,leaf_2481,train
15744,leaf_14433,train
15745,leaf_4310,train
15746,leaf_2190,train
15747,leaf_1483,train
15748,leaf_7342,train
15749,leaf_3097,train
15750,leaf_17142,train
15751,leaf_4378,train
15752,leaf_2584,train
15753,leaf_6862,train
15754,leaf_12665,train
15755,leaf_6563,train
15756,leaf_9330,train
15757,leaf_5828,train
15758,leaf_3228,train
15759,leaf_13288,train
15760,leaf_446,train
15761,leaf_7675,train
15762,leaf_10232,train
15763,leaf_11404,train
15764,leaf_18237,train
15765,leaf_20133,train
15766,leaf_554,train
15767,leaf_18339,train
15768,leaf_22705,train
15769,leaf_19022,train
15770,leaf_6969,train
15771,leaf_12700,train
15772,leaf_10133,train
15773,leaf_14103,train
15774,leaf_22661,train
15775,leaf_10598,train
15776,leaf_14225,train
15777,leaf_22789,train
15778,leaf_19392,train
15779,leaf_21057,train
15780,leaf_8555,train
15781,leaf_21981,train
15782,leaf_5103,train
15783,leaf_7281,train
15784,leaf_2418,train
15785,leaf_10300,train
15786,leaf_3806,train
15787,leaf_16252,train
15788,leaf_3004,train
15789,leaf_19204,train
15790,leaf_10453,train
15791,leaf_22718,train
15792,leaf_17172,train
15793,leaf_5065,train
15794,leaf_18448,train
15795,leaf_20031,train
15796,leaf_1041,train
15797,leaf_38,train
15798,leaf_5674,train
15799,leaf_13847,train
15800,leaf_3262,train
15801,leaf_16589,train
15802,leaf_3355,train
15803,leaf_9881,train
15804,leaf_2291,train
15805,leaf_5141,train
15806,leaf_20606,train
15807,leaf_11280,train
15808,leaf_22072,train
15809,leaf_17975,train
15810,leaf_13975,train
15811,leaf_12210,train
15812,leaf_6206,train
15813,leaf_17804,train
15814,leaf_750,train
15815,leaf_22721,train
15816,leaf_22875,train
15817,leaf_12686,train
15818,leaf_16706,train
15819,leaf_9994,train
15820,leaf_21339,train
15821,leaf_6881,train
15822,leaf_22754,train
15823,leaf_21191,train
15824,leaf_7230,train
15825,leaf_11480,train
15826,leaf_4166,train
15827,leaf_19886,train
15828,leaf_5899,train
15829,leaf_2774,train
15830,leaf_17352,train
15831,leaf_14240,train
15832,leaf_10669,train
15833,leaf_18990,train
15834,leaf_5938,train
15835,leaf_995,train
15836,leaf_21755,train
15837,leaf_13788,train
15838,leaf_18564,train
15839,leaf_7395,train
15840,leaf_13474,train
15841,leaf_21429,train
15842,leaf_21392,train
15843,leaf_20035,train
15844,leaf_17768,train
15845,leaf_4351,train
15846,leaf_9405,train
15847,leaf_21325,train
15848,leaf_16976,train
15849,leaf_3112,train
15850,leaf_3409,train
15851,leaf_16538,train
15852,leaf_20205,train
15853,leaf_1364,train
15854,leaf_3378,train
15855,leaf_22672,train
15856,leaf_22265,train
15857,leaf_8059,train
15858,leaf_10546,train
15859,leaf_4942,train
15860,leaf_19804,train
15861,leaf_8846,train
15862,leaf_21108,train
15863,leaf_19300,train
15864,leaf_5011,train
15865,leaf_14766,train
15866,leaf_9090,train
15867,leaf_8788,train
15868,leaf_2280,train
15869,leaf_21262,train
15870,leaf_7364,train
15871,leaf_17124,train
15872,leaf_22522,train
15873,leaf_21537,train
15874,leaf_22680,train
15875,leaf_13448,train
15876,leaf_9073,train
15877,leaf_21167,train
15878,leaf_20140,train
15879,leaf_3868,train
15880,leaf_5376,train
15881,leaf_22094,train
15882,leaf_6895,train
15883,leaf_20988,train
15884,leaf_22548,train
15885,leaf_18964,train
15886,leaf_19504,train
15887,leaf_22096,train
15888,leaf_18124,train
15889,leaf_12533,train
15890,leaf_14259,train
15891,leaf_13532,train
15892,leaf_20645,train
15893,leaf_16322,train
15894,leaf_18475,train
15895,leaf_4141,train
15896,leaf_80,train
15897,leaf_17328,train
15898,leaf_4967,train
15899,leaf_2465,train
15900,leaf_7548,train
15901,leaf_15103,train
15902,leaf_18750,train
15903,leaf_13166,train
15904,leaf_15288,train
15905,leaf_6705,train
15906,leaf_15036,train
15907,leaf_18680,train
15908,leaf_18463,train
15909,leaf_19654,train
15910,leaf_5010,train
15911,leaf_23026,train
15912,leaf_8307,train
15913,leaf_12359,train
15914,leaf_4626,train
15915,leaf_10195,train
15916,leaf_9435,train
15917,leaf_17026,train
15918,leaf_14100,train
15919,leaf_11974,train
15920,leaf_18585,train
15921,leaf_20773,train
15922,leaf_17212,train
15923,leaf_4940,train
15924,leaf_6953,train
15925,leaf_14629,train
15926,leaf_22485,train
15927,leaf_12799,train
15928,leaf_14185,train
15929,leaf_16921,train
15930,leaf_5767,train
15931,leaf_8385,train
15932,leaf_15338,train
15933,leaf_11303,train
15934,leaf_19058,train
15935,leaf_21415,train
15936,leaf_5979,train
15937,leaf_192,train
15938,leaf_2034,train
15939,leaf_18379,train
15940,leaf_20832,train
15941,leaf_12681,train
15942,leaf_13806,train
15943,leaf_10190,train
15944,leaf_20624,train
15945,leaf_1593,train
15946,leaf_3166,train
15947,leaf_2753,train
15948,leaf_9625,train
15949,leaf_21757,train
15950,leaf_3949,train
15951,leaf_7545,train
15952,leaf_5760,train
15953,leaf_20522,train
15954,leaf_14444,train
15955,leaf_13343,train
15956,leaf_17780,train
15957,leaf_3356,train
15958,leaf_11487,train
15959,leaf_22730,train
15960,leaf_14670,train
15961,leaf_11351,train
15962,leaf_17219,train
15963,leaf_9180,train
15964,leaf_5548,train
15965,leaf_13555,train
15966,leaf_10931,train
15967,leaf_15119,train
15968,leaf_653,train
15969,leaf_22598,train
15970,leaf_11734,train
15971,leaf_14815,train
15972,leaf_20983,train
15973,leaf_16801,train
15974,leaf_20056,train
15975,leaf_16897,train
15976,leaf_1043,train
15977,leaf_19965,train
15978,leaf_6077,train
15979,leaf_15904,train
15980,leaf_3229,train
15981,leaf_2263,train
15982,leaf_22625,train
15983,leaf_20030,train
15984,leaf_11100,train
15985,leaf_11527,train
15986,leaf_1574,train
15987,leaf_6295,train
15988,leaf_16871,train
15989,leaf_20111,train
15990,leaf_5416,train
15991,leaf_13570,train
15992,leaf_4184,train
15993,leaf_22981,train
15994,leaf_18660,train
15995,leaf_11851,train
15996,leaf_12192,train
15997,leaf_17792,train
15998,leaf_22858,train
15999,leaf_2712,train
16000,leaf_17971,train
16001,leaf_22630,train
16002,leaf_114,train
16003,leaf_10831,train
16004,leaf_8920,train
16005,leaf_12425,train
16006,leaf_15895,train
16007,leaf_6752,train
16008,leaf_1006,train
16009,leaf_1300,train
16010,leaf_21442,train
16011,leaf_20883,train
16012,leaf_11014,train
16013,leaf_22768,train
16014,leaf_22760,train
16015,leaf_1909,train
16016,leaf_1609,train
16017,leaf_15427,train
16018,leaf_21697,train
16019,leaf_6528,train
16020,leaf_16777,train
16021,leaf_22308,train
16022,leaf_12565,train
16023,leaf_11276,train
16024,leaf_598,train
16025,leaf_22270,train
16026,leaf_22176,train
16027,leaf_11481,train
16028,leaf_2479,train
16029,leaf_16908,train
16030,leaf_12017,train
16031,leaf_18612,train
16032,leaf_18848,train
16033,leaf_20723,train
16034,leaf_4664,train
16035,leaf_22014,train
16036,leaf_555,train
16037,leaf_14093,train
16038,leaf_6214,train
16039,leaf_21311,train
16040,leaf_10835,train
16041,leaf_358,train
16042,leaf_1309,train
16043,leaf_19296,train
16044,leaf_4970,train
16045,leaf_22287,train
16046,leaf_16441,train
16047,leaf_3410,train
16048,leaf_9682,train
16049,leaf_19114,train
16050,leaf_13192,train
16051,leaf_3205,train
16052,leaf_9218,train
16053,leaf_10225,train
16054,leaf_17609,train
16055,leaf_11650,train
16056,leaf_15487,train
16057,leaf_1885,train
16058,leaf_21594,train
16059,leaf_2997,train
16060,leaf_13949,train
16061,leaf_319,train
16062,leaf_14720,train
16063,leaf_1267,train
16064,leaf_7880,train
16065,leaf_2525,train
16066,leaf_17598,train
16067,leaf_4954,train
16068,leaf_9452,train
16069,leaf_2358,train
16070,leaf_4775,train
16071,leaf_11033,train
16072,leaf_15100,train
16073,leaf_17455,train
16074,leaf_13779,train
16075,leaf_14886,train
16076,leaf_10398,train
16077,leaf_7756,train
16078,leaf_2796,train
16079,leaf_5969,train
16080,leaf_4036,train
16081,leaf_13159,train
16082,leaf_13234,train
16083,leaf_8975,train
16084,leaf_23009,train
16085,leaf_18077,train
16086,leaf_19708,train
16087,leaf_7404,train
16088,leaf_17147,train
16089,leaf_4510,train
16090,leaf_11725,train
16091,leaf_18803,train
16092,leaf_5572,train
16093,leaf_20087,train
16094,leaf_14192,train
16095,leaf_8392,train
16096,leaf_12608,train
16097,leaf_9217,train
16098,leaf_7572,train
16099,leaf_2783,train
16100,leaf_5470,train
16101,leaf_519,train
16102,leaf_10423,train
16103,leaf_12882,train
16104,leaf_14258,train
16105,leaf_8303,train
16106,leaf_15018,train
16107,leaf_14155,train
16108,leaf_7993,train
16109,leaf_7371,train
16110,leaf_11427,train
16111,leaf_11816,train
16112,leaf_20899,train
16113,leaf_964,train
16114,leaf_9023,train
16115,leaf_13258,train
16116,leaf_2075,train
16117,leaf_21593,train
16118,leaf_13921,train
16119,leaf_14097,train
16120,leaf_12417,train
16121,leaf_4191,train
16122,leaf_5159,train
16123,leaf_15566,train
16124,leaf_9774,train
16125,leaf_5698,train
16126,leaf_11814,train
16127,leaf_10770,train
16128,leaf_12013,train
16129,leaf_9825,train
16130,leaf_21165,train
16131,leaf_14745,train
16132,leaf_22085,train
16133,leaf_1182,train
16134,leaf_640,train
16135,leaf_7653,train
16136,leaf_15601,train
16137,leaf_14460,train
16138,leaf_853,train
16139,leaf_2382,train
16140,leaf_9157,train
16141,leaf_16388,train
16142,leaf_6785,train
16143,leaf_1161,train
16144,leaf_11781,train
16145,leaf_1198,train
16146,leaf_20240,train
16147,leaf_8443,train
16148,leaf_8400,train
16149,leaf_5040,train
16150,leaf_21761,train
16151,leaf_7164,train
16152,leaf_1882,train
16153,leaf_5630,train
16154,leaf_2329,train
16155,leaf_2965,train
16156,leaf_10780,train
16157,leaf_17150,train
16158,leaf_10130,train
16159,leaf_22255,train
16160,leaf_2769,train
16161,leaf_15666,train
16162,leaf_16999,train
16163,leaf_1345,train
16164,leaf_9123,train
16165,leaf_22563,train
16166,leaf_20010,train
16167,leaf_4440,train
16168,leaf_18279,train
16169,leaf_10689,train
16170,leaf_18106,train
16171,leaf_15774,train
16172,leaf_3553,train
16173,leaf_511,train
16174,leaf_14555,train
16175,leaf_2701,train
16176,leaf_9234,train
16177,leaf_22827,train
16178,leaf_6935,train
16179,leaf_15727,train
16180,leaf_8411,train
16181,leaf_18818,train
16182,leaf_6256,train
16183,leaf_19041,train
16184,leaf_8173,train
16185,leaf_23093,train
16186,leaf_2739,train
16187,leaf_22088,train
16188,leaf_8659,train
16189,leaf_1811,train
16190,leaf_7297,train
16191,leaf_9466,train
16192,leaf_20924,train
16193,leaf_2256,train
16194,leaf_863,train
16195,leaf_8228,train
16196,leaf_13485,train
16197,leaf_18478,train
16198,leaf_6339,train
16199,leaf_11923,train
16200,leaf_2225,train
16201,leaf_20182,train
16202,leaf_348,train
16203,leaf_20150,train
16204,leaf_15723,train
16205,leaf_4493,train
16206,leaf_21797,train
16207,leaf_5702,train
16208,leaf_7208,train
16209,leaf_3855,train
16210,leaf_21622,train
16211,leaf_17360,train
16212,leaf_22127,train
16213,leaf_2582,train
16214,leaf_1663,train
16215,leaf_9789,train
16216,leaf_20571,train
16217,leaf_10609,train
16218,leaf_4571,train
16219,leaf_14339,train
16220,leaf_6250,train
16221,leaf_18199,train
16222,leaf_16693,train
16223,leaf_17791,train
16224,leaf_11044,train
16225,leaf_22032,train
16226,leaf_7817,train
16227,leaf_4984,train
16228,leaf_3718,train
16229,leaf_9887,train
16230,leaf_12975,train
16231,leaf_3367,train
16232,leaf_12373,train
16233,leaf_17908,train
16234,leaf_23045,train
16235,leaf_3889,train
16236,leaf_1135,train
16237,leaf_7721,train
16238,leaf_22277,train
16239,leaf_15949,train
16240,leaf_10444,train
16241,leaf_4963,train
16242,leaf_21162,train
16243,leaf_7256,train
16244,leaf_9310,train
16245,leaf_18425,train
16246,leaf_21909,train
16247,leaf_16554,train
16248,leaf_22122,train
16249,leaf_17190,train
16250,leaf_17845,train
16251,leaf_8017,train
16252,leaf_5330,train
16253,leaf_21652,train
16254,leaf_21326,train
16255,leaf_12778,train
16256,leaf_16790,train
16257,leaf_19080,train
16258,leaf_14271,train
16259,leaf_180,train
16260,leaf_2084,train
16261,leaf_19122,train
16262,leaf_6370,train
16263,leaf_18129,train
16264,leaf_18060,train
16265,leaf_2890,train
16266,leaf_22177,train
16267,leaf_19227,train
16268,leaf_8630,train
16269,leaf_18980,train
16270,leaf_15250,train
16271,leaf_14499,train
16272,leaf_10250,train
16273,leaf_5224,train
16274,leaf_21145,train
16275,leaf_138,train
16276,leaf_5589,train
16277,leaf_12910,train
16278,leaf_2999,train
16279,leaf_16088,train
16280,leaf_10464,train
16281,leaf_5288,train
16282,leaf_11613,train
16283,leaf_22836,train
16284,leaf_10128,train
16285,leaf_21610,train
16286,leaf_7350,train
16287,leaf_8657,train
16288,leaf_4132,train
16289,leaf_22901,train
16290,leaf_5885,train
16291,leaf_22239,train
16292,leaf_3028,train
16293,leaf_13739,train
16294,leaf_10089,train
16295,leaf_6712,train
16296,leaf_11993,train
16297,leaf_7530,train
16298,leaf_15498,train
16299,leaf_21811,train
16300,leaf_21288,train
16301,leaf_12412,train
16302,leaf_2402,train
16303,leaf_19753,train
16304,leaf_6770,train
16305,leaf_16084,train
16306,leaf_9619,train
16307,leaf_8496,train
16308,leaf_16126,train
16309,leaf_15371,train
16310,leaf_2478,train
16311,leaf_21198,train
16312,leaf_5916,train
16313,leaf_2320,train
16314,leaf_18099,train
16315,leaf_11966,train
16316,leaf_20691,train
16317,leaf_11417,train
16318,leaf_21467,train
16319,leaf_9850,train
16320,leaf_9992,train
16321,leaf_17823,train
16322,leaf_1896,train
16323,leaf_9859,train
16324,leaf_2662,train
16325,leaf_5079,train
16326,leaf_19319,train
16327,leaf_18978,train
16328,leaf_12562,train
16329,leaf_19311,train
16330,leaf_5229,train
16331,leaf_14985,train
16332,leaf_22719,train
16333,leaf_20136,train
16334,leaf_19156,train
16335,leaf_8930,train
16336,leaf_12214,train
16337,leaf_18291,train
16338,leaf_724,train
16339,leaf_9204,train
16340,leaf_11002,train
16341,leaf_7367,train
16342,leaf_22155,train
16343,leaf_8811,train
16344,leaf_19123,train
16345,leaf_8539,train
16346,leaf_12575,train
16347,leaf_11051,train
16348,leaf_20300,train
16349,leaf_21273,train
16350,leaf_7414,train
16351,leaf_770,train
16352,leaf_13376,train
16353,leaf_4921,train
16354,leaf_15397,train
16355,leaf_8508,train
16356,leaf_8770,train
16357,leaf_21424,train
16358,leaf_20679,train
16359,leaf_20669,train
16360,leaf_18613,train
16361,leaf_6109,train
16362,leaf_14940,train
16363,leaf_17837,train
16364,leaf_9448,train
16365,leaf_9386,train
16366,leaf_13624,train
16367,leaf_16808,train
16368,leaf_11223,train
16369,leaf_20972,train
16370,leaf_18313,train
16371,leaf_11220,train
16372,leaf_16437,train
16373,leaf_22616,train
16374,leaf_20911,train
16375,leaf_16187,train
16376,leaf_15857,train
16377,leaf_5071,train
16378,leaf_5887,train
16379,leaf_6572,train
16380,leaf_4278,train
16381,leaf_6052,train
16382,leaf_22430,train
16383,leaf_20748,train
16384,leaf_22456,train
16385,leaf_6668,train
16386,leaf_10880,train
16387,leaf_16536,train
16388,leaf_2283,train
16389,leaf_3300,train
16390,leaf_7529,train
16391,leaf_16000,train
16392,leaf_21739,train
16393,leaf_17587,train
16394,leaf_22150,train
16395,leaf_12802,train
16396,leaf_2759,train
16397,leaf_22467,train
16398,leaf_19357,train
16399,leaf_21810,train
16400,leaf_4627,train
16401,leaf_1786,train
16402,leaf_19661,train
16403,leaf_19453,train
16404,leaf_22508,train
16405,leaf_17380,train
16406,leaf_17888,train
16407,leaf_20907,train
16408,leaf_1272,train
16409,leaf_10247,train
16410,leaf_17988,train
16411,leaf_22503,train
16412,leaf_8123,train
16413,leaf_20073,train
16414,leaf_15956,train
16415,leaf_18120,train
16416,leaf_9436,train
16417,leaf_9660,train
16418,leaf_957,train
16419,leaf_18858,train
16420,leaf_18917,train
16421,leaf_10245,train
16422,leaf_2760,train
16423,leaf_3560,train
16424,leaf_1150,train
16425,leaf_7200,train
16426,leaf_14336,train
16427,leaf_8497,train
16428,leaf_15609,train
16429,leaf_7358,train
16430,leaf_4821,train
16431,leaf_2340,train
16432,leaf_4159,train
16433,leaf_2384,train
16434,leaf_3605,train
16435,leaf_2898,train
16436,leaf_12495,train
16437,leaf_21459,train
16438,leaf_18558,train
16439,leaf_21122,train
16440,leaf_6805,train
16441,leaf_9472,train
16442,leaf_19186,train
16443,leaf_8885,train
16444,leaf_3743,train
16445,leaf_15871,train
16446,leaf_5851,train
16447,leaf_1249,train
16448,leaf_19481,train
16449,leaf_7758,train
16450,leaf_5505,train
16451,leaf_19113,train
16452,leaf_14151,train
16453,leaf_2960,train
16454,leaf_19955,train
16455,leaf_15064,train
16456,leaf_12865,train
16457,leaf_6596,train
16458,leaf_21515,train
16459,leaf_1793,train
16460,leaf_2071,train
16461,leaf_2412,train
16462,leaf_4244,train
16463,leaf_18755,train
16464,leaf_16714,train
16465,leaf_19852,train
16466,leaf_20378,train
16467,leaf_4260,train
16468,leaf_2018,train
16469,leaf_7433,train
16470,leaf_22000,train
16471,leaf_4909,train
16472,leaf_11365,train
16473,leaf_3159,train
16474,leaf_8085,train
16475,leaf_3683,train
16476,leaf_15505,train
16477,leaf_13088,train
16478,leaf_9312,train
16479,leaf_12521,train
16480,leaf_4764,train
16481,leaf_19762,train
16482,leaf_18731,train
16483,leaf_2729,train
16484,leaf_5034,train
16485,leaf_11556,train
16486,leaf_2611,train
16487,leaf_20586,train
16488,leaf_15067,train
16489,leaf_8480,train
16490,leaf_8968,train
16491,leaf_6447,train
16492,leaf_20416,train
16493,leaf_10742,train
16494,leaf_16934,train
16495,leaf_14595,train
16496,leaf_10862,train
16497,leaf_15728,train
16498,leaf_18928,train
16499,leaf_10456,train
16500,leaf_15851,train
16501,leaf_20431,train
16502,leaf_16265,train
16503,leaf_17358,train
16504,leaf_8579,train
16505,leaf_11922,train
16506,leaf_16326,train
16507,leaf_1275,train
16508,leaf_18116,train
16509,leaf_13581,train
16510,leaf_5966,train
16511,leaf_20323,train
16512,leaf_9531,train
16513,leaf_16311,train
16514,leaf_8669,train
16515,leaf_18777,train
16516,leaf_14426,train
16517,leaf_20168,train
16518,leaf_1378,train
16519,leaf_2085,train
16520,leaf_18832,train
16521,leaf_10375,train
16522,leaf_15017,train
16523,leaf_20680,train
16524,leaf_17558,train
16525,leaf_2197,train
16526,leaf_17875,train
16527,leaf_21895,train
16528,leaf_11732,train
16529,leaf_16314,train
16530,leaf_3343,train
16531,leaf_11195,train
16532,leaf_15387,train
16533,leaf_9141,train
16534,leaf_14423,train
16535,leaf_21039,train
16536,leaf_7048,train
16537,leaf_841,train
16538,leaf_8544,train
16539,leaf_2360,train
16540,leaf_10617,train
16541,leaf_20188,train
16542,leaf_6311,train
16543,leaf_16304,train
16544,leaf_6615,train
16545,leaf_9427,train
16546,leaf_17347,train
16547,leaf_10782,train
16548,leaf_15556,train
16549,leaf_22448,train
16550,leaf_2505,train
16551,leaf_7136,train
16552,leaf_10343,train
16553,leaf_9631,train
16554,leaf_2120,train
16555,leaf_10151,train
16556,leaf_14081,train
16557,leaf_14706,train
16558,leaf_6420,train
16559,leaf_1803,train
16560,leaf_13154,train
16561,leaf_14477,train
16562,leaf_16168,train
16563,leaf_4914,train
16564,leaf_8117,train
16565,leaf_4594,train
16566,leaf_21308,train
16567,leaf_21088,train
16568,leaf_3950,train
16569,leaf_18874,train
16570,leaf_3537,train
16571,leaf_15457,train
16572,leaf_5766,train
16573,leaf_22377,train
16574,leaf_12697,train
16575,leaf_11632,train
16576,leaf_4662,train
16577,leaf_19496,train
16578,leaf_4453,train
16579,leaf_8465,train
16580,leaf_19167,train
16581,leaf_2629,train
16582,leaf_18756,train
16583,leaf_14853,train
16584,leaf_18959,train
16585,leaf_11098,train
16586,leaf_13097,train
16587,leaf_9168,train
16588,leaf_11187,train
16589,leaf_15415,train
16590,leaf_6533,train
16591,leaf_12868,train
16592,leaf_15449,train
16593,leaf_1077,train
16594,leaf_11335,train
16595,leaf_10748,train
16596,leaf_9501,train
16597,leaf_19109,train
16598,leaf_11131,train
16599,leaf_532,train
16600,leaf_4758,train
16601,leaf_17979,train
16602,leaf_18584,train
16603,leaf_7045,train
16604,leaf_17465,train
16605,leaf_2065,train
16606,leaf_5773,train
16607,leaf_13222,train
16608,leaf_2922,train
16609,leaf_12974,train
16610,leaf_3628,train
16611,leaf_15166,train
16612,leaf_18266,train
16613,leaf_15479,train
16614,leaf_17209,train
16615,leaf_19910,train
16616,leaf_7494,train
16617,leaf_5495,train
16618,leaf_17278,train
16619,leaf_20244,train
16620,leaf_4422,train
16621,leaf_20474,train
16622,leaf_13881,train
16623,leaf_7716,train
16624,leaf_914,train
16625,leaf_15446,train
16626,leaf_1876,train
16627,leaf_3759,train
16628,leaf_7046,train
16629,leaf_11412,train
16630,leaf_20199,train
16631,leaf_14412,train
16632,leaf_13028,train
16633,leaf_2572,train
16634,leaf_22028,train
16635,leaf_13136,train
16636,leaf_9169,train
16637,leaf_17509,train
16638,leaf_12942,train
16639,leaf_16270,train
16640,leaf_21743,train
16641,leaf_16189,train
16642,leaf_607,train
16643,leaf_19424,train
16644,leaf_1257,train
16645,leaf_1264,train
16646,leaf_20437,train
16647,leaf_19663,train
16648,leaf_12629,train
16649,leaf_9608,train
16650,leaf_13194,train
16651,leaf_6882,train
16652,leaf_7318,train
16653,leaf_11011,train
16654,leaf_7635,train
16655,leaf_12775,train
16656,leaf_7102,train
16657,leaf_11215,train
16658,leaf_11490,train
16659,leaf_14515,train
16660,leaf_17041,train
16661,leaf_17541,train
16662,leaf_10477,train
16663,leaf_10784,train
16664,leaf_8211,train
16665,leaf_5003,train
16666,leaf_14008,train
16667,leaf_22739,train
16668,leaf_4464,train
16669,leaf_1641,train
16670,leaf_14495,train
16671,leaf_20935,train
16672,leaf_21373,train
16673,leaf_8551,train
16674,leaf_7810,train
16675,leaf_8641,train
16676,leaf_20730,train
16677,leaf_1580,train
16678,leaf_13973,train
16679,leaf_14417,train
16680,leaf_3342,train
16681,leaf_21873,train
16682,leaf_12896,train
16683,leaf_277,train
16684,leaf_13660,train
16685,leaf_8090,train
16686,leaf_8179,train
16687,leaf_18748,train
16688,leaf_3117,train
16689,leaf_20374,train
16690,leaf_9084,train
16691,leaf_3701,train
16692,leaf_5679,train
16693,leaf_4804,train
16694,leaf_22390,train
16695,leaf_2096,train
16696,leaf_16272,train
16697,leaf_17961,train
16698,leaf_16990,train
16699,leaf_7928,train
16700,leaf_8556,train
16701,leaf_7599,train
16702,leaf_4320,train
16703,leaf_11128,train
16704,leaf_19335,train
16705,leaf_5640,train
16706,leaf_21274,train
16707,leaf_18935,train
16708,leaf_17548,train
16709,leaf_18450,train
16710,leaf_14071,train
16711,leaf_15348,train
16712,leaf_16929,train
16713,leaf_11461,train
16714,leaf_5447,train
16715,leaf_14421,train
16716,leaf_10636,train
16717,leaf_17670,train
16718,leaf_1344,train
16719,leaf_15048,train
16720,leaf_12066,train
16721,leaf_10854,train
16722,leaf_16695,train
16723,leaf_577,train
16724,leaf_7956,train
16725,leaf_4017,train
16726,leaf_4246,train
16727,leaf_806,train
16728,leaf_11871,train
16729,leaf_16769,train
16730,leaf_509,train
16731,leaf_18923,train
16732,leaf_5523,train
16733,leaf_9110,train
16734,leaf_21394,train
16735,leaf_14850,train
16736,leaf_19440,train
16737,leaf_17403,train
16738,leaf_999,train
16739,leaf_7376,train
16740,leaf_21557,train
16741,leaf_7896,train
16742,leaf_6505,train
16743,leaf_2213,train
16744,leaf_16677,train
16745,leaf_22837,train
16746,leaf_9583,train
16747,leaf_14282,train
16748,leaf_12901,train
16749,leaf_2731,train
16750,leaf_20752,train
16751,leaf_4114,train
16752,leaf_8703,train
16753,leaf_18061,train
16754,leaf_20795,train
16755,leaf_688,train
16756,leaf_21151,train
16757,leaf_3106,train
16758,leaf_20969,train
16759,leaf_17775,train
16760,leaf_13514,train
16761,leaf_10275,train
16762,leaf_17880,train
16763,leaf_9568,train
16764,leaf_8638,train
16765,leaf_13897,train
16766,leaf_15663,train
16767,leaf_18048,train
16768,leaf_22698,train
16769,leaf_15547,train
16770,leaf_11801,train
16771,leaf_4412,train
16772,leaf_14386,train
16773,leaf_16344,train
16774,leaf_9214,train
16775,leaf_8726,train
16776,leaf_703,train
16777,leaf_3695,train
16778,leaf_4787,train
16779,leaf_6268,train
16780,leaf_21556,train
16781,leaf_18737,train
16782,leaf_6122,train
16783,leaf_857,train
16784,leaf_432,train
16785,leaf_4855,train
16786,leaf_12747,train
16787,leaf_12043,train
16788,leaf_22175,train
16789,leaf_7206,train
16790,leaf_23085,train
16791,leaf_17173,train
16792,leaf_21173,train
16793,leaf_19459,train
16794,leaf_3144,train
16795,leaf_8969,train
16796,leaf_21175,train
16797,leaf_15522,train
16798,leaf_5849,train
16799,leaf_22800,train
16800,leaf_3288,train
16801,leaf_16935,train
16802,leaf_20216,train
16803,leaf_19901,train
16804,leaf_12837,train
16805,leaf_9062,train
16806,leaf_17241,train
16807,leaf_18950,train
16808,leaf_21433,train
16809,leaf_71,train
16810,leaf_571,train
16811,leaf_15778,train
16812,leaf_10635,train
16813,leaf_11281,train
16814,leaf_16392,train
16815,leaf_11241,train
16816,leaf_9334,train
16817,leaf_5344,train
16818,leaf_2247,train
16819,leaf_3399,train
16820,leaf_2507,train
16821,leaf_15229,train
16822,leaf_9921,train
16823,leaf_17441,train
16824,leaf_9194,train
16825,leaf_9451,train
16826,leaf_500,train
16827,leaf_15130,train
16828,leaf_8540,train
16829,leaf_2393,train
16830,leaf_18694,train
16831,leaf_12689,train
16832,leaf_7106,train
16833,leaf_11930,train
16834,leaf_17964,train
16835,leaf_6023,train
16836,leaf_6685,train
16837,leaf_10591,train
16838,leaf_7173,train
16839,leaf_12087,train
16840,leaf_2808,train
16841,leaf_23037,train
16842,leaf_10067,train
16843,leaf_3456,train
16844,leaf_12394,train
16845,leaf_9339,train
16846,leaf_2787,train
16847,leaf_20226,train
16848,leaf_23006,train
16849,leaf_12419,train
16850,leaf_9282,train
16851,leaf_22498,train
16852,leaf_13931,train
16853,leaf_4127,train
16854,leaf_4986,train
16855,leaf_18370,train
16856,leaf_3739,train
16857,leaf_16778,train
16858,leaf_15948,train
16859,leaf_17285,train
16860,leaf_11903,train
16861,leaf_3056,train
16862,leaf_9351,train
16863,leaf_10155,train
16864,leaf_10141,train
16865,leaf_22099,train
16866,leaf_20946,train
16867,leaf_4992,train
16868,leaf_3712,train
16869,leaf_2950,train
16870,leaf_4738,train
16871,leaf_12752,train
16872,leaf_17853,train
16873,leaf_14833,train
16874,leaf_12445,train
16875,leaf_14077,train
16876,leaf_13358,train
16877,leaf_13494,train
16878,leaf_14092,train
16879,leaf_18128,train
16880,leaf_14263,train
16881,leaf_210,train
16882,leaf_8463,train
16883,leaf_20488,train
16884,leaf_6219,train
16885,leaf_9318,train
16886,leaf_3310,train
16887,leaf_5198,train
16888,leaf_20523,train
16889,leaf_10070,train
16890,leaf_12470,train
16891,leaf_15011,train
16892,leaf_13991,train
16893,leaf_1386,train
16894,leaf_14274,train
16895,leaf_13279,train
16896,leaf_5811,train
16897,leaf_13957,train
16898,leaf_14398,train
16899,leaf_5600,train
16900,leaf_22713,train
16901,leaf_1939,train
16902,leaf_13561,train
16903,leaf_3504,train
16904,leaf_6790,train
16905,leaf_10912,train
16906,leaf_8227,train
16907,leaf_15006,train
16908,leaf_9244,train
16909,leaf_6142,train
16910,leaf_21460,train
16911,leaf_21185,train
16912,leaf_14488,train
16913,leaf_22238,train
16914,leaf_9352,train
16915,leaf_5101,train
16916,leaf_13950,train
16917,leaf_12189,train
16918,leaf_12276,train
16919,leaf_4668,train
16920,leaf_6032,train
16921,leaf_20912,train
16922,leaf_4498,train
16923,leaf_5451,train
16924,leaf_12992,train
16925,leaf_16959,train
16926,leaf_8284,train
16927,leaf_14348,train
16928,leaf_23072,train
16929,leaf_12432,train
16930,leaf_975,train
16931,leaf_8348,train
16932,leaf_22955,train
16933,leaf_2767,train
16934,leaf_8672,train
16935,leaf_2016,train
16936,leaf_7555,train
16937,leaf_11420,train
16938,leaf_13584,train
16939,leaf_23075,train
16940,leaf_14456,train
16941,leaf_17046,train
16942,leaf_8268,train
16943,leaf_19747,train
16944,leaf_2661,train
16945,leaf_17153,train
16946,leaf_361,train
16947,leaf_4408,train
16948,leaf_6667,train
16949,leaf_15542,train
16950,leaf_21341,train
16951,leaf_22560,train
16952,leaf_22476,train
16953,leaf_21134,train
16954,leaf_17757,train
16955,leaf_2873,train
16956,leaf_18131,train
16957,leaf_8629,train
16958,leaf_19389,train
16959,leaf_21085,train
16960,leaf_14451,train
16961,leaf_1348,train
16962,leaf_12302,train
16963,leaf_6429,train
16964,leaf_12305,train
16965,leaf_1138,train
16966,leaf_9118,train
16967,leaf_16809,train
16968,leaf_14901,train
16969,leaf_18837,train
16970,leaf_3573,train
16971,leaf_1058,train
16972,leaf_12564,train
16973,leaf_21692,train
16974,leaf_19940,train
16975,leaf_8737,train
16976,leaf_13082,train
16977,leaf_21827,train
16978,leaf_13243,train
16979,leaf_18740,train
16980,leaf_18495,train
16981,leaf_5405,train
16982,leaf_11299,train
16983,leaf_7213,train
16984,leaf_6137,train
16985,leaf_14331,train
16986,leaf_17063,train
16987,leaf_2109,train
16988,leaf_2129,train
16989,leaf_20155,train
16990,leaf_17180,train
16991,leaf_23071,train
16992,leaf_20874,train
16993,leaf_2778,train
16994,leaf_8850,train
16995,leaf_6294,train
16996,leaf_19609,train
16997,leaf_21170,train
16998,leaf_9893,train
16999,leaf_18844,train
17000,leaf_18487,train
17001,leaf_17982,train
17002,leaf_9077,train
17003,leaf_17826,train
17004,leaf_13552,train
17005,leaf_21127,train
17006,leaf_5466,train
17007,leaf_21340,train
17008,leaf_2508,train
17009,leaf_17736,train
17010,leaf_21044,train
17011,leaf_6745,train
17012,leaf_20186,train
17013,leaf_4133,train
17014,leaf_20466,train
17015,leaf_17005,train
17016,leaf_7916,train
17017,leaf_9087,train
17018,leaf_2786,train
17019,leaf_295,train
17020,leaf_5684,train
17021,leaf_16055,train
17022,leaf_19660,train
17023,leaf_9980,train
17024,leaf_6840,train
17025,leaf_15377,train
17026,leaf_19361,train
17027,leaf_15261,train
17028,leaf_119,train
17029,leaf_15227,train
17030,leaf_10900,train
17031,leaf_19575,train
17032,leaf_18530,train
17033,leaf_3316,train
17034,leaf_21656,train
17035,leaf_4211,train
17036,leaf_3043,train
17037,leaf_19486,train
17038,leaf_10132,train
17039,leaf_10693,train
17040,leaf_16256,train
17041,leaf_11762,train
17042,leaf_7723,train
17043,leaf_6552,train
17044,leaf_832,train
17045,leaf_10208,train
17046,leaf_14739,train
17047,leaf_11019,train
17048,leaf_16759,train
17049,leaf_12229,train
17050,leaf_9792,train
17051,leaf_3067,train
17052,leaf_21475,train
17053,leaf_173,train
17054,leaf_18308,train
17055,leaf_2784,train
17056,leaf_12662,train
17057,leaf_3598,train
17058,leaf_19076,train
17059,leaf_13373,train
17060,leaf_7630,train
17061,leaf_11003,train
17062,leaf_14338,train
17063,leaf_14586,train
17064,leaf_6566,train
17065,leaf_17089,train
17066,leaf_16798,train
17067,leaf_8492,train
17068,leaf_19954,train
17069,leaf_7365,train
17070,leaf_6441,train
17071,leaf_15488,train
17072,leaf_5018,train
17073,leaf_13804,train
17074,leaf_2649,train
17075,leaf_14802,train
17076,leaf_11364,train
17077,leaf_18809,train
17078,leaf_10400,train
17079,leaf_13986,train
17080,leaf_1623,train
17081,leaf_21104,train
17082,leaf_19856,train
17083,leaf_9771,train
17084,leaf_14729,train
17085,leaf_1286,train
17086,leaf_15896,train
17087,leaf_21856,train
17088,leaf_12691,train
17089,leaf_443,train
17090,leaf_11926,train
17091,leaf_18225,train
17092,leaf_20459,train
17093,leaf_266,train
17094,leaf_15109,train
17095,leaf_3681,train
17096,leaf_13001,train
17097,leaf_6924,train
17098,leaf_4583,train
17099,leaf_7654,train
17100,leaf_12864,train
17101,leaf_1695,train
17102,leaf_21028,train
17103,leaf_18296,train
17104,leaf_14340,train
17105,leaf_23095,train
17106,leaf_15528,train
17107,leaf_6655,train
17108,leaf_22991,train
17109,leaf_16354,train
17110,leaf_9375,train
17111,leaf_4189,train
17112,leaf_22902,train
17113,leaf_20004,train
17114,leaf_7886,train
17115,leaf_18422,train
17116,leaf_3128,train
17117,leaf_5456,train
17118,leaf_3650,train
17119,leaf_9798,train
17120,leaf_7752,train
17121,leaf_1430,train
17122,leaf_1390,train
17123,leaf_12912,train
17124,leaf_3437,train
17125,leaf_11134,train
17126,leaf_16007,train
17127,leaf_7067,train
17128,leaf_132,train
17129,leaf_14621,train
17130,leaf_12250,train
17131,leaf_2159,train
17132,leaf_14219,train
17133,leaf_8901,train
17134,leaf_2951,train
17135,leaf_20288,train
17136,leaf_19667,train
17137,leaf_18227,train
17138,leaf_10899,train
17139,leaf_19935,train
17140,leaf_17152,train
17141,leaf_4265,train
17142,leaf_17720,train
17143,leaf_4255,train
17144,leaf_4587,train
17145,leaf_9401,train
17146,leaf_15478,train
17147,leaf_5958,train
17148,leaf_10498,train
17149,leaf_3634,train
17150,leaf_13450,train
17151,leaf_17187,train
17152,leaf_15021,train
17153,leaf_20068,train
17154,leaf_20310,train
17155,leaf_6172,train
17156,leaf_8623,train
17157,leaf_15440,train
17158,leaf_12513,train
17159,leaf_6187,train
17160,leaf_11803,train
17161,leaf_2302,train
17162,leaf_18440,train
17163,leaf_14360,train
17164,leaf_18394,train
17165,leaf_10267,train
17166,leaf_6110,train
17167,leaf_22983,train
17168,leaf_20692,train
17169,leaf_16671,train
17170,leaf_6630,train
17171,leaf_3972,train
17172,leaf_170,train
17173,leaf_2474,train
17174,leaf_9618,train
17175,leaf_11133,train
17176,leaf_13786,train
17177,leaf_3373,train
17178,leaf_19684,train
17179,leaf_13417,train
17180,leaf_7302,train
17181,leaf_21304,train
17182,leaf_21220,train
17183,leaf_8999,train
17184,leaf_14791,train
17185,leaf_5726,train
17186,leaf_14865,train
17187,leaf_15264,train
17188,leaf_17461,train
17189,leaf_3290,train
17190,leaf_13104,train
17191,leaf_6348,train
17192,leaf_16880,train
17193,leaf_7186,train
17194,leaf_5824,train
17195,leaf_8655,train
17196,leaf_10579,train
17197,leaf_6995,train
17198,leaf_14725,train
17199,leaf_1289,train
17200,leaf_18375,train
17201,leaf_21865,train
17202,leaf_2679,train
17203,leaf_6576,train
17204,leaf_15375,train
17205,leaf_18,train
17206,leaf_13573,train
17207,leaf_12231,train
17208,leaf_16229,train
17209,leaf_17310,train
17210,leaf_9844,train
17211,leaf_13315,train
17212,leaf_1025,train
17213,leaf_1661,train
17214,leaf_5433,train
17215,leaf_12934,train
17216,leaf_19885,train
17217,leaf_11466,train
17218,leaf_520,train
17219,leaf_15485,train
17220,leaf_15612,train
17221,leaf_9958,train
17222,leaf_1399,train
17223,leaf_737,train
17224,leaf_16233,train
17225,leaf_6146,train
17226,leaf_1504,train
17227,leaf_8871,train
17228,leaf_6932,train
17229,leaf_6446,train
17230,leaf_354,train
17231,leaf_14121,train
17232,leaf_17934,train
17233,leaf_14166,train
17234,leaf_21317,train
17235,leaf_6507,train
17236,leaf_2955,train
17237,leaf_22576,train
17238,leaf_7315,train
17239,leaf_15278,train
17240,leaf_12744,train
17241,leaf_10673,train
17242,leaf_14969,train
17243,leaf_13065,train
17244,leaf_10720,train
17245,leaf_19514,train
17246,leaf_13784,train
17247,leaf_11758,train
17248,leaf_12456,train
17249,leaf_18785,train
17250,leaf_16649,train
17251,leaf_19920,train
17252,leaf_15170,train
17253,leaf_13656,train
17254,leaf_8853,train
17255,leaf_20115,train
17256,leaf_12400,train
17257,leaf_18414,train
17258,leaf_17870,train
17259,leaf_1684,train
17260,leaf_8586,train
17261,leaf_4151,train
17262,leaf_16380,train
17263,leaf_11610,train
17264,leaf_7878,train
17265,leaf_1706,train
17266,leaf_9323,train
17267,leaf_8447,train
17268,leaf_1250,train
17269,leaf_20936,train
17270,leaf_20744,train
17271,leaf_625,train
17272,leaf_18523,train
17273,leaf_16048,train
17274,leaf_2026,train
17275,leaf_13843,train
17276,leaf_21180,train
17277,leaf_12969,train
17278,leaf_14342,train
17279,leaf_5646,train
17280,leaf_19059,train
17281,leaf_9319,train
17282,leaf_2090,train
17283,leaf_15014,train
17284,leaf_7563,train
17285,leaf_2107,train
17286,leaf_9949,train
17287,leaf_12869,train
17288,leaf_22957,train
17289,leaf_18435,train
17290,leaf_18654,train
17291,leaf_19652,train
17292,leaf_16133,train
17293,leaf_21602,train
17294,leaf_17844,train
17295,leaf_15282,train
17296,leaf_21715,train
17297,leaf_13011,train
17298,leaf_15852,train
17299,leaf_18473,train
17300,leaf_5821,train
17301,leaf_6700,train
17302,leaf_8138,train
17303,leaf_6704,train
17304,leaf_19620,train
17305,leaf_20447,train
17306,leaf_1744,train
17307,leaf_12648,train
17308,leaf_16165,train
17309,leaf_4314,train
17310,leaf_2269,train
17311,leaf_9842,train
17312,leaf_6097,train
17313,leaf_16527,train
17314,leaf_21976,train
17315,leaf_17286,train
17316,leaf_4554,train
17317,leaf_9785,train
17318,leaf_2868,train
17319,leaf_18645,train
17320,leaf_15323,train
17321,leaf_3534,train
17322,leaf_13334,train
17323,leaf_7798,train
17324,leaf_9802,train
17325,leaf_20139,train
17326,leaf_11980,train
17327,leaf_5677,train
17328,leaf_16864,train
17329,leaf_949,train
17330,leaf_21514,train
17331,leaf_9048,train
17332,leaf_5327,train
17333,leaf_14467,train
17334,leaf_677,train
17335,leaf_7598,train
17336,leaf_5362,train
17337,leaf_8589,train
17338,leaf_20357,train
17339,leaf_14168,train
17340,leaf_12699,train
17341,leaf_11690,train
17342,leaf_2652,train
17343,leaf_7730,train
17344,leaf_4001,train
17345,leaf_5487,train
17346,leaf_6735,train
17347,leaf_18314,train
17348,leaf_20713,train
17349,leaf_11822,train
17350,leaf_17290,train
17351,leaf_264,train
17352,leaf_10902,train
17353,leaf_12594,train
17354,leaf_1736,train
17355,leaf_10262,train
17356,leaf_11059,train
17357,leaf_4678,train
17358,leaf_11986,train
17359,leaf_21067,train
17360,leaf_14769,train
17361,leaf_8199,train
17362,leaf_610,train
17363,leaf_15280,train
17364,leaf_15832,train
17365,leaf_12312,train
17366,leaf_5020,train
17367,leaf_8840,train
17368,leaf_22683,train
17369,leaf_19875,train
17370,leaf_113,train
17371,leaf_13307,train
17372,leaf_1442,train
17373,leaf_7282,train
17374,leaf_14601,train
17375,leaf_16241,train
17376,leaf_14557,train
17377,leaf_10254,train
17378,leaf_19106,train
17379,leaf_4349,train
17380,leaf_5582,train
17381,leaf_3438,train
17382,leaf_3224,train
17383,leaf_13941,train
17384,leaf_5093,train
17385,leaf_14936,train
17386,leaf_17748,train
17387,leaf_19055,train
17388,leaf_6512,train
17389,leaf_5856,train
17390,leaf_1499,train
17391,leaf_5961,train
17392,leaf_23077,train
17393,leaf_1925,train
17394,leaf_22484,train
17395,leaf_10302,train
17396,leaf_2386,train
17397,leaf_4027,train
17398,leaf_8198,train
17399,leaf_10211,train
17400,leaf_16760,train
17401,leaf_22058,train
17402,leaf_302,train
17403,leaf_4380,train
17404,leaf_17575,train
17405,leaf_22458,train
17406,leaf_11939,train
17407,leaf_702,train
17408,leaf_4877,train
17409,leaf_17057,train
17410,leaf_15866,train
17411,leaf_3064,train
17412,leaf_11750,train
17413,leaf_16122,train
17414,leaf_11884,train
17415,leaf_9009,train
17416,leaf_20775,train
17417,leaf_21914,train
17418,leaf_10497,train
17419,leaf_9715,train
17420,leaf_16997,train
17421,leaf_10967,train
17422,leaf_19201,train
17423,leaf_8049,train
17424,leaf_16240,train
17425,leaf_7122,train
17426,leaf_12649,train
17427,leaf_18608,train
17428,leaf_19721,train
17429,leaf_22735,train
17430,leaf_22073,train
17431,leaf_15967,train
17432,leaf_4680,train
17433,leaf_18111,train
17434,leaf_14182,train
17435,leaf_22271,train
17436,leaf_17229,train
17437,leaf_10703,train
17438,leaf_712,train
17439,leaf_13606,train
17440,leaf_5135,train
17441,leaf_1112,train
17442,leaf_14132,train
17443,leaf_21052,train
17444,leaf_406,train
17445,leaf_6055,train
17446,leaf_13096,train
17447,leaf_6181,train
17448,leaf_16058,train
17449,leaf_15824,train
17450,leaf_4853,train
17451,leaf_14468,train
17452,leaf_15599,train
17453,leaf_10414,train
17454,leaf_20690,train
17455,leaf_8525,train
17456,leaf_8042,train
17457,leaf_2587,train
17458,leaf_17851,train
17459,leaf_1834,train
17460,leaf_2355,train
17461,leaf_10068,train
17462,leaf_11573,train
17463,leaf_1791,train
17464,leaf_591,train
17465,leaf_11677,train
17466,leaf_8923,train
17467,leaf_13397,train
17468,leaf_2000,train
17469,leaf_11727,train
17470,leaf_5970,train
17471,leaf_12867,train
17472,leaf_17471,train
17473,leaf_16731,train
17474,leaf_14856,train
17475,leaf_4676,train
17476,leaf_16853,train
17477,leaf_21790,train
17478,leaf_8847,train
17479,leaf_17922,train
17480,leaf_4582,train
17481,leaf_6234,train
17482,leaf_15054,train
17483,leaf_8533,train
17484,leaf_2450,train
17485,leaf_10204,train
17486,leaf_18863,train
17487,leaf_19824,train
17488,leaf_655,train
17489,leaf_1367,train
17490,leaf_4659,train
17491,leaf_17393,train
17492,leaf_21991,train
17493,leaf_12219,train
17494,leaf_17469,train
17495,leaf_11176,train
17496,leaf_22602,train
17497,leaf_6465,train
17498,leaf_815,train
17499,leaf_18982,train
17500,leaf_14674,train
17501,leaf_21385,train
17502,leaf_20243,train
17503,leaf_13325,train
17504,leaf_4059,train
17505,leaf_18402,train
17506,leaf_17009,train
17507,leaf_2369,train
17508,leaf_1565,train
17509,leaf_3677,train
17510,leaf_11110,train
17511,leaf_13677,train
17512,leaf_3784,train
17513,leaf_22945,train
17514,leaf_1905,train
17515,leaf_16591,train
17516,leaf_14547,train
17517,leaf_18088,train
17518,leaf_14080,train
17519,leaf_9404,train
17520,leaf_5954,train
17521,leaf_2362,train
17522,leaf_1424,train
17523,leaf_15933,train
17524,leaf_7739,train
17525,leaf_4046,train
17526,leaf_4393,train
17527,leaf_12811,train
17528,leaf_12330,train
17529,leaf_5105,train
17530,leaf_1034,train
17531,leaf_21210,train
17532,leaf_12696,train
17533,leaf_9882,train
17534,leaf_7588,train
17535,leaf_15329,train
17536,leaf_22610,train
17537,leaf_10821,train
17538,leaf_6207,train
17539,leaf_18683,train
17540,leaf_2200,train
17541,leaf_18732,train
17542,leaf_14052,train
17543,leaf_5568,train
17544,leaf_21259,train
17545,leaf_12438,train
17546,leaf_18930,train
17547,leaf_19069,train
17548,leaf_21747,train
17549,leaf_12614,train
17550,leaf_1429,train
17551,leaf_14620,train
17552,leaf_12723,train
17553,leaf_22186,train
17554,leaf_6839,train
17555,leaf_3727,train
17556,leaf_4387,train
17557,leaf_20295,train
17558,leaf_10738,train
17559,leaf_10074,train
17560,leaf_3390,train
17561,leaf_5006,train
17562,leaf_17023,train
17563,leaf_18501,train
17564,leaf_11291,train
17565,leaf_10660,train
17566,leaf_3757,train
17567,leaf_18035,train
17568,leaf_22671,train
17569,leaf_3272,train
17570,leaf_2727,train
17571,leaf_12406,train
17572,leaf_15792,train
17573,leaf_9272,train
17574,leaf_22210,train
17575,leaf_14453,train
17576,leaf_16258,train
17577,leaf_7038,train
17578,leaf_5645,train
17579,leaf_15546,train
17580,leaf_15981,train
17581,leaf_10395,train
17582,leaf_545,train
17583,leaf_14862,train
17584,leaf_10963,train
17585,leaf_22110,train
17586,leaf_18012,train
17587,leaf_16008,train
17588,leaf_4057,train
17589,leaf_20865,train
17590,leaf_2675,train
17591,leaf_2338,train
17592,leaf_6372,train
17593,leaf_2381,train
17594,leaf_3624,train
17595,leaf_7952,train
17596,leaf_2428,train
17597,leaf_22767,train
17598,leaf_1520,train
17599,leaf_21486,train
17600,leaf_1850,train
17601,leaf_17297,train
17602,leaf_14400,train
17603,leaf_8192,train
17604,leaf_4229,train
17605,leaf_20425,train
17606,leaf_4957,train
17607,leaf_22967,train
17608,leaf_13094,train
17609,leaf_49,train
17610,leaf_5770,train
17611,leaf_11580,train
17612,leaf_14343,train
17613,leaf_8204,train
17614,leaf_17115,train
17615,leaf_6878,train
17616,leaf_17721,train
17617,leaf_17398,train
17618,leaf_18017,train
17619,leaf_6556,train
17620,leaf_9181,train
17621,leaf_8945,train
17622,leaf_11330,train
17623,leaf_2532,train
17624,leaf_3976,train
17625,leaf_4847,train
17626,leaf_20373,train
17627,leaf_19765,train
17628,leaf_12304,train
17629,leaf_6577,train
17630,leaf_5530,train
17631,leaf_22124,train
17632,leaf_6802,train
17633,leaf_574,train
17634,leaf_19571,train
17635,leaf_6104,train
17636,leaf_18437,train
17637,leaf_856,train
17638,leaf_22629,train
17639,leaf_18316,train
17640,leaf_18052,train
17641,leaf_21253,train
17642,leaf_22893,train
17643,leaf_13688,train
17644,leaf_187,train
17645,leaf_7567,train
17646,leaf_19178,train
17647,leaf_20454,train
17648,leaf_4111,train
17649,leaf_8183,train
17650,leaf_21334,train
17651,leaf_9137,train
17652,leaf_17733,train
17653,leaf_6997,train
17654,leaf_10652,train
17655,leaf_17127,train
17656,leaf_6843,train
17657,leaf_15581,train
17658,leaf_5960,train
17659,leaf_7522,train
17660,leaf_8111,train
17661,leaf_19980,train
17662,leaf_9985,train
17663,leaf_11115,train
17664,leaf_7000,train
17665,leaf_17664,train
17666,leaf_9338,train
17667,leaf_14552,train
17668,leaf_6954,train
17669,leaf_18970,train
17670,leaf_21617,train
17671,leaf_13647,train
17672,leaf_4028,train
17673,leaf_13714,train
17674,leaf_48,train
17675,leaf_7850,train
17676,leaf_1656,train
17677,leaf_5395,train
17678,leaf_22233,train
17679,leaf_18877,train
17680,leaf_18119,train
17681,leaf_15178,train
17682,leaf_5238,train
17683,leaf_16250,train
17684,leaf_2136,train
17685,leaf_8875,train
17686,leaf_14613,train
17687,leaf_10745,train
17688,leaf_16653,train
17689,leaf_3194,train
17690,leaf_1212,train
17691,leaf_11352,train
17692,leaf_11991,train
17693,leaf_5208,train
17694,leaf_17707,train
17695,leaf_20477,train
17696,leaf_5211,train
17697,leaf_11660,train
17698,leaf_17075,train
17699,leaf_17496,train
17700,leaf_19315,train
17701,leaf_9856,train
17702,leaf_5251,train
17703,leaf_10432,train
17704,leaf_20399,train
17705,leaf_17033,train
17706,leaf_10715,train
17707,leaf_6631,train
17708,leaf_9264,train
17709,leaf_5199,train
17710,leaf_13435,train
17711,leaf_2132,train
17712,leaf_3763,train
17713,leaf_9840,train
17714,leaf_16631,train
17715,leaf_7574,train
17716,leaf_3881,train
17717,leaf_17371,train
17718,leaf_2456,train
17719,leaf_12004,train
17720,leaf_17992,train
17721,leaf_3320,train
17722,leaf_5054,train
17723,leaf_17667,train
17724,leaf_5898,train
17725,leaf_1634,train
17726,leaf_4455,train
17727,leaf_22969,train
17728,leaf_7138,train
17729,leaf_18153,train
17730,leaf_22173,train
17731,leaf_22371,train
17732,leaf_17675,train
17733,leaf_9647,train
17734,leaf_22403,train
17735,leaf_14149,train
17736,leaf_9142,train
17737,leaf_19746,train
17738,leaf_6999,train
17739,leaf_3455,train
17740,leaf_13704,train
17741,leaf_8299,train
17742,leaf_21247,train
17743,leaf_8691,train
17744,leaf_10401,train
17745,leaf_1532,train
17746,leaf_17967,train
17747,leaf_19352,train
17748,leaf_10078,train
17749,leaf_19152,train
17750,leaf_22009,train
17751,leaf_9175,train
17752,leaf_12,train
17753,leaf_11615,train
17754,leaf_20002,train
17755,leaf_11109,train
17756,leaf_6510,train
17757,leaf_2037,train
17758,leaf_15642,train
17759,leaf_15603,train
17760,leaf_22142,train
17761,leaf_8325,train
17762,leaf_2053,train
17763,leaf_1044,train
17764,leaf_19414,train
17765,leaf_10107,train
17766,leaf_12023,train
17767,leaf_20025,train
17768,leaf_20891,train
17769,leaf_1432,train
17770,leaf_8212,train
17771,leaf_12260,train
17772,leaf_8301,train
17773,leaf_19733,train
17774,leaf_20701,train
17775,leaf_13564,train
17776,leaf_18977,train
17777,leaf_9445,train
17778,leaf_22363,train
17779,leaf_9432,train
17780,leaf_19258,train
17781,leaf_19893,train
17782,leaf_3259,train
17783,leaf_16111,train
17784,leaf_1917,train
17785,leaf_22346,train
17786,leaf_9126,train
17787,leaf_3800,train
17788,leaf_19180,train
17789,leaf_14111,train
17790,leaf_17912,train
17791,leaf_20237,train
17792,leaf_5423,train
17793,leaf_6264,train
17794,leaf_21947,train
17795,leaf_6167,train
17796,leaf_9063,train
17797,leaf_10495,train
17798,leaf_20328,train
17799,leaf_1827,train
17800,leaf_3411,train
17801,leaf_10491,train
17802,leaf_8477,train
17803,leaf_11255,train
17804,leaf_16156,train
17805,leaf_8828,train
17806,leaf_21710,train
17807,leaf_7923,train
17808,leaf_1193,train
17809,leaf_22579,train
17810,leaf_13875,train
17811,leaf_8038,train
17812,leaf_11872,train
17813,leaf_1738,train
17814,leaf_19645,train
17815,leaf_19810,train
17816,leaf_22979,train
17817,leaf_15390,train
17818,leaf_16709,train
17819,leaf_12655,train
17820,leaf_12154,train
17821,leaf_22051,train
17822,leaf_20706,train
17823,leaf_5076,train
17824,leaf_19793,train
17825,leaf_9805,train
17826,leaf_5352,train
17827,leaf_13768,train
17828,leaf_14978,train
17829,leaf_16151,train
17830,leaf_10675,train
17831,leaf_16762,train
17832,leaf_848,train
17833,leaf_15701,train
17834,leaf_13563,train
17835,leaf_4004,train
17836,leaf_1755,train
17837,leaf_15075,train
17838,leaf_20772,train
17839,leaf_20212,train
17840,leaf_12106,train
17841,leaf_21963,train
17842,leaf_20254,train
17843,leaf_2852,train
17844,leaf_18925,train
17845,leaf_5554,train
17846,leaf_15545,train
17847,leaf_20284,train
17848,leaf_8109,train
17849,leaf_11718,train
17850,leaf_11071,train
17851,leaf_5383,train
17852,leaf_15561,train
17853,leaf_2931,train
17854,leaf_21222,train
17855,leaf_6901,train
17856,leaf_1908,train
17857,leaf_13298,train
17858,leaf_6200,train
17859,leaf_1507,train
17860,leaf_15915,train
17861,leaf_16657,train
17862,leaf_9984,train
17863,leaf_12246,train
17864,leaf_14796,train
17865,leaf_8281,train
17866,leaf_3148,train
17867,leaf_2324,train
17868,leaf_19541,train
17869,leaf_2123,train
17870,leaf_17858,train
17871,leaf_10505,train
17872,leaf_5170,train
17873,leaf_5258,train
17874,leaf_9808,train
17875,leaf_19831,train
17876,leaf_9875,train
17877,leaf_2064,train
17878,leaf_11467,train
17879,leaf_9228,train
17880,leaf_14929,train
17881,leaf_6959,train
17882,leaf_6861,train
17883,leaf_16283,train
17884,leaf_6120,train
17885,leaf_14927,train
17886,leaf_16994,train
17887,leaf_21053,train
17888,leaf_16563,train
17889,leaf_20733,train
17890,leaf_4414,train
17891,leaf_4609,train
17892,leaf_8682,train
17893,leaf_258,train
17894,leaf_3834,train
17895,leaf_16116,train
17896,leaf_8645,train
17897,leaf_10161,train
17898,leaf_15533,train
17899,leaf_18449,train
17900,leaf_8356,train
17901,leaf_1223,train
17902,leaf_10927,train
17903,leaf_20650,train
17904,leaf_18285,train
17905,leaf_166,train
17906,leaf_19095,train
17907,leaf_3831,train
17908,leaf_9821,train
17909,leaf_9941,train
17910,leaf_1292,train
17911,leaf_5180,train
17912,leaf_12200,train
17913,leaf_12652,train
17914,leaf_11203,train
17915,leaf_1121,train
17916,leaf_15256,train
17917,leaf_13697,train
17918,leaf_13084,train
17919,leaf_10297,train
17920,leaf_6409,train
17921,leaf_8543,train
17922,leaf_16273,train
17923,leaf_339,train
17924,leaf_11452,train
17925,leaf_16611,train
17926,leaf_2361,train
17927,leaf_7837,train
17928,leaf_12364,train
17929,leaf_15372,train
17930,leaf_21375,train
17931,leaf_10747,train
17932,leaf_3791,train
17933,leaf_6078,train
17934,leaf_10575,train
17935,leaf_20130,train
17936,leaf_18073,train
17937,leaf_19859,train
17938,leaf_8128,train
17939,leaf_292,train
17940,leaf_6117,train
17941,leaf_18001,train
17942,leaf_7666,train
17943,leaf_13737,train
17944,leaf_16826,train
17945,leaf_10503,train
17946,leaf_9847,train
17947,leaf_5297,train
17948,leaf_8836,train
17949,leaf_7931,train
17950,leaf_12567,train
17951,leaf_2502,train
17952,leaf_11645,train
17953,leaf_3248,train
17954,leaf_8098,train
17955,leaf_9768,train
17956,leaf_2536,train
17957,leaf_17841,train
17958,leaf_2585,train
17959,leaf_1458,train
17960,leaf_1868,train
17961,leaf_4192,train
17962,leaf_2725,train
17963,leaf_20742,train
17964,leaf_10919,train
17965,leaf_10871,train
17966,leaf_12271,train
17967,leaf_2467,train
17968,leaf_11370,train
17969,leaf_300,train
17970,leaf_4254,train
17971,leaf_14361,train
17972,leaf_18125,train
17973,leaf_10073,train
17974,leaf_6925,train
17975,leaf_20498,train
17976,leaf_15806,train
17977,leaf_2792,train
17978,leaf_20803,train
17979,leaf_12431,train
17980,leaf_13686,train
17981,leaf_19065,train
17982,leaf_4077,train
17983,leaf_8542,train
17984,leaf_11990,train
17985,leaf_12480,train
17986,leaf_3291,train
17987,leaf_821,train
17988,leaf_19304,train
17989,leaf_9598,train
17990,leaf_5866,train
17991,leaf_9428,train
17992,leaf_19800,train
17993,leaf_13579,train
17994,leaf_5262,train
17995,leaf_12820,train
17996,leaf_16018,train
17997,leaf_5972,train
17998,leaf_22259,train
17999,leaf_2851,train
18000,leaf_7877,train
18001,leaf_17077,train
18002,leaf_18096,train
18003,leaf_1828,train
18004,leaf_21839,train
18005,leaf_13322,train
18006,leaf_8693,train
18007,leaf_14645,train
18008,leaf_14323,train
18009,leaf_10699,train
18010,leaf_2498,train
18011,leaf_7796,train
18012,leaf_17299,train
18013,leaf_15195,train
18014,leaf_12497,train
18015,leaf_20319,train
18016,leaf_19461,train
18017,leaf_9884,train
18018,leaf_10438,train
18019,leaf_16120,train
18020,leaf_12362,train
18021,leaf_15249,train
18022,leaf_18409,train
18023,leaf_17373,train
18024,leaf_16971,train
18025,leaf_8124,train
18026,leaf_3871,train
18027,leaf_16080,train
18028,leaf_21936,train
18029,leaf_11302,train
18030,leaf_1295,train
18031,leaf_13186,train
18032,leaf_18180,train
18033,leaf_14034,train
18034,leaf_12422,train
18035,leaf_7543,train
18036,leaf_2108,train
18037,leaf_12005,train
18038,leaf_8404,train
18039,leaf_6160,train
18040,leaf_20975,train
18041,leaf_23011,train
18042,leaf_807,train
18043,leaf_22002,train
18044,leaf_5576,train
18045,leaf_4669,train
18046,leaf_19216,train
18047,leaf_12475,train
18048,leaf_9101,train
18049,leaf_20800,train
18050,leaf_19168,train
18051,leaf_21089,train
18052,leaf_12409,train
18053,leaf_22224,train
18054,leaf_19290,train
18055,leaf_19208,train
18056,leaf_12293,train
18057,leaf_7976,train
18058,leaf_22771,train
18059,leaf_9321,train
18060,leaf_9848,train
18061,leaf_5795,train
18062,leaf_206,train
18063,leaf_12656,train
18064,leaf_20241,train
18065,leaf_8435,train
18066,leaf_8648,train
18067,leaf_10,train
18068,leaf_3026,train
18069,leaf_481,train
18070,leaf_10757,train
18071,leaf_3733,train
18072,leaf_16780,train
18073,leaf_90,train
18074,leaf_4765,train
18075,leaf_124,train
18076,leaf_21192,train
18077,leaf_4040,train
18078,leaf_15926,train
18079,leaf_5914,train
18080,leaf_15630,train
18081,leaf_6874,train
18082,leaf_10830,train
18083,leaf_20225,train
18084,leaf_20973,train
18085,leaf_18026,train
18086,leaf_12325,train
18087,leaf_7743,train
18088,leaf_2750,train
18089,leaf_11730,train
18090,leaf_18703,train
18091,leaf_7285,train
18092,leaf_8119,train
18093,leaf_19755,train
18094,leaf_21365,train
18095,leaf_8782,train
18096,leaf_15350,train
18097,leaf_8161,train
18098,leaf_8445,train
18099,leaf_3541,train
18100,leaf_5291,train
18101,leaf_12223,train
18102,leaf_20584,train
18103,leaf_6627,train
18104,leaf_15620,train
18105,leaf_10248,train
18106,leaf_310,train
18107,leaf_18550,train
18108,leaf_8086,train
18109,leaf_4238,train
18110,leaf_8929,train
18111,leaf_11079,train
18112,leaf_12993,train
18113,leaf_13142,train
18114,leaf_4969,train
18115,leaf_17588,train
18116,leaf_17043,train
18117,leaf_18825,train
18118,leaf_10825,train
18119,leaf_4405,train
18120,leaf_13592,train
18121,leaf_2549,train
18122,leaf_10511,train
18123,leaf_22666,train
18124,leaf_16204,train
18125,leaf_1964,train
18126,leaf_11576,train
18127,leaf_1446,train
18128,leaf_18920,train
18129,leaf_6514,train
18130,leaf_9905,train
18131,leaf_16637,train
18132,leaf_18932,train
18133,leaf_5588,train
18134,leaf_6476,train
18135,leaf_9815,train
18136,leaf_4303,train
18137,leaf_7537,train
18138,leaf_6888,train
18139,leaf_22913,train
18140,leaf_13085,train
18141,leaf_6607,train
18142,leaf_1794,train
18143,leaf_12115,train
18144,leaf_17892,train
18145,leaf_17715,train
18146,leaf_825,train
18147,leaf_7679,train
18148,leaf_14461,train
18149,leaf_1861,train
18150,leaf_4194,train
18151,leaf_9331,train
18152,leaf_2647,train
18153,leaf_15452,train
18154,leaf_12384,train
18155,leaf_17530,train
18156,leaf_7942,train
18157,leaf_9450,train
18158,leaf_15481,train
18159,leaf_7240,train
18160,leaf_10771,train
18161,leaf_14993,train
18162,leaf_21924,train
18163,leaf_1148,train
18164,leaf_22497,train
18165,leaf_14548,train
18166,leaf_3818,train
18167,leaf_5337,train
18168,leaf_1585,train
18169,leaf_18218,train
18170,leaf_8588,train
18171,leaf_3312,train
18172,leaf_21553,train
18173,leaf_3919,train
18174,leaf_11266,train
18175,leaf_12838,train
18176,leaf_961,train
18177,leaf_12071,train
18178,leaf_391,train
18179,leaf_21883,train
18180,leaf_11121,train
18181,leaf_9236,train
18182,leaf_18649,train
18183,leaf_15258,train
18184,leaf_19471,train
18185,leaf_19082,train
18186,leaf_12528,train
18187,leaf_10687,train
18188,leaf_20646,train
18189,leaf_22992,train
18190,leaf_20274,train
18191,leaf_16068,train
18192,leaf_9975,train
18193,leaf_19909,train
18194,leaf_17815,train
18195,leaf_21116,train
18196,leaf_6542,train
18197,leaf_7330,train
18198,leaf_15843,train
18199,leaf_12469,train
18200,leaf_1134,train
18201,leaf_13313,train
18202,leaf_1881,train
18203,leaf_6547,train
18204,leaf_2775,train
18205,leaf_3428,train
18206,leaf_580,train
18207,leaf_2277,train
18208,leaf_7016,train
18209,leaf_12471,train
18210,leaf_3668,train
18211,leaf_17669,train
18212,leaf_14070,train
18213,leaf_7157,train
18214,leaf_2165,train
18215,leaf_16066,train
18216,leaf_17488,train
18217,leaf_9315,train
18218,leaf_5732,train
18219,leaf_16416,train
18220,leaf_3464,train
18221,leaf_10072,train
18222,leaf_5457,train
18223,leaf_14316,train
18224,leaf_13015,train
18225,leaf_3674,train
18226,leaf_16443,train
18227,leaf_13599,train
18228,leaf_19549,train
18229,leaf_2840,train
18230,leaf_21427,train
18231,leaf_7401,train
18232,leaf_3908,train
18233,leaf_15670,train
18234,leaf_459,train
18235,leaf_7941,train
18236,leaf_20913,train
18237,leaf_14724,train
18238,leaf_15637,train
18239,leaf_13112,train
18240,leaf_269,train
18241,leaf_11284,train
18242,leaf_10140,train
18243,leaf_2825,train
18244,leaf_11997,train
18245,leaf_12319,train
18246,leaf_17434,train
18247,leaf_10982,train
18248,leaf_22515,train
18249,leaf_20014,train
18250,leaf_21093,train
18251,leaf_9657,train
18252,leaf_19370,train
18253,leaf_2260,train
18254,leaf_18572,train
18255,leaf_7986,train
18256,leaf_5654,train
18257,leaf_7476,train
18258,leaf_10773,train
18259,leaf_15065,train
18260,leaf_2970,train
18261,leaf_19102,train
18262,leaf_16289,train
18263,leaf_14587,train
18264,leaf_15846,train
18265,leaf_13850,train
18266,leaf_13763,train
18267,leaf_15881,train
18268,leaf_9494,train
18269,leaf_21609,train
18270,leaf_5030,train
18271,leaf_320,train
18272,leaf_5295,train
18273,leaf_17047,train
18274,leaf_23017,train
18275,leaf_91,train
18276,leaf_18517,train
18277,leaf_6873,train
18278,leaf_4273,train
18279,leaf_12915,train
18280,leaf_8280,train
18281,leaf_19825,train
18282,leaf_7423,train
18283,leaf_6836,train
18284,leaf_15074,train
18285,leaf_5863,train
18286,leaf_12344,train
18287,leaf_19373,train
18288,leaf_8764,train
18289,leaf_4836,train
18290,leaf_10185,train
18291,leaf_14475,train
18292,leaf_5223,train
18293,leaf_21517,train
18294,leaf_11624,train
18295,leaf_12823,train
18296,leaf_19769,train
18297,leaf_17460,train
18298,leaf_768,train
18299,leaf_16582,train
18300,leaf_13722,train
18301,leaf_22135,train
18302,leaf_10706,train
18303,leaf_4815,train
18304,leaf_8394,train
18305,leaf_14430,train
18306,leaf_12252,train
18307,leaf_5,train
18308,leaf_20616,train
18309,leaf_9032,train
18310,leaf_2622,train
18311,leaf_15571,train
18312,leaf_18684,train
18313,leaf_15443,train
18314,leaf_2309,train
18315,leaf_12404,train
18316,leaf_9656,train
18317,leaf_2318,train
18318,leaf_15396,train
18319,leaf_22592,train
18320,leaf_2723,train
18321,leaf_19303,train
18322,leaf_1912,train
18323,leaf_22230,train
18324,leaf_12845,train
18325,leaf_18253,train
18326,leaf_4020,train
18327,leaf_16469,train
18328,leaf_10169,train
18329,leaf_7108,train
18330,leaf_8666,train
18331,leaf_9206,train
18332,leaf_647,train
18333,leaf_18919,train
18334,leaf_1892,train
18335,leaf_17100,train
18336,leaf_21215,train
18337,leaf_17570,train
18338,leaf_15172,train
18339,leaf_1997,train
18340,leaf_21542,train
18341,leaf_12524,train
18342,leaf_2500,train
18343,leaf_5804,train
18344,leaf_12420,train
18345,leaf_3089,train
18346,leaf_20810,train
18347,leaf_20836,train
18348,leaf_14347,train
18349,leaf_18431,train
18350,leaf_8912,train
18351,leaf_11946,train
18352,leaf_21953,train
18353,leaf_22440,train
18354,leaf_21756,train
18355,leaf_9267,train
18356,leaf_4058,train
18357,leaf_22774,train
18358,leaf_3839,train
18359,leaf_12748,train
18360,leaf_2504,train
18361,leaf_13628,train
18362,leaf_11183,train
18363,leaf_4922,train
18364,leaf_14352,train
18365,leaf_3580,train
18366,leaf_19382,train
18367,leaf_3499,train
18368,leaf_6753,train
18369,leaf_13345,train
18370,leaf_20251,train
18371,leaf_7008,train
18372,leaf_6949,train
18373,leaf_13994,train
18374,leaf_7170,train
18375,leaf_10361,train
18376,leaf_8493,train
18377,leaf_13374,train
18378,leaf_3369,train
18379,leaf_7826,train
18380,leaf_20506,train
18381,leaf_18005,train
18382,leaf_18623,train
18383,leaf_11593,train
18384,leaf_20464,train
18385,leaf_5813,train
18386,leaf_12393,train
18387,leaf_2385,train
18388,leaf_15649,train
18389,leaf_12300,train
18390,leaf_11076,train
18391,leaf_14734,train
18392,leaf_8732,train
18393,leaf_8243,train
18394,leaf_1620,train
18395,leaf_7496,train
18396,leaf_1444,train
18397,leaf_12337,train
18398,leaf_2716,train
18399,leaf_8468,train
18400,leaf_7009,train
18401,leaf_16797,train
18402,leaf_7381,train
18403,leaf_15136,train
18404,leaf_11775,train
18405,leaf_13457,train
18406,leaf_8045,train
18407,leaf_22727,train
18408,leaf_14394,train
18409,leaf_390,train
18410,leaf_9226,train
18411,leaf_14270,train
18412,leaf_11126,train
18413,leaf_4392,train
18414,leaf_3498,train
18415,leaf_435,train
18416,leaf_12025,train
18417,leaf_12195,train
18418,leaf_20451,train
18419,leaf_7989,train
18420,leaf_15801,train
18421,leaf_19710,train
18422,leaf_21441,train
18423,leaf_3030,train
18424,leaf_2879,train
18425,leaf_5149,train
18426,leaf_15594,train
18427,leaf_10038,train
18428,leaf_19515,train
18429,leaf_1049,train
18430,leaf_20931,train
18431,leaf_10992,train
18432,leaf_6426,train
18433,leaf_783,train
18434,leaf_10111,train
18435,leaf_9918,train
18436,leaf_14656,train
18437,leaf_13369,train
18438,leaf_16146,train
18439,leaf_5277,train
18440,leaf_6153,train
18441,leaf_3662,train
18442,leaf_7403,train
18443,leaf_7744,train
18444,leaf_4532,train
18445,leaf_15265,train
18446,leaf_17091,train
18447,leaf_4224,train
18448,leaf_7658,train
18449,leaf_6728,train
18450,leaf_3649,train
18451,leaf_7440,train
18452,leaf_641,train
18453,leaf_9345,train
18454,leaf_18996,train
18455,leaf_7593,train
18456,leaf_2011,train
18457,leaf_7117,train
18458,leaf_4527,train
18459,leaf_19445,train
18460,leaf_8704,train
18461,leaf_20925,train
18462,leaf_579,train
18463,leaf_8131,train
18464,leaf_15788,train
18465,leaf_18958,train
18466,leaf_17104,train
18467,leaf_920,train
18468,leaf_790,train
18469,leaf_3826,train
18470,leaf_12133,train
18471,leaf_12078,train
18472,leaf_7341,train
18473,leaf_21627,train
18474,leaf_4045,train
18475,leaf_20489,train
18476,leaf_10391,train
18477,leaf_6740,validation
18478,leaf_11032,validation
18479,leaf_10422,validation
18480,leaf_4736,validation
18481,leaf_16119,validation
18482,leaf_6567,validation
18483,leaf_8688,validation
18484,leaf_6852,validation
18485,leaf_3799,validation
18486,leaf_16078,validation
18487,leaf_17188,validation
18488,leaf_11557,validation
18489,leaf_13346,validation
18490,leaf_4737,validation
18491,leaf_19945,validation
18492,leaf_20065,validation
18493,leaf_1836,validation
18494,leaf_18746,validation
18495,leaf_9406,validation
18496,leaf_9676,validation
18497,leaf_6929,validation
18498,leaf_16351,validation
18499,leaf_18542,validation
18500,leaf_13814,validation
18501,leaf_20329,validation
18502,leaf_20986,validation
18503,leaf_18533,validation
18504,leaf_573,validation
18505,leaf_5610,validation
18506,leaf_21912,validation
18507,leaf_6275,validation
18508,leaf_6721,validation
18509,leaf_11091,validation
18510,leaf_22887,validation
18511,leaf_2833,validation
18512,leaf_9737,validation
18513,leaf_5713,validation
18514,leaf_4971,validation
18515,leaf_15364,validation
18516,leaf_4124,validation
18517,leaf_9441,validation
18518,leaf_19226,validation
18519,leaf_4866,validation
18520,leaf_22352,validation
18521,leaf_19726,validation
18522,leaf_7713,validation
18523,leaf_13377,validation
18524,leaf_15143,validation
18525,leaf_12960,validation
18526,leaf_12701,validation
18527,leaf_20109,validation
18528,leaf_5490,validation
18529,leaf_8162,validation
18530,leaf_18999,validation
18531,leaf_2238,validation
18532,leaf_20620,validation
18533,leaf_22523,validation
18534,leaf_19560,validation
18535,leaf_19271,validation
18536,leaf_2990,validation
18537,leaf_10698,validation
18538,leaf_22790,validation
18539,leaf_17590,validation
18540,leaf_22042,validation
18541,leaf_11064,validation
18542,leaf_7199,validation
18543,leaf_4848,validation
18544,leaf_20099,validation
18545,leaf_13791,validation
18546,leaf_14673,validation
18547,leaf_22312,validation
18548,leaf_15270,validation
18549,leaf_6091,validation
18550,leaf_4610,validation
18551,leaf_5739,validation
18552,leaf_22040,validation
18553,leaf_18304,validation
18554,leaf_11184,validation
18555,leaf_22931,validation
18556,leaf_21141,validation
18557,leaf_22793,validation
18558,leaf_15911,validation
18559,leaf_18665,validation
18560,leaf_17665,validation
18561,leaf_3019,validation
18562,leaf_14505,validation
18563,leaf_18971,validation
18564,leaf_13337,validation
18565,leaf_16113,validation
18566,leaf_22047,validation
18567,leaf_13556,validation
18568,leaf_4927,validation
18569,leaf_15139,validation
18570,leaf_6335,validation
18571,leaf_1131,validation
18572,leaf_9131,validation
18573,leaf_3682,validation
18574,leaf_16261,validation
18575,leaf_3130,validation
18576,leaf_17125,validation
18577,leaf_11943,validation
18578,leaf_13367,validation
18579,leaf_7120,validation
18580,leaf_6657,validation
18581,leaf_15160,validation
18582,leaf_12782,validation
18583,leaf_14485,validation
18584,leaf_7575,validation
18585,leaf_2917,validation
18586,leaf_10524,validation
18587,leaf_3132,validation
18588,leaf_18816,validation
18589,leaf_22856,validation
18590,leaf_2781,validation
18591,leaf_20558,validation
18592,leaf_16551,validation
18593,leaf_19410,validation
18594,leaf_13657,validation
18595,leaf_16696,validation
18596,leaf_7636,validation
18597,leaf_13597,validation
18598,leaf_18626,validation
18599,leaf_2350,validation
18600,leaf_14930,validation
18601,leaf_15781,validation
18602,leaf_7592,validation
18603,leaf_15482,validation
18604,leaf_13982,validation
18605,leaf_13306,validation
18606,leaf_1311,validation
18607,leaf_22684,validation
18608,leaf_13372,validation
18609,leaf_11149,validation
18610,leaf_8147,validation
18611,leaf_15212,validation
18612,leaf_11722,validation
18613,leaf_17446,validation
18614,leaf_12287,validation
18615,leaf_11102,validation
18616,leaf_12547,validation
18617,leaf_3465,validation
18618,leaf_20542,validation
18619,leaf_15175,validation
18620,leaf_17060,validation
18621,leaf_2082,validation
18622,leaf_22165,validation
18623,leaf_4069,validation
18624,leaf_13236,validation
18625,leaf_19650,validation
18626,leaf_18909,validation
18627,leaf_13404,validation
18628,leaf_1151,validation
18629,leaf_7484,validation
18630,leaf_17182,validation
18631,leaf_13058,validation
18632,leaf_8201,validation
18633,leaf_1952,validation
18634,leaf_15035,validation
18635,leaf_6734,validation
18636,leaf_22069,validation
18637,leaf_502,validation
18638,leaf_2827,validation
18639,leaf_21268,validation
18640,leaf_12592,validation
18641,leaf_4370,validation
18642,leaf_16455,validation
18643,leaf_708,validation
18644,leaf_1878,validation
18645,leaf_22841,validation
18646,leaf_8457,validation
18647,leaf_17547,validation
18648,leaf_7233,validation
18649,leaf_317,validation
18650,leaf_6950,validation
18651,leaf_17744,validation
18652,leaf_1887,validation
18653,leaf_3474,validation
18654,leaf_10655,validation
18655,leaf_2645,validation
18656,leaf_15894,validation
18657,leaf_9858,validation
18658,leaf_9095,validation
18659,leaf_13179,validation
18660,leaf_2289,validation
18661,leaf_4429,validation
18662,leaf_13029,validation
18663,leaf_12265,validation
18664,leaf_2015,validation
18665,leaf_11307,validation
18666,leaf_15187,validation
18667,leaf_1714,validation
18668,leaf_9944,validation
18669,leaf_13206,validation
18670,leaf_219,validation
18671,leaf_1437,validation
18672,leaf_1781,validation
18673,leaf_10330,validation
18674,leaf_15515,validation
18675,leaf_18520,validation
18676,leaf_20511,validation
18677,leaf_2377,validation
18678,leaf_4623,validation
18679,leaf_5997,validation
18680,leaf_15437,validation
18681,leaf_5307,validation
18682,leaf_15757,validation
18683,leaf_17356,validation
18684,leaf_8548,validation
18685,leaf_2984,validation
18686,leaf_5593,validation
18687,leaf_20161,validation
18688,leaf_7576,validation
18689,leaf_9929,validation
18690,leaf_18735,validation
18691,leaf_21193,validation
18692,leaf_8960,validation
18693,leaf_11748,validation
18694,leaf_12776,validation
18695,leaf_10172,validation
18696,leaf_8391,validation
18697,leaf_16099,validation
18698,leaf_3591,validation
18699,leaf_14455,validation
18700,leaf_8614,validation
18701,leaf_746,validation
18702,leaf_1870,validation
18703,leaf_22512,validation
18704,leaf_21986,validation
18705,leaf_2114,validation
18706,leaf_7532,validation
18707,leaf_4277,validation
18708,leaf_9249,validation
18709,leaf_15182,validation
18710,leaf_8931,validation
18711,leaf_1986,validation
18712,leaf_11791,validation
18713,leaf_8100,validation
18714,leaf_6933,validation
18715,leaf_21306,validation
18716,leaf_8626,validation
18717,leaf_18269,validation
18718,leaf_4865,validation
18719,leaf_7906,validation
18720,leaf_596,validation
18721,leaf_9149,validation
18722,leaf_19837,validation
18723,leaf_15540,validation
18724,leaf_17517,validation
18725,leaf_10506,validation
18726,leaf_10287,validation
18727,leaf_20175,validation
18728,leaf_8528,validation
18729,leaf_21232,validation
18730,leaf_12008,validation
18731,leaf_3524,validation
18732,leaf_15022,validation
18733,leaf_6433,validation
18734,leaf_14605,validation
18735,leaf_11630,validation
18736,leaf_22889,validation
18737,leaf_23090,validation
18738,leaf_18582,validation
18739,leaf_5469,validation
18740,leaf_9006,validation
18741,leaf_18983,validation
18742,leaf_6820,validation
18743,leaf_22762,validation
18744,leaf_1688,validation
18745,leaf_17602,validation
18746,leaf_18376,validation
18747,leaf_6001,validation
18748,leaf_5008,validation
18749,leaf_167,validation
18750,leaf_7792,validation
18751,leaf_11945,validation
18752,leaf_20651,validation
18753,leaf_6733,validation
18754,leaf_16883,validation
18755,leaf_9297,validation
18756,leaf_5852,validation
18757,leaf_20640,validation
18758,leaf_17836,validation
18759,leaf_3694,validation
18760,leaf_575,validation
18761,leaf_6233,validation
18762,leaf_22011,validation
18763,leaf_14004,validation
18764,leaf_20294,validation
18765,leaf_11839,validation
18766,leaf_15408,validation
18767,leaf_11905,validation
18768,leaf_19421,validation
18769,leaf_7933,validation
18770,leaf_12349,validation
18771,leaf_16243,validation
18772,leaf_21063,validation
18773,leaf_19250,validation
18774,leaf_17192,validation
18775,leaf_5835,validation
18776,leaf_7261,validation
18777,leaf_9763,validation
18778,leaf_9269,validation
18779,leaf_15010,validation
18780,leaf_9076,validation
18781,leaf_15107,validation
18782,leaf_7552,validation
18783,leaf_18201,validation
18784,leaf_8535,validation
18785,leaf_7856,validation
18786,leaf_1143,validation
18787,leaf_18815,validation
18788,leaf_3666,validation
18789,leaf_1420,validation
18790,leaf_7867,validation
18791,leaf_12632,validation
18792,leaf_8378,validation
18793,leaf_5797,validation
18794,leaf_7924,validation
18795,leaf_16025,validation
18796,leaf_19681,validation
18797,leaf_3529,validation
18798,leaf_20167,validation
18799,leaf_3230,validation
18800,leaf_7263,validation
18801,leaf_22844,validation
18802,leaf_11877,validation
18803,leaf_11833,validation
18804,leaf_17110,validation
18805,leaf_19898,validation
18806,leaf_18678,validation
18807,leaf_965,validation
18808,leaf_5683,validation
18809,leaf_16071,validation
18810,leaf_11277,validation
18811,leaf_10569,validation
18812,leaf_20071,validation
18813,leaf_18298,validation
18814,leaf_21453,validation
18815,leaf_6718,validation
18816,leaf_894,validation
18817,leaf_3523,validation
18818,leaf_22623,validation
18819,leaf_14047,validation
18820,leaf_16253,validation
18821,leaf_11751,validation
18822,leaf_22066,validation
18823,leaf_13783,validation
18824,leaf_16764,validation
18825,leaf_14292,validation
18826,leaf_6462,validation
18827,leaf_5287,validation
18828,leaf_18488,validation
18829,leaf_2147,validation
18830,leaf_15226,validation
18831,leaf_23021,validation
18832,leaf_18628,validation
18833,leaf_10485,validation
18834,leaf_19379,validation
18835,leaf_2487,validation
18836,leaf_9421,validation
18837,leaf_19887,validation
18838,leaf_17906,validation
18839,leaf_9130,validation
18840,leaf_12947,validation
18841,leaf_10134,validation
18842,leaf_11101,validation
18843,leaf_1564,validation
18844,leaf_1772,validation
18845,leaf_7974,validation
18846,leaf_6638,validation
18847,leaf_1703,validation
18848,leaf_12297,validation
18849,leaf_20429,validation
18850,leaf_21130,validation
18851,leaf_21376,validation
18852,leaf_11853,validation
18853,leaf_11614,validation
18854,leaf_17593,validation
18855,leaf_17404,validation
18856,leaf_11144,validation
18857,leaf_19028,validation
18858,leaf_13873,validation
18859,leaf_1489,validation
18860,leaf_2844,validation
18861,leaf_14804,validation
18862,leaf_3536,validation
18863,leaf_14512,validation
18864,leaf_17197,validation
18865,leaf_18629,validation
18866,leaf_7216,validation
18867,leaf_15309,validation
18868,leaf_12398,validation
18869,leaf_17976,validation
18870,leaf_17632,validation
18871,leaf_9888,validation
18872,leaf_16517,validation
18873,leaf_12990,validation
18874,leaf_1907,validation
18875,leaf_20687,validation
18876,leaf_11594,validation
18877,leaf_8450,validation
18878,leaf_1455,validation
18879,leaf_14665,validation
18880,leaf_21037,validation
18881,leaf_6092,validation
18882,leaf_8419,validation
18883,leaf_12905,validation
18884,leaf_4715,validation
18885,leaf_18729,validation
18886,leaf_22932,validation
18887,leaf_10935,validation
18888,leaf_12862,validation
18889,leaf_8217,validation
18890,leaf_5988,validation
18891,leaf_7005,validation
18892,leaf_61,validation
18893,leaf_17362,validation
18894,leaf_6813,validation
18895,leaf_16291,validation
18896,leaf_367,validation
18897,leaf_10964,validation
18898,leaf_8709,validation
18899,leaf_12645,validation
18900,leaf_973,validation
18901,leaf_1597,validation
18902,leaf_21683,validation
18903,leaf_15631,validation
18904,leaf_3958,validation
18905,leaf_18360,validation
18906,leaf_15140,validation
18907,leaf_11192,validation
18908,leaf_17422,validation
18909,leaf_7402,validation
18910,leaf_12563,validation
18911,leaf_18357,validation
18912,leaf_15593,validation
18913,leaf_16732,validation
18914,leaf_12520,validation
18915,leaf_9652,validation
18916,leaf_1339,validation
18917,leaf_18984,validation
18918,leaf_16663,validation
18919,leaf_7854,validation
18920,leaf_13098,validation
18921,leaf_21465,validation
18922,leaf_12613,validation
18923,leaf_18822,validation
18924,leaf_6853,validation
18925,leaf_8402,validation
18926,leaf_16211,validation
18927,leaf_14013,validation
18928,leaf_10809,validation
18929,leaf_7711,validation
18930,leaf_19580,validation
18931,leaf_18656,validation
18932,leaf_20409,validation
18933,leaf_15804,validation
18934,leaf_18531,validation
18935,leaf_12544,validation
18936,leaf_9748,validation
18937,leaf_664,validation
18938,leaf_5311,validation
18939,leaf_22294,validation
18940,leaf_12345,validation
18941,leaf_8534,validation
18942,leaf_22657,validation
18943,leaf_6521,validation
18944,leaf_4328,validation
18945,leaf_22172,validation
18946,leaf_9453,validation
18947,leaf_16774,validation
18948,leaf_6350,validation
18949,leaf_14396,validation
18950,leaf_19150,validation
18951,leaf_9192,validation
18952,leaf_11348,validation
18953,leaf_9667,validation
18954,leaf_7010,validation
18955,leaf_10076,validation
18956,leaf_11029,validation
18957,leaf_4683,validation
18958,leaf_5846,validation
18959,leaf_10714,validation
18960,leaf_5792,validation
18961,leaf_1116,validation
18962,leaf_5718,validation
18963,leaf_4323,validation
18964,leaf_13766,validation
18965,leaf_21294,validation
18966,leaf_16103,validation
18967,leaf_8052,validation
18968,leaf_3680,validation
18969,leaf_13383,validation
18970,leaf_3963,validation
18971,leaf_20932,validation
18972,leaf_5461,validation
18973,leaf_9940,validation
18974,leaf_17871,validation
18975,leaf_237,validation
18976,leaf_5403,validation
18977,leaf_15512,validation
18978,leaf_21066,validation
18979,leaf_14493,validation
18980,leaf_13304,validation
18981,leaf_1382,validation
18982,leaf_8407,validation
18983,leaf_1048,validation
18984,leaf_1427,validation
18985,leaf_5555,validation
18986,leaf_19240,validation
18987,leaf_2212,validation
18988,leaf_18695,validation
18989,leaf_14851,validation
18990,leaf_10827,validation
18991,leaf_2737,validation
18992,leaf_9934,validation
18993,leaf_14190,validation
18994,leaf_15086,validation
18995,leaf_4803,validation
18996,leaf_12415,validation
18997,leaf_5594,validation
18998,leaf_2031,validation
18999,leaf_9483,validation
19000,leaf_13520,validation
19001,leaf_20213,validation
19002,leaf_3090,validation
19003,leaf_6496,validation
19004,leaf_11047,validation
19005,leaf_19291,validation
19006,leaf_22796,validation
19007,leaf_17464,validation
19008,leaf_18682,validation
19009,leaf_8393,validation
19010,leaf_16832,validation
19011,leaf_17634,validation
19012,leaf_837,validation
19013,leaf_10176,validation
19014,leaf_14324,validation
19015,leaf_11835,validation
19016,leaf_21507,validation
19017,leaf_5450,validation
19018,leaf_8612,validation
19019,leaf_139,validation
19020,leaf_3785,validation
19021,leaf_15257,validation
19022,leaf_11085,validation
19023,leaf_1397,validation
19024,leaf_4434,validation
19025,leaf_14021,validation
19026,leaf_8504,validation
19027,leaf_13984,validation
19028,leaf_10746,validation
19029,leaf_19107,validation
19030,leaf_22106,validation
19031,leaf_823,validation
19032,leaf_19717,validation
19033,leaf_454,validation
19034,leaf_5136,validation
19035,leaf_14246,validation
19036,leaf_8983,validation
19037,leaf_13976,validation
19038,leaf_7812,validation
19039,leaf_12943,validation
19040,leaf_14458,validation
19041,leaf_5659,validation
19042,leaf_1144,validation
19043,leaf_17262,validation
19044,leaf_4934,validation
19045,leaf_6842,validation
19046,leaf_15623,validation
19047,leaf_18614,validation
19048,leaf_2236,validation
19049,leaf_16843,validation
19050,leaf_16282,validation
19051,leaf_7257,validation
19052,leaf_18371,validation
19053,leaf_8186,validation
19054,leaf_20114,validation
19055,leaf_8286,validation
19056,leaf_7566,validation
19057,leaf_8845,validation
19058,leaf_9215,validation
19059,leaf_17405,validation
19060,leaf_2757,validation
19061,leaf_17144,validation
19062,leaf_13384,validation
19063,leaf_582,validation
19064,leaf_16814,validation
19065,leaf_22905,validation
19066,leaf_20492,validation
19067,leaf_13818,validation
19068,leaf_11708,validation
19069,leaf_16643,validation
19070,leaf_12385,validation
19071,leaf_5606,validation
19072,leaf_13530,validation
19073,leaf_10563,validation
19074,leaf_11551,validation
19075,leaf_37,validation
19076,leaf_21648,validation
19077,leaf_3366,validation
19078,leaf_17069,validation
19079,leaf_5599,validation
19080,leaf_10217,validation
19081,leaf_5448,validation
19082,leaf_1210,validation
19083,leaf_13524,validation
19084,leaf_1258,validation
19085,leaf_15161,validation
19086,leaf_13056,validation
19087,leaf_4417,validation
19088,leaf_13264,validation
19089,leaf_705,validation
19090,leaf_8776,validation
19091,leaf_3996,validation
19092,leaf_3535,validation
19093,leaf_12658,validation
19094,leaf_899,validation
19095,leaf_7235,validation
19096,leaf_19179,validation
19097,leaf_5876,validation
19098,leaf_21216,validation
19099,leaf_3819,validation
19100,leaf_1835,validation
19101,leaf_3351,validation
19102,leaf_4722,validation
19103,leaf_20083,validation
19104,leaf_6535,validation
19105,leaf_3509,validation
19106,leaf_3083,validation
19107,leaf_12346,validation
19108,leaf_7825,validation
19109,leaf_9245,validation
19110,leaf_14415,validation
19111,leaf_6024,validation
19112,leaf_16132,validation
19113,leaf_10629,validation
19114,leaf_13734,validation
19115,leaf_12617,validation
19116,leaf_12465,validation
19117,leaf_22195,validation
19118,leaf_8056,validation
19119,leaf_9513,validation
19120,leaf_1642,validation
19121,leaf_11036,validation
19122,leaf_20118,validation
19123,leaf_4157,validation
19124,leaf_3153,validation
19125,leaf_1877,validation
19126,leaf_7203,validation
19127,leaf_1553,validation
19128,leaf_13415,validation
19129,leaf_13794,validation
19130,leaf_5518,validation
19131,leaf_12498,validation
19132,leaf_10645,validation
19133,leaf_13849,validation
19134,leaf_3308,validation
19135,leaf_18058,validation
19136,leaf_11433,validation
19137,leaf_13402,validation
19138,leaf_17227,validation
19139,leaf_15772,validation
19140,leaf_10785,validation
19141,leaf_3582,validation
19142,leaf_1053,validation
19143,leaf_3979,validation
19144,leaf_14956,validation
19145,leaf_9148,validation
19146,leaf_22296,validation
19147,leaf_3151,validation
19148,leaf_18384,validation
19149,leaf_22138,validation
19150,leaf_16753,validation
19151,leaf_3559,validation
19152,leaf_7725,validation
19153,leaf_18583,validation
19154,leaf_5536,validation
19155,leaf_3892,validation
19156,leaf_4896,validation
19157,leaf_13242,validation
19158,leaf_21080,validation
19159,leaf_15012,validation
19160,leaf_13351,validation
19161,leaf_16181,validation
19162,leaf_11785,validation
19163,leaf_11069,validation
19164,leaf_794,validation
19165,leaf_8082,validation
19166,leaf_1918,validation
19167,leaf_16208,validation
19168,leaf_18086,validation
19169,leaf_20495,validation
19170,leaf_1157,validation
19171,leaf_2894,validation
19172,leaf_19097,validation
19173,leaf_2821,validation
19174,leaf_16139,validation
19175,leaf_13419,validation
19176,leaf_13135,validation
19177,leaf_19433,validation
19178,leaf_380,validation
19179,leaf_15587,validation
19180,leaf_10265,validation
19181,leaf_17839,validation
19182,leaf_3809,validation
19183,leaf_9115,validation
19184,leaf_9261,validation
19185,leaf_19380,validation
19186,leaf_5931,validation
19187,leaf_21998,validation
19188,leaf_12630,validation
19189,leaf_16348,validation
19190,leaf_9563,validation
19191,leaf_16081,validation
19192,leaf_20887,validation
19193,leaf_16463,validation
19194,leaf_8527,validation
19195,leaf_17098,validation
19196,leaf_2678,validation
19197,leaf_18586,validation
19198,leaf_5939,validation
19199,leaf_11202,validation
19200,leaf_2927,validation
19201,leaf_15223,validation
19202,leaf_12058,validation
19203,leaf_3588,validation
19204,leaf_15030,validation
19205,leaf_8218,validation
19206,leaf_8748,validation
19207,leaf_5365,validation
19208,leaf_16845,validation
19209,leaf_7224,validation
19210,leaf_20791,validation
19211,leaf_20483,validation
19212,leaf_9926,validation
19213,leaf_17066,validation
19214,leaf_5615,validation
19215,leaf_382,validation
19216,leaf_11310,validation
19217,leaf_1572,validation
19218,leaf_5089,validation
19219,leaf_21950,validation
19220,leaf_160,validation
19221,leaf_22043,validation
19222,leaf_8676,validation
19223,leaf_11437,validation
19224,leaf_3574,validation
19225,leaf_4887,validation
19226,leaf_8318,validation
19227,leaf_5520,validation
19228,leaf_16085,validation
19229,leaf_16507,validation
19230,leaf_8826,validation
19231,leaf_551,validation
19232,leaf_1540,validation
19233,leaf_15898,validation
19234,leaf_6189,validation
19235,leaf_11863,validation
19236,leaf_11901,validation
19237,leaf_14129,validation
19238,leaf_33,validation
19239,leaf_2052,validation
19240,leaf_22478,validation
19241,leaf_4110,validation
19242,leaf_18559,validation
19243,leaf_20209,validation
19244,leaf_16646,validation
19245,leaf_11757,validation
19246,leaf_676,validation
19247,leaf_765,validation
19248,leaf_2336,validation
19249,leaf_1547,validation
19250,leaf_14991,validation
19251,leaf_11575,validation
19252,leaf_4711,validation
19253,leaf_14170,validation
19254,leaf_8093,validation
19255,leaf_5769,validation
19256,leaf_19599,validation
19257,leaf_3939,validation
19258,leaf_19559,validation
19259,leaf_8353,validation
19260,leaf_14976,validation
19261,leaf_7461,validation
19262,leaf_13251,validation
19263,leaf_5918,validation
19264,leaf_7707,validation
19265,leaf_2920,validation
19266,leaf_11347,validation
19267,leaf_2462,validation
19268,leaf_19553,validation
19269,leaf_8522,validation
19270,leaf_9550,validation
19271,leaf_18774,validation
19272,leaf_17118,validation
19273,leaf_11518,validation
19274,leaf_8371,validation
19275,leaf_12040,validation
19276,leaf_2998,validation
19277,leaf_16590,validation
19278,leaf_963,validation
19279,leaf_330,validation
19280,leaf_2444,validation
19281,leaf_19368,validation
19282,leaf_12756,validation
19283,leaf_3716,validation
19284,leaf_21531,validation
19285,leaf_15235,validation
19286,leaf_8041,validation
19287,leaf_401,validation
19288,leaf_7842,validation
19289,leaf_12758,validation
19290,leaf_10612,validation
19291,leaf_10523,validation
19292,leaf_11389,validation
19293,leaf_9482,validation
19294,leaf_15826,validation
19295,leaf_3513,validation
19296,leaf_1186,validation
19297,leaf_14356,validation
19298,leaf_4565,validation
19299,leaf_1851,validation
19300,leaf_18428,validation
19301,leaf_5431,validation
19302,leaf_12994,validation
19303,leaf_21754,validation
19304,leaf_14526,validation
19305,leaf_11695,validation
19306,leaf_16622,validation
19307,leaf_9764,validation
19308,leaf_12743,validation
19309,leaf_13161,validation
19310,leaf_16771,validation
19311,leaf_21925,validation
19312,leaf_23008,validation
19313,leaf_16415,validation
19314,leaf_20085,validation
19315,leaf_2363,validation
19316,leaf_15882,validation
19317,leaf_7177,validation
19318,leaf_12532,validation
19319,leaf_376,validation
19320,leaf_13145,validation
19321,leaf_9970,validation
19322,leaf_9917,validation
19323,leaf_7925,validation
19324,leaf_22479,validation
19325,leaf_188,validation
19326,leaf_384,validation
19327,leaf_7914,validation
19328,leaf_1513,validation
19329,leaf_10512,validation
19330,leaf_7659,validation
19331,leaf_13295,validation
19332,leaf_13190,validation
19333,leaf_20819,validation
19334,leaf_17658,validation
19335,leaf_15578,validation
19336,leaf_4099,validation
19337,leaf_16235,validation
19338,leaf_20902,validation
19339,leaf_4889,validation
19340,leaf_18267,validation
19341,leaf_5014,validation
19342,leaf_353,validation
19343,leaf_15650,validation
19344,leaf_3617,validation
19345,leaf_8942,validation
19346,leaf_6351,validation
19347,leaf_18576,validation
19348,leaf_12885,validation
19349,leaf_341,validation
19350,leaf_9026,validation
19351,leaf_1435,validation
19352,leaf_1252,validation
19353,leaf_5668,validation
19354,leaf_13210,validation
19355,leaf_10218,validation
19356,leaf_14115,validation
19357,leaf_5494,validation
19358,leaf_5541,validation
19359,leaf_3141,validation
19360,leaf_2143,validation
19361,leaf_2535,validation
19362,leaf_7093,validation
19363,leaf_12263,validation
19364,leaf_13762,validation
19365,leaf_20440,validation
19366,leaf_3226,validation
19367,leaf_15635,validation
19368,leaf_13683,validation
19369,leaf_20746,validation
19370,leaf_2747,validation
19371,leaf_18260,validation
19372,leaf_10517,validation
19373,leaf_2045,validation
19374,leaf_15,validation
19375,leaf_10350,validation
19376,leaf_5733,validation
19377,leaf_12673,validation
19378,leaf_7799,validation
19379,leaf_10404,validation
19380,leaf_2593,validation
19381,leaf_15220,validation
19382,leaf_17887,validation
19383,leaf_17311,validation
19384,leaf_17674,validation
19385,leaf_19709,validation
19386,leaf_11473,validation
19387,leaf_18596,validation
19388,leaf_18786,validation
19389,leaf_15983,validation
19390,leaf_3970,validation
19391,leaf_5312,validation
19392,leaf_10186,validation
19393,leaf_3115,validation
19394,leaf_6081,validation
19395,leaf_6892,validation
19396,leaf_293,validation
19397,leaf_11795,validation
19398,leaf_12170,validation
19399,leaf_1506,validation
19400,leaf_1891,validation
19401,leaf_19926,validation
19402,leaf_12206,validation
19403,leaf_14806,validation
19404,leaf_7912,validation
19405,leaf_1010,validation
19406,leaf_16298,validation
19407,leaf_22411,validation
19408,leaf_21292,validation
19409,leaf_13275,validation
19410,leaf_20286,validation
19411,leaf_16218,validation
19412,leaf_7273,validation
19413,leaf_1306,validation
19414,leaf_19147,validation
19415,leaf_5140,validation
19416,leaf_15244,validation
19417,leaf_8810,validation
19418,leaf_18648,validation
19419,leaf_16956,validation
19420,leaf_19688,validation
19421,leaf_10632,validation
19422,leaf_6726,validation
19423,leaf_17199,validation
19424,leaf_16970,validation
19425,leaf_951,validation
19426,leaf_14809,validation
19427,leaf_9756,validation
19428,leaf_8779,validation
19429,leaf_19203,validation
19430,leaf_121,validation
19431,leaf_6197,validation
19432,leaf_3398,validation
19433,leaf_15829,validation
19434,leaf_20015,validation
19435,leaf_22804,validation
19436,leaf_8609,validation
19437,leaf_2245,validation
19438,leaf_22926,validation
19439,leaf_13854,validation
19440,leaf_16230,validation
19441,leaf_10509,validation
19442,leaf_4930,validation
19443,leaf_5392,validation
19444,leaf_5825,validation
19445,leaf_7415,validation
19446,leaf_21817,validation
19447,leaf_18538,validation
19448,leaf_3630,validation
19449,leaf_17687,validation
19450,leaf_17673,validation
19451,leaf_254,validation
19452,leaf_19900,validation
19453,leaf_12455,validation
19454,leaf_22376,validation
19455,leaf_9167,validation
19456,leaf_11929,validation
19457,leaf_2433,validation
19458,leaf_1493,validation
19459,leaf_10958,validation
19460,leaf_17320,validation
19461,leaf_21369,validation
19462,leaf_286,validation
19463,leaf_4449,validation
19464,leaf_308,validation
19465,leaf_17426,validation
19466,leaf_12583,validation
19467,leaf_14558,validation
19468,leaf_14508,validation
19469,leaf_9952,validation
19470,leaf_20122,validation
19471,leaf_14471,validation
19472,leaf_11663,validation
19473,leaf_21302,validation
19474,leaf_22060,validation
19475,leaf_19211,validation
19476,leaf_8572,validation
19477,leaf_17639,validation
19478,leaf_16069,validation
19479,leaf_728,validation
19480,leaf_11948,validation
19481,leaf_2926,validation
19482,leaf_12248,validation
19483,leaf_1529,validation
19484,leaf_9257,validation
19485,leaf_12765,validation
19486,leaf_18926,validation
19487,leaf_23033,validation
19488,leaf_16223,validation
19489,leaf_657,validation
19490,leaf_21409,validation
19491,leaf_3415,validation
19492,leaf_6517,validation
19493,leaf_11832,validation
19494,leaf_10839,validation
19495,leaf_10840,validation
19496,leaf_21982,validation
19497,leaf_17457,validation
19498,leaf_22707,validation
19499,leaf_4665,validation
19500,leaf_4543,validation
19501,leaf_9759,validation
19502,leaf_7253,validation
19503,leaf_7286,validation
19504,leaf_14248,validation
19505,leaf_12651,validation
19506,leaf_18965,validation
19507,leaf_8097,validation
19508,leaf_19413,validation
19509,leaf_8032,validation
19510,leaf_15657,validation
19511,leaf_2099,validation
19512,leaf_13582,validation
19513,leaf_13808,validation
19514,leaf_22874,validation
19515,leaf_20307,validation
19516,leaf_23094,validation
19517,leaf_20720,validation
19518,leaf_12949,validation
19519,leaf_5842,validation
19520,leaf_15695,validation
19521,leaf_9797,validation
19522,leaf_11391,validation
19523,leaf_22934,validation
19524,leaf_16989,validation
19525,leaf_5909,validation
19526,leaf_12324,validation
19527,leaf_5204,validation
19528,leaf_3827,validation
19529,leaf_15692,validation
19530,leaf_11515,validation
19531,leaf_593,validation
19532,leaf_968,validation
19533,leaf_19534,validation
19534,leaf_18184,validation
19535,leaf_9003,validation
19536,leaf_13937,validation
19537,leaf_14250,validation
19538,leaf_22330,validation
19539,leaf_5305,validation
19540,leaf_11568,validation
19541,leaf_21491,validation
19542,leaf_14675,validation
19543,leaf_21805,validation
19544,leaf_6158,validation
19545,leaf_17149,validation
19546,leaf_15509,validation
19547,leaf_7249,validation
19548,leaf_10014,validation
19549,leaf_13077,validation
19550,leaf_20165,validation
19551,leaf_9495,validation
19552,leaf_5269,validation
19553,leaf_13816,validation
19554,leaf_20583,validation
19555,leaf_13171,validation
19556,leaf_20428,validation
19557,leaf_19213,validation
19558,leaf_5128,validation
19559,leaf_16263,validation
19560,leaf_4568,validation
19561,leaf_22421,validation
19562,leaf_12059,validation
19563,leaf_21722,validation
19564,leaf_21058,validation
19565,leaf_12603,validation
19566,leaf_2066,validation
19567,leaf_9250,validation
19568,leaf_11275,validation
19569,leaf_20377,validation
19570,leaf_8562,validation
19571,leaf_10674,validation
19572,leaf_22469,validation
19573,leaf_11560,validation
19574,leaf_14704,validation
19575,leaf_17163,validation
19576,leaf_2939,validation
19577,leaf_6620,validation
19578,leaf_9424,validation
19579,leaf_8274,validation
19580,leaf_18886,validation
19581,leaf_19874,validation
19582,leaf_10445,validation
19583,leaf_17577,validation
19584,leaf_22846,validation
19585,leaf_865,validation
19586,leaf_15613,validation
19587,leaf_10904,validation
19588,leaf_13669,validation
19589,leaf_11501,validation
19590,leaf_17648,validation
19591,leaf_7385,validation
19592,leaf_19678,validation
19593,leaf_14345,validation
19594,leaf_20950,validation
19595,leaf_6170,validation
19596,leaf_4094,validation
19597,leaf_20268,validation
19598,leaf_7510,validation
19599,leaf_6041,validation
19600,leaf_14159,validation
19601,leaf_21600,validation
19602,leaf_5355,validation
19603,leaf_16776,validation
19604,leaf_9575,validation
19605,leaf_11955,validation
19606,leaf_5153,validation
19607,leaf_4031,validation
19608,leaf_1967,validation
19609,leaf_14771,validation
19610,leaf_22027,validation
19611,leaf_11143,validation
19612,leaf_589,validation
19613,leaf_3408,validation
19614,leaf_13326,validation
19615,leaf_19818,validation
19616,leaf_2655,validation
19617,leaf_21421,validation
19618,leaf_9743,validation
19619,leaf_18474,validation
19620,leaf_12437,validation
19621,leaf_14504,validation
19622,leaf_15679,validation
19623,leaf_12123,validation
19624,leaf_9954,validation
19625,leaf_7037,validation
19626,leaf_2914,validation
19627,leaf_21374,validation
19628,leaf_15497,validation
19629,leaf_9196,validation
19630,leaf_20783,validation
19631,leaf_4495,validation
19632,leaf_20920,validation
19633,leaf_11752,validation
19634,leaf_1768,validation
19635,leaf_17556,validation
19636,leaf_19896,validation
19637,leaf_21178,validation
19638,leaf_10547,validation
19639,leaf_4779,validation
19640,leaf_8729,validation
19641,leaf_18993,validation
19642,leaf_11641,validation
19643,leaf_15312,validation
19644,leaf_1867,validation
19645,leaf_16010,validation
19646,leaf_5695,validation
19647,leaf_15600,validation
19648,leaf_11265,validation
19649,leaf_3794,validation
19650,leaf_9728,validation
19651,leaf_22911,validation
19652,leaf_3057,validation
19653,leaf_22812,validation
19654,leaf_11753,validation
19655,leaf_20312,validation
19656,leaf_20507,validation
19657,leaf_19324,validation
19658,leaf_8291,validation
19659,leaf_19264,validation
19660,leaf_17447,validation
19661,leaf_1218,validation
19662,leaf_17830,validation
19663,leaf_18768,validation
19664,leaf_18290,validation
19665,leaf_18068,validation
19666,leaf_15057,validation
19667,leaf_16323,validation
19668,leaf_15145,validation
19669,leaf_6589,validation
19670,leaf_7726,validation
19671,leaf_20034,validation
19672,leaf_1104,validation
19673,leaf_3540,validation
19674,leaf_19961,validation
19675,leaf_10223,validation
19676,leaf_541,validation
19677,leaf_12407,validation
19678,leaf_10293,validation
19679,leaf_12527,validation
19680,leaf_146,validation
19681,leaf_8078,validation
19682,leaf_10583,validation
19683,leaf_19244,validation
19684,leaf_7893,validation
19685,leaf_10768,validation
19686,leaf_6675,validation
19687,leaf_7657,validation
19688,leaf_14748,validation
19689,leaf_2010,validation
19690,leaf_3017,validation
19691,leaf_20549,validation
19692,leaf_10822,validation
19693,leaf_7146,validation
19694,leaf_17726,validation
19695,leaf_7121,validation
19696,leaf_18853,validation
19697,leaf_1298,validation
19698,leaf_16821,validation
19699,leaf_19316,validation
19700,leaf_22038,validation
19701,leaf_9025,validation
19702,leaf_6998,validation
19703,leaf_16879,validation
19704,leaf_1969,validation
19705,leaf_15477,validation
19706,leaf_1297,validation
19707,leaf_9877,validation
19708,leaf_764,validation
19709,leaf_6916,validation
19710,leaf_18185,validation
19711,leaf_4256,validation
19712,leaf_20419,validation
19713,leaf_5415,validation
19714,leaf_17189,validation
19715,leaf_5906,validation
19716,leaf_9668,validation
19717,leaf_18534,validation
19718,leaf_13044,validation
19719,leaf_3581,validation
19720,leaf_8091,validation
19721,leaf_972,validation
19722,leaf_6391,validation
19723,leaf_1389,validation
19724,leaf_3943,validation
19725,leaf_18249,validation
19726,leaf_20494,validation
19727,leaf_16184,validation
19728,leaf_8229,validation
19729,leaf_20664,validation
19730,leaf_316,validation
19731,leaf_18892,validation
19732,leaf_18413,validation
19733,leaf_2307,validation
19734,leaf_4769,validation
19735,leaf_3986,validation
19736,leaf_19932,validation
19737,leaf_12350,validation
19738,leaf_21447,validation
19739,leaf_1162,validation
19740,leaf_6523,validation
19741,leaf_3061,validation
19742,leaf_13452,validation
19743,leaf_16414,validation
19744,leaf_12591,validation
19745,leaf_19760,validation
19746,leaf_21212,validation
19747,leaf_16884,validation
19748,leaf_19586,validation
19749,leaf_12519,validation
19750,leaf_21580,validation
19751,leaf_20337,validation
19752,leaf_14666,validation
19753,leaf_12207,validation
19754,leaf_15137,validation
19755,leaf_6121,validation
19756,leaf_8067,validation
19757,leaf_14275,validation
19758,leaf_3360,validation
19759,leaf_19680,validation
19760,leaf_10255,validation
19761,leaf_21393,validation
19762,leaf_1169,validation
19763,leaf_14774,validation
19764,leaf_14578,validation
19765,leaf_13842,validation
19766,leaf_6414,validation
19767,leaf_8976,validation
19768,leaf_11618,validation
19769,leaf_7023,validation
19770,leaf_17625,validation
19771,leaf_327,validation
19772,leaf_265,validation
19773,leaf_5865,validation
19774,leaf_18123,validation
19775,leaf_8898,validation
19776,leaf_14633,validation
19777,leaf_14891,validation
19778,leaf_3740,validation
19779,leaf_1318,validation
19780,leaf_8918,validation
19781,leaf_6,validation
19782,leaf_19312,validation
19783,leaf_13395,validation
19784,leaf_16568,validation
19785,leaf_10064,validation
19786,leaf_14261,validation
19787,leaf_2943,validation
19788,leaf_13717,validation
19789,leaf_17872,validation
19790,leaf_4681,validation
19791,leaf_16973,validation
19792,leaf_6485,validation
19793,leaf_1107,validation
19794,leaf_1555,validation
19795,leaf_18557,validation
19796,leaf_16560,validation
19797,leaf_22444,validation
19798,leaf_12122,validation
19799,leaf_11167,validation
19800,leaf_16237,validation
19801,leaf_20253,validation
19802,leaf_4617,validation
19803,leaf_13782,validation
19804,leaf_136,validation
19805,leaf_2773,validation
19806,leaf_4782,validation
19807,leaf_13796,validation
19808,leaf_1996,validation
19809,leaf_20106,validation
19810,leaf_14609,validation
19811,leaf_6432,validation
19812,leaf_11442,validation
19813,leaf_16188,validation
19814,leaf_21174,validation
19815,leaf_738,validation
19816,leaf_16641,validation
19817,leaf_13217,validation
19818,leaf_8524,validation
19819,leaf_6324,validation
19820,leaf_7096,validation
19821,leaf_1105,validation
19822,leaf_19286,validation
19823,leaf_13540,validation
19824,leaf_868,validation
19825,leaf_6926,validation
19826,leaf_19295,validation
19827,leaf_14108,validation
19828,leaf_16114,validation
19829,leaf_19294,validation
19830,leaf_18686,validation
19831,leaf_13832,validation
19832,leaf_15169,validation
19833,leaf_4150,validation
19834,leaf_21628,validation
19835,leaf_11737,validation
19836,leaf_20817,validation
19837,leaf_18568,validation
19838,leaf_10514,validation
19839,leaf_3095,validation
19840,leaf_20381,validation
19841,leaf_20346,validation
19842,leaf_9043,validation
19843,leaf_9674,validation
19844,leaf_1488,validation
19845,leaf_16901,validation
19846,leaf_12028,validation
19847,leaf_11314,validation
19848,leaf_19701,validation
19849,leaf_18442,validation
19850,leaf_11001,validation
19851,leaf_2959,validation
19852,leaf_5319,validation
19853,leaf_1232,validation
19854,leaf_20152,validation
19855,leaf_19525,validation
19856,leaf_3041,validation
19857,leaf_4763,validation
19858,leaf_3647,validation
19859,leaf_5758,validation
19860,leaf_14731,validation
19861,leaf_18594,validation
19862,leaf_4690,validation
19863,leaf_21592,validation
19864,leaf_10884,validation
19865,leaf_4433,validation
19866,leaf_2790,validation
19867,leaf_3699,validation
19868,leaf_12457,validation
19869,leaf_12279,validation
19870,leaf_1628,validation
19871,leaf_1323,validation
19872,leaf_15500,validation
19873,leaf_19591,validation
19874,leaf_14009,validation
19875,leaf_17754,validation
19876,leaf_10815,validation
19877,leaf_6846,validation
19878,leaf_19220,validation
19879,leaf_1353,validation
19880,leaf_8120,validation
19881,leaf_17,validation
19882,leaf_2268,validation
19883,leaf_1723,validation
19884,leaf_619,validation
19885,leaf_8550,validation
19886,leaf_13418,validation
19887,leaf_15243,validation
19888,leaf_14915,validation
19889,leaf_10536,validation
19890,leaf_21858,validation
19891,leaf_16401,validation
19892,leaf_17312,validation
19893,leaf_16863,validation
19894,leaf_13860,validation
19895,leaf_14631,validation
19896,leaf_3460,validation
19897,leaf_19506,validation
19898,leaf_3562,validation
19899,leaf_959,validation
19900,leaf_10124,validation
19901,leaf_2545,validation
19902,leaf_17234,validation
19903,leaf_12358,validation
19904,leaf_13983,validation
19905,leaf_20138,validation
19906,leaf_17103,validation
19907,leaf_3387,validation
19908,leaf_2051,validation
19909,leaf_1662,validation
19910,leaf_14014,validation
19911,leaf_4155,validation
19912,leaf_18808,validation
19913,leaf_17825,validation
19914,leaf_16581,validation
19915,leaf_19972,validation
19916,leaf_15422,validation
19917,leaf_10521,validation
19918,leaf_12179,validation
19919,leaf_1729,validation
19920,leaf_5414,validation
19921,leaf_8213,validation
19922,leaf_20455,validation
19923,leaf_10081,validation
19924,leaf_7172,validation
19925,leaf_19199,validation
19926,leaf_8390,validation
19927,leaf_9120,validation
19928,leaf_7757,validation
19929,leaf_4813,validation
19930,leaf_1008,validation
19931,leaf_6312,validation
19932,leaf_16137,validation
19933,leaf_725,validation
19934,leaf_6059,validation
19935,leaf_21184,validation
19936,leaf_9718,validation
19937,leaf_19512,validation
19938,leaf_22581,validation
19939,leaf_19252,validation
19940,leaf_21404,validation
19941,leaf_14299,validation
19942,leaf_16683,validation
19943,leaf_22524,validation
19944,leaf_7457,validation
19945,leaf_2258,validation
19946,leaf_8247,validation
19947,leaf_17753,validation
19948,leaf_17228,validation
19949,leaf_4364,validation
19950,leaf_11070,validation
19951,leaf_4385,validation
19952,leaf_19104,validation
19953,leaf_12317,validation
19954,leaf_17680,validation
19955,leaf_19257,validation
19956,leaf_17204,validation
19957,leaf_18138,validation
19958,leaf_1440,validation
19959,leaf_23091,validation
19960,leaf_5284,validation
19961,leaf_12348,validation
19962,leaf_6164,validation
19963,leaf_9557,validation
19964,leaf_21454,validation
19965,leaf_2826,validation
19966,leaf_1880,validation
19967,leaf_6847,validation
19968,leaf_18455,validation
19969,leaf_16360,validation
19970,leaf_21789,validation
19971,leaf_13331,validation
19972,leaf_5806,validation
19973,leaf_1469,validation
19974,leaf_9052,validation
19975,leaf_5318,validation
19976,leaf_6469,validation
19977,leaf_21798,validation
19978,leaf_560,validation
19979,leaf_21548,validation
19980,leaf_6539,validation
19981,leaf_18589,validation
19982,leaf_8481,validation
19983,leaf_757,validation
19984,leaf_22160,validation
19985,leaf_4892,validation
19986,leaf_8727,validation
19987,leaf_3853,validation
19988,leaf_11270,validation
19989,leaf_19578,validation
19990,leaf_1666,validation
19991,leaf_8099,validation
19992,leaf_11382,validation
19993,leaf_9530,validation
19994,leaf_1324,validation
19995,leaf_11971,validation
19996,leaf_9179,validation
19997,leaf_6795,validation
19998,leaf_1411,validation
19999,leaf_3997,validation
20000,leaf_18508,validation
20001,leaf_19807,validation
20002,leaf_7516,validation
20003,leaf_3478,validation
20004,leaf_22883,validation
20005,leaf_9139,validation
20006,leaf_5100,validation
20007,leaf_6604,validation
20008,leaf_3260,validation
20009,leaf_1032,validation
20010,leaf_21701,validation
20011,leaf_22386,validation
20012,leaf_1873,validation
20013,leaf_19610,validation
20014,leaf_21019,validation
20015,leaf_21595,validation
20016,leaf_8343,validation
20017,leaf_18028,validation
20018,leaf_18362,validation
20019,leaf_20900,validation
20020,leaf_6506,validation
20021,leaf_12175,validation
20022,leaf_12041,validation
20023,leaf_14472,validation
20024,leaf_17944,validation
20025,leaf_1650,validation
20026,leaf_6650,validation
20027,leaf_8359,validation
20028,leaf_14715,validation
20029,leaf_17537,validation
20030,leaf_10534,validation
20031,leaf_13110,validation
20032,leaf_17728,validation
20033,leaf_4643,validation
20034,leaf_5102,validation
20035,leaf_495,validation
20036,leaf_12872,validation
20037,leaf_2663,validation
20038,leaf_7333,validation
20039,leaf_10798,validation
20040,leaf_15550,validation
20041,leaf_18778,validation
20042,leaf_18461,validation
20043,leaf_6166,validation
20044,leaf_18467,validation
20045,leaf_10465,validation
20046,leaf_9304,validation
20047,leaf_3627,validation
20048,leaf_11334,validation
20049,leaf_20126,validation
20050,leaf_5488,validation
20051,leaf_21948,validation
20052,leaf_5162,validation
20053,leaf_11161,validation
20054,leaf_4234,validation
20055,leaf_4474,validation
20056,leaf_6598,validation
20057,leaf_776,validation
20058,leaf_12474,validation
20059,leaf_4572,validation
20060,leaf_15133,validation
20061,leaf_22948,validation
20062,leaf_16016,validation
20063,leaf_18189,validation
20064,leaf_8470,validation
20065,leaf_6037,validation
20066,leaf_7430,validation
20067,leaf_7356,validation
20068,leaf_402,validation
20069,leaf_839,validation
20070,leaf_16729,validation
20071,leaf_11982,validation
20072,leaf_19731,validation
20073,leaf_700,validation
20074,leaf_8456,validation
20075,leaf_6266,validation
20076,leaf_8236,validation
20077,leaf_9820,validation
20078,leaf_20526,validation
20079,leaf_12841,validation
20080,leaf_17996,validation
20081,leaf_14539,validation
20082,leaf_18800,validation
20083,leaf_11147,validation
20084,leaf_4933,validation
20085,leaf_17833,validation
20086,leaf_19012,validation
20087,leaf_9964,validation
20088,leaf_20320,validation
20089,leaf_20242,validation
20090,leaf_3906,validation
20091,leaf_15304,validation
20092,leaf_19289,validation
20093,leaf_2570,validation
20094,leaf_15287,validation
20095,leaf_17563,validation
20096,leaf_7189,validation
20097,leaf_17508,validation
20098,leaf_11106,validation
20099,leaf_12860,validation
20100,leaf_13453,validation
20101,leaf_19233,validation
20102,leaf_4731,validation
20103,leaf_19454,validation
20104,leaf_20984,validation
20105,leaf_15747,validation
20106,leaf_11443,validation
20107,leaf_12879,validation
20108,leaf_5375,validation
20109,leaf_18241,validation
20110,leaf_12067,validation
20111,leaf_2809,validation
20112,leaf_14027,validation
20113,leaf_8250,validation
20114,leaf_17123,validation
20115,leaf_11999,validation
20116,leaf_12002,validation
20117,leaf_8701,validation
20118,leaf_94,validation
20119,leaf_20676,validation
20120,leaf_12836,validation
20121,leaf_22942,validation
20122,leaf_14078,validation
20123,leaf_7764,validation
20124,leaf_6246,validation
20125,leaf_12108,validation
20126,leaf_12661,validation
20127,leaf_9015,validation
20128,leaf_23001,validation
20129,leaf_16460,validation
20130,leaf_7100,validation
20131,leaf_21056,validation
20132,leaf_19713,validation
20133,leaf_16317,validation
20134,leaf_16496,validation
20135,leaf_140,validation
20136,leaf_2104,validation
20137,leaf_10389,validation
20138,leaf_8730,validation
20139,leaf_5800,validation
20140,leaf_10310,validation
20141,leaf_3614,validation
20142,leaf_21260,validation
20143,leaf_14768,validation
20144,leaf_13022,validation
20145,leaf_78,validation
20146,leaf_2118,validation
20147,leaf_13388,validation
20148,leaf_1575,validation
20149,leaf_12464,validation
20150,leaf_321,validation
20151,leaf_20545,validation
20152,leaf_21657,validation
20153,leaf_6057,validation
20154,leaf_21301,validation
20155,leaf_16091,validation
20156,leaf_10786,validation
20157,leaf_3264,validation
20158,leaf_14414,validation
20159,leaf_9633,validation
20160,leaf_9707,validation
20161,leaf_22339,validation
20162,leaf_10201,validation
20163,leaf_6610,validation
20164,leaf_16490,validation
20165,leaf_12685,validation
20166,leaf_6336,validation
20167,leaf_6817,validation
20168,leaf_14777,validation
20169,leaf_3592,validation
20170,leaf_21241,validation
20171,leaf_1991,validation
20172,leaf_1737,validation
20173,leaf_674,validation
20174,leaf_20435,validation
20175,leaf_5044,validation
20176,leaf_17450,validation
20177,leaf_15003,validation
20178,leaf_17591,validation
20179,leaf_2856,validation
20180,leaf_7229,validation
20181,leaf_5510,validation
20182,leaf_4332,validation
20183,leaf_12049,validation
20184,leaf_20629,validation
20185,leaf_729,validation
20186,leaf_8852,validation
20187,leaf_3449,validation
20188,leaf_15392,validation
20189,leaf_15148,validation
20190,leaf_20587,validation
20191,leaf_3423,validation
20192,leaf_1450,validation
20193,leaf_16043,validation
20194,leaf_855,validation
20195,leaf_11410,validation
20196,leaf_1765,validation
20197,leaf_7830,validation
20198,leaf_2271,validation
20199,leaf_22494,validation
20200,leaf_15940,validation
20201,leaf_22466,validation
20202,leaf_15589,validation
20203,leaf_7915,validation
20204,leaf_14606,validation
20205,leaf_21979,validation
20206,leaf_7538,validation
20207,leaf_16847,validation
20208,leaf_7290,validation
20209,leaf_14895,validation
20210,leaf_990,validation
20211,leaf_15554,validation
20212,leaf_8753,validation
20213,leaf_13833,validation
20214,leaf_11917,validation
20215,leaf_10102,validation
20216,leaf_4218,validation
20217,leaf_16541,validation
20218,leaf_6306,validation
20219,leaf_7536,validation
20220,leaf_17834,validation
20221,leaf_17295,validation
20222,leaf_16404,validation
20223,leaf_19628,validation
20224,leaf_12070,validation
20225,leaf_20125,validation
20226,leaf_18852,validation
20227,leaf_9372,validation
20228,leaf_16335,validation
20229,leaf_4268,validation
20230,leaf_20480,validation
20231,leaf_550,validation
20232,leaf_4297,validation
20233,leaf_2986,validation
20234,leaf_20853,validation
20235,leaf_22923,validation
20236,leaf_12620,validation
20237,leaf_1176,validation
20238,leaf_3973,validation
20239,leaf_5393,validation
20240,leaf_4682,validation
20241,leaf_10881,validation
20242,leaf_21773,validation
20243,leaf_12795,validation
20244,leaf_18739,validation
20245,leaf_5164,validation
20246,leaf_16432,validation
20247,leaf_10916,validation
20248,leaf_8381,validation
20249,leaf_16341,validation
20250,leaf_17552,validation
20251,leaf_21928,validation
20252,leaf_2855,validation
20253,leaf_4795,validation
20254,leaf_4661,validation
20255,leaf_1037,validation
20256,leaf_11436,validation
20257,leaf_3107,validation
20258,leaf_20366,validation
20259,leaf_15146,validation
20260,leaf_6126,validation
20261,leaf_7995,validation
20262,leaf_7589,validation
20263,leaf_7071,validation
20264,leaf_4188,validation
20265,leaf_6844,validation
20266,leaf_20210,validation
20267,leaf_6148,validation
20268,leaf_10200,validation
20269,leaf_7583,validation
20270,leaf_16431,validation
20271,leaf_9438,validation
20272,leaf_12376,validation
20273,leaf_17708,validation
20274,leaf_11111,validation
20275,leaf_18456,validation
20276,leaf_4237,validation
20277,leaf_9597,validation
20278,leaf_10620,validation
20279,leaf_15660,validation
20280,leaf_13767,validation
20281,leaf_5268,validation
20282,leaf_22555,validation
20283,leaf_10953,validation
20284,leaf_10460,validation
20285,leaf_5163,validation
20286,leaf_19757,validation
20287,leaf_15132,validation
20288,leaf_9302,validation
20289,leaf_2506,validation
20290,leaf_12932,validation
20291,leaf_15684,validation
20292,leaf_5895,validation
20293,leaf_5731,validation
20294,leaf_11160,validation
20295,leaf_19672,validation
20296,leaf_10482,validation
20297,leaf_10103,validation
20298,leaf_4802,validation
20299,leaf_18234,validation
20300,leaf_22354,validation
20301,leaf_17540,validation
20302,leaf_20711,validation
20303,leaf_15480,validation
20304,leaf_3969,validation
20305,leaf_18499,validation
20306,leaf_3636,validation
20307,leaf_6525,validation
20308,leaf_20539,validation
20309,leaf_19463,validation
20310,leaf_10099,validation
20311,leaf_5715,validation
20312,leaf_7346,validation
20313,leaf_13618,validation
20314,leaf_21785,validation
20315,leaf_9989,validation
20316,leaf_7295,validation
20317,leaf_1365,validation
20318,leaf_3991,validation
20319,leaf_6670,validation
20320,leaf_16320,validation
20321,leaf_16464,validation
20322,leaf_3737,validation
20323,leaf_17902,validation
20324,leaf_15002,validation
20325,leaf_9754,validation
20326,leaf_16704,validation
20327,leaf_3364,validation
20328,leaf_13591,validation
20329,leaf_15690,validation
20330,leaf_19653,validation
20331,leaf_13644,validation
20332,leaf_16275,validation
20333,leaf_4416,validation
20334,leaf_22062,validation
20335,leaf_14440,validation
20336,leaf_21500,validation
20337,leaf_20771,validation
20338,leaf_11678,validation
20339,leaf_6646,validation
20340,leaf_10680,validation
20341,leaf_16487,validation
20342,leaf_7870,validation
20343,leaf_21601,validation
20344,leaf_19193,validation
20345,leaf_8786,validation
20346,leaf_19194,validation
20347,leaf_17762,validation
20348,leaf_2157,validation
20349,leaf_8057,validation
20350,leaf_20354,validation
20351,leaf_62,validation
20352,leaf_15468,validation
20353,leaf_6276,validation
20354,leaf_17827,validation
20355,leaf_11565,validation
20356,leaf_1959,validation
20357,leaf_13920,validation
20358,leaf_7087,validation
20359,leaf_7196,validation
20360,leaf_7234,validation
20361,leaf_8944,validation
20362,leaf_10685,validation
20363,leaf_20808,validation
20364,leaf_7524,validation
20365,leaf_603,validation
20366,leaf_10977,validation
20367,leaf_17088,validation
20368,leaf_21118,validation
20369,leaf_4321,validation
20370,leaf_17011,validation
20371,leaf_16748,validation
20372,leaf_18734,validation
20373,leaf_7594,validation
20374,leaf_11475,validation
20375,leaf_4770,validation
20376,leaf_21977,validation
20377,leaf_34,validation
20378,leaf_18659,validation
20379,leaf_7064,validation
20380,leaf_4541,validation
20381,leaf_11606,validation
20382,leaf_1948,validation
20383,leaf_14906,validation
20384,leaf_19487,validation
20385,leaf_18178,validation
20386,leaf_471,validation
20387,leaf_21604,validation
20388,leaf_8616,validation
20389,leaf_20077,validation
20390,leaf_185,validation
20391,leaf_8772,validation
20392,leaf_4544,validation
20393,leaf_14158,validation
20394,leaf_19882,validation
20395,leaf_2270,validation
20396,leaf_6763,validation
20397,leaf_18789,validation
20398,leaf_22686,validation
20399,leaf_9007,validation
20400,leaf_20027,validation
20401,leaf_14763,validation
20402,leaf_21153,validation
20403,leaf_9924,validation
20404,leaf_20370,validation
20405,leaf_22326,validation
20406,leaf_3270,validation
20407,leaf_17467,validation
20408,leaf_20500,validation
20409,leaf_3058,validation
20410,leaf_3511,validation
20411,leaf_20828,validation
20412,leaf_13869,validation
20413,leaf_1484,validation
20414,leaf_10352,validation
20415,leaf_6016,validation
20416,leaf_9336,validation
20417,leaf_11749,validation
20418,leaf_15548,validation
20419,leaf_5418,validation
20420,leaf_16841,validation
20421,leaf_7587,validation
20422,leaf_22587,validation
20423,leaf_6028,validation
20424,leaf_3273,validation
20425,leaf_9527,validation
20426,leaf_8663,validation
20427,leaf_16966,validation
20428,leaf_10305,validation
20429,leaf_12792,validation
20430,leaf_9422,validation
20431,leaf_21504,validation
20432,leaf_4044,validation
20433,leaf_16885,validation
20434,leaf_4251,validation
20435,leaf_13350,validation
20436,leaf_15248,validation
20437,leaf_143,validation
20438,leaf_6050,validation
20439,leaf_17745,validation
20440,leaf_19943,validation
20441,leaf_18415,validation
20442,leaf_21315,validation
20443,leaf_11860,validation
20444,leaf_6520,validation
20445,leaf_3407,validation
20446,leaf_20476,validation
20447,leaf_15044,validation
20448,leaf_17956,validation
20449,leaf_13802,validation
20450,leaf_13632,validation
20451,leaf_18353,validation
20452,leaf_644,validation
20453,leaf_7363,validation
20454,leaf_14135,validation
20455,leaf_21711,validation
20456,leaf_1700,validation
20457,leaf_19780,validation
20458,leaf_15310,validation
20459,leaf_9360,validation
20460,leaf_9669,validation
20461,leaf_21529,validation
20462,leaf_11566,validation
20463,leaf_9462,validation
20464,leaf_1671,validation
20465,leaf_2326,validation
20466,leaf_15252,validation
20467,leaf_5993,validation
20468,leaf_13467,validation
20469,leaf_3596,validation
20470,leaf_12976,validation
20471,leaf_22436,validation
20472,leaf_14754,validation
20473,leaf_15370,validation
20474,leaf_842,validation
20475,leaf_17140,validation
20476,leaf_19584,validation
20477,leaf_1087,validation
20478,leaf_14187,validation
20479,leaf_1012,validation
20480,leaf_10216,validation
20481,leaf_4276,validation
20482,leaf_20234,validation
20483,leaf_531,validation
20484,leaf_7283,validation
20485,leaf_17468,validation
20486,leaf_8593,validation
20487,leaf_16190,validation
20488,leaf_7057,validation
20489,leaf_22507,validation
20490,leaf_4446,validation
20491,leaf_11378,validation
20492,leaf_17411,validation
20493,leaf_15818,validation
20494,leaf_20649,validation
20495,leaf_12372,validation
20496,leaf_21760,validation
20497,leaf_13115,validation
20498,leaf_11505,validation
20499,leaf_1265,validation
20500,leaf_12225,validation
20501,leaf_17385,validation
20502,leaf_9655,validation
20503,leaf_10116,validation
20504,leaf_10711,validation
20505,leaf_2217,validation
20506,leaf_8355,validation
20507,leaf_3459,validation
20508,leaf_8235,validation
20509,leaf_10439,validation
20510,leaf_5072,validation
20511,leaf_11528,validation
20512,leaf_18397,validation
20513,leaf_19985,validation
20514,leaf_16087,validation
20515,leaf_18331,validation
20516,leaf_752,validation
20517,leaf_21042,validation
20518,leaf_3232,validation
20519,leaf_8832,validation
20520,leaf_14540,validation
20521,leaf_13399,validation
20522,leaf_9388,validation
20523,leaf_6474,validation
20524,leaf_22891,validation
20525,leaf_16614,validation
20526,leaf_2057,validation
20527,leaf_9504,validation
20528,leaf_1606,validation
20529,leaf_5636,validation
20530,leaf_8133,validation
20531,leaf_14290,validation
20532,leaf_8720,validation
20533,leaf_21258,validation
20534,leaf_17478,validation
20535,leaf_21451,validation
20536,leaf_7055,validation
20537,leaf_18141,validation
20538,leaf_5945,validation
20539,leaf_3639,validation
20540,leaf_4134,validation
20541,leaf_16450,validation
20542,leaf_2730,validation
20543,leaf_9313,validation
20544,leaf_11132,validation
20545,leaf_8410,validation
20546,leaf_22159,validation
20547,leaf_17266,validation
20548,leaf_21598,validation
20549,leaf_15834,validation
20550,leaf_1438,validation
20551,leaf_1968,validation
20552,leaf_19372,validation
20553,leaf_9865,validation
20554,leaf_1832,validation
20555,leaf_15475,validation
20556,leaf_14315,validation
20557,leaf_11583,validation
20558,leaf_9810,validation
20559,leaf_15721,validation
20560,leaf_13267,validation
20561,leaf_20961,validation
20562,leaf_9159,validation
20563,leaf_13248,validation
20564,leaf_21731,validation
20565,leaf_7968,validation
20566,leaf_17272,validation
20567,leaf_17399,validation
20568,leaf_10848,validation
20569,leaf_15460,validation
20570,leaf_5240,validation
20571,leaf_7680,validation
20572,leaf_21064,validation
20573,leaf_12289,validation
20574,leaf_22949,validation
20575,leaf_11373,validation
20576,leaf_19771,validation
20577,leaf_1496,validation
20578,leaf_16894,validation
20579,leaf_7416,validation
20580,leaf_3922,validation
20581,leaf_3964,validation
20582,leaf_7691,validation
20583,leaf_20047,validation
20584,leaf_10767,validation
20585,leaf_8326,validation
20586,leaf_6894,validation
20587,leaf_8640,validation
20588,leaf_16484,validation
20589,leaf_7660,validation
20590,leaf_19310,validation
20591,leaf_282,validation
20592,leaf_21783,validation
20593,leaf_18391,validation
20594,leaf_1188,validation
20595,leaf_1273,validation
20596,leaf_337,validation
20597,leaf_4038,validation
20598,leaf_12964,validation
20599,leaf_4233,validation
20600,leaf_1133,validation
20601,leaf_20082,validation
20602,leaf_20228,validation
20603,leaf_10320,validation
20604,leaf_13382,validation
20605,leaf_5303,validation
20606,leaf_18865,validation
20607,leaf_2816,validation
20608,leaf_9588,validation
20609,leaf_10940,validation
20610,leaf_4757,validation
20611,leaf_19246,validation
20612,leaf_13441,validation
20613,leaf_7468,validation
20614,leaf_19328,validation
20615,leaf_3760,validation
20616,leaf_13155,validation
20617,leaf_16915,validation
20618,leaf_13590,validation
20619,leaf_8329,validation
20620,leaf_14659,validation
20621,leaf_887,validation
20622,leaf_6649,validation
20623,leaf_18216,validation
20624,leaf_20424,validation
20625,leaf_17421,validation
20626,leaf_5361,validation
20627,leaf_5575,validation
20628,leaf_22744,validation
20629,leaf_18433,validation
20630,leaf_1154,validation
20631,leaf_1739,validation
20632,leaf_3002,validation
20633,leaf_7962,validation
20634,leaf_17790,validation
20635,leaf_21096,validation
20636,leaf_9773,validation
20637,leaf_21300,validation
20638,leaf_20468,validation
20639,leaf_19579,validation
20640,leaf_13093,validation
20641,leaf_16444,validation
20642,leaf_15069,validation
20643,leaf_22303,validation
20644,leaf_19696,validation
20645,leaf_21764,validation
20646,leaf_5822,validation
20647,leaf_3779,validation
20648,leaf_6406,validation
20649,leaf_14764,validation
20650,leaf_14844,validation
20651,leaf_21256,validation
20652,leaf_15506,validation
20653,leaf_606,validation
20654,leaf_18627,validation
20655,leaf_11769,validation
20656,leaf_8985,validation
20657,leaf_14403,validation
20658,leaf_5862,validation
20659,leaf_22431,validation
20660,leaf_16407,validation
20661,leaf_4885,validation
20662,leaf_21312,validation
20663,leaf_13824,validation
20664,leaf_9526,validation
20665,leaf_9207,validation
20666,leaf_21177,validation
20667,leaf_1579,validation
20668,leaf_15862,validation
20669,leaf_7080,validation
20670,leaf_6825,validation
20671,leaf_661,validation
20672,leaf_17334,validation
20673,leaf_7905,validation
20674,leaf_2547,validation
20675,leaf_15266,validation
20676,leaf_125,validation
20677,leaf_2489,validation
20678,leaf_15199,validation
20679,leaf_2061,validation
20680,leaf_10733,validation
20681,leaf_19061,validation
20682,leaf_17024,validation
20683,leaf_2300,validation
20684,leaf_12014,validation
20685,leaf_10925,validation
20686,leaf_3967,validation
20687,leaf_19878,validation
20688,leaf_7520,validation
20689,leaf_15807,validation
20690,leaf_10468,validation
20691,leaf_948,validation
20692,leaf_5137,validation
20693,leaf_7193,validation
20694,leaf_14602,validation
20695,leaf_21597,validation
20696,leaf_6558,validation
20697,leaf_943,validation
20698,leaf_17969,validation
20699,leaf_8,validation
20700,leaf_15706,validation
20701,leaf_19406,validation
20702,leaf_10392,validation
20703,leaf_11889,validation
20704,leaf_16032,validation
20705,leaf_4675,validation
20706,leaf_3163,validation
20707,leaf_9641,validation
20708,leaf_1503,validation
20709,leaf_9956,validation
20710,leaf_10122,validation
20711,leaf_3851,validation
20712,leaf_18622,validation
20713,leaf_19623,validation
20714,leaf_20280,validation
20715,leaf_22199,validation
20716,leaf_21398,validation
20717,leaf_20052,validation
20718,leaf_15097,validation
20719,leaf_7505,validation
20720,leaf_15126,validation
20721,leaf_16996,validation
20722,leaf_9977,validation
20723,leaf_3187,validation
20724,leaf_2862,validation
20725,leaf_4039,validation
20726,leaf_1240,validation
20727,leaf_13639,validation
20728,leaf_17030,validation
20729,leaf_9927,validation
20730,leaf_3911,validation
20731,leaf_20215,validation
20732,leaf_13699,validation
20733,leaf_18577,validation
20734,leaf_15751,validation
20735,leaf_20289,validation
20736,leaf_4271,validation
20737,leaf_11909,validation
20738,leaf_4857,validation
20739,leaf_7963,validation
20740,leaf_5085,validation
20741,leaf_20200,validation
20742,leaf_1833,validation
20743,leaf_3507,validation
20744,leaf_19592,validation
20745,leaf_20490,validation
20746,leaf_18338,validation
20747,leaf_781,validation
20748,leaf_8900,validation
20749,leaf_12972,validation
20750,leaf_8382,validation
20751,leaf_18219,validation
20752,leaf_13519,validation
20753,leaf_12621,validation
20754,leaf_10936,validation
20755,leaf_16800,validation
20756,leaf_21136,validation
20757,leaf_17571,validation
20758,leaf_8911,validation
20759,leaf_21545,validation
20760,leaf_16448,validation
20761,leaf_3454,validation
20762,leaf_5981,validation
20763,leaf_11563,validation
20764,leaf_15716,validation
20765,leaf_15699,validation
20766,leaf_5160,validation
20767,leaf_17238,validation
20768,leaf_15240,validation
20769,leaf_14518,validation
20770,leaf_18749,validation
20771,leaf_14407,validation
20772,leaf_3805,validation
20773,leaf_18198,validation
20774,leaf_22504,validation
20775,leaf_9296,validation
20776,leaf_19277,validation
20777,leaf_11004,validation
20778,leaf_15225,validation
20779,leaf_4407,validation
20780,leaf_17303,validation
20781,leaf_4348,validation
20782,leaf_18101,validation
20783,leaf_19279,validation
20784,leaf_15870,validation
20785,leaf_5012,validation
20786,leaf_12140,calibration
20787,leaf_10949,calibration
20788,leaf_118,calibration
20789,leaf_7715,calibration
20790,leaf_6742,calibration
20791,leaf_15812,calibration
20792,leaf_18754,calibration
20793,leaf_17306,calibration
20794,leaf_12735,calibration
20795,leaf_10543,calibration
20796,leaf_13459,calibration
20797,leaf_16395,calibration
20798,leaf_16045,calibration
20799,leaf_22185,calibration
20800,leaf_6986,calibration
20801,leaf_2416,calibration
20802,leaf_3698,calibration
20803,leaf_13429,calibration
20804,leaf_13548,calibration
20805,leaf_8816,calibration
20806,leaf_16578,calibration
20807,leaf_10544,calibration
20808,leaf_22334,calibration
20809,leaf_7737,calibration
20810,leaf_5429,calibration
20811,leaf_2718,calibration
20812,leaf_14322,calibration
20813,leaf_9183,calibration
20814,leaf_4551,calibration
20815,leaf_17102,calibration
20816,leaf_4604,calibration
20817,leaf_7709,calibration
20818,leaf_12829,calibration
20819,leaf_812,calibration
20820,leaf_14775,calibration
20821,leaf_12768,calibration
20822,leaf_7634,calibration
20823,leaf_2989,calibration
20824,leaf_20104,calibration
20825,leaf_14118,calibration
20826,leaf_1155,calibration
20827,leaf_8245,calibration
20828,leaf_10501,calibration
20829,leaf_19470,calibration
20830,leaf_5596,calibration
20831,leaf_1027,calibration
20832,leaf_4309,calibration
20833,leaf_21933,calibration
20834,leaf_6201,calibration
20835,leaf_1774,calibration
20836,leaf_10061,calibration
20837,leaf_2982,calibration
20838,leaf_12242,calibration
20839,leaf_21045,calibration
20840,leaf_11293,calibration
20841,leaf_10633,calibration
20842,leaf_15363,calibration
20843,leaf_19177,calibration
20844,leaf_4316,calibration
20845,leaf_22835,calibration
20846,leaf_10345,calibration
20847,leaf_19253,calibration
20848,leaf_13952,calibration
20849,leaf_14597,calibration
20850,leaf_15317,calibration
20851,leaf_1294,calibration
20852,leaf_5641,calibration
20853,leaf_19075,calibration
20854,leaf_17282,calibration
20855,leaf_6085,calibration
20856,leaf_6367,calibration
20857,leaf_8702,calibration
20858,leaf_15458,calibration
20859,leaf_19723,calibration
20860,leaf_19598,calibration
20861,leaf_8170,calibration
20862,leaf_20603,calibration
20863,leaf_19375,calibration
20864,leaf_2818,calibration
20865,leaf_8072,calibration
20866,leaf_6075,calibration
20867,leaf_19342,calibration
20868,leaf_1698,calibration
20869,leaf_15344,calibration
20870,leaf_5438,calibration
20871,leaf_11784,calibration
20872,leaf_5894,calibration
20873,leaf_18103,calibration
20874,leaf_14682,calibration
20875,leaf_1558,calibration
20876,leaf_9779,calibration
20877,leaf_19976,calibration
20878,leaf_22227,calibration
20879,leaf_14893,calibration
20880,leaf_7047,calibration
20881,leaf_142,calibration
20882,leaf_7820,calibration
20883,leaf_4945,calibration
20884,leaf_16523,calibration
20885,leaf_3549,calibration
20886,leaf_15740,calibration
20887,leaf_6065,calibration
20888,leaf_6326,calibration
20889,leaf_5522,calibration
20890,leaf_19739,calibration
20891,leaf_8288,calibration
20892,leaf_8373,calibration
20893,leaf_20496,calibration
20894,leaf_5618,calibration
20895,leaf_3755,calibration
20896,leaf_6731,calibration
20897,leaf_385,calibration
20898,leaf_4759,calibration
20899,leaf_9898,calibration
20900,leaf_7420,calibration
20901,leaf_4592,calibration
20902,leaf_19551,calibration
20903,leaf_5823,calibration
20904,leaf_1117,calibration
20905,leaf_1342,calibration
20906,leaf_18961,calibration
20907,leaf_11620,calibration
20908,leaf_6257,calibration
20909,leaf_18537,calibration
20910,leaf_15181,calibration
20911,leaf_19398,calibration
20912,leaf_16369,calibration
20913,leaf_3222,calibration
20914,leaf_11558,calibration
20915,leaf_1160,calibration
20916,leaf_14614,calibration
20917,leaf_20556,calibration
20918,leaf_13191,calibration
20919,leaf_8904,calibration
20920,leaf_12727,calibration
20921,leaf_7153,calibration
20922,leaf_11637,calibration
20923,leaf_17363,calibration
20924,leaf_11108,calibration
20925,leaf_20028,calibration
20926,leaf_16059,calibration
20927,leaf_12660,calibration
20928,leaf_8744,calibration
20929,leaf_6943,calibration
20930,leaf_9,calibration
20931,leaf_16767,calibration
20932,leaf_16530,calibration
20933,leaf_11520,calibration
20934,leaf_1651,calibration
20935,leaf_11248,calibration
20936,leaf_11715,calibration
20937,leaf_1519,calibration
20938,leaf_1716,calibration
20939,leaf_2088,calibration
20940,leaf_14243,calibration
20941,leaf_19776,calibration
20942,leaf_20348,calibration
20943,leaf_950,calibration
20944,leaf_5707,calibration
20945,leaf_9811,calibration
20946,leaf_20992,calibration
20947,leaf_11899,calibration
20948,leaf_18344,calibration
20949,leaf_2745,calibration
20950,leaf_16212,calibration
20951,leaf_12669,calibration
20952,leaf_5187,calibration
20953,leaf_2062,calibration
20954,leaf_8434,calibration
20955,leaf_20060,calibration
20956,leaf_17955,calibration
20957,leaf_1632,calibration
20958,leaf_5113,calibration
20959,leaf_3890,calibration
20960,leaf_20224,calibration
20961,leaf_13237,calibration
20962,leaf_20190,calibration
20963,leaf_7953,calibration
20964,leaf_20830,calibration
20965,leaf_1764,calibration
20966,leaf_19388,calibration
20967,leaf_7410,calibration
20968,leaf_18368,calibration
20969,leaf_4442,calibration
20970,leaf_17217,calibration
20971,leaf_20947,calibration
20972,leaf_13506,calibration
20973,leaf_257,calibration
20974,leaf_8910,calibration
20975,leaf_5134,calibration
20976,leaf_19134,calibration
20977,leaf_22525,calibration
20978,leaf_12514,calibration
20979,leaf_19846,calibration
20980,leaf_17392,calibration
20981,leaf_18757,calibration
20982,leaf_20643,calibration
20983,leaf_4054,calibration
20984,leaf_6744,calibration
20985,leaf_21233,calibration
20986,leaf_6838,calibration
20987,leaf_7643,calibration
20988,leaf_16224,calibration
20989,leaf_12355,calibration
20990,leaf_21859,calibration
20991,leaf_7276,calibration
20992,leaf_11458,calibration
20993,leaf_18592,calibration
20994,leaf_16892,calibration
20995,leaf_5067,calibration
20996,leaf_1752,calibration
20997,leaf_10408,calibration
20998,leaf_6860,calibration
20999,leaf_17877,calibration
21000,leaf_4175,calibration
21001,leaf_5781,calibration
21002,leaf_17463,calibration
21003,leaf_1779,calibration
21004,leaf_557,calibration
21005,leaf_9976,calibration
21006,leaf_1088,calibration
21007,leaf_14863,calibration
21008,leaf_9892,calibration
21009,leaf_12898,calibration
21010,leaf_331,calibration
21011,leaf_13250,calibration
21012,leaf_18281,calibration
21013,leaf_18009,calibration
21014,leaf_15979,calibration
21015,leaf_21032,calibration
21016,leaf_11989,calibration
21017,leaf_16765,calibration
21018,leaf_11692,calibration
21019,leaf_6889,calibration
21020,leaf_17770,calibration
21021,leaf_1761,calibration
21022,leaf_13712,calibration
21023,leaf_3528,calibration
21024,leaf_18424,calibration
21025,leaf_16101,calibration
21026,leaf_9156,calibration
21027,leaf_17097,calibration
21028,leaf_5486,calibration
21029,leaf_8416,calibration
21030,leaf_13836,calibration
21031,leaf_18102,calibration
21032,leaf_15969,calibration
21033,leaf_12177,calibration
21034,leaf_5038,calibration
21035,leaf_17132,calibration
21036,leaf_19210,calibration
21037,leaf_4964,calibration
21038,leaf_19912,calibration
21039,leaf_9322,calibration
21040,leaf_22792,calibration
21041,leaf_1129,calibration
21042,leaf_15549,calibration
21043,leaf_19346,calibration
21044,leaf_4080,calibration
21045,leaf_16624,calibration
21046,leaf_22824,calibration
21047,leaf_9457,calibration
21048,leaf_12968,calibration
21049,leaf_9274,calibration
21050,leaf_8619,calibration
21051,leaf_11457,calibration
21052,leaf_13668,calibration
21053,leaf_21766,calibration
21054,leaf_21994,calibration
21055,leaf_13030,calibration
21056,leaf_16549,calibration
21057,leaf_17397,calibration
21058,leaf_5114,calibration
21059,leaf_4976,calibration
21060,leaf_7025,calibration
21061,leaf_12244,calibration
21062,leaf_15337,calibration
21063,leaf_19225,calibration
21064,leaf_4171,calibration
21065,leaf_8750,calibration
21066,leaf_9198,calibration
21067,leaf_19855,calibration
21068,leaf_2093,calibration
21069,leaf_355,calibration
21070,leaf_18090,calibration
21071,leaf_15918,calibration
21072,leaf_2822,calibration
21073,leaf_14589,calibration
21074,leaf_7212,calibration
21075,leaf_17819,calibration
21076,leaf_18109,calibration
21077,leaf_20092,calibration
21078,leaf_7332,calibration
21079,leaf_15439,calibration
21080,leaf_20080,calibration
21081,leaf_19503,calibration
21082,leaf_5694,calibration
21083,leaf_17052,calibration
21084,leaf_16931,calibration
21085,leaf_18160,calibration
21086,leaf_4269,calibration
21087,leaf_10446,calibration
21088,leaf_1680,calibration
21089,leaf_3375,calibration
21090,leaf_2242,calibration
21091,leaf_8888,calibration
21092,leaf_21051,calibration
21093,leaf_5051,calibration
21094,leaf_18130,calibration
21095,leaf_14033,calibration
21096,leaf_4966,calibration
21097,leaf_14914,calibration
21098,leaf_3007,calibration
21099,leaf_15232,calibration
21100,leaf_19835,calibration
21101,leaf_6698,calibration
21102,leaf_2916,calibration
21103,leaf_21139,calibration
21104,leaf_16823,calibration
21105,leaf_4777,calibration
21106,leaf_6578,calibration
21107,leaf_9471,calibration
21108,leaf_5941,calibration
21109,leaf_20663,calibration
21110,leaf_17281,calibration
21111,leaf_14676,calibration
21112,leaf_1971,calibration
21113,leaf_21012,calibration
21114,leaf_19978,calibration
21115,leaf_17947,calibration
21116,leaf_19327,calibration
21117,leaf_22571,calibration
21118,leaf_13883,calibration
21119,leaf_20467,calibration
21120,leaf_1721,calibration
21121,leaf_17304,calibration
21122,leaf_17899,calibration
21123,leaf_9129,calibration
21124,leaf_22961,calibration
21125,leaf_3821,calibration
21126,leaf_10642,calibration
21127,leaf_11817,calibration
21128,leaf_1445,calibration
21129,leaf_9191,calibration
21130,leaf_11932,calibration
21131,leaf_13745,calibration
21132,leaf_3941,calibration
21133,leaf_2744,calibration
21134,leaf_11250,calibration
21135,leaf_12553,calibration
21136,leaf_15855,calibration
21137,leaf_6963,calibration
21138,leaf_10888,calibration
21139,leaf_2846,calibration
21140,leaf_5787,calibration
21141,leaf_16689,calibration
21142,leaf_16516,calibration
21143,leaf_8295,calibration
21144,leaf_3104,calibration
21145,leaf_7900,calibration
21146,leaf_11597,calibration
21147,leaf_7274,calibration
21148,leaf_22247,calibration
21149,leaf_23082,calibration
21150,leaf_3690,calibration
21151,leaf_12733,calibration
21152,leaf_981,calibration
21153,leaf_9967,calibration
21154,leaf_17239,calibration
21155,leaf_22798,calibration
21156,leaf_23034,calibration
21157,leaf_12814,calibration
21158,leaf_17225,calibration
21159,leaf_12643,calibration
21160,leaf_8361,calibration
21161,leaf_12570,calibration
21162,leaf_4941,calibration
21163,leaf_16612,calibration
21164,leaf_10294,calibration
21165,leaf_17430,calibration
21166,leaf_14491,calibration
21167,leaf_5749,calibration
21168,leaf_2161,calibration
21169,leaf_16108,calibration
21170,leaf_6407,calibration
21171,leaf_13158,calibration
21172,leaf_13037,calibration
21173,leaf_22164,calibration
21174,leaf_10914,calibration
21175,leaf_16035,calibration
21176,leaf_19124,calibration
21177,leaf_18110,calibration
21178,leaf_10793,calibration
21179,leaf_6185,calibration
21180,leaf_6652,calibration
21181,leaf_2413,calibration
21182,leaf_5087,calibration
21183,leaf_18479,calibration
21184,leaf_13269,calibration
21185,leaf_3864,calibration
21186,leaf_11392,calibration
21187,leaf_3720,calibration
21188,leaf_569,calibration
21189,leaf_21983,calibration
21190,leaf_14903,calibration
21191,leaf_18271,calibration
21192,leaf_9195,calibration
21193,leaf_16009,calibration
21194,leaf_14834,calibration
21195,leaf_14615,calibration
21196,leaf_7550,calibration
21197,leaf_13072,calibration
21198,leaf_19783,calibration
21199,leaf_14188,calibration
21200,leaf_2743,calibration
21201,leaf_2936,calibration
21202,leaf_195,calibration
21203,leaf_5097,calibration
21204,leaf_9311,calibration
21205,leaf_3713,calibration
21206,leaf_2794,calibration
21207,leaf_7325,calibration
21208,leaf_20113,calibration
21209,leaf_16913,calibration
21210,leaf_2524,calibration
21211,leaf_8351,calibration
21212,leaf_12904,calibration
21213,leaf_19133,calibration
21214,leaf_9199,calibration
21215,leaf_22882,calibration
21216,leaf_9002,calibration
21217,leaf_6562,calibration
21218,leaf_9791,calibration
21219,leaf_6168,calibration
21220,leaf_2119,calibration
21221,leaf_522,calibration
21222,leaf_15204,calibration
21223,leaf_2523,calibration
21224,leaf_9271,calibration
21225,leaf_8523,calibration
21226,leaf_14457,calibration
21227,leaf_2087,calibration
21228,leaf_5007,calibration
21229,leaf_13861,calibration
21230,leaf_21875,calibration
21231,leaf_19476,calibration
21232,leaf_9552,calibration
21233,leaf_3299,calibration
21234,leaf_16766,calibration
21235,leaf_17691,calibration
21236,leaf_4308,calibration
21237,leaf_16061,calibration
21238,leaf_7202,calibration
21239,leaf_4827,calibration
21240,leaf_2658,calibration
21241,leaf_9233,calibration
21242,leaf_12831,calibration
21243,leaf_12729,calibration
21244,leaf_982,calibration
21245,leaf_18039,calibration
21246,leaf_221,calibration
21247,leaf_22965,calibration
21248,leaf_9223,calibration
21249,leaf_12501,calibration
21250,leaf_19044,calibration
21251,leaf_20430,calibration
21252,leaf_22783,calibration
21253,leaf_9285,calibration
21254,leaf_8129,calibration
21255,leaf_12185,calibration
21256,leaf_12833,calibration
21257,leaf_6749,calibration
21258,leaf_11418,calibration
21259,leaf_3872,calibration
21260,leaf_14967,calibration
21261,leaf_11644,calibration
21262,leaf_11766,calibration
21263,leaf_8632,calibration
21264,leaf_20387,calibration
21265,leaf_10303,calibration
21266,leaf_13500,calibration
21267,leaf_15664,calibration
21268,leaf_4034,calibration
21269,leaf_6915,calibration
21270,leaf_4982,calibration
21271,leaf_23041,calibration
21272,leaf_8429,calibration
21273,leaf_17251,calibration
21274,leaf_8420,calibration
21275,leaf_15180,calibration
21276,leaf_704,calibration
21277,leaf_19085,calibration
21278,leaf_15557,calibration
21279,leaf_5203,calibration
21280,leaf_22644,calibration
21281,leaf_11010,calibration
21282,leaf_22546,calibration
21283,leaf_5632,calibration
21284,leaf_20316,calibration
21285,leaf_22415,calibration
21286,leaf_3729,calibration
21287,leaf_6765,calibration
21288,leaf_987,calibration
21289,leaf_14254,calibration
21290,leaf_6430,calibration
21291,leaf_16561,calibration
21292,leaf_17179,calibration
21293,leaf_19966,calibration
21294,leaf_13645,calibration
21295,leaf_3282,calibration
21296,leaf_2776,calibration
21297,leaf_19355,calibration
21298,leaf_3768,calibration
21299,leaf_11782,calibration
21300,leaf_19826,calibration
21301,leaf_2863,calibration
21302,leaf_4029,calibration
21303,leaf_14648,calibration
21304,leaf_22241,calibration
21305,leaf_20334,calibration
21306,leaf_19854,calibration
21307,leaf_10627,calibration
21308,leaf_16276,calibration
21309,leaf_6540,calibration
21310,leaf_17565,calibration
21311,leaf_22770,calibration
21312,leaf_5605,calibration
21313,leaf_13770,calibration
21314,leaf_814,calibration
21315,leaf_9951,calibration
21316,leaf_22928,calibration
21317,leaf_1518,calibration
21318,leaf_21769,calibration
21319,leaf_14334,calibration
21320,leaf_3915,calibration
21321,leaf_9481,calibration
21322,leaf_21023,calibration
21323,leaf_4441,calibration
21324,leaf_12539,calibration
21325,leaf_11394,calibration
21326,leaf_13213,calibration
21327,leaf_19408,calibration
21328,leaf_3042,calibration
21329,leaf_16542,calibration
21330,leaf_7123,calibration
21331,leaf_16021,calibration
21332,leaf_12434,calibration
21333,leaf_11468,calibration
21334,leaf_3236,calibration
21335,leaf_21499,calibration
21336,leaf_9562,calibration
21337,leaf_11463,calibration
21338,leaf_6511,calibration
21339,leaf_10192,calibration
21340,leaf_1893,calibration
21341,leaf_18259,calibration
21342,leaf_20317,calibration
21343,leaf_17861,calibration
21344,leaf_21013,calibration
21345,leaf_1242,calibration
21346,leaf_4491,calibration
21347,leaf_6628,calibration
21348,leaf_5517,calibration
21349,leaf_10623,calibration
21350,leaf_2871,calibration
21351,leaf_21775,calibration
21352,leaf_10306,calibration
21353,leaf_3433,calibration
21354,leaf_6617,calibration
21355,leaf_2945,calibration
21356,leaf_21746,calibration
21357,leaf_10777,calibration
21358,leaf_11474,calibration
21359,leaf_1124,calibration
21360,leaf_22461,calibration
21361,leaf_2067,calibration
21362,leaf_3931,calibration
21363,leaf_16713,calibration
21364,leaf_9284,calibration
21365,leaf_6991,calibration
21366,leaf_4808,calibration
21367,leaf_16074,calibration
21368,leaf_16457,calibration
21369,leaf_9586,calibration
21370,leaf_8309,calibration
21371,leaf_20389,calibration
21372,leaf_8870,calibration
21373,leaf_714,calibration
21374,leaf_8658,calibration
21375,leaf_10765,calibration
21376,leaf_15687,calibration
21377,leaf_14276,calibration
21378,leaf_14043,calibration
21379,leaf_7913,calibration
21380,leaf_5984,calibration
21381,leaf_6100,calibration
21382,leaf_20053,calibration
21383,leaf_18164,calibration
21384,leaf_11456,calibration
21385,leaf_3195,calibration
21386,leaf_15532,calibration
21387,leaf_11104,calibration
21388,leaf_6532,calibration
21389,leaf_20044,calibration
21390,leaf_13109,calibration
21391,leaf_15141,calibration
21392,leaf_22391,calibration
21393,leaf_4066,calibration
21394,leaf_795,calibration
21395,leaf_4076,calibration
21396,leaf_713,calibration
21397,leaf_6186,calibration
21398,leaf_6951,calibration
21399,leaf_11856,calibration
21400,leaf_10026,calibration
21401,leaf_7922,calibration
21402,leaf_3593,calibration
21403,leaf_5428,calibration
21404,leaf_13003,calibration
21405,leaf_4839,calibration
21406,leaf_5747,calibration
21407,leaf_19677,calibration
21408,leaf_13144,calibration
21409,leaf_16038,calibration
21410,leaf_8077,calibration
21411,leaf_1577,calibration
21412,leaf_12446,calibration
21413,leaf_5440,calibration
21414,leaf_16410,calibration
21415,leaf_232,calibration
21416,leaf_3862,calibration
21417,leaf_22632,calibration
21418,leaf_10794,calibration
21419,leaf_9485,calibration
21420,leaf_22549,calibration
21421,leaf_16421,calibration
21422,leaf_13980,calibration
21423,leaf_11188,calibration
21424,leaf_8977,calibration
21425,leaf_20914,calibration
21426,leaf_7946,calibration
21427,leaf_17643,calibration
21428,leaf_10327,calibration
21429,leaf_2250,calibration
21430,leaf_22764,calibration
21431,leaf_14661,calibration
21432,leaf_14156,calibration
21433,leaf_600,calibration
21434,leaf_6235,calibration
21435,leaf_11117,calibration
21436,leaf_11396,calibration
21437,leaf_5371,calibration
21438,leaf_20344,calibration
21439,leaf_11765,calibration
21440,leaf_21227,calibration
21441,leaf_18502,calibration
21442,leaf_12327,calibration
21443,leaf_15887,calibration
21444,leaf_5158,calibration
21445,leaf_13272,calibration
21446,leaf_21815,calibration
21447,leaf_6298,calibration
21448,leaf_862,calibration
21449,leaf_13529,calibration
21450,leaf_9193,calibration
21451,leaf_7788,calibration
21452,leaf_15828,calibration
21453,leaf_10231,calibration
21454,leaf_3105,calibration
21455,leaf_19383,calibration
21456,leaf_10795,calibration
21457,leaf_6837,calibration
21458,leaf_1046,calibration
21459,leaf_10979,calibration
21460,leaf_11519,calibration
21461,leaf_15367,calibration
21462,leaf_1262,calibration
21463,leaf_6974,calibration
21464,leaf_10120,calibration
21465,leaf_16577,calibration
21466,leaf_1423,calibration
21467,leaf_19621,calibration
21468,leaf_16332,calibration
21469,leaf_22652,calibration
21470,leaf_16509,calibration
21471,leaf_7860,calibration
21472,leaf_480,calibration
21473,leaf_18792,calibration
21474,leaf_8363,calibration
21475,leaf_11607,calibration
21476,leaf_8897,calibration
21477,leaf_3902,calibration
21478,leaf_20330,calibration
21479,leaf_7069,calibration
21480,leaf_6049,calibration
21481,leaf_17852,calibration
21482,leaf_16154,calibration
21483,leaf_17289,calibration
21484,leaf_8452,calibration
21485,leaf_1621,calibration
21486,leaf_16338,calibration
21487,leaf_14178,calibration
21488,leaf_13320,calibration
21489,leaf_262,calibration
21490,leaf_14144,calibration
21491,leaf_8242,calibration
21492,leaf_150,calibration
21493,leaf_1595,calibration
21494,leaf_8013,calibration
21495,leaf_9358,calibration
21496,leaf_23088,calibration
21497,leaf_542,calibration
21498,leaf_9585,calibration
21499,leaf_11961,calibration
21500,leaf_10859,calibration
21501,leaf_1,calibration
21502,leaf_15125,calibration
21503,leaf_2929,calibration
21504,leaf_10577,calibration
21505,leaf_11736,calibration
21506,leaf_17462,calibration
21507,leaf_10282,calibration
21508,leaf_12281,calibration
21509,leaf_1637,calibration
21510,leaf_5413,calibration
21511,leaf_3016,calibration
21512,leaf_6067,calibration
21513,leaf_12928,calibration
21514,leaf_12129,calibration
21515,leaf_1328,calibration
21516,leaf_4420,calibration
21517,leaf_20995,calibration
21518,leaf_3556,calibration
21519,leaf_3731,calibration
21520,leaf_5622,calibration
21521,leaf_11517,calibration
21522,leaf_2076,calibration
21523,leaf_7610,calibration
21524,leaf_13329,calibration
21525,leaf_867,calibration
21526,leaf_19164,calibration
21527,leaf_4257,calibration
21528,leaf_759,calibration
21529,leaf_1465,calibration
21530,leaf_10044,calibration
21531,leaf_21520,calibration
21532,leaf_5473,calibration
21533,leaf_16096,calibration
21534,leaf_8622,calibration
21535,leaf_4943,calibration
21536,leaf_22912,calibration
21537,leaf_12316,calibration
21538,leaf_17562,calibration
21539,leaf_12149,calibration
21540,leaf_4022,calibration
21541,leaf_3365,calibration
21542,leaf_20990,calibration
21543,leaf_2820,calibration
21544,leaf_18063,calibration
21545,leaf_20189,calibration
21546,leaf_6281,calibration
21547,leaf_17672,calibration
21548,leaf_15391,calibration
21549,leaf_5705,calibration
21550,leaf_20311,calibration
21551,leaf_3658,calibration
21552,leaf_3566,calibration
21553,leaf_15299,calibration
21554,leaf_19624,calibration
21555,leaf_4289,calibration
21556,leaf_761,calibration
21557,leaf_15428,calibration
21558,leaf_2734,calibration
21559,leaf_10005,calibration
21560,leaf_9465,calibration
21561,leaf_22600,calibration
21562,leaf_21926,calibration
21563,leaf_13898,calibration
21564,leaf_13259,calibration
21565,leaf_9412,calibration
21566,leaf_10610,calibration
21567,leaf_3393,calibration
21568,leaf_22189,calibration
21569,leaf_12277,calibration
21570,leaf_8491,calibration
21571,leaf_21466,calibration
21572,leaf_22495,calibration
21573,leaf_13045,calibration
21574,leaf_7591,calibration
21575,leaf_7083,calibration
21576,leaf_19343,calibration
21577,leaf_3602,calibration
21578,leaf_5207,calibration
21579,leaf_2752,calibration
21580,leaf_945,calibration
21581,leaf_11602,calibration
21582,leaf_9378,calibration
21583,leaf_19280,calibration
21584,leaf_11179,calibration
21585,leaf_22166,calibration
21586,leaf_281,calibration
21587,leaf_4122,calibration
21588,leaf_12770,calibration
21589,leaf_14060,calibration
21590,leaf_9506,calibration
21591,leaf_1190,calibration
21592,leaf_15779,calibration
21593,leaf_758,calibration
21594,leaf_19242,calibration
21595,leaf_15903,calibration
21596,leaf_22168,calibration
21597,leaf_16197,calibration
21598,leaf_12487,calibration
21599,leaf_21091,calibration
21600,leaf_17159,calibration
21601,leaf_20305,calibration
21602,leaf_12124,calibration
21603,leaf_13314,calibration
21604,leaf_17941,calibration
21605,leaf_930,calibration
21606,leaf_16846,calibration
21607,leaf_6307,calibration
21608,leaf_7299,calibration
21609,leaf_5000,calibration
21610,leaf_16730,calibration
21611,leaf_19567,calibration
21612,leaf_11622,calibration
21613,leaf_20342,calibration
21614,leaf_3752,calibration
21615,leaf_2328,calibration
21616,leaf_4486,calibration
21617,leaf_19376,calibration
21618,leaf_21503,calibration
21619,leaf_21371,calibration
21620,leaf_17525,calibration
21621,leaf_1965,calibration
21622,leaf_1403,calibration
21623,leaf_623,calibration
21624,leaf_11154,calibration
21625,leaf_10538,calibration
21626,leaf_2952,calibration
21627,leaf_13411,calibration
21628,leaf_11030,calibration
21629,leaf_2078,calibration
21630,leaf_21869,calibration
21631,leaf_5328,calibration
21632,leaf_7094,calibration
21633,leaf_4555,calibration
21634,leaf_18356,calibration
21635,leaf_9396,calibration
21636,leaf_1530,calibration
21637,leaf_3424,calibration
21638,leaf_13140,calibration
21639,leaf_10447,calibration
21640,leaf_18062,calibration
21641,leaf_15640,calibration
21642,leaf_802,calibration
21643,leaf_13610,calibration
21644,leaf_12807,calibration
21645,leaf_5917,calibration
21646,leaf_7694,calibration
21647,leaf_4100,calibration
21648,leaf_16903,calibration
21649,leaf_6757,calibration
21650,leaf_8282,calibration
21651,leaf_16860,calibration
21652,leaf_2589,calibration
21653,leaf_21954,calibration
21654,leaf_9910,calibration
21655,leaf_20299,calibration
21656,leaf_19386,calibration
21657,leaf_9202,calibration
21658,leaf_14017,calibration
21659,leaf_16707,calibration
21660,leaf_14126,calibration
21661,leaf_4362,calibration
21662,leaf_122,calibration
21663,leaf_14982,calibration
21664,leaf_18152,calibration
21665,leaf_5300,calibration
21666,leaf_21540,calibration
21667,leaf_10968,calibration
21668,leaf_8925,calibration
21669,leaf_3422,calibration
21670,leaf_20169,calibration
21671,leaf_6587,calibration
21672,leaf_13432,calibration
21673,leaf_6376,calibration
21674,leaf_7075,calibration
21675,leaf_3340,calibration
21676,leaf_1331,calibration
21677,leaf_17549,calibration
21678,leaf_2831,calibration
21679,leaf_10638,calibration
21680,leaf_22236,calibration
21681,leaf_13870,calibration
21682,leaf_21022,calibration
21683,leaf_16020,calibration
21684,leaf_20256,calibration
21685,leaf_10052,calibration
21686,leaf_5691,calibration
21687,leaf_3254,calibration
21688,leaf_2374,calibration
21689,leaf_21823,calibration
21690,leaf_17387,calibration
21691,leaf_22441,calibration
21692,leaf_15083,calibration
21693,leaf_4831,calibration
21694,leaf_13756,calibration
21695,leaf_10787,calibration
21696,leaf_646,calibration
21697,leaf_6243,calibration
21698,leaf_19869,calibration
21699,leaf_22962,calibration
21700,leaf_22714,calibration
21701,leaf_11805,calibration
21702,leaf_21164,calibration
21703,leaf_15152,calibration
21704,leaf_8096,calibration
21705,leaf_18509,calibration
21706,leaf_3070,calibration
21707,leaf_17442,calibration
21708,leaf_1317,calibration
21709,leaf_12919,calibration
21710,leaf_18575,calibration
21711,leaf_12657,calibration
21712,leaf_10251,calibration
21713,leaf_15683,calibration
21714,leaf_779,calibration
21715,leaf_12073,calibration
21716,leaf_2218,calibration
21717,leaf_2451,calibration
21718,leaf_20054,calibration
21719,leaf_22780,calibration
21720,leaf_14701,calibration
21721,leaf_4991,calibration
21722,leaf_1373,calibration
21723,leaf_8030,calibration
21724,leaf_17490,calibration
21725,leaf_15150,calibration
21726,leaf_21841,calibration
21727,leaf_974,calibration
21728,leaf_11793,calibration
21729,leaf_13451,calibration
21730,leaf_5625,calibration
21731,leaf_3766,calibration
21732,leaf_19543,calibration
21733,leaf_4019,calibration
21734,leaf_7006,calibration
21735,leaf_1480,calibration
21736,leaf_2254,calibration
21737,leaf_53,calibration
21738,leaf_1856,calibration
21739,leaf_11470,calibration
21740,leaf_701,calibration
21741,leaf_21897,calibration
21742,leaf_10105,calibration
21743,leaf_2592,calibration
21744,leaf_10945,calibration
21745,leaf_9639,calibration
21746,leaf_11243,calibration
21747,leaf_10041,calibration
21748,leaf_18779,calibration
21749,leaf_12284,calibration
21750,leaf_2918,calibration
21751,leaf_4528,calibration
21752,leaf_7999,calibration
21753,leaf_883,calibration
21754,leaf_6519,calibration
21755,leaf_19144,calibration
21756,leaf_13678,calibration
21757,leaf_19673,calibration
21758,leaf_22831,calibration
21759,leaf_14640,calibration
21760,leaf_5913,calibration
21761,leaf_22838,calibration
21762,leaf_5243,calibration
21763,leaf_267,calibration
21764,leaf_8188,calibration
21765,leaf_6389,calibration
21766,leaf_3397,calibration
21767,leaf_18140,calibration
21768,leaf_18835,calibration
21769,leaf_18707,calibration
21770,leaf_1447,calibration
21771,leaf_7483,calibration
21772,leaf_19641,calibration
21773,leaf_11073,calibration
21774,leaf_3613,calibration
21775,leaf_21024,calibration
21776,leaf_14807,calibration
21777,leaf_5861,calibration
21778,leaf_7462,calibration
21779,leaf_1652,calibration
21780,leaf_14714,calibration
21781,leaf_12375,calibration
21782,leaf_13026,calibration
21783,leaf_10115,calibration
21784,leaf_17101,calibration
21785,leaf_6125,calibration
21786,leaf_11699,calibration
21787,leaf_15165,calibration
21788,leaf_19087,calibration
21789,leaf_1017,calibration
21790,leaf_14879,calibration
21791,leaf_17215,calibration
21792,leaf_18636,calibration
21793,leaf_9189,calibration
21794,leaf_3425,calibration
21795,leaf_3370,calibration
21796,leaf_22340,calibration
21797,leaf_3432,calibration
21798,leaf_7074,calibration
21799,leaf_620,calibration
21800,leaf_11745,calibration
21801,leaf_19902,calibration
21802,leaf_12940,calibration
21803,leaf_7422,calibration
21804,leaf_14031,calibration
21805,leaf_16475,calibration
21806,leaf_15315,calibration
21807,leaf_17608,calibration
21808,leaf_6069,calibration
21809,leaf_13310,calibration
21810,leaf_20793,calibration
21811,leaf_3715,calibration
21812,leaf_7002,calibration
21813,leaf_11023,calibration
21814,leaf_7526,calibration
21815,leaf_22779,calibration
21816,leaf_4365,calibration
21817,leaf_9423,calibration
21818,leaf_4708,calibration
21819,leaf_15311,calibration
21820,leaf_4599,calibration
21821,leaf_1550,calibration
21822,leaf_1115,calibration
21823,leaf_13385,calibration
21824,leaf_440,calibration
21825,leaf_10148,calibration
21826,leaf_7731,calibration
21827,leaf_20572,calibration
21828,leaf_17254,calibration
21829,leaf_4067,calibration
21830,leaf_14603,calibration
21831,leaf_18322,calibration
21832,leaf_10342,calibration
21833,leaf_20921,calibration
21834,leaf_19986,calibration
21835,leaf_1102,calibration
21836,leaf_17521,calibration
21837,leaf_18393,calibration
21838,leaf_4949,calibration
21839,leaf_813,calibration
21840,leaf_5553,calibration
21841,leaf_14143,calibration
21842,leaf_18004,calibration
21843,leaf_23004,calibration
21844,leaf_22192,calibration
21845,leaf_11582,calibration
21846,leaf_4294,calibration
21847,leaf_6232,calibration
21848,leaf_10194,calibration
21849,leaf_12588,calibration
21850,leaf_21270,calibration
21851,leaf_18443,calibration
21852,leaf_3225,calibration
21853,leaf_15891,calibration
21854,leaf_10531,calibration
21855,leaf_388,calibration
21856,leaf_6188,calibration
21857,leaf_14020,calibration
21858,leaf_4918,calibration
21859,leaf_8139,calibration
21860,leaf_16690,calibration
21861,leaf_17640,calibration
21862,leaf_11834,calibration
21863,leaf_9635,calibration
21864,leaf_3635,calibration
21865,leaf_5957,calibration
21866,leaf_19243,calibration
21867,leaf_20548,calibration
21868,leaf_13930,calibration
21869,leaf_16144,calibration
21870,leaf_2267,calibration
21871,leaf_21492,calibration
21872,leaf_108,calibration
21873,leaf_11459,calibration
21874,leaf_12732,calibration
21875,leaf_6876,calibration
21876,leaf_19009,calibration
21877,leaf_4090,calibration
21878,leaf_5221,calibration
21879,leaf_5586,calibration
21880,leaf_13103,calibration
21881,leaf_3261,calibration
21882,leaf_17141,calibration
21883,leaf_18174,calibration
21884,leaf_1566,calibration
21885,leaf_14812,calibration
21886,leaf_8033,calibration
21887,leaf_5626,calibration
21888,leaf_16918,calibration
21889,leaf_3925,calibration
21890,leaf_926,calibration
21891,leaf_11125,calibration
21892,leaf_20999,calibration
21893,leaf_2677,calibration
21894,leaf_4190,calibration
21895,leaf_4983,calibration
21896,leaf_5084,calibration
21897,leaf_21584,calibration
21898,leaf_5826,calibration
21899,leaf_20469,calibration
21900,leaf_1400,calibration
21901,leaf_3957,calibration
21902,leaf_8460,calibration
21903,leaf_16705,calibration
21904,leaf_10651,calibration
21905,leaf_2137,calibration
21906,leaf_13137,calibration
21907,leaf_7573,calibration
21908,leaf_9486,calibration
21909,leaf_18419,calibration
21910,leaf_13926,calibration
21911,leaf_4382,calibration
21912,leaf_17174,calibration
21913,leaf_7921,calibration
21914,leaf_12638,calibration
21915,leaf_9734,calibration
21916,leaf_7073,calibration
21917,leaf_19952,calibration
21918,leaf_6688,calibration
21919,leaf_15413,calibration
21920,leaf_14908,calibration
21921,leaf_22799,calibration
21922,leaf_16651,calibration
21923,leaf_9174,calibration
21924,leaf_15819,calibration
21925,leaf_13648,calibration
21926,leaf_8620,calibration
21927,leaf_9860,calibration
21928,leaf_11657,calibration
21929,leaf_4373,calibration
21930,leaf_9460,calibration
21931,leaf_15755,calibration
21932,leaf_9205,calibration
21933,leaf_2812,calibration
21934,leaf_5390,calibration
21935,leaf_4801,calibration
21936,leaf_12011,calibration
21937,leaf_3314,calibration
21938,leaf_10654,calibration
21939,leaf_14561,calibration
21940,leaf_6865,calibration
21941,leaf_5315,calibration
21942,leaf_8462,calibration
21943,leaf_7374,calibration
21944,leaf_13189,calibration
21945,leaf_21125,calibration
21946,leaf_8824,calibration
21947,leaf_1413,calibration
21948,leaf_17158,calibration
21949,leaf_14896,calibration
21950,leaf_18715,calibration
21951,leaf_13812,calibration
21952,leaf_21286,calibration
21953,leaf_1035,calibration
21954,leaf_13844,calibration
21955,leaf_900,calibration
21956,leaf_18793,calibration
21957,leaf_5752,calibration
21958,leaf_22690,calibration
21959,leaf_5867,calibration
21960,leaf_20863,calibration
21961,leaf_6437,calibration
21962,leaf_10206,calibration
21963,leaf_4586,calibration
21964,leaf_22801,calibration
21965,leaf_22076,calibration
21966,leaf_14385,calibration
21967,leaf_12395,calibration
21968,leaf_15053,calibration
21969,leaf_6401,calibration
21970,leaf_3983,calibration
21971,leaf_66,calibration
21972,leaf_889,calibration
21973,leaf_8063,calibration
21974,leaf_11416,calibration
21975,leaf_8991,calibration
21976,leaf_4435,calibration
21977,leaf_5580,calibration
21978,leaf_18742,calibration
21979,leaf_1352,calibration
21980,leaf_11587,calibration
21981,leaf_17998,calibration
21982,leaf_22861,calibration
21983,leaf_10138,calibration
21984,leaf_16902,calibration
21985,leaf_22906,calibration
21986,leaf_12458,calibration
21987,leaf_7110,calibration
21988,leaf_6244,calibration
21989,leaf_13720,calibration
21990,leaf_1653,calibration
21991,leaf_10019,calibration
21992,leaf_7354,calibration
21993,leaf_9144,calibration
21994,leaf_8263,calibration
21995,leaf_19270,calibration
21996,leaf_20657,calibration
21997,leaf_7296,calibration
21998,leaf_7765,calibration
21999,leaf_20290,calibration
22000,leaf_3832,calibration
22001,leaf_434,calibration
22002,leaf_13732,calibration
22003,leaf_4488,calibration
22004,leaf_16356,calibration
22005,leaf_18884,calibration
22006,leaf_1618,calibration
22007,leaf_5567,calibration
22008,leaf_3947,calibration
22009,leaf_11713,calibration
22010,leaf_15892,calibration
22011,leaf_12664,calibration
22012,leaf_18521,calibration
22013,leaf_19154,calibration
22014,leaf_6423,calibration
22015,leaf_9262,calibration
22016,leaf_15585,calibration
22017,leaf_20097,calibration
22018,leaf_22409,calibration
22019,leaf_6509,calibration
22020,leaf_22393,calibration
22021,leaf_19989,calibration
22022,leaf_7210,calibration
22023,leaf_11312,calibration
22024,leaf_15489,calibration
22025,leaf_21502,calibration
22026,leaf_414,calibration
22027,leaf_21634,calibration
22028,leaf_17610,calibration
22029,leaf_9595,calibration
22030,leaf_18464,calibration
22031,leaf_11129,calibration
22032,leaf_16783,calibration
22033,leaf_12670,calibration
22034,leaf_14585,calibration
22035,leaf_16872,calibration
22036,leaf_16710,calibration
22037,leaf_1839,calibration
22038,leaf_3476,calibration
22039,leaf_3565,calibration
22040,leaf_11987,calibration
22041,leaf_11729,calibration
22042,leaf_11397,calibration
22043,leaf_4561,calibration
22044,leaf_2811,calibration
22045,leaf_20703,calibration
22046,leaf_695,calibration
22047,leaf_16462,calibration
22048,leaf_10347,calibration
22049,leaf_17314,calibration
22050,leaf_5132,calibration
22051,leaf_19841,calibration
22052,leaf_18723,calibration
22053,leaf_9018,calibration
22054,leaf_20610,calibration
22055,leaf_15842,calibration
22056,leaf_6095,calibration
22057,leaf_13992,calibration
22058,leaf_1276,calibration
22059,leaf_13642,calibration
22060,leaf_16454,calibration
22061,leaf_16817,calibration
22062,leaf_20446,calibration
22063,leaf_9711,calibration
22064,leaf_16608,calibration
22065,leaf_14816,calibration
22066,leaf_11977,calibration
22067,leaf_13412,calibration
22068,leaf_20617,calibration
22069,leaf_17533,calibration
22070,leaf_19923,calibration
22071,leaf_20815,calibration
22072,leaf_2264,calibration
22073,leaf_5464,calibration
22074,leaf_5678,calibration
22075,leaf_14727,calibration
22076,leaf_1949,calibration
22077,leaf_7242,calibration
22078,leaf_875,calibration
22079,leaf_4456,calibration
22080,leaf_22031,calibration
22081,leaf_18278,calibration
22082,leaf_22310,calibration
22083,leaf_2527,calibration
22084,leaf_1821,calibration
22085,leaf_15274,calibration
22086,leaf_22424,calibration
22087,leaf_15921,calibration
22088,leaf_22850,calibration
22089,leaf_8137,calibration
22090,leaf_5870,calibration
22091,leaf_14184,calibration
22092,leaf_8868,calibration
22093,leaf_1795,calibration
22094,leaf_22370,calibration
22095,leaf_17695,calibration
22096,leaf_16576,calibration
22097,leaf_21379,calibration
22098,leaf_6568,calibration
22099,leaf_15559,calibration
22100,leaf_793,calibration
22101,leaf_22572,calibration
22102,leaf_2244,calibration
22103,leaf_12769,calibration
22104,leaf_19269,calibration
22105,leaf_15502,calibration
22106,leaf_10525,calibration
22107,leaf_9800,calibration
22108,leaf_9671,calibration
22109,leaf_16,calibration
22110,leaf_10196,calibration
22111,leaf_17243,calibration
22112,leaf_6919,calibration
22113,leaf_21431,calibration
22114,leaf_14198,calibration
22115,leaf_10605,calibration
22116,leaf_3341,calibration
22117,leaf_13725,calibration
22118,leaf_20171,calibration
22119,leaf_988,calibration
22120,leaf_11054,calibration
22121,leaf_18914,calibration
22122,leaf_3267,calibration
22123,leaf_2935,calibration
22124,leaf_3412,calibration
22125,leaf_14617,calibration
22126,leaf_19299,calibration
22127,leaf_19005,calibration
22128,leaf_7998,calibration
22129,leaf_14470,calibration
22130,leaf_18903,calibration
22131,leaf_11671,calibration
22132,leaf_17135,calibration
22133,leaf_18158,calibration
22134,leaf_1114,calibration
22135,leaf_4687,calibration
22136,leaf_10049,calibration
22137,leaf_13493,calibration
22138,leaf_18670,calibration
22139,leaf_21635,calibration
22140,leaf_20059,calibration
22141,leaf_11925,calibration
22142,leaf_1626,calibration
22143,leaf_10887,calibration
22144,leaf_7717,calibration
22145,leaf_16319,calibration
22146,leaf_22736,calibration
22147,leaf_3293,calibration
22148,leaf_9542,calibration
22149,leaf_15646,calibration
22150,leaf_7992,calibration
22151,leaf_5642,calibration
22152,leaf_16820,calibration
22153,leaf_11539,calibration
22154,leaf_11600,calibration
22155,leaf_3306,calibration
22156,leaf_12109,calibration
22157,leaf_13650,calibration
22158,leaf_13254,calibration
22159,leaf_6683,calibration
22160,leaf_13370,calibration
22161,leaf_9065,calibration
22162,leaf_15123,calibration
22163,leaf_16063,calibration
22164,leaf_17095,calibration
22165,leaf_2321,calibration
22166,leaf_10737,calibration
22167,leaf_6212,calibration
22168,leaf_373,calibration
22169,leaf_6191,calibration
22170,leaf_11094,calibration
22171,leaf_22093,calibration
22172,leaf_4437,calibration
22173,leaf_20382,calibration
22174,leaf_9712,calibration
22175,leaf_11274,calibration
22176,leaf_14884,calibration
22177,leaf_5930,calibration
22178,leaf_154,calibration
22179,leaf_11095,calibration
22180,leaf_1259,calibration
22181,leaf_5246,calibration
22182,leaf_2764,calibration
22183,leaf_7948,calibration
22184,leaf_22375,calibration
22185,leaf_18486,calibration
22186,leaf_2311,calibration
22187,leaf_3918,calibration
22188,leaf_11295,calibration
22189,leaf_5621,calibration
22190,leaf_9010,calibration
22191,leaf_14229,calibration
22192,leaf_12508,calibration
22193,leaf_5508,calibration
22194,leaf_8215,calibration
22195,leaf_10182,calibration
22196,leaf_6379,calibration
22197,leaf_21144,calibration
22198,leaf_13698,calibration
22199,leaf_16688,calibration
22200,leaf_1479,calibration
22201,leaf_1903,calibration
22202,leaf_15438,calibration
22203,leaf_670,calibration
22204,leaf_2912,calibration
22205,leaf_19979,calibration
22206,leaf_12213,calibration
22207,leaf_18355,calibration
22208,leaf_18640,calibration
22209,leaf_18829,calibration
22210,leaf_17415,calibration
22211,leaf_11949,calibration
22212,leaf_1976,calibration
22213,leaf_3444,calibration
22214,leaf_14646,calibration
22215,leaf_4920,calibration
22216,leaf_6145,calibration
22217,leaf_21112,calibration
22218,leaf_19590,calibration
22219,leaf_20404,calibration
22220,leaf_2869,calibration
22221,leaf_23010,calibration
22222,leaf_11371,calibration
22223,leaf_10213,calibration
22224,leaf_678,calibration
22225,leaf_5700,calibration
22226,leaf_7271,calibration
22227,leaf_3544,calibration
22228,leaf_11796,calibration
22229,leaf_21029,calibration
22230,leaf_16473,calibration
22231,leaf_17255,calibration
22232,leaf_9273,calibration
22233,leaf_13666,calibration
22234,leaf_13381,calibration
22235,leaf_8692,calibration
22236,leaf_10734,calibration
22237,leaf_15201,calibration
22238,leaf_9033,calibration
22239,leaf_2083,calibration
22240,leaf_10994,calibration
22241,leaf_17878,calibration
22242,leaf_3404,calibration
22243,leaf_1042,calibration
22244,leaf_16483,calibration
22245,leaf_9731,calibration
22246,leaf_13074,calibration
22247,leaf_7220,calibration
22248,leaf_6870,calibration
22249,leaf_4291,calibration
22250,leaf_11694,calibration
22251,leaf_5474,calibration
22252,leaf_18438,calibration
22253,leaf_16481,calibration
22254,leaf_16957,calibration
22255,leaf_21328,calibration
22256,leaf_15837,calibration
22257,leaf_8350,calibration
22258,leaf_18751,calibration
22259,leaf_11590,calibration
22260,leaf_3968,calibration
22261,leaf_15362,calibration
22262,leaf_6673,calibration
22263,leaf_10604,calibration
22264,leaf_9913,calibration
22265,leaf_20301,calibration
22266,leaf_22741,calibration
22267,leaf_19101,calibration
22268,leaf_2116,calibration
22269,leaf_18333,calibration
22270,leaf_22221,calibration
22271,leaf_7768,calibration
22272,leaf_20206,calibration
22273,leaf_11599,calibration
22274,leaf_12236,calibration
22275,leaf_22847,calibration
22276,leaf_7015,calibration
22277,leaf_16944,calibration
22278,leaf_1093,calibration
22279,leaf_19261,calibration
22280,leaf_22505,calibration
22281,leaf_22407,calibration
22282,leaf_3589,calibration
22283,leaf_21065,calibration
22284,leaf_13777,calibration
22285,leaf_22442,calibration
22286,leaf_12255,calibration
22287,leaf_10387,calibration
22288,leaf_4670,calibration
22289,leaf_16107,calibration
22290,leaf_14062,calibration
22291,leaf_11908,calibration
22292,leaf_7863,calibration
22293,leaf_3786,calibration
22294,leaf_12590,calibration
22295,leaf_20768,calibration
22296,leaf_1975,calibration
22297,leaf_20151,calibration
22298,leaf_9981,calibration
22299,leaf_12019,calibration
22300,leaf_9854,calibration
22301,leaf_21297,calibration
22302,leaf_16479,calibration
22303,leaf_16110,calibration
22304,leaf_11777,calibration
22305,leaf_20896,calibration
22306,leaf_12387,calibration
22307,leaf_18482,calibration
22308,leaf_21244,calibration
22309,leaf_20491,calibration
22310,leaf_18378,calibration
22311,leaf_14988,calibration
22312,leaf_17566,calibration
22313,leaf_2039,calibration
22314,leaf_4714,calibration
22315,leaf_16148,calibration
22316,leaf_12522,calibration
22317,leaf_13729,calibration
22318,leaf_7697,calibration
22319,leaf_7182,calibration
22320,leaf_9672,calibration
22321,leaf_13239,calibration
22322,leaf_5900,calibration
22323,leaf_21001,calibration
22324,leaf_13907,calibration
22325,leaf_5118,calibration
22326,leaf_22620,calibration
22327,leaf_16491,calibration
22328,leaf_21524,calibration
22329,leaf_1806,calibration
22330,leaf_16370,calibration
22331,leaf_12381,calibration
22332,leaf_19712,calibration
22333,leaf_22292,calibration
22334,leaf_21876,calibration
22335,leaf_19614,calibration
22336,leaf_7533,calibration
22337,leaf_3350,calibration
22338,leaf_11538,calibration
22339,leaf_9128,calibration
22340,leaf_6937,calibration
22341,leaf_1207,calibration
22342,leaf_7424,calibration
22343,leaf_10334,calibration
22344,leaf_6606,calibration
22345,leaf_21386,calibration
22346,leaf_7515,calibration
22347,leaf_8903,calibration
22348,leaf_5458,calibration
22349,leaf_19520,calibration
22350,leaf_2297,calibration
22351,leaf_5095,calibration
22352,leaf_9117,calibration
22353,leaf_7464,calibration
22354,leaf_6098,calibration
22355,leaf_21834,calibration
22356,leaf_20017,calibration
22357,leaf_6479,calibration
22358,leaf_8184,calibration
22359,leaf_2273,calibration
22360,leaf_5245,calibration
22361,leaf_10869,calibration
22362,leaf_11282,calibration
22363,leaf_18741,calibration
22364,leaf_10853,calibration
22365,leaf_5937,calibration
22366,leaf_22566,calibration
22367,leaf_12000,calibration
22368,leaf_8700,calibration
22369,leaf_12453,calibration
22370,leaf_19018,calibration
22371,leaf_287,calibration
22372,leaf_6834,calibration
22373,leaf_7767,calibration
22374,leaf_2653,calibration
22375,leaf_5348,calibration
22376,leaf_16655,calibration
22377,leaf_22246,calibration
22378,leaf_10109,calibration
22379,leaf_16267,calibration
22380,leaf_1085,calibration
22381,leaf_6945,calibration
22382,leaf_562,calibration
22383,leaf_20668,calibration
22384,leaf_14268,calibration
22385,leaf_11532,calibration
22386,leaf_6162,calibration
22387,leaf_5764,calibration
22388,leaf_10433,calibration
22389,leaf_2795,calibration
22390,leaf_18960,calibration
22391,leaf_14119,calibration
22392,leaf_16011,calibration
22393,leaf_7060,calibration
22394,leaf_12509,calibration
22395,leaf_18580,calibration
22396,leaf_16057,calibration
22397,leaf_4567,calibration
22398,leaf_21521,calibration
22399,leaf_17920,calibration
22400,leaf_6056,calibration
22401,leaf_1241,calibration
22402,leaf_8625,calibration
22403,leaf_10045,calibration
22404,leaf_4401,calibration
22405,leaf_15041,calibration
22406,leaf_9083,calibration
22407,leaf_6714,calibration
22408,leaf_17002,calibration
22409,leaf_6380,calibration
22410,leaf_17114,calibration
22411,leaf_16752,calibration
22412,leaf_19941,calibration
22413,leaf_19638,calibration
22414,leaf_15724,calibration
22415,leaf_16100,calibration
22416,leaf_1928,calibration
22417,leaf_7875,calibration
22418,leaf_7312,calibration
22419,leaf_17151,calibration
22420,leaf_3844,calibration
22421,leaf_21169,calibration
22422,leaf_22402,calibration
22423,leaf_7938,calibration
22424,leaf_14726,calibration
22425,leaf_20653,calibration
22426,leaf_16442,calibration
22427,leaf_2272,calibration
22428,leaf_11956,calibration
22429,leaf_22925,calibration
22430,leaf_16740,calibration
22431,leaf_18998,calibration
22432,leaf_14664,calibration
22433,leaf_14211,calibration
22434,leaf_8345,calibration
22435,leaf_23018,calibration
22436,leaf_808,calibration
22437,leaf_12479,calibration
22438,leaf_5996,calibration
22439,leaf_15471,calibration
22440,leaf_21423,calibration
22441,leaf_19569,calibration
22442,leaf_2829,calibration
22443,leaf_12739,calibration
22444,leaf_22622,calibration
22445,leaf_13002,calibration
22446,leaf_18887,calibration
22447,leaf_659,calibration
22448,leaf_15419,calibration
22449,leaf_15633,calibration
22450,leaf_4657,calibration
22451,leaf_9580,calibration
22452,leaf_12771,calibration
22453,leaf_17595,calibration
22454,leaf_144,calibration
22455,leaf_19024,calibration
22456,leaf_16135,calibration
22457,leaf_6497,calibration
22458,leaf_1310,calibration
22459,leaf_10065,calibration
22460,leaf_15381,calibration
22461,leaf_5462,calibration
22462,leaf_5896,calibration
22463,leaf_7068,calibration
22464,leaf_3199,calibration
22465,leaf_20728,calibration
22466,leaf_1872,calibration
22467,leaf_7292,calibration
22468,leaf_2497,calibration
22469,leaf_8379,calibration
22470,leaf_9240,calibration
22471,leaf_13692,calibration
22472,leaf_11226,calibration
22473,leaf_20837,calibration
22474,leaf_6369,calibration
22475,leaf_13710,calibration
22476,leaf_9480,calibration
22477,leaf_17395,calibration
22478,leaf_20112,calibration
22479,leaf_20948,calibration
22480,leaf_4285,calibration
22481,leaf_1381,calibration
22482,leaf_3492,calibration
22483,leaf_10942,calibration
22484,leaf_489,calibration
22485,leaf_595,calibration
22486,leaf_10893,calibration
22487,leaf_21208,calibration
22488,leaf_16067,calibration
22489,leaf_16537,calibration
22490,leaf_19790,calibration
22491,leaf_4850,calibration
22492,leaf_517,calibration
22493,leaf_21978,calibration
22494,leaf_10625,calibration
22495,leaf_20502,calibration
22496,leaf_3953,calibration
22497,leaf_506,calibration
22498,leaf_12463,calibration
22499,leaf_6681,calibration
22500,leaf_21002,calibration
22501,leaf_13160,calibration
22502,leaf_3916,calibration
22503,leaf_629,calibration
22504,leaf_3127,calibration
22505,leaf_23069,calibration
22506,leaf_13955,calibration
22507,leaf_14442,calibration
22508,leaf_10978,calibration
22509,leaf_18027,calibration
22510,leaf_1351,calibration
22511,leaf_1989,calibration
22512,leaf_1398,calibration
22513,leaf_16327,calibration
22514,leaf_1402,calibration
22515,leaf_4783,calibration
22516,leaf_5313,calibration
22517,leaf_14075,calibration
22518,leaf_9113,calibration
22519,leaf_1463,calibration
22520,leaf_8560,calibration
22521,leaf_9626,calibration
22522,leaf_9037,calibration
22523,leaf_4689,calibration
22524,leaf_5412,calibration
22525,leaf_21638,calibration
22526,leaf_11950,calibration
22527,leaf_8685,calibration
22528,leaf_2060,calibration
22529,leaf_4755,calibration
22530,leaf_46,calibration
22531,leaf_17416,calibration
22532,leaf_15001,calibration
22533,leaf_5562,calibration
22534,leaf_778,calibration
22535,leaf_2435,calibration
22536,leaf_4492,calibration
22537,leaf_22939,calibration
22538,leaf_12515,calibration
22539,leaf_7029,calibration
22540,leaf_7773,calibration
22541,leaf_3075,calibration
22542,leaf_9292,calibration
22543,leaf_9950,calibration
22544,leaf_23030,calibration
22545,leaf_11952,calibration
22546,leaf_7580,calibration
22547,leaf_17802,calibration
22548,leaf_8561,calibration
22549,leaf_534,calibration
22550,leaf_3253,calibration
22551,leaf_13776,calibration
22552,leaf_5793,calibration
22553,leaf_10764,calibration
22554,leaf_10409,calibration
22555,leaf_13809,calibration
22556,leaf_3110,calibration
22557,leaf_9407,calibration
22558,leaf_1189,calibration
22559,leaf_13629,calibration
22560,leaf_16157,calibration
22561,leaf_3772,calibration
22562,leaf_3165,calibration
22563,leaf_5729,calibration
22564,leaf_3238,calibration
22565,leaf_1741,calibration
22566,leaf_13116,calibration
22567,leaf_7185,calibration
22568,leaf_2367,calibration
22569,leaf_16869,calibration
22570,leaf_10959,calibration
22571,leaf_5751,calibration
22572,leaf_5357,calibration
22573,leaf_8926,calibration
22574,leaf_13927,calibration
22575,leaf_9409,calibration
22576,leaf_9947,calibration
22577,leaf_14821,calibration
22578,leaf_19013,calibration
22579,leaf_8483,calibration
22580,leaf_4756,calibration
22581,leaf_11479,calibration
22582,leaf_5911,calibration
22583,leaf_13726,calibration
22584,leaf_7129,calibration
22585,leaf_881,calibration
22586,leaf_7359,calibration
22587,leaf_16260,calibration
22588,leaf_12951,calibration
22589,leaf_16813,calibration
22590,leaf_6868,calibration
22591,leaf_21911,calibration
22592,leaf_21462,calibration
22593,leaf_9353,calibration
22594,leaf_11964,calibration
22595,leaf_23028,calibration
22596,leaf_20235,calibration
22597,leaf_6004,calibration
22598,leaf_14874,calibration
22599,leaf_12674,calibration
22600,leaf_20325,calibration
22601,leaf_3903,calibration
22602,leaf_2828,calibration
22603,leaf_2534,calibration
22604,leaf_6331,calibration
22605,leaf_105,calibration
22606,leaf_7848,calibration
22607,leaf_13687,calibration
22608,leaf_16480,calibration
22609,leaf_3758,calibration
22610,leaf_19393,calibration
22611,leaf_22726,calibration
22612,leaf_3304,calibration
22613,leaf_8044,calibration
22614,leaf_1934,calibration
22615,leaf_7042,calibration
22616,leaf_21589,calibration
22617,leaf_5737,calibration
22618,leaf_18295,calibration
22619,leaf_8397,calibration
22620,leaf_17283,calibration
22621,leaf_5837,calibration
22622,leaf_11495,calibration
22623,leaf_18632,calibration
22624,leaf_4079,calibration
22625,leaf_20441,calibration
22626,leaf_5847,calibration
22627,leaf_19140,calibration
22628,leaf_1098,calibration
22629,leaf_1072,calibration
22630,leaf_6522,calibration
22631,leaf_22885,calibration
22632,leaf_6674,calibration
22633,leaf_12048,calibration
22634,leaf_3434,calibration
22635,leaf_13612,calibration
22636,leaf_13518,calibration
22637,leaf_5581,calibration
22638,leaf_3489,calibration
22639,leaf_14189,calibration
22640,leaf_7239,calibration
22641,leaf_17876,calibration
22642,leaf_14525,calibration
22643,leaf_7521,calibration
22644,leaf_2859,calibration
22645,leaf_12329,calibration
22646,leaf_22636,calibration
22647,leaf_6278,calibration
22648,leaf_1343,calibration
22649,leaf_14116,calibration
22650,leaf_12955,calibration
22651,leaf_14395,calibration
22652,leaf_9229,calibration
22653,leaf_3501,calibration
22654,leaf_3552,calibration
22655,leaf_18274,calibration
22656,leaf_11972,calibration
22657,leaf_6581,calibration
22658,leaf_19942,calibration
22659,leaf_691,calibration
22660,leaf_7473,calibration
22661,leaf_17597,calibration
22662,leaf_4723,calibration
22663,leaf_13006,calibration
22664,leaf_11546,calibration
22665,leaf_9434,calibration
22666,leaf_6118,calibration
22667,leaf_20974,calibration
22668,leaf_18842,calibration
22669,leaf_12489,calibration
22670,leaf_6755,calibration
22671,leaf_22539,calibration
22672,leaf_3119,calibration
22673,leaf_11405,calibration
22674,leaf_1156,calibration
22675,leaf_14747,calibration
22676,leaf_22573,calibration
22677,leaf_13567,calibration
22678,leaf_2867,calibration
22679,leaf_13501,calibration
22680,leaf_1665,calibration
22681,leaf_1256,calibration
22682,leaf_392,calibration
22683,leaf_10989,calibration
22684,leaf_12887,calibration
22685,leaf_13389,calibration
22686,leaf_14698,calibration
22687,leaf_17401,calibration
22688,leaf_12840,calibration
22689,leaf_9146,calibration
22690,leaf_18518,calibration
22691,leaf_20970,calibration
22692,leaf_608,calibration
22693,leaf_20719,calibration
22694,leaf_5551,calibration
22695,leaf_2439,calibration
22696,leaf_16379,calibration
22697,leaf_18016,calibration
22698,leaf_9959,calibration
22699,leaf_12985,calibration
22700,leaf_22143,calibration
22701,leaf_15347,calibration
22702,leaf_18908,calibration
22703,leaf_6602,calibration
22704,leaf_11716,calibration
22705,leaf_10555,calibration
22706,leaf_3085,calibration
22707,leaf_10011,calibration
22708,leaf_6221,calibration
22709,leaf_615,calibration
22710,leaf_6461,calibration
22711,leaf_17511,calibration
22712,leaf_6319,calibration
22713,leaf_20829,calibration
22714,leaf_2609,calibration
22715,leaf_16925,calibration
22716,leaf_14208,calibration
22717,leaf_11567,calibration
22718,leaf_20976,calibration
22719,leaf_18157,calibration
22720,leaf_13942,calibration
22721,leaf_18070,calibration
22722,leaf_2315,calibration
22723,leaf_4953,calibration
22724,leaf_3136,calibration
22725,leaf_6905,calibration
22726,leaf_21860,calibration
22727,leaf_11204,calibration
22728,leaf_6557,calibration
22729,leaf_12881,calibration
22730,leaf_15730,calibration
22731,leaf_1648,calibration
22732,leaf_2772,calibration
22733,leaf_10224,calibration
22734,leaf_1683,calibration
22735,leaf_18727,calibration
22736,leaf_1884,calibration
22737,leaf_7786,calibration
22738,leaf_8440,calibration
22739,leaf_21807,calibration
22740,leaf_8165,calibration
22741,leaf_2054,calibration
22742,leaf_22528,calibration
22743,leaf_2586,calibration
22744,leaf_1944,calibration
22745,leaf_2659,calibration
22746,leaf_1775,calibration
22747,leaf_3285,calibration
22748,leaf_424,calibration
22749,leaf_568,calibration
22750,leaf_7971,calibration
22751,leaf_6692,calibration
22752,leaf_5453,calibration
22753,leaf_15996,calibration
22754,leaf_18040,calibration
22755,leaf_2191,calibration
22756,leaf_12801,calibration
22757,leaf_12895,calibration
22758,leaf_1940,calibration
22759,leaf_15013,calibration
22760,leaf_17010,calibration
22761,leaf_7606,calibration
22762,leaf_13547,calibration
22763,leaf_13671,calibration
22764,leaf_7349,calibration
22765,leaf_10556,calibration
22766,leaf_3382,calibration
22767,leaf_3193,calibration
22768,leaf_11893,calibration
22769,leaf_16383,calibration
22770,leaf_21738,calibration
22771,leaf_7551,calibration
22772,leaf_19735,calibration
22773,leaf_7579,calibration
22774,leaf_14506,calibration
22775,leaf_3709,calibration
22776,leaf_4895,calibration
22777,leaf_5497,calibration
22778,leaf_21877,calibration
22779,leaf_16290,calibration
22780,leaf_8401,calibration
22781,leaf_13781,calibration
22782,leaf_14232,calibration
22783,leaf_17452,calibration
22784,leaf_6527,calibration
22785,leaf_8689,calibration
22786,leaf_12492,calibration
22787,leaf_19777,calibration
22788,leaf_13445,calibration
22789,leaf_3008,calibration
22790,leaf_4062,calibration
22791,leaf_12534,calibration
22792,leaf_20758,calibration
22793,leaf_15466,calibration
22794,leaf_17578,calibration
22795,leaf_12671,calibration
22796,leaf_19990,calibration
22797,leaf_13063,calibration
22798,leaf_784,calibration
22799,leaf_19000,calibration
22800,leaf_6884,calibration
22801,leaf_4578,calibration
22802,leaf_10641,calibration
22803,leaf_19112,calibration
22804,leaf_16787,calibration
22805,leaf_8591,calibration
22806,leaf_15702,calibration
22807,leaf_11408,calibration
22808,leaf_17402,calibration
22809,leaf_20597,calibration
22810,leaf_5342,calibration
22811,leaf_14514,calibration
22812,leaf_21717,calibration
22813,leaf_14598,calibration
22814,leaf_16979,calibration
22815,leaf_16941,calibration
22816,leaf_13703,calibration
22817,leaf_5480,calibration
22818,leaf_13151,calibration
22819,leaf_12957,calibration
22820,leaf_21182,calibration
22821,leaf_2378,calibration
22822,leaf_4655,calibration
22823,leaf_7966,calibration
22824,leaf_14921,calibration
22825,leaf_11028,calibration
22826,leaf_14408,calibration
22827,leaf_20648,calibration
22828,leaf_13352,calibration
22829,leaf_22191,calibration
22830,leaf_14516,calibration
22831,leaf_16794,calibration
22832,leaf_241,calibration
22833,leaf_240,calibration
22834,leaf_22338,calibration
22835,leaf_5125,calibration
22836,leaf_19642,calibration
22837,leaf_976,calibration
22838,leaf_14894,calibration
22839,leaf_8178,calibration
22840,leaf_3517,calibration
22841,leaf_2762,calibration
22842,leaf_11523,calibration
22843,leaf_3933,calibration
22844,leaf_18226,calibration
22845,leaf_13061,calibration
22846,leaf_11485,calibration
22847,leaf_21608,calibration
22848,leaf_22228,calibration
22849,leaf_1472,calibration
22850,leaf_10179,calibration
22851,leaf_12963,calibration
22852,leaf_3505,calibration
22853,leaf_17532,calibration
22854,leaf_15207,calibration
22855,leaf_13855,calibration
22856,leaf_15023,calibration
22857,leaf_25,calibration
22858,leaf_11083,calibration
22859,leaf_17668,calibration
22860,leaf_13906,calibration
22861,leaf_14133,calibration
22862,leaf_14576,calibration
22863,leaf_10332,calibration
22864,leaf_12328,calibration
22865,leaf_4987,calibration
22866,leaf_17641,calibration
22867,leaf_1139,calibration
22868,leaf_12555,calibration
22869,leaf_796,calibration
22870,leaf_21581,calibration
22871,leaf_16268,calibration
22872,leaf_13829,calibration
22873,leaf_2348,calibration
22874,leaf_22196,calibration
22875,leaf_7309,calibration
22876,leaf_10490,calibration
22877,leaf_5676,calibration
22878,leaf_21111,calibration
22879,leaf_10046,calibration
22880,leaf_17546,calibration
22881,leaf_11828,calibration
22882,leaf_19079,calibration
22883,leaf_4305,calibration
22884,leaf_19700,calibration
22885,leaf_14123,calibration
22886,leaf_8209,calibration
22887,leaf_21338,calibration
22888,leaf_15079,calibration
22889,leaf_16669,calibration
22890,leaf_19521,calibration
22891,leaf_16412,calibration
22892,leaf_16867,calibration
22893,leaf_17198,calibration
22894,leaf_1140,calibration
22895,leaf_9263,calibration
22896,leaf_12554,calibration
22897,leaf_4500,calibration
22898,leaf_20849,calibration
22899,leaf_1562,calibration
22900,leaf_6068,calibration
22901,leaf_17751,calibration
22902,leaf_22427,calibration
22903,leaf_3031,calibration
22904,leaf_11181,calibration
22905,leaf_14487,calibration
22906,leaf_9268,calibration
22907,leaf_7448,calibration
22908,leaf_673,calibration
22909,leaf_19601,calibration
22910,leaf_1958,calibration
22911,leaf_2763,calibration
22912,leaf_6886,calibration
22913,leaf_242,calibration
22914,leaf_22301,calibration
22915,leaf_7568,calibration
22916,leaf_18795,calibration
22917,leaf_21407,calibration
22918,leaf_18675,calibration
22919,leaf_8987,calibration
22920,leaf_21670,calibration
22921,leaf_1175,calibration
22922,leaf_21547,calibration
22923,leaf_10828,calibration
22924,leaf_9937,calibration
22925,leaf_15923,calibration
22926,leaf_8876,calibration
22927,leaf_939,calibration
22928,leaf_21356,calibration
22929,leaf_17677,calibration
22930,leaf_13406,calibration
22931,leaf_20967,calibration
22932,leaf_8755,calibration
22933,leaf_3123,calibration
22934,leaf_6017,calibration
22935,leaf_2788,calibration
22936,leaf_20635,calibration
22937,leaf_4068,calibration
22938,leaf_8707,calibration
22939,leaf_17427,calibration
22940,leaf_16228,calibration
22941,leaf_16851,calibration
22942,leaf_7958,calibration
22943,leaf_12436,calibration
22944,leaf_15644,calibration
22945,leaf_17438,calibration
22946,leaf_2517,calibration
22947,leaf_2720,calibration
22948,leaf_19616,calibration
22949,leaf_4242,calibration
22950,leaf_1899,calibration
22951,leaf_21168,calibration
22952,leaf_21303,calibration
22953,leaf_111,calibration
22954,leaf_14005,calibration
22955,leaf_14030,calibration
22956,leaf_15737,calibration
22957,leaf_16328,calibration
22958,leaf_8928,calibration
22959,leaf_17924,calibration
22960,leaf_10382,calibration
22961,leaf_20525,calibration
22962,leaf_19493,calibration
22963,leaf_4515,calibration
22964,leaf_20898,calibration
22965,leaf_21726,calibration
22966,leaf_21846,calibration
22967,leaf_16340,calibration
22968,leaf_20270,calibration
22969,leaf_20592,calibration
22970,leaf_2670,calibration
22971,leaf_14096,calibration
22972,leaf_3157,calibration
22973,leaf_1616,calibration
22974,leaf_50,calibration
22975,leaf_19833,calibration
22976,leaf_17084,calibration
22977,leaf_3494,calibration
22978,leaf_1708,calibration
22979,leaf_21239,calibration
22980,leaf_19449,calibration
22981,leaf_15985,calibration
22982,leaf_1296,calibration
22983,leaf_16807,calibration
22984,leaf_4197,calibration
22985,leaf_18053,calibration
22986,leaf_12824,calibration
22987,leaf_2711,calibration
22988,leaf_12397,calibration
22989,leaf_14463,calibration
22990,leaf_104,calibration
22991,leaf_75,calibration
22992,leaf_2802,calibration
22993,leaf_18494,calibration
22994,leaf_17364,calibration
22995,leaf_4241,calibration
22996,leaf_9484,calibration
22997,leaf_13945,calibration
22998,leaf_10307,calibration
22999,leaf_11574,calibration
23000,leaf_1973,calibration
23001,leaf_13623,calibration
23002,leaf_13252,calibration
23003,leaf_10149,calibration
23004,leaf_6211,calibration
23005,leaf_10838,calibration
23006,leaf_12033,calibration
23007,leaf_19117,calibration
23008,leaf_22343,calibration
23009,leaf_9232,calibration
23010,leaf_4195,calibration
23011,leaf_3329,calibration
23012,leaf_15356,calibration
23013,leaf_12493,calibration
23014,leaf_5512,calibration
23015,leaf_58,calibration
23016,leaf_10865,calibration
23017,leaf_22010,calibration
23018,leaf_9243,calibration
23019,leaf_5882,calibration
23020,leaf_10252,calibration
23021,leaf_17803,calibration
23022,leaf_17414,calibration
23023,leaf_5292,calibration
23024,leaf_16668,calibration
23025,leaf_213,calibration
23026,leaf_1266,calibration
23027,leaf_12180,calibration
23028,leaf_6169,calibration
23029,leaf_3952,calibration
23030,leaf_10317,calibration
23031,leaf_7310,calibration
23032,leaf_2823,calibration
23033,leaf_9895,calibration
23034,leaf_20731,calibration
23035,leaf_5233,calibration
23036,leaf_21166,calibration
23037,leaf_18323,calibration
23038,leaf_5148,calibration
23039,leaf_15744,calibration
23040,leaf_4410,calibration
23041,leaf_8882,calibration
23042,leaf_19564,calibration
23043,leaf_18864,calibration
23044,leaf_4598,calibration
23045,leaf_10811,calibration
23046,leaf_14163,calibration
23047,leaf_17105,calibration
23048,leaf_14792,calibration
23049,leaf_8936,calibration
23050,leaf_9827,calibration
23051,leaf_19072,calibration
23052,leaf_11679,calibration
23053,leaf_3246,calibration
23054,leaf_12285,calibration
23055,leaf_18389,calibration
23056,leaf_4120,calibration
23057,leaf_15157,calibration
23058,leaf_14109,calibration
23059,leaf_11283,calibration
23060,leaf_4325,calibration
23061,leaf_7327,calibration
23062,leaf_22673,calibration
23063,leaf_17208,calibration
23064,leaf_14085,calibration
23065,leaf_20265,calibration
23066,leaf_16634,calibration
23067,leaf_3052,calibration
23068,leaf_4910,calibration
23069,leaf_301,calibration
23070,leaf_8582,calibration
23071,leaf_1672,calibration
23072,leaf_14200,calibration
23073,leaf_4180,calibration
23074,leaf_13169,calibration
23075,leaf_2610,calibration
23076,leaf_8141,calibration
23077,leaf_11878,calibration
23078,leaf_17224,calibration
23079,leaf_12068,calibration
23080,leaf_8597,calibration
23081,leaf_12911,calibration
23082,leaf_6488,calibration
23083,leaf_1816,calibration
23084,leaf_3893,calibration
23085,leaf_18743,calibration
23086,leaf_17783,calibration
23087,leaf_9260,calibration
23088,leaf_14025,calibration
23089,leaf_15380,calibration
23090,leaf_14563,calibration
23091,leaf_21893,calibration
23092,leaf_2503,calibration
23093,leaf_19596,calibration
23094,leaf_9982,calibration
23095,leaf_14580,calibration
