,actual_label,predicted_label,prob_class_A,prob_class_B,prob_class_C
0,A,A,0.6772757,0.17348997,0.14923425
1,A,A,0.51766175,0.049997576,0.43234068
2,B,B,0.03223722,0.86964375,0.098119
3,B,B,0.032455303,0.9303185,0.03722618
4,C,C,0.04417553,0.07128643,0.884538
5,A,A,0.87225497,0.038704123,0.08904092
6,B,B,0.04825226,0.48212656,0.46962112
7,C,C,0.033702124,0.07042214,0.89587575
8,C,C,0.14040947,0.085767925,0.77382255
9,C,A,0.6117389,0.09858332,0.2896778
10,A,A,0.94831675,0.024281062,0.027402235
11,C,C,0.10584481,0.05999042,0.8341648
12,B,B,0.058308266,0.9183045,0.023387225
13,B,A,0.39049673,0.24171866,0.3677846
14,A,A,0.70756346,0.099694245,0.1927422
15,B,B,0.10357858,0.84225464,0.054166768
16,B,C,0.11132949,0.41741133,0.4712592
17,B,B,0.028234648,0.6900513,0.2817141
18,C,C,0.10442524,0.12147854,0.7740962
19,C,C,0.0512072,0.2512481,0.69754475
20,A,A,0.6650975,0.12436572,0.2105368
21,B,C,0.16502827,0.14486538,0.69010633
22,A,A,0.87327945,0.030254655,0.09646594
23,B,C,0.057417337,0.07941324,0.8631694
24,A,A,0.8900086,0.017399156,0.09259225
25,A,A,0.6949492,0.06899382,0.23605698
26,C,C,0.06568207,0.04841543,0.88590246
27,B,B,0.15036719,0.7448944,0.10473843
28,B,B,0.04369895,0.5328234,0.42347762
29,B,B,0.111007705,0.8550051,0.033987265
30,A,A,0.7928208,0.06931581,0.13786335
31,B,B,0.116971284,0.8124379,0.07059089
32,A,A,0.614816,0.09323547,0.29194847
33,B,B,0.0072840094,0.9701113,0.022604683
34,A,A,0.83966655,0.050240934,0.1100925
35,A,C,0.30232665,0.068425305,0.6292481
36,C,C,0.08281501,0.050671823,0.86651313
37,A,A,0.85732466,0.053023927,0.0896514
38,B,B,0.02423291,0.96426755,0.011499572
39,C,C,0.023696495,0.105444714,0.8708588
40,A,A,0.5650335,0.38077015,0.054196328
41,A,A,0.9062684,0.019168213,0.074563354
42,B,B,0.17437877,0.5825705,0.24305077
43,B,C,0.20511004,0.39168814,0.40320182
44,C,C,0.118380904,0.06647073,0.81514835
45,A,A,0.95262015,0.015594796,0.03178514
46,B,B,0.0884778,0.53464866,0.37687352
47,A,A,0.8844797,0.02994651,0.08557376
48,A,A,0.8579911,0.02305155,0.118957296
49,A,C,0.40093556,0.10090736,0.49815717
50,A,B,0.35090774,0.5722486,0.076843694
51,C,A,0.5375976,0.16435635,0.2980461
52,C,C,0.13908218,0.101414286,0.75950354
53,B,B,0.074214995,0.629475,0.29631004
54,B,B,0.010140916,0.9462385,0.043620594
55,B,B,0.18790834,0.6328506,0.17924108
56,A,A,0.9506897,0.021852998,0.027457431
57,B,B,0.03216583,0.8875367,0.0802975
58,B,A,0.48528537,0.2727145,0.2420001
59,A,C,0.44422624,0.092542775,0.4632309
60,B,B,0.15197898,0.75011665,0.097904354
61,C,C,0.2624479,0.027386755,0.7101653
62,C,B,0.052843824,0.49854156,0.44861457
63,C,C,0.05613703,0.039949007,0.903914
64,C,C,0.08680566,0.06113607,0.85205835
65,C,C,0.10749114,0.10143336,0.7910756
66,A,A,0.7936753,0.051635183,0.15468952
67,A,A,0.82711273,0.06073067,0.11215654
68,B,B,0.04375131,0.91236234,0.04388637
69,B,B,0.09658214,0.8340404,0.06937753
70,A,C,0.22953734,0.12918292,0.6412798
71,A,A,0.88190323,0.040158078,0.07793873
72,C,C,0.045876157,0.066000804,0.88812304
73,C,C,0.1461582,0.05558247,0.7982593
74,C,C,0.03740112,0.08628291,0.87631595
75,C,A,0.59593874,0.107241355,0.2968199
76,B,B,0.11571357,0.79646254,0.0878239
77,C,C,0.02551456,0.05400621,0.92047924
78,A,A,0.9485814,0.016069932,0.035348564
79,B,B,0.023990711,0.94569397,0.030315332
80,B,B,0.06810099,0.87808025,0.05381869
81,B,C,0.11263272,0.42947188,0.4578954
82,C,C,0.12229357,0.13903101,0.7386754
83,A,A,0.88167626,0.06619847,0.052125294
84,A,A,0.6712376,0.10126449,0.22749797
85,A,A,0.840465,0.0483897,0.11114535
86,B,B,0.08938761,0.8880384,0.022573974
87,A,A,0.8152668,0.0603637,0.12436948
88,A,A,0.867718,0.07080673,0.061475284
89,C,C,0.026862023,0.03922841,0.93390954
90,C,C,0.079078116,0.056873858,0.86404806
91,C,C,0.042541884,0.16173442,0.7957237
92,B,B,0.02313464,0.93916607,0.037699327
93,C,C,0.027040193,0.016883736,0.9560761
94,C,C,0.11435354,0.027659032,0.8579874
95,A,A,0.6978848,0.04030778,0.26180744
96,A,A,0.7216861,0.18523964,0.0930742
97,A,A,0.6749917,0.0718983,0.25311002
98,A,A,0.8815166,0.032055862,0.0864275
99,C,C,0.038933337,0.04290057,0.9181661
100,C,C,0.03839837,0.088201575,0.8734001
101,A,A,0.83857566,0.047019444,0.11440495
102,B,B,0.02224103,0.71234953,0.26540944
103,A,A,0.943725,0.015491884,0.04078313
104,A,A,0.86322534,0.071393795,0.0653809
105,B,B,0.14308734,0.82022065,0.036692027
106,A,A,0.9147372,0.025367074,0.05989563
107,C,C,0.053725976,0.12848122,0.81779283
108,B,B,0.1178199,0.7268258,0.15535437
109,C,C,0.063244894,0.12181134,0.81494373
110,A,A,0.60549146,0.058889337,0.33561924
111,B,B,0.021624194,0.83488244,0.14349344
112,C,C,0.068746716,0.19012187,0.74113137
113,C,C,0.039218873,0.13873507,0.82204604
114,A,A,0.92582685,0.011477443,0.06269572
115,C,C,0.08224999,0.04642696,0.87132305
116,A,A,0.9600399,0.010952149,0.029007938
117,A,A,0.85646677,0.03618697,0.10734629
118,A,A,0.5423646,0.21661043,0.24102493
119,A,A,0.9390946,0.021721918,0.039183535
120,A,A,0.9083383,0.035224356,0.05643729
121,A,A,0.8366037,0.016594965,0.14680134
122,C,C,0.026235027,0.037415773,0.93634915
123,C,C,0.07279191,0.047344957,0.87986314
124,B,B,0.046310578,0.49670392,0.4569855
125,A,A,0.6443025,0.14232452,0.21337296
126,B,B,0.06050632,0.90419126,0.0353024
127,B,B,0.04719944,0.72462535,0.22817522
128,B,B,0.3284526,0.37812617,0.29342118
129,A,A,0.89650357,0.059763394,0.04373299
130,C,C,0.31051007,0.037012674,0.65247726
131,C,C,0.2565977,0.040755395,0.70264685
132,A,A,0.900823,0.047764547,0.051412467
133,C,C,0.21603502,0.03508518,0.74887973
134,C,C,0.12704463,0.044858094,0.8280973
135,C,C,0.21314242,0.116007224,0.67085034
136,B,B,0.050338708,0.7272823,0.22237901
137,C,C,0.054828577,0.04918831,0.8959831
138,C,C,0.10481591,0.13142309,0.76376104
139,A,A,0.888415,0.0421629,0.06942215
140,A,C,0.39747766,0.17234847,0.43017387
141,C,C,0.037666656,0.11784742,0.84448594
142,C,C,0.18618895,0.10418855,0.7096225
143,B,B,0.13167778,0.59038764,0.27793458
144,A,A,0.86221534,0.07418523,0.06359942
145,A,A,0.8298069,0.019774286,0.15041883
146,B,B,0.35131994,0.53707606,0.111604
147,A,A,0.49289075,0.09696283,0.41014642
148,A,A,0.7381185,0.055665497,0.20621601
149,C,C,0.0430938,0.20649652,0.7504097
150,C,C,0.41019672,0.04705084,0.54275244
151,A,C,0.2871367,0.037470743,0.67539257
152,B,B,0.026266027,0.90287197,0.07086198
153,C,C,0.054283075,0.088012375,0.8577046
154,C,C,0.12919202,0.13802159,0.73278636
155,C,C,0.051406883,0.039445896,0.90914726
156,B,B,0.17519364,0.73375654,0.09104977
157,B,B,0.059168227,0.90916467,0.031667043
158,C,C,0.028798215,0.0331667,0.93803513
159,A,A,0.7497759,0.05724094,0.19298327
160,A,A,0.8370773,0.033930514,0.12899213
161,A,A,0.82241714,0.13406867,0.043514185
162,B,C,0.059704963,0.2857695,0.6545256
163,B,B,0.2434255,0.6137732,0.14280128
164,B,B,0.16984873,0.80403143,0.026119824
165,C,C,0.027713614,0.05011448,0.92217195
166,B,B,0.036687892,0.79756635,0.16574582
167,A,A,0.93372315,0.017177504,0.04909937
168,C,C,0.052362468,0.04259927,0.9050383
169,A,A,0.70334846,0.063673966,0.23297748
170,C,C,0.24211526,0.06338014,0.6945046
171,C,C,0.39353856,0.108192265,0.49826926
172,A,A,0.70585984,0.22058687,0.07355326
173,C,B,0.1813612,0.7003172,0.118321635
174,A,C,0.33120224,0.080936976,0.5878607
175,B,B,0.034502782,0.9372009,0.028296266
176,A,A,0.5108771,0.21022406,0.2788988
177,C,C,0.041324914,0.051591992,0.90708303
178,A,A,0.78927624,0.080786005,0.12993775
179,C,C,0.3395447,0.039692923,0.62076235
180,A,A,0.8352703,0.07382504,0.09090466
181,C,C,0.13844682,0.05750722,0.8040459
182,C,C,0.025360899,0.031072015,0.9435671
183,B,B,0.03884759,0.8502042,0.11094817
184,B,B,0.14521821,0.6316616,0.22312026
185,A,A,0.6667981,0.02943041,0.30377147
186,C,C,0.18166988,0.08359311,0.73473704
187,B,B,0.094401985,0.8681105,0.03748761
188,A,A,0.75800747,0.07067131,0.17132118
189,C,C,0.09421861,0.035678584,0.8701028
190,C,C,0.052351926,0.04474954,0.9028985
191,B,B,0.117853336,0.72204196,0.16010465
192,C,B,0.20574541,0.5321273,0.26212734
193,C,C,0.11073311,0.104999654,0.78426725
194,B,C,0.04673,0.4216795,0.5315905
195,B,B,0.060164988,0.5281897,0.41164523
196,C,C,0.04642165,0.09435332,0.85922503
197,B,B,0.14025049,0.51786894,0.34188053
198,B,C,0.10871596,0.38243377,0.5088503
199,C,C,0.10199686,0.4137379,0.4842653
200,A,A,0.9132506,0.039973754,0.046775687
201,C,C,0.03885739,0.05118978,0.9099529
202,C,C,0.021219846,0.26301306,0.715767
203,B,B,0.09538414,0.83249784,0.07211795
204,B,B,0.012082064,0.8160583,0.17185968
205,A,A,0.81147414,0.043091167,0.14543466
206,B,B,0.07008119,0.89177316,0.038145654
207,B,B,0.10336391,0.8351416,0.0614945
208,B,B,0.21729739,0.5928156,0.18988709
209,C,C,0.08638835,0.06671135,0.8469003
210,C,C,0.014128651,0.03408863,0.9517827
211,C,C,0.18336204,0.042073745,0.7745642
212,C,A,0.65094143,0.07227725,0.27678132
213,B,B,0.021545846,0.9352995,0.04315453
214,A,A,0.8029359,0.03242278,0.1646413
215,B,B,0.18149675,0.752084,0.06641924
216,C,C,0.4005596,0.044829104,0.5546113
217,A,A,0.8822651,0.013057736,0.10467727
218,A,A,0.8483831,0.056737717,0.09487912
219,A,A,0.8004992,0.056342594,0.14315829
220,B,B,0.018186668,0.96547204,0.016341256
221,A,C,0.2604791,0.13834552,0.60117537
222,C,C,0.08221006,0.41172016,0.5060697
223,C,C,0.11005566,0.039895616,0.8500487
224,A,A,0.57286423,0.049393002,0.3777428
225,C,C,0.074745715,0.10392159,0.82133263
226,C,C,0.13570441,0.23853375,0.62576187
227,A,B,0.046922423,0.82808053,0.12499708
228,C,C,0.23238702,0.08694095,0.680672
229,B,B,0.051365063,0.65824825,0.29038674
230,C,C,0.02702293,0.04797315,0.92500395
231,C,C,0.12904152,0.11268298,0.7582755
232,C,C,0.23552404,0.062559515,0.7019164
233,C,C,0.0694335,0.08330308,0.84726346
234,C,C,0.124278866,0.1576253,0.71809584
235,B,B,0.4000122,0.5306168,0.069371
236,B,B,0.09869087,0.8021036,0.09920553
237,A,A,0.7621323,0.055527948,0.18233973
238,C,C,0.06358265,0.072095856,0.8643215
239,C,C,0.033724114,0.074457996,0.8918178
240,A,A,0.7482734,0.03517509,0.21655148
241,B,B,0.22098121,0.40677965,0.3722391
242,A,A,0.8549377,0.05294395,0.092118375
243,A,A,0.540191,0.13754483,0.3222642
244,A,A,0.8083861,0.05869017,0.13292374
245,A,B,0.23501942,0.6609331,0.104047574
246,B,B,0.12593071,0.60731065,0.26675862
247,C,C,0.06668145,0.18049608,0.75282246
248,C,A,0.82414967,0.043010183,0.13284016
249,B,A,0.36471775,0.28184134,0.35344094
250,B,B,0.041707285,0.83042395,0.12786879
251,A,A,0.82720834,0.04818669,0.12460494
252,A,A,0.9297984,0.031306505,0.038895067
253,C,C,0.19582573,0.05275281,0.7514215
254,C,A,0.5104037,0.07172706,0.41786918
255,A,A,0.7109676,0.18562546,0.10340692
256,A,C,0.30208015,0.049932685,0.64798725
257,B,B,0.14105734,0.7063356,0.15260713
258,A,A,0.92546254,0.02493727,0.049600184
259,A,A,0.79856026,0.04374826,0.1576915
260,A,A,0.873544,0.042009577,0.08444651
261,A,A,0.7114775,0.063575305,0.22494715
262,B,B,0.028999822,0.95896626,0.012033994
263,B,B,0.1445695,0.79047227,0.0649582
264,A,A,0.9081803,0.040594794,0.05122486
265,B,B,0.28987896,0.5603001,0.14982086
266,B,B,0.092542894,0.49813917,0.4093179
267,A,A,0.8403265,0.06606352,0.09360994
268,A,A,0.9613385,0.013845947,0.024815636
269,A,A,0.84345055,0.0980083,0.058541123
270,B,B,0.0691148,0.8675424,0.06334283
271,A,A,0.7844835,0.027292503,0.18822406
272,B,B,0.057277355,0.8569877,0.08573494
273,B,B,0.058033865,0.53400654,0.40795964
274,B,B,0.13700722,0.7427837,0.12020906
275,A,A,0.77069443,0.04893653,0.18036905
276,C,C,0.18486276,0.045041703,0.7700956
277,B,B,0.018856337,0.95876896,0.022374723
278,B,B,0.1826306,0.65979505,0.15757433
279,B,A,0.41933203,0.23391387,0.3467541
280,B,B,0.033461507,0.8607472,0.10579128
281,C,C,0.291275,0.09860136,0.61012363
282,A,A,0.8466915,0.05878463,0.09452383
283,A,A,0.55241823,0.08497392,0.36260784
284,B,B,0.246335,0.46934906,0.28431597
285,A,A,0.8312696,0.025358021,0.1433723
286,C,C,0.21440212,0.06096967,0.7246282
287,B,B,0.17029025,0.74910307,0.08060666
288,B,B,0.0357797,0.86856395,0.09565634
289,B,B,0.11873563,0.82682925,0.054435078
290,C,C,0.20575492,0.18536328,0.60888183
291,A,A,0.8418761,0.019729609,0.13839433
292,B,C,0.1026928,0.32376006,0.57354707
293,A,A,0.85901403,0.044861995,0.09612398
294,A,A,0.7932119,0.075240366,0.1315478
295,A,A,0.7256305,0.034265067,0.2401044
296,C,C,0.31352183,0.08989356,0.59658456
297,B,B,0.20685078,0.6336674,0.15948172
298,A,A,0.848546,0.03577964,0.11567429
299,A,A,0.82910717,0.036455538,0.13443726
300,A,A,0.8370355,0.13806584,0.024898676
301,B,B,0.15021415,0.48696166,0.36282414
302,B,B,0.027672473,0.8380638,0.13426368
303,B,B,0.14012428,0.5415669,0.31830883
304,B,B,0.06540057,0.8955453,0.039054103
305,A,A,0.49329397,0.045681335,0.46102467
306,B,B,0.22017038,0.72740966,0.05241996
307,A,A,0.66422105,0.17157468,0.16420434
308,B,B,0.23779444,0.6681868,0.09401872
309,A,A,0.5450584,0.20405287,0.25088868
310,C,C,0.2603296,0.0884851,0.6511853
311,C,C,0.035301812,0.07069743,0.8940008
312,C,C,0.16373228,0.08340501,0.75286275
313,C,C,0.062275358,0.13193573,0.8057889
314,C,C,0.042511865,0.015911361,0.9415767
315,C,C,0.044440456,0.08163066,0.87392884
316,C,C,0.049457993,0.13714594,0.81339616
317,A,C,0.29935518,0.050205674,0.65043914
318,B,B,0.040928874,0.9125937,0.046477407
319,A,A,0.81187356,0.03461658,0.15350983
320,A,B,0.4069616,0.52635884,0.06667959
321,A,A,0.7672494,0.034763765,0.19798686
322,C,C,0.35849723,0.05942318,0.5820796
323,B,B,0.20124413,0.706058,0.09269794
324,C,C,0.05178296,0.048504803,0.8997122
325,A,A,0.9095816,0.018014455,0.072404005
326,A,A,0.87003094,0.036819827,0.09314923
327,A,A,0.63500583,0.312791,0.05220318
328,C,A,0.5223252,0.047904134,0.4297707
329,A,A,0.6568459,0.1023156,0.2408385
330,B,B,0.21093635,0.6114087,0.17765504
331,B,B,0.08141631,0.88685155,0.031732142
332,B,B,0.068453714,0.52199835,0.40954792
333,C,C,0.042128585,0.07494883,0.8829226
334,C,C,0.05497499,0.22383712,0.7211879
335,B,B,0.015342605,0.9019642,0.08269323
336,C,C,0.041038945,0.060830433,0.8981306
337,A,A,0.8693612,0.02761382,0.103025034
338,B,B,0.023197675,0.96025926,0.016542992
339,C,A,0.8065326,0.04366409,0.14980327
340,C,C,0.052610133,0.13469481,0.8126951
341,A,C,0.45379657,0.084394895,0.46180853
342,A,A,0.7684271,0.01805767,0.21351527
343,B,B,0.016908284,0.9323747,0.050717067
344,B,B,0.09841238,0.81034505,0.09124254
345,B,B,0.025070854,0.9054198,0.06950935
346,B,B,0.020525593,0.8786284,0.100846015
347,C,C,0.19755693,0.043489475,0.75895363
348,B,B,0.24919236,0.3967464,0.35406125
349,A,A,0.6501512,0.1812331,0.16861579
350,A,A,0.84613377,0.04311896,0.11074732
351,B,B,0.1122132,0.7567193,0.13106745
352,C,C,0.18187691,0.10232405,0.71579903
353,B,B,0.034091692,0.94456416,0.021344196
354,C,C,0.058787763,0.042243313,0.89896894
355,A,A,0.87409633,0.07978599,0.046117645
356,A,A,0.9059459,0.0185344,0.07551972
357,A,A,0.7027952,0.14070296,0.15650174
358,B,B,0.3366238,0.4094148,0.25396138
359,B,B,0.020452151,0.94354844,0.035999373
360,A,A,0.39201698,0.36846295,0.23952013
361,B,C,0.03794235,0.06914054,0.8929171
362,C,C,0.17620836,0.053231645,0.77055997
363,A,A,0.6401094,0.035791095,0.32409954
364,A,C,0.17159064,0.08822657,0.74018276
365,B,A,0.45637226,0.3360647,0.207563
366,A,A,0.73121166,0.055917446,0.21287093
367,A,A,0.5802039,0.0763214,0.3434747
368,C,C,0.059301443,0.06584792,0.8748507
369,C,C,0.11957177,0.11550082,0.76492745
370,C,C,0.06390926,0.041290093,0.8948007
371,B,B,0.08556925,0.4681887,0.44624212
372,B,B,0.09017935,0.8622767,0.047543976
373,A,A,0.5244691,0.34732884,0.12820199
374,B,B,0.06546692,0.695307,0.23922604
375,C,C,0.30016413,0.068904035,0.6309319
376,C,C,0.11133123,0.059370115,0.8292987
377,A,A,0.8568855,0.021669792,0.12144474
378,B,B,0.022539457,0.8863542,0.09110638
379,A,A,0.8798364,0.03302758,0.08713608
380,A,A,0.8842002,0.060299166,0.05550058
381,C,C,0.09483881,0.034102384,0.87105876
382,B,B,0.16313362,0.72151566,0.115350686
383,A,A,0.7324863,0.056606308,0.21090738
384,B,B,0.22305414,0.61975664,0.1571893
385,C,C,0.22566353,0.07902152,0.69531494
386,C,B,0.11204271,0.44869453,0.4392628
387,C,C,0.13168596,0.024233634,0.84408045
388,B,B,0.02305992,0.93790853,0.039031483
389,A,A,0.5201045,0.043905295,0.43599012
390,B,B,0.27070776,0.6653277,0.06396449
391,A,A,0.75241584,0.078035735,0.16954851
392,B,B,0.061224613,0.77219033,0.16658501
393,B,B,0.01764898,0.9268619,0.05548907
394,B,B,0.12345554,0.749013,0.12753147
395,A,A,0.6603849,0.04725381,0.29236132
396,A,A,0.81368333,0.04591236,0.14040436
397,A,A,0.65789896,0.06847488,0.2736261
398,B,B,0.1358764,0.82280505,0.041318532
399,A,A,0.62444836,0.046811167,0.32874054
400,B,B,0.012641757,0.9746655,0.012692695
401,A,A,0.89823014,0.02706597,0.07470396
402,A,A,0.85341215,0.036674023,0.10991377
403,C,C,0.16345312,0.082189314,0.7543576
404,A,A,0.7705235,0.086238965,0.14323764
405,C,C,0.13828419,0.076456286,0.78525954
406,A,A,0.7335282,0.13982058,0.12665126
407,A,A,0.8303123,0.107336506,0.062351137
408,B,B,0.3406164,0.52207726,0.13730635
409,A,A,0.77982885,0.067322746,0.1528484
410,B,B,0.20391256,0.6460124,0.15007502
411,C,C,0.109462865,0.043062825,0.84747434
412,A,A,0.7015333,0.07886223,0.2196044
413,B,C,0.24335548,0.34138942,0.4152551
414,B,B,0.347603,0.4609226,0.19147441
415,A,A,0.87971926,0.02980398,0.09047677
416,C,A,0.5318237,0.09093218,0.3772441
417,B,B,0.095780514,0.79047495,0.11374457
418,A,C,0.26275817,0.077391714,0.65985006
419,A,A,0.73087096,0.0588347,0.21029435
420,A,A,0.5494167,0.07710925,0.37347403
421,B,B,0.045366276,0.8790403,0.07559334
422,A,A,0.91035736,0.03054802,0.059094623
423,C,C,0.078696065,0.079758674,0.8415452
424,C,C,0.30749917,0.17440638,0.5180944
425,C,C,0.04521957,0.08505059,0.8697299
426,A,A,0.9062721,0.035097044,0.058630824
427,C,C,0.043576855,0.062461175,0.8939619
428,C,C,0.07079793,0.12908174,0.80012035
429,C,C,0.18244794,0.2900861,0.527466
430,B,B,0.048119403,0.7285102,0.22337034
431,C,C,0.07596933,0.0704374,0.8535933
432,C,C,0.037884917,0.03050746,0.93160766
433,B,B,0.045377843,0.5014674,0.45315474
434,A,A,0.8544336,0.03333057,0.11223581
435,B,A,0.48341206,0.43935066,0.07723725
436,C,C,0.22115241,0.03705387,0.7417937
437,B,B,0.020925267,0.90104324,0.07803142
438,B,B,0.022327859,0.905544,0.07212813
439,C,C,0.1908883,0.08388043,0.7252313
440,C,C,0.054887656,0.14731254,0.7977998
441,A,A,0.91613954,0.032447007,0.051413465
442,B,B,0.109121785,0.50697136,0.38390687
443,B,B,0.39891762,0.47794282,0.12313955
444,B,B,0.39388767,0.46266353,0.14344886
445,C,C,0.17764051,0.21062735,0.6117322
446,B,C,0.051194288,0.2575227,0.6912829
447,B,B,0.24611492,0.6803719,0.073513314
448,A,A,0.48705113,0.46292937,0.050019525
449,A,A,0.79615045,0.061968666,0.14188091
450,B,A,0.74661326,0.20041212,0.052974537
451,A,C,0.30502006,0.076485686,0.6184942
452,B,B,0.25044504,0.5354266,0.21412829
453,B,A,0.4324377,0.37382084,0.19374144
454,A,A,0.9413308,0.0348705,0.02379878
455,A,A,0.83684635,0.040572517,0.122581124
456,A,A,0.57698786,0.29736334,0.12564878
457,A,A,0.7673585,0.14769675,0.084944755
458,B,B,0.3124237,0.3654155,0.32216075
459,B,B,0.020089356,0.9119214,0.06798918
460,C,C,0.06532831,0.055589806,0.87908185
461,C,C,0.14313874,0.060061723,0.7967995
462,C,C,0.030994678,0.028162748,0.94084257
463,A,A,0.6284104,0.14337721,0.2282124
464,A,A,0.86222345,0.022102803,0.11567381
465,B,B,0.11887612,0.79937273,0.08175106
466,C,C,0.2956528,0.23774377,0.46660346
467,B,B,0.07984579,0.8013022,0.11885207
468,C,C,0.16146344,0.17018245,0.66835403
469,B,B,0.04905956,0.63089705,0.3200433
470,A,A,0.8077444,0.07883824,0.11341734
471,B,A,0.46749964,0.417795,0.114705324
472,A,A,0.52271986,0.36813295,0.1091472
473,C,C,0.10568135,0.04045991,0.85385877
474,C,C,0.1605959,0.046296615,0.7931075
475,B,B,0.04392766,0.86734796,0.088724315
476,A,A,0.94611454,0.017749662,0.036135852
477,B,C,0.1709348,0.3682133,0.4608519
478,B,B,0.12117949,0.81626076,0.06255977
479,C,A,0.59758896,0.08758718,0.31482384
480,B,B,0.030857706,0.48660037,0.48254186
481,C,C,0.13246663,0.31059384,0.55693954
482,B,B,0.19099106,0.646101,0.16290791
483,B,A,0.5000842,0.39714947,0.10276628
484,A,A,0.88738227,0.029964756,0.082653
485,A,A,0.8061088,0.16531876,0.028572535
486,A,A,0.7254941,0.09234219,0.1821637
487,A,A,0.58278596,0.060442578,0.35677144
488,B,B,0.06797518,0.7863787,0.1456461
489,C,A,0.709732,0.18091013,0.10935779
490,B,B,0.24016127,0.5169826,0.24285613
491,C,A,0.5235622,0.039610617,0.43682724
492,C,C,0.069271855,0.040849544,0.88987863
493,B,C,0.05011356,0.45105514,0.49883127
494,C,C,0.07893793,0.13416132,0.7869008
495,C,A,0.4852615,0.0876062,0.42713228
496,A,A,0.85880744,0.023702977,0.117489524
497,C,C,0.26472768,0.1240758,0.61119646
498,B,B,0.071254894,0.8496482,0.07909693
499,C,C,0.2314952,0.13524418,0.63326067
500,A,A,0.9030654,0.027999869,0.068934724
501,B,B,0.04170938,0.7885425,0.16974822
502,B,B,0.0440893,0.8273574,0.12855329
503,B,B,0.033343744,0.90967995,0.056976296
504,A,A,0.90291387,0.033268794,0.063817315
505,C,C,0.04112636,0.03282998,0.9260436
506,B,B,0.050802037,0.9065162,0.042681724
507,C,C,0.07336974,0.030862886,0.8957674
508,B,B,0.39158544,0.39570534,0.21270925
509,B,B,0.18992968,0.7596598,0.050410572
510,C,C,0.2702386,0.09435942,0.63540196
511,C,C,0.15547162,0.06528816,0.7792402
512,A,A,0.83362854,0.021659883,0.14471158
513,A,A,0.7940477,0.046986736,0.15896557
514,A,A,0.64063466,0.10525271,0.2541126
515,A,A,0.5381586,0.029799307,0.43204215
516,A,A,0.38900182,0.3531632,0.25783503
517,A,A,0.80561656,0.09137788,0.10300559
518,A,A,0.7791547,0.15354286,0.06730242
519,C,C,0.11757713,0.082646355,0.7997765
520,A,A,0.64557266,0.059471235,0.29495606
521,A,A,0.9150454,0.034547154,0.050407544
522,C,C,0.07581506,0.03865929,0.8855257
523,A,A,0.662617,0.027202656,0.31018022
524,C,B,0.044451665,0.48633552,0.4692128
525,A,A,0.8848831,0.034035202,0.0810817
526,C,C,0.17767392,0.09906408,0.72326195
527,C,C,0.09800757,0.14664267,0.75534976
528,C,C,0.024042822,0.04652707,0.9294301
529,A,A,0.71146196,0.21375753,0.07478051
530,B,C,0.06064036,0.3777977,0.56156194
531,C,C,0.047682855,0.25465298,0.6976642
532,A,A,0.86155164,0.04315161,0.095296726
533,C,C,0.22840518,0.0614203,0.7101745
534,A,A,0.7964396,0.16709833,0.03646205
535,B,B,0.1112245,0.7740327,0.114742756
536,B,B,0.054234512,0.9309866,0.0147789335
537,C,C,0.11531562,0.048462942,0.83622146
538,C,C,0.124216646,0.08141984,0.7943635
539,A,C,0.38135317,0.14924622,0.46940064
540,A,A,0.9204459,0.035848092,0.04370601
541,C,C,0.04894474,0.09323979,0.85781544
542,A,A,0.91871685,0.026093483,0.055189706
543,C,C,0.31913504,0.08046557,0.6003994
544,B,B,0.20043638,0.46162522,0.33793843
545,B,B,0.0488868,0.86055565,0.09055749
546,A,B,0.16958478,0.7114223,0.118992954
547,A,A,0.94470584,0.029865349,0.025428802
548,A,A,0.9276666,0.023085985,0.049247332
549,A,A,0.80659235,0.047626678,0.14578097
550,B,B,0.05886605,0.9169169,0.024217112
551,B,B,0.08823958,0.8038695,0.107890956
552,C,C,0.11517766,0.17214796,0.7126744
553,B,A,0.57714665,0.37177837,0.051074922
554,A,A,0.8207101,0.06779823,0.11149162
555,A,A,0.83547294,0.029823316,0.13470383
556,C,C,0.16790733,0.057734687,0.77435803
557,A,A,0.94788885,0.02605156,0.026059505
558,C,C,0.37346575,0.060501155,0.56603307
559,C,C,0.07861469,0.2326969,0.68868846
560,A,A,0.9093687,0.037024654,0.053606723
561,A,C,0.3597941,0.13877153,0.5014343
562,C,C,0.053190056,0.08006549,0.8667445
563,A,A,0.786374,0.041389875,0.1722361
564,A,A,0.603566,0.04798896,0.34844503
565,B,B,0.09444982,0.7030573,0.20249292
566,A,A,0.53860736,0.26288363,0.19850898
567,B,B,0.049318183,0.93345433,0.017227529
568,B,B,0.18701524,0.5021248,0.31086004
569,B,C,0.1500727,0.12209565,0.72783166
570,B,B,0.35887608,0.48061627,0.16050763
571,A,A,0.5167389,0.043215666,0.44004542
572,C,C,0.19702214,0.046141896,0.756836
573,C,C,0.43751568,0.03277047,0.5297138
574,C,C,0.43442115,0.08908745,0.4764914
575,B,B,0.024843156,0.8592149,0.11594192
576,A,A,0.83840245,0.031320114,0.13027748
577,A,C,0.3469666,0.10666793,0.54636556
578,B,B,0.32230958,0.5913763,0.08631409
579,A,C,0.4410706,0.070524104,0.4884053
580,B,B,0.11074116,0.7821347,0.10712416
581,C,A,0.7106886,0.07527867,0.21403272
582,C,C,0.09477788,0.027836544,0.87738556
583,C,C,0.10674501,0.08954731,0.80370766
584,C,C,0.2218764,0.034259807,0.7438638
585,A,A,0.523009,0.37590748,0.10108353
586,C,C,0.01035358,0.024183406,0.96546304
587,C,C,0.055569213,0.030000573,0.9144302
588,A,A,0.79575205,0.031655833,0.17259213
589,B,C,0.031158444,0.38537934,0.58346224
590,A,A,0.7241203,0.12923257,0.14664711
591,B,B,0.044979353,0.74636483,0.20865582
592,C,C,0.11763296,0.027695516,0.85467154
593,C,C,0.25440225,0.08930462,0.6562931
594,B,B,0.079247884,0.73335594,0.18739615
595,B,B,0.1886016,0.64434046,0.16705795
596,C,C,0.044244446,0.113687284,0.84206825
597,A,A,0.88590527,0.058381487,0.055713277
598,C,C,0.034810282,0.04123497,0.9239547
599,A,A,0.85543597,0.089773364,0.05479064
600,B,B,0.07076416,0.85243964,0.076796204
601,B,C,0.14951341,0.42142057,0.42906603
602,B,B,0.16438593,0.5957676,0.2398465
603,B,B,0.037535455,0.8924108,0.070053704
604,A,A,0.7019468,0.045095872,0.25295737
605,A,A,0.71816146,0.07455451,0.207284
606,C,C,0.07659836,0.064498626,0.85890305
607,B,B,0.013637811,0.9746017,0.011760465
608,B,B,0.21228276,0.7189895,0.06872772
609,A,A,0.86800647,0.022689234,0.10930427
610,B,B,0.097886615,0.6306919,0.27142152
611,A,A,0.78361136,0.05369119,0.1626974
612,A,A,0.9239408,0.030581588,0.045477673
613,B,B,0.31600034,0.4689098,0.21508981
614,B,B,0.28849235,0.46652845,0.24497923
615,A,A,0.8651906,0.058443185,0.076366216
616,C,C,0.14851394,0.104383975,0.7471021
617,B,B,0.018613715,0.9351347,0.046251617
618,A,A,0.84462774,0.06033856,0.09503371
619,B,B,0.2573275,0.6158325,0.12683997
620,B,B,0.08419568,0.88142544,0.034378912
621,B,B,0.022855788,0.9634811,0.013663159
622,C,C,0.18555008,0.064975485,0.7494744
623,C,C,0.031909186,0.042224877,0.9258659
624,A,A,0.87522864,0.05783799,0.06693339
625,B,B,0.0961136,0.8497338,0.054152526
626,B,A,0.8163217,0.050952915,0.13272542
627,C,C,0.0708905,0.067277886,0.8618316
628,A,A,0.9378041,0.026386496,0.035809394
629,C,C,0.1753522,0.32539192,0.4992558
630,A,A,0.6125277,0.071060255,0.31641194
631,B,B,0.039335933,0.91894925,0.041714825
632,C,A,0.7393113,0.03504759,0.22564113
633,B,A,0.54312927,0.09241332,0.3644573
634,B,A,0.4327961,0.35634956,0.21085434
635,C,C,0.052306227,0.022040749,0.925653
636,C,A,0.5839117,0.12683778,0.2892505
637,C,C,0.04285177,0.051340807,0.9058074
638,A,A,0.85768336,0.083750114,0.058566533
639,C,C,0.20074575,0.06281553,0.7364387
640,C,C,0.33054194,0.043482386,0.6259756
641,B,B,0.12254182,0.53461754,0.34284064
642,C,C,0.3445387,0.10953358,0.5459277
643,B,C,0.15981439,0.111142695,0.7290429
644,B,C,0.26308262,0.2611654,0.47575203
645,A,A,0.8987064,0.015085417,0.086208135
646,A,A,0.6054715,0.1036238,0.2909046
647,B,B,0.025214003,0.96041,0.014375969
648,B,B,0.063333645,0.8989092,0.03775715
649,B,B,0.056519937,0.9215924,0.021887641
650,C,C,0.11900098,0.10548898,0.77551
651,A,A,0.8685429,0.023336008,0.10812111
652,A,A,0.6865248,0.030380521,0.28309467
653,C,C,0.11806378,0.14719927,0.734737
654,A,A,0.6449105,0.06222103,0.29286838
655,C,A,0.58851403,0.06690391,0.34458217
656,B,B,0.08176781,0.8568646,0.061367646
657,A,A,0.7307741,0.06645368,0.20277224
658,B,B,0.046026543,0.82353806,0.13043545
659,A,A,0.75627935,0.04220531,0.20151536
660,C,A,0.54340374,0.09861393,0.35798228
661,B,B,0.032979164,0.9451485,0.021872247
662,C,C,0.23974003,0.048224665,0.71203536
663,C,C,0.09395466,0.023419788,0.8826255
664,C,C,0.07251927,0.05995576,0.867525
665,A,A,0.86499786,0.044983752,0.09001844
666,C,C,0.24393417,0.16269961,0.59336627
667,C,C,0.043975525,0.05299945,0.9030251
668,C,C,0.0844662,0.07968324,0.8358506
669,B,B,0.08800386,0.8013378,0.11065839
670,C,C,0.07753772,0.06392697,0.85853535
671,C,C,0.0964969,0.33613044,0.5673726
672,A,A,0.7985155,0.02229183,0.17919269
673,B,B,0.067250535,0.65899414,0.27375534
674,B,B,0.04970159,0.87441313,0.07588528
675,B,B,0.13907297,0.8197245,0.041202575
676,C,C,0.07278542,0.08797796,0.8392366
677,C,C,0.0687342,0.0637929,0.86747295
678,B,B,0.13341196,0.76325136,0.10333675
679,C,C,0.036680706,0.0582221,0.9050972
680,B,B,0.04199191,0.93703574,0.0209724
681,C,C,0.30685622,0.0441124,0.64903146
682,C,C,0.046275396,0.1416904,0.8120342
683,B,B,0.08624414,0.8345615,0.07919435
684,A,A,0.91911036,0.02920386,0.05168581
685,B,B,0.12308684,0.8310769,0.045836236
686,C,C,0.14012675,0.084991015,0.77488226
687,C,C,0.13633701,0.042501923,0.8211611
688,A,A,0.71466845,0.142309,0.14302263
689,A,C,0.24802493,0.16720217,0.5847729
690,C,C,0.03454871,0.23915349,0.72629786
691,B,B,0.110603504,0.60090685,0.28848964
692,A,A,0.82642996,0.04457915,0.12899089
693,A,A,0.8682808,0.063103355,0.06861583
694,B,B,0.18074027,0.6222031,0.1970566
695,C,C,0.14246653,0.050679985,0.8068535
696,C,C,0.03812825,0.05436039,0.9075114
697,C,C,0.06479728,0.04133867,0.89386404
698,A,A,0.5468477,0.029202435,0.4239498
699,A,A,0.8883496,0.06785781,0.043792635
700,B,B,0.03829856,0.7165417,0.24515973
701,A,A,0.56811553,0.07454872,0.35733578
702,C,C,0.031782746,0.036143076,0.9320742
703,B,B,0.021397697,0.9315613,0.047040954
704,B,B,0.019577766,0.95110595,0.029316282
705,B,B,0.17195892,0.45508716,0.3729539
706,B,B,0.04321729,0.79141873,0.16536391
707,C,C,0.018365745,0.028057992,0.9535763
708,A,A,0.88976353,0.037578583,0.07265795
709,A,A,0.5210087,0.13016298,0.3488284
710,B,B,0.08560216,0.8577091,0.05668876
711,B,B,0.038868465,0.71817833,0.24295324
712,C,C,0.05138623,0.06928561,0.8793282
713,A,A,0.74172205,0.05608436,0.20219356
714,B,B,0.07138276,0.7877932,0.1408241
715,C,C,0.10897881,0.04513503,0.8458861
716,A,A,0.85360914,0.08171372,0.06467721
717,A,A,0.5002895,0.16489889,0.33481163
718,B,B,0.06620387,0.75866604,0.1751301
719,C,C,0.03381002,0.026711361,0.9394786
720,C,C,0.12020549,0.0909482,0.7888464
721,B,B,0.3797675,0.45171642,0.16851602
722,A,B,0.1486917,0.8137622,0.037546117
723,A,A,0.8573292,0.032382257,0.110288545
724,B,B,0.11443649,0.67667186,0.20889154
725,A,A,0.7756373,0.045568477,0.17879418
726,B,B,0.35384047,0.6018245,0.044335064
727,B,B,0.08515642,0.71985537,0.19498815
728,B,B,0.11080785,0.84476596,0.04442617
729,A,A,0.82409316,0.1261903,0.049716633
730,A,A,0.8397684,0.08291438,0.077317156
731,C,B,0.1602774,0.6542531,0.1854694
732,A,C,0.13872232,0.069359444,0.7919183
733,A,A,0.87076384,0.055405203,0.07383089
734,C,C,0.12922512,0.06192567,0.8088493
735,B,B,0.11917724,0.7009623,0.17986043
736,A,A,0.66223234,0.065500416,0.27226725
737,A,A,0.8670301,0.038034584,0.094935276
738,A,A,0.9024128,0.04457985,0.0530074
739,C,C,0.23100598,0.24035896,0.528635
740,C,C,0.15448348,0.3119939,0.53352255
741,B,B,0.041030858,0.9332944,0.025674697
742,A,A,0.90750337,0.03626438,0.05623229
743,B,B,0.17505533,0.77910227,0.04584244
744,B,B,0.042306688,0.9425038,0.015189554
745,C,C,0.19299674,0.06596065,0.7410426
746,C,A,0.48608354,0.09811772,0.41579878
747,C,C,0.17948838,0.030954437,0.7895572
748,A,A,0.6825908,0.06488444,0.2525247
749,A,A,0.8128591,0.037267253,0.14987352
750,A,A,0.9624748,0.01733418,0.020190977
751,A,B,0.32244393,0.619982,0.05757406
752,A,A,0.8822156,0.051628597,0.066155806
753,C,C,0.024069915,0.03683166,0.9390985
754,B,B,0.110503286,0.63145757,0.25803915
755,A,C,0.16201083,0.2828168,0.5551723
756,B,B,0.15366,0.78673106,0.059608895
757,B,B,0.020024685,0.953626,0.026349396
758,C,C,0.23415305,0.026013188,0.7398338
759,A,A,0.79705185,0.04516508,0.15778306
760,C,A,0.6339413,0.052647505,0.3134112
761,A,A,0.71932137,0.18451385,0.09616476
762,A,C,0.35912892,0.044176053,0.59669507
763,A,A,0.8657203,0.096339196,0.03794056
764,C,C,0.27266648,0.04869406,0.6786395
765,C,C,0.13670889,0.06731292,0.7959782
766,C,C,0.045485873,0.026771463,0.9277426
767,A,A,0.69038296,0.08316901,0.22644804
768,B,B,0.037225243,0.65193075,0.310844
769,C,C,0.04762882,0.048797768,0.9035734
770,A,A,0.73070186,0.057530053,0.2117681
771,C,C,0.059750687,0.055159196,0.8850901
772,C,C,0.05851478,0.07065678,0.8708284
773,B,B,0.1696779,0.78445905,0.04586301
774,C,C,0.16115391,0.05264836,0.7861977
775,C,C,0.11999008,0.046697963,0.8333119
776,C,C,0.098630466,0.03521656,0.86615294
777,C,C,0.1400819,0.02683644,0.8330817
778,C,C,0.03983688,0.07808681,0.8820764
779,A,C,0.27234793,0.057778995,0.669873
780,B,A,0.40637907,0.39209998,0.20152093
781,C,A,0.6312125,0.08403522,0.28475225
782,C,C,0.10364939,0.04767598,0.8486746
783,A,A,0.7000756,0.04391358,0.25601083
784,C,C,0.21784979,0.13256378,0.6495864
785,C,C,0.03300415,0.06814303,0.8988528
786,A,A,0.90919507,0.033193678,0.05761124
787,A,A,0.66206044,0.28674605,0.051193483
788,C,C,0.022044366,0.040368423,0.93758726
789,B,B,0.18601432,0.52646536,0.28752038
790,A,A,0.7996826,0.03556815,0.16474923
791,B,B,0.14646667,0.721232,0.13230135
792,A,A,0.915486,0.037637014,0.04687709
793,C,A,0.64372826,0.08107424,0.2751975
794,A,A,0.63471234,0.07130563,0.29398203
795,B,B,0.012978184,0.9586723,0.028349543
796,A,A,0.44988838,0.2044249,0.3456867
797,A,C,0.36862835,0.07176807,0.55960363
798,C,C,0.08745635,0.0991055,0.8134381
799,A,A,0.69556206,0.058341216,0.24609675
800,B,B,0.15721293,0.48685405,0.3559331
801,C,C,0.051975876,0.072239116,0.87578493
802,A,A,0.8028804,0.033370193,0.16374938
803,C,C,0.31502306,0.0719271,0.61304986
804,C,C,0.041537445,0.06877893,0.8896836
805,A,A,0.844309,0.044481095,0.11120989
806,B,B,0.20440306,0.47375414,0.32184282
807,B,C,0.07664568,0.12485864,0.7984957
808,B,B,0.032188773,0.84082866,0.12698255
809,C,C,0.06807106,0.034072164,0.89785683
810,A,A,0.94220144,0.012579523,0.045219045
811,B,C,0.20368712,0.3295689,0.466744
812,C,C,0.055819448,0.15997261,0.78420794
813,B,B,0.084307075,0.695484,0.2202089
814,C,A,0.82869047,0.048973855,0.122335665
815,B,B,0.09377106,0.86719733,0.039031558
816,B,B,0.035862163,0.92018026,0.043957572
817,C,C,0.41721144,0.034463897,0.54832464
818,A,A,0.5361648,0.26380184,0.20003334
819,B,B,0.14260001,0.8140376,0.04336243
820,C,C,0.14482832,0.14835028,0.7068213
821,A,A,0.7468093,0.12612405,0.12706657
822,B,B,0.052574206,0.5967887,0.35063702
823,C,A,0.5512891,0.04683884,0.4018721
824,A,A,0.8691976,0.037829243,0.09297317
825,C,C,0.13543506,0.061592374,0.80297256
826,C,C,0.13686326,0.2986396,0.5644972
827,A,A,0.8435968,0.10282046,0.053582735
828,B,C,0.15350412,0.13459067,0.7119052
829,A,A,0.51913726,0.06830474,0.41255796
830,B,B,0.015336455,0.91506225,0.06960135
831,B,C,0.09443638,0.3740029,0.5315607
832,A,A,0.891456,0.036832035,0.07171192
833,C,C,0.053573996,0.036846224,0.9095798
834,C,C,0.07049569,0.077483274,0.85202104
835,C,C,0.18327148,0.10762666,0.70910186
836,B,B,0.13850039,0.7425224,0.11897715
837,C,C,0.01961952,0.109414786,0.87096566
838,C,C,0.33219144,0.07049738,0.5973112
839,A,A,0.87213266,0.046302725,0.08156462
840,C,C,0.16143353,0.12642944,0.71213704
841,A,A,0.9439018,0.028007086,0.028091114
842,B,C,0.044949133,0.25382906,0.70122176
843,A,B,0.15363836,0.66756344,0.1787982
844,C,C,0.14242503,0.036315486,0.8212595
845,B,B,0.30325893,0.6530219,0.04371925
846,B,B,0.044563074,0.6499416,0.30549526
847,C,C,0.07577794,0.08239526,0.8418268
848,A,A,0.7465309,0.08129276,0.1721764
849,B,C,0.26066273,0.15869564,0.5806417
850,C,C,0.04804877,0.034142,0.9178093
851,B,B,0.015419405,0.88413554,0.100445054
852,C,C,0.17641728,0.11429289,0.70928985
853,B,B,0.26810598,0.6753229,0.056571115
854,C,A,0.5514833,0.42209995,0.026416773
855,A,A,0.8042562,0.041320473,0.1544233
856,A,A,0.5231337,0.033435334,0.443431
857,C,C,0.031573612,0.06362441,0.90480196
858,A,A,0.9458922,0.0098486375,0.04425916
859,B,B,0.03232061,0.9454116,0.022267776
860,A,A,0.85553503,0.06309807,0.08136696
861,C,C,0.07924829,0.05260998,0.8681418
862,C,C,0.036277667,0.058210906,0.90551144
863,A,A,0.5021752,0.18955076,0.3082741
864,B,B,0.15047081,0.5722573,0.2772719
865,B,B,0.06482159,0.8949399,0.04023859
866,B,B,0.010331612,0.97389936,0.015768984
867,B,B,0.07949144,0.87129676,0.049211863
868,A,A,0.8653154,0.015563724,0.119120836
869,B,C,0.029205462,0.4409971,0.52979743
870,A,A,0.7687875,0.03293545,0.19827709
871,A,A,0.80731636,0.022999695,0.16968389
872,C,C,0.29194227,0.054887798,0.65316993
873,B,B,0.15009661,0.6863794,0.163524
874,A,A,0.49274683,0.31330132,0.19395182
875,A,A,0.73014975,0.08208819,0.18776207
876,C,C,0.06940367,0.033637494,0.89695877
877,C,A,0.5667714,0.094075724,0.33915278
878,B,B,0.19820426,0.779322,0.022473764
879,A,C,0.36597782,0.09928652,0.5347357
880,C,C,0.068174765,0.1727493,0.759076
881,A,A,0.9496984,0.018420774,0.031880807
882,B,B,0.11339099,0.76414955,0.12245948
883,C,A,0.4388085,0.15703322,0.40415832
884,C,C,0.36756298,0.15516354,0.47727346
885,A,A,0.86751026,0.044313688,0.0881761
886,B,B,0.01137379,0.86649203,0.12213423
887,A,A,0.6045014,0.07020442,0.32529414
888,C,C,0.038607605,0.05336723,0.90802515
889,C,C,0.32808876,0.036279026,0.6356323
890,A,A,0.55252844,0.055348683,0.3921229
891,A,A,0.7921953,0.10410202,0.10370267
892,B,A,0.40154433,0.2390714,0.3593843
893,C,C,0.11289305,0.2077527,0.67935425
894,C,C,0.0567134,0.1393636,0.803923
895,A,A,0.96519464,0.0126770595,0.0221282
896,C,C,0.20945255,0.026914584,0.7636329
897,C,A,0.4250559,0.17654581,0.39839825
898,C,A,0.5948537,0.035909515,0.36923677
899,A,A,0.8623346,0.06752359,0.070141844
900,C,C,0.42243457,0.05630849,0.521257
901,C,C,0.02692794,0.068089366,0.90498275
902,B,B,0.103857845,0.8589467,0.03719553
903,C,C,0.219472,0.07779072,0.7027372
904,C,C,0.05524692,0.2712661,0.673487
905,A,A,0.9563203,0.015386779,0.028292939
906,B,B,0.0901864,0.7901562,0.11965739
907,B,B,0.12913302,0.52072823,0.3501388
908,A,C,0.27515724,0.062183138,0.6626596
909,C,C,0.10240257,0.053313352,0.84428406
910,A,A,0.6924805,0.037188813,0.2703306
911,B,A,0.5792705,0.22655463,0.19417486
912,A,A,0.83042043,0.06867918,0.100900464
913,A,A,0.7116232,0.08811336,0.2002634
914,A,C,0.41307485,0.073989406,0.51293576
915,B,B,0.05589135,0.8771679,0.06694083
916,B,B,0.119642906,0.7996939,0.08066323
917,A,B,0.33869058,0.5282057,0.13310377
918,A,A,0.6076804,0.1256843,0.26663533
919,B,C,0.036975652,0.4329461,0.5300783
920,B,B,0.111285575,0.691672,0.19704245
921,A,A,0.6961115,0.14713705,0.15675142
922,C,C,0.03780268,0.08060239,0.8815949
923,B,B,0.076119505,0.8117236,0.11215689
924,C,A,0.63037837,0.06429151,0.3053301
925,B,B,0.021475287,0.6690856,0.30943906
926,C,C,0.04739956,0.055876505,0.89672387
927,A,A,0.75575626,0.16806959,0.07617417
928,B,B,0.049708035,0.7701156,0.18017638
929,B,B,0.22297183,0.5839575,0.19307059
930,A,A,0.6385664,0.142101,0.21933259
931,B,B,0.054566395,0.91880554,0.026628107
932,A,A,0.6964581,0.03220678,0.2713351
933,A,A,0.664359,0.05927415,0.2763669
934,C,C,0.047487088,0.08483578,0.86767715
935,C,C,0.17124814,0.060245194,0.7685067
936,B,B,0.073516145,0.896726,0.029757911
937,A,A,0.7795423,0.044374324,0.17608346
938,C,C,0.0423174,0.1056051,0.8520775
939,B,B,0.034113023,0.92978173,0.0361052
940,A,A,0.8762481,0.08169967,0.042052127
941,C,C,0.13762721,0.031636566,0.8307362
942,C,C,0.050036415,0.1391912,0.8107724
943,B,B,0.17358765,0.54251254,0.28389975
944,A,A,0.5975842,0.06693988,0.33547595
945,A,C,0.3693965,0.074726336,0.5558772
946,B,B,0.050882634,0.92605466,0.023062734
947,B,B,0.022222085,0.94242436,0.03535352
948,B,B,0.26402447,0.6859729,0.05000255
949,C,C,0.071820036,0.13154441,0.7966355
950,C,C,0.040686898,0.027901873,0.9314112
951,C,C,0.40312523,0.06463309,0.5322417
952,C,C,0.12662877,0.07363035,0.7997409
953,C,C,0.19038975,0.06350181,0.7461085
954,B,B,0.3158965,0.49607146,0.18803205
955,C,C,0.06386787,0.25604406,0.680088
956,A,A,0.84080005,0.07107627,0.08812372
957,A,A,0.9245003,0.035523474,0.039976213
958,B,B,0.03349994,0.9598357,0.006664324
959,B,B,0.079742454,0.7965108,0.12374672
960,B,B,0.18602033,0.69894034,0.115039386
961,C,C,0.33144024,0.09967456,0.5688852
962,A,A,0.9230835,0.034382068,0.04253452
963,C,C,0.3879211,0.09512387,0.516955
964,C,C,0.102268524,0.07154932,0.8261822
965,C,C,0.04125605,0.10433694,0.854407
966,A,A,0.68899125,0.14070451,0.17030427
967,A,A,0.67794615,0.10806495,0.21398893
968,A,A,0.82039005,0.04552136,0.13408855
969,C,C,0.037378285,0.096442804,0.8661789
970,B,B,0.071772836,0.7156947,0.21253245
971,A,A,0.6603456,0.08785886,0.25179547
972,C,C,0.1970289,0.041241933,0.7617292
973,C,C,0.057430033,0.036917165,0.90565276
974,A,B,0.2690287,0.65574425,0.075226955
975,A,A,0.57940423,0.21686228,0.20373346
976,B,B,0.124328025,0.81063056,0.065041296
977,C,C,0.0702562,0.038951367,0.89079237
978,C,C,0.090714894,0.039329395,0.8699557
979,A,A,0.59709215,0.13967839,0.26322946
980,C,C,0.06006965,0.053696718,0.8862336
981,B,B,0.12405313,0.6502645,0.22568235
982,B,B,0.095258966,0.48600665,0.41873437
983,B,B,0.17573132,0.47576022,0.3485085
984,B,B,0.044805665,0.74472463,0.21046966
985,A,B,0.06845572,0.9014192,0.030125085
986,C,C,0.040614303,0.056905497,0.90248024
987,A,C,0.31945536,0.15805645,0.52248824
988,C,C,0.2692549,0.05758642,0.67315876
989,B,B,0.009864558,0.97167915,0.01845623
990,A,A,0.9262268,0.030670747,0.04310256
991,C,C,0.1128998,0.08361568,0.8034845
992,C,C,0.16763942,0.10986683,0.72249377
993,B,B,0.05218078,0.6721277,0.27569157
994,A,A,0.5750984,0.08807648,0.33682513
995,B,B,0.060606822,0.72954684,0.2098464
996,C,C,0.13224854,0.036335126,0.83141637
997,A,A,0.8640341,0.04919639,0.08676946
998,C,C,0.062481742,0.14526469,0.79225355
999,A,A,0.75356823,0.051219955,0.19521175
1000,B,A,0.36087266,0.30194357,0.3371838
1001,A,A,0.93050367,0.010176722,0.059319623
1002,C,C,0.06815466,0.053189512,0.87865585
1003,A,A,0.5400011,0.26435897,0.19563991
1004,B,C,0.05596733,0.26315814,0.68087447
1005,B,C,0.17272592,0.22513303,0.60214096
1006,A,A,0.7758124,0.08325137,0.1409363
1007,B,B,0.09993922,0.8594886,0.040572096
1008,B,B,0.07410714,0.84409046,0.081802376
1009,B,B,0.2550876,0.5261871,0.21872526
1010,B,B,0.080277264,0.7673355,0.1523873
1011,C,C,0.036923956,0.037136294,0.9259398
1012,B,C,0.32095173,0.28672713,0.39232108
1013,A,A,0.5191673,0.123742,0.35709065
1014,A,A,0.8337393,0.042239603,0.12402108
1015,A,A,0.9559051,0.018828444,0.025266495
1016,C,A,0.55472684,0.16574709,0.27952605
1017,A,A,0.8349698,0.052179046,0.1128511
1018,B,B,0.11375985,0.47245386,0.4137863
1019,C,C,0.3185461,0.035512716,0.6459412
1020,B,B,0.14849132,0.75382614,0.09768249
1021,B,A,0.43078136,0.30870488,0.26051372
1022,C,C,0.12620786,0.27402163,0.5997705
1023,C,C,0.30778345,0.08518969,0.6070269
1024,A,C,0.22112627,0.06507288,0.7138009
1025,B,B,0.07853849,0.87693596,0.04452552
1026,C,C,0.03829049,0.0639149,0.89779466
1027,C,C,0.08889737,0.026815025,0.88428766
1028,B,B,0.022688145,0.9409113,0.03640054
1029,B,B,0.050893698,0.56867576,0.38043052
1030,A,B,0.21260832,0.6646875,0.12270407
1031,C,C,0.22182602,0.045075122,0.7330988
1032,B,B,0.33346766,0.45661163,0.20992066
1033,A,A,0.66670793,0.15351987,0.17977224
1034,A,A,0.47606876,0.14734054,0.37659073
1035,C,C,0.030277265,0.12413278,0.84559
1036,C,C,0.055418987,0.3258099,0.61877114
1037,A,A,0.6781228,0.11494256,0.20693463
1038,B,B,0.025391227,0.68030363,0.29430515
1039,B,C,0.06159577,0.31450695,0.62389725
1040,A,A,0.64151096,0.1088599,0.2496291
1041,C,C,0.08089942,0.069264375,0.8498363
1042,A,A,0.91638255,0.04044835,0.04316915
1043,B,B,0.1115298,0.8255636,0.06290657
1044,A,C,0.44238225,0.045068156,0.5125496
1045,A,A,0.76481223,0.10748606,0.12770168
1046,B,B,0.0074965674,0.94461966,0.047883675
1047,B,B,0.29138198,0.5853147,0.12330336
1048,B,B,0.25472766,0.6843689,0.060903404
1049,A,A,0.8591118,0.06861649,0.072271645
1050,A,A,0.8870798,0.03485541,0.078064755
1051,A,B,0.21342148,0.6401944,0.14638408
1052,B,B,0.021001635,0.84457594,0.13442244
1053,C,C,0.031005546,0.023134217,0.9458602
1054,B,B,0.18259238,0.7239034,0.09350422
1055,A,A,0.7445286,0.07010796,0.18536346
1056,A,A,0.791135,0.026846813,0.1820181
1057,C,C,0.3618236,0.1528043,0.48537213
1058,A,B,0.25673926,0.6622717,0.08098906
1059,B,B,0.054452155,0.5957922,0.34975564
1060,A,A,0.7077665,0.063843,0.22839049
1061,C,C,0.09350749,0.03844656,0.86804587
1062,B,B,0.026918892,0.9269825,0.0460986
1063,B,B,0.07219452,0.7636393,0.16416618
1064,C,C,0.14277898,0.05459228,0.8026287
1065,C,C,0.038756914,0.05167901,0.90956414
1066,A,A,0.9431066,0.019448856,0.03744454
1067,C,C,0.10075775,0.43348274,0.4657595
1068,A,C,0.31205812,0.059507303,0.6284346
1069,A,A,0.6533201,0.047459748,0.29922017
1070,C,B,0.06030871,0.50207704,0.43761432
1071,A,C,0.3344572,0.19351707,0.47202578
1072,B,C,0.20896095,0.21252918,0.57850987
1073,B,B,0.12551787,0.81446487,0.06001717
1074,B,B,0.053315252,0.9356114,0.011073308
1075,C,C,0.10034874,0.038204566,0.86144674
1076,A,A,0.8859249,0.025587017,0.08848812
1077,B,B,0.2776134,0.65293247,0.06945414
1078,B,B,0.1255168,0.717305,0.15717824
1079,A,A,0.9236332,0.04646869,0.029898087
1080,C,A,0.6731839,0.05410783,0.2727082
1081,C,C,0.32716924,0.07573071,0.5971
1082,B,B,0.18131399,0.682912,0.13577403
1083,C,C,0.14077587,0.050513614,0.8087105
1084,A,A,0.6115451,0.044857014,0.3435979
1085,A,A,0.639742,0.06565701,0.29460102
1086,B,B,0.19917323,0.6612515,0.13957527
1087,A,C,0.43646535,0.080217615,0.483317
1088,B,B,0.13404062,0.81873107,0.04722835
1089,A,A,0.8609205,0.04775996,0.09131948
1090,A,A,0.93530995,0.018893456,0.045796484
1091,B,B,0.06764766,0.906952,0.025400281
1092,A,A,0.6787842,0.068054155,0.2531616
1093,B,B,0.058852766,0.85737354,0.083773695
1094,A,A,0.9144701,0.026521169,0.059008736
1095,A,A,0.76503843,0.032328583,0.20263305
1096,C,C,0.11405179,0.0801497,0.8057986
1097,A,A,0.6010699,0.04859519,0.35033482
1098,B,B,0.04147634,0.87418914,0.084334455
1099,C,C,0.04770141,0.031993326,0.92030525
1100,C,C,0.0884575,0.05457108,0.85697144
1101,C,C,0.033465676,0.07500704,0.89152735
1102,A,A,0.9377165,0.022712724,0.039570782
1103,B,B,0.10733709,0.80085665,0.09180627
1104,B,C,0.10105367,0.23183367,0.66711265
1105,A,A,0.6063769,0.033405066,0.36021808
1106,B,B,0.029047577,0.90386534,0.0670871
1107,C,C,0.18640035,0.1123532,0.70124644
1108,C,C,0.0499407,0.07380624,0.87625307
1109,A,A,0.9123584,0.04729509,0.040346574
1110,B,B,0.10017825,0.844839,0.05498275
1111,A,A,0.6531994,0.09783787,0.24896272
1112,A,A,0.7689009,0.09871531,0.13238382
1113,B,B,0.08722508,0.5225859,0.39018902
1114,A,A,0.80561036,0.07637712,0.11801255
1115,C,A,0.61196536,0.13624202,0.2517926
1116,C,C,0.043477606,0.066346265,0.8901762
1117,B,B,0.06081556,0.85354656,0.0856378
1118,A,A,0.741865,0.07366131,0.18447371
1119,B,B,0.2531002,0.65324837,0.093651496
1120,C,C,0.0699298,0.102024674,0.82804555
1121,B,B,0.05687842,0.85850143,0.08462007
1122,B,B,0.08158569,0.72202516,0.1963892
1123,A,A,0.9087252,0.035651933,0.055622753
1124,A,A,0.8130806,0.037305463,0.14961395
1125,C,C,0.14107159,0.09023677,0.76869166
1126,C,B,0.06112761,0.67865145,0.2602209
1127,C,C,0.42534435,0.055377062,0.5192786
1128,B,B,0.15946497,0.73176044,0.108774655
1129,C,C,0.06487013,0.0734666,0.8616633
1130,A,A,0.9250331,0.030093104,0.044873726
1131,B,B,0.050309096,0.9182736,0.03141731
1132,C,C,0.13010813,0.11385049,0.7560413
1133,C,C,0.030734532,0.01768868,0.95157677
1134,C,C,0.094909124,0.048859593,0.8562313
1135,C,C,0.33885482,0.051836997,0.6093082
1136,A,A,0.5002924,0.09324437,0.4064633
1137,C,C,0.1922249,0.046045616,0.76172954
1138,B,B,0.070977226,0.8022133,0.1268095
1139,B,B,0.023139384,0.92350817,0.053352427
1140,A,A,0.88247555,0.037161853,0.08036259
1141,B,B,0.10693881,0.48495966,0.4081016
1142,A,A,0.65299016,0.2487355,0.09827438
1143,A,A,0.9119743,0.058959704,0.029065963
1144,B,C,0.21157175,0.3580578,0.4303705
1145,C,C,0.09648234,0.16719027,0.73632735
1146,A,A,0.7872568,0.03697074,0.1757726
1147,C,C,0.029697685,0.029591477,0.9407108
1148,A,A,0.60379285,0.2970509,0.09915628
1149,C,C,0.06243046,0.07740759,0.86016196
1150,A,A,0.91348755,0.04206409,0.044448365
1151,B,B,0.08654321,0.7793139,0.1341429
1152,C,C,0.050080817,0.05435694,0.89556223
1153,B,B,0.02646719,0.94339776,0.030135058
1154,A,A,0.7983862,0.07360756,0.1280063
1155,A,C,0.37592226,0.056152597,0.56792516
1156,B,B,0.028624093,0.7765842,0.19479175
1157,C,C,0.03676333,0.02901375,0.93422294
1158,A,A,0.91749656,0.05191353,0.03058983
1159,C,C,0.09811065,0.045995653,0.8558937
1160,B,B,0.060266886,0.88415277,0.05558039
1161,C,C,0.03879923,0.057079736,0.9041211
1162,B,C,0.048627544,0.16819063,0.78318185
1163,A,C,0.28679153,0.07913095,0.6340775
1164,B,B,0.042519398,0.9069219,0.050558623
1165,A,A,0.8722243,0.033468742,0.094307095
1166,B,B,0.1655876,0.59641534,0.23799708
1167,C,A,0.40615666,0.22659566,0.36724764
1168,A,A,0.8341524,0.04164316,0.12420445
1169,B,C,0.25363752,0.34924707,0.3971154
1170,A,A,0.8528119,0.023164159,0.124024026
1171,A,A,0.8661733,0.08996384,0.043862846
1172,A,A,0.63932794,0.07523534,0.2854367
1173,C,C,0.07753321,0.034497663,0.88796914
1174,C,C,0.413851,0.060610995,0.525538
1175,C,C,0.293705,0.06443538,0.6418597
1176,B,B,0.109770976,0.5075895,0.38263953
1177,A,A,0.85556364,0.06860864,0.07582777
1178,C,C,0.1503083,0.074517295,0.7751744
1179,C,C,0.13431568,0.09713622,0.768548
1180,A,A,0.58569306,0.061883744,0.3524231
1181,C,A,0.63612187,0.05393113,0.30994692
1182,C,A,0.46653214,0.30786616,0.22560167
1183,C,C,0.14602421,0.097676165,0.7562997
1184,A,A,0.90183914,0.04526954,0.052891336
1185,A,A,0.91712666,0.019426128,0.06344731
1186,A,A,0.56050193,0.26366967,0.17582844
1187,B,B,0.02877148,0.6995485,0.2716801
1188,A,A,0.91618055,0.025157733,0.05866164
1189,C,C,0.08100176,0.17354111,0.7454571
1190,A,A,0.7290909,0.078787155,0.192122
1191,B,B,0.083857626,0.829122,0.0870204
1192,C,C,0.15176965,0.1004685,0.74776185
1193,C,C,0.023307215,0.054495923,0.92219687
1194,A,A,0.77779865,0.04391012,0.17829135
1195,C,C,0.112670995,0.02739761,0.85993135
1196,A,A,0.494511,0.31732446,0.18816455
1197,C,C,0.33533606,0.109696254,0.5549677
1198,B,B,0.058811802,0.8670792,0.07410902
1199,B,B,0.037474852,0.915273,0.047252208
1200,C,C,0.069067225,0.05574216,0.8751907
1201,A,A,0.4903703,0.1001432,0.40948653
1202,C,C,0.31111184,0.122644715,0.56624347
1203,C,C,0.0509642,0.039188284,0.90984744
1204,A,A,0.8252561,0.108196475,0.066547476
1205,B,B,0.1361686,0.8364167,0.027414717
1206,B,B,0.20310755,0.68199545,0.11489699
1207,C,C,0.03825043,0.06448612,0.8972635
1208,C,C,0.024017142,0.08459228,0.8913906
1209,A,A,0.91189075,0.030664602,0.05744467
1210,C,C,0.11421661,0.07002022,0.8157631
1211,C,C,0.042216253,0.07202741,0.88575625
1212,C,C,0.06334482,0.15905355,0.77760166
1213,C,C,0.08038953,0.053565472,0.866045
1214,C,C,0.281024,0.07790041,0.64107555
1215,A,A,0.90328616,0.018603986,0.07810989
1216,B,B,0.06459556,0.8956804,0.039724015
1217,C,C,0.07223509,0.1846464,0.74311846
1218,A,A,0.9564682,0.02227165,0.021260139
1219,C,C,0.02343233,0.027035438,0.9495322
1220,B,B,0.054586153,0.86348337,0.081930526
1221,B,B,0.062916115,0.90667665,0.030407231
1222,B,B,0.11616399,0.8511983,0.032637622
1223,B,B,0.017623536,0.96320087,0.019175641
1224,A,A,0.4238825,0.2270507,0.3490667
1225,C,A,0.584136,0.11226597,0.30359808
1226,C,C,0.16110164,0.07170588,0.7671924
1227,C,C,0.066605285,0.07010677,0.863288
1228,C,C,0.115072735,0.38130045,0.5036268
1229,C,C,0.16700953,0.22015539,0.6128351
1230,A,A,0.6868807,0.051237382,0.26188198
1231,B,B,0.06656561,0.743987,0.18944733
1232,B,B,0.049607284,0.91669005,0.033702597
1233,C,C,0.06847592,0.042973246,0.8885509
1234,C,C,0.12513286,0.11580628,0.75906086
1235,A,C,0.37276116,0.090149164,0.53708965
1236,C,C,0.07516706,0.040510733,0.8843222
1237,C,C,0.2571645,0.03201104,0.71082443
1238,C,C,0.12534253,0.09907239,0.77558506
1239,A,C,0.46763,0.03180389,0.5005661
1240,B,B,0.026263451,0.9040318,0.069704816
1241,C,C,0.031105427,0.08750377,0.8813908
1242,C,A,0.8055993,0.033496555,0.16090411
1243,A,B,0.3912354,0.54969466,0.05906988
1244,C,C,0.4512157,0.06906282,0.4797214
1245,B,B,0.033656117,0.5792418,0.38710207
1246,A,C,0.2114339,0.37612322,0.41244286
1247,B,B,0.10130819,0.7630154,0.13567641
1248,B,B,0.44956467,0.46160614,0.08882914
1249,C,C,0.12929133,0.18887223,0.6818364
1250,B,B,0.034394592,0.9214248,0.04418055
1251,B,B,0.028625008,0.9588104,0.012564651
1252,A,A,0.9317383,0.024352273,0.04390937
1253,C,C,0.13939917,0.09745085,0.76315
1254,C,C,0.24956617,0.062651135,0.6877827
1255,C,C,0.078553505,0.036028743,0.88541776
1256,A,A,0.5419683,0.10622354,0.35180822
1257,A,A,0.7522248,0.054182474,0.19359279
1258,C,C,0.02132571,0.041033234,0.9376411
1259,B,C,0.20090497,0.38557285,0.4135222
1260,B,B,0.013469439,0.95262283,0.033907745
1261,A,A,0.89245903,0.018772148,0.088768765
1262,B,B,0.3214417,0.51605904,0.1624992
1263,A,A,0.8808397,0.037607875,0.08155239
1264,A,A,0.75923264,0.04637196,0.19439547
1265,A,A,0.8642548,0.02312032,0.11262491
1266,C,C,0.22912033,0.057983298,0.71289635
1267,C,C,0.035108224,0.052121796,0.91277
1268,C,C,0.050149605,0.1338512,0.8159992
1269,A,A,0.9107235,0.03369923,0.0555772
1270,C,C,0.15454273,0.14538454,0.7000727
1271,C,C,0.011937843,0.019574018,0.9684881
1272,A,A,0.9635848,0.01167531,0.024739811
1273,A,A,0.63320684,0.06319252,0.3036006
1274,B,B,0.032854646,0.90843886,0.05870642
1275,A,A,0.58019227,0.04583811,0.37396967
1276,B,B,0.026523618,0.8866273,0.086849056
1277,A,C,0.3429799,0.18620263,0.4708174
1278,C,C,0.05760719,0.065507695,0.8768852
1279,B,B,0.15202728,0.5723946,0.27557805
1280,B,B,0.023762273,0.9260383,0.050199427
1281,B,B,0.013258725,0.9263536,0.060387604
1282,B,B,0.0192616,0.9534288,0.027309693
1283,C,C,0.1635777,0.161299,0.6751233
1284,A,A,0.8118014,0.031502847,0.15669586
1285,C,C,0.052508935,0.04599693,0.9014942
1286,A,C,0.20067093,0.1020233,0.6973058
1287,B,B,0.089050636,0.8668264,0.044122934
1288,C,C,0.078920044,0.2590141,0.66206586
1289,C,C,0.047710434,0.06428085,0.8880087
1290,B,B,0.21792795,0.69900006,0.08307196
1291,C,C,0.20746951,0.0579489,0.73458165
1292,C,C,0.14442158,0.14985248,0.70572597
1293,C,C,0.16858813,0.04304904,0.78836286
1294,B,B,0.052683044,0.75280815,0.19450882
1295,B,B,0.11085372,0.8375714,0.05157494
1296,B,B,0.05440013,0.79254794,0.15305194
1297,A,A,0.67746985,0.057911515,0.26461864
1298,A,A,0.7179802,0.18207303,0.09994676
1299,B,C,0.20726764,0.38940126,0.40333107
1300,B,B,0.04324374,0.7798636,0.17689262
1301,C,C,0.13248551,0.12352189,0.74399257
1302,A,C,0.40403304,0.06534095,0.53062606
1303,B,B,0.034297578,0.84608066,0.11962177
1304,A,A,0.85065746,0.09182762,0.057514917
1305,C,C,0.41063002,0.09977857,0.48959145
1306,A,A,0.899601,0.018554779,0.08184426
1307,B,C,0.0870549,0.09395399,0.81899107
1308,A,A,0.522027,0.19110268,0.28687024
1309,C,C,0.04875116,0.08520316,0.8660457
1310,B,B,0.023410438,0.9172168,0.05937278
1311,B,B,0.20239569,0.57094014,0.22666413
1312,C,C,0.03748289,0.04397377,0.91854334
1313,A,A,0.72118014,0.059648246,0.21917166
1314,A,B,0.46286985,0.4688346,0.0682955
1315,C,A,0.6779153,0.07929273,0.24279195
1316,C,C,0.10182017,0.11020229,0.7879775
1317,A,A,0.68180895,0.023249323,0.2949417
1318,A,A,0.5815396,0.09975767,0.31870285
1319,C,C,0.05525919,0.07863521,0.8661056
1320,C,C,0.12988041,0.0597448,0.81037486
1321,A,A,0.91374624,0.03334538,0.052908316
1322,A,A,0.47073907,0.09545891,0.433802
1323,A,A,0.69593775,0.042415477,0.26164678
1324,C,A,0.5661893,0.04046079,0.39334992
1325,C,C,0.3639362,0.1111203,0.52494353
1326,B,B,0.08182724,0.8770717,0.04110116
1327,C,C,0.05214203,0.0990423,0.84881574
1328,C,C,0.13261224,0.059863072,0.80752474
1329,C,C,0.17407297,0.07483244,0.7510946
1330,B,C,0.20404261,0.35290673,0.44305062
1331,C,C,0.08191387,0.19444875,0.72363734
1332,B,B,0.06833558,0.63769066,0.29397374
1333,B,B,0.029319607,0.86259234,0.10808805
1334,A,A,0.769804,0.13756655,0.09262944
1335,B,B,0.019487685,0.9239412,0.05657114
1336,A,A,0.8420253,0.024294337,0.13368042
1337,C,C,0.1313559,0.22242731,0.64621675
1338,C,C,0.37437695,0.11383992,0.51178306
1339,A,A,0.71282566,0.039866656,0.24730766
1340,B,A,0.51383525,0.39476192,0.09140286
1341,B,B,0.11951743,0.8249453,0.05553731
1342,A,A,0.8123123,0.11972934,0.06795834
1343,B,B,0.07507255,0.6797549,0.24517253
1344,A,B,0.23629576,0.73241025,0.031294044
1345,B,B,0.06889768,0.8486469,0.08245542
1346,A,A,0.80123067,0.047874987,0.15089433
1347,C,C,0.071838394,0.0480562,0.8801054
1348,C,C,0.39864695,0.10604006,0.49531293
1349,C,C,0.0461795,0.06326405,0.89055645
1350,C,C,0.04951549,0.07308385,0.87740064
1351,B,C,0.14159594,0.40676537,0.45163876
1352,B,B,0.06264431,0.7947377,0.14261796
1353,B,B,0.0219042,0.9233165,0.05477933
1354,A,A,0.81113803,0.04896952,0.13989238
1355,A,A,0.5667226,0.21073179,0.22254567
1356,C,C,0.088550486,0.049903158,0.86154634
1357,C,C,0.049088046,0.0418036,0.90910834
1358,C,C,0.039395902,0.062092736,0.89851135
1359,C,C,0.09021041,0.066078916,0.8437107
1360,A,A,0.60803586,0.09613483,0.2958293
1361,B,B,0.029805936,0.7104144,0.25977966
1362,C,C,0.025405018,0.14717989,0.8274151
1363,C,C,0.11503775,0.37981376,0.50514853
1364,C,C,0.2856452,0.03757819,0.6767766
1365,A,A,0.9276388,0.03989271,0.03246855
1366,A,A,0.6240122,0.31241116,0.0635766
1367,A,A,0.79688805,0.029125514,0.17398639
1368,C,C,0.17887935,0.04385672,0.77726394
1369,B,B,0.08361844,0.8308292,0.08555234
1370,B,B,0.40246624,0.4519947,0.14553908
1371,C,C,0.110419236,0.04971039,0.83987033
1372,A,B,0.46063587,0.4851236,0.054240458
1373,B,A,0.5880639,0.2608281,0.151108
1374,A,A,0.9471838,0.01593886,0.036877375
1375,B,B,0.11766235,0.65200126,0.23033637
1376,A,B,0.32152584,0.43568212,0.24279203
1377,C,C,0.13547003,0.059832655,0.8046973
1378,B,C,0.19894038,0.38960186,0.41145775
1379,A,A,0.90029263,0.017842311,0.08186511
1380,A,A,0.67465264,0.11605905,0.20928834
1381,C,C,0.3060811,0.24211569,0.45180324
1382,A,A,0.6111663,0.0825557,0.306278
1383,C,C,0.1370145,0.040396962,0.8225885
1384,B,B,0.20747842,0.54521155,0.24731009
1385,B,B,0.093343355,0.7833086,0.123348
1386,A,A,0.95247597,0.010638787,0.036885194
1387,A,A,0.680903,0.06840206,0.2506949
1388,C,C,0.16941985,0.04255816,0.78802204
1389,C,C,0.17145905,0.053198513,0.7753424
1390,C,A,0.6010498,0.09642852,0.30252168
1391,B,B,0.14422835,0.8115278,0.044243865
1392,B,B,0.1544887,0.8053588,0.040152468
1393,A,C,0.24058609,0.1269221,0.63249177
1394,B,B,0.20776188,0.73365206,0.05858605
1395,C,C,0.27505338,0.087450646,0.637496
1396,C,A,0.49433687,0.15259776,0.35306543
1397,B,B,0.17000903,0.61180997,0.21818103
1398,A,A,0.94125175,0.029770847,0.02897746
1399,A,A,0.7061245,0.053685494,0.24019001
1400,A,A,0.8923062,0.07478971,0.03290415
1401,A,A,0.7065926,0.061822217,0.23158525
1402,C,A,0.47199756,0.099987775,0.4280147
1403,B,A,0.74838364,0.11014646,0.1414699
1404,B,B,0.025566207,0.91051,0.063923724
1405,A,C,0.44312888,0.07763134,0.47923976
1406,B,B,0.02513188,0.9436169,0.031251233
1407,C,C,0.21045455,0.12276022,0.6667852
1408,B,B,0.111895345,0.747321,0.14078362
1409,A,A,0.61473995,0.17956989,0.20569015
1410,B,A,0.44979,0.38383588,0.1663741
1411,C,C,0.14525925,0.07663674,0.778104
1412,A,C,0.40943944,0.057694603,0.532866
1413,A,A,0.8197204,0.053674676,0.12660486
1414,B,B,0.0348488,0.88809794,0.077053286
1415,A,A,0.6112546,0.22355512,0.1651904
1416,C,C,0.39441055,0.1394978,0.46609166
1417,B,C,0.22098228,0.34838057,0.43063718
1418,C,C,0.08796964,0.15552674,0.7565036
1419,C,C,0.16069609,0.07289934,0.7664046
1420,A,B,0.18356428,0.74002707,0.07640862
1421,B,B,0.055395894,0.8665975,0.07800664
1422,C,C,0.18079299,0.13082449,0.68838257
1423,A,A,0.57494044,0.12818334,0.29687613
1424,B,B,0.03174294,0.85795087,0.110306144
1425,C,C,0.050824888,0.14122298,0.8079521
1426,A,A,0.84565276,0.023934513,0.13041276
1427,B,A,0.79143625,0.06987255,0.13869111
1428,B,B,0.14344507,0.8340051,0.022549765
1429,C,C,0.18508668,0.05254397,0.7623694
1430,B,B,0.17736995,0.6559405,0.1666896
1431,A,A,0.86630535,0.025804672,0.107889965
1432,B,B,0.04302132,0.8927341,0.06424462
1433,C,C,0.21944477,0.07006358,0.71049166
1434,B,B,0.11032054,0.5891133,0.30056623
1435,B,B,0.08574768,0.8138884,0.100363925
1436,C,C,0.09666228,0.15340988,0.7499278
1437,C,C,0.18513338,0.07004087,0.7448257
1438,B,B,0.11501112,0.7872751,0.097713746
1439,B,B,0.07799703,0.88380194,0.038200967
1440,B,B,0.032572456,0.6409194,0.32650813
1441,B,B,0.14514855,0.7510137,0.10383778
1442,C,A,0.5248299,0.08819945,0.38697064
1443,B,B,0.19824114,0.7184735,0.08328537
1444,A,A,0.8373371,0.0325703,0.13009256
1445,A,A,0.90297925,0.016611906,0.08040889
1446,B,B,0.12671089,0.558673,0.31461614
1447,A,A,0.78878534,0.032150153,0.17906454
1448,C,C,0.10921507,0.16075942,0.73002553
1449,C,A,0.60831755,0.06985842,0.321824
1450,A,A,0.8558854,0.068097666,0.076016985
1451,A,A,0.8106425,0.047786508,0.14157109
1452,A,A,0.74936986,0.046008117,0.20462199
1453,A,A,0.87746507,0.07320699,0.049327977
1454,C,C,0.04567166,0.07747178,0.87685657
1455,A,A,0.9240323,0.039068658,0.036898986
1456,C,C,0.1536373,0.25193438,0.5944283
1457,A,A,0.80518514,0.14196295,0.052851982
1458,C,C,0.31056508,0.06494569,0.62448925
1459,A,A,0.63969964,0.096488334,0.26381198
1460,A,A,0.9451174,0.014229017,0.040653545
1461,C,C,0.054107588,0.033751484,0.9121409
1462,C,C,0.058261383,0.15415537,0.7875833
1463,B,C,0.3816246,0.19683267,0.4215427
1464,C,C,0.124931395,0.19243178,0.68263686
1465,A,A,0.68488914,0.2208524,0.094258405
1466,C,C,0.029545948,0.03582303,0.93463105
1467,C,C,0.049718026,0.023903498,0.9263785
1468,A,A,0.88258475,0.0639574,0.05345788
1469,B,B,0.056905426,0.83029455,0.11280004
1470,C,C,0.053246252,0.0866778,0.86007595
1471,C,C,0.22221005,0.06688374,0.7109062
1472,C,C,0.13275781,0.114128366,0.7531138
1473,B,B,0.028539803,0.87251276,0.0989475
1474,B,B,0.04876602,0.9237555,0.027478496
1475,A,A,0.85674953,0.036743276,0.10650717
1476,A,A,0.9185303,0.03940377,0.042066015
1477,C,C,0.19654919,0.07507066,0.7283801
1478,A,A,0.4804621,0.070982106,0.44855583
1479,B,B,0.04557112,0.8818071,0.07262175
1480,B,B,0.04290339,0.8298908,0.12720588
1481,B,B,0.014234805,0.95780516,0.027959973
1482,C,C,0.3120636,0.1568253,0.53111106
1483,A,A,0.78407866,0.094114944,0.12180642
1484,C,C,0.101131946,0.049666468,0.8492016
1485,B,B,0.026956433,0.9525444,0.020499103
1486,A,A,0.6128729,0.09277128,0.29435587
1487,B,C,0.04514031,0.23075053,0.7241092
1488,A,A,0.8856276,0.022614283,0.09175812
1489,C,C,0.07342678,0.045497168,0.88107604
1490,B,B,0.052113477,0.708314,0.23957251
1491,A,A,0.5901676,0.08631636,0.32351598
1492,C,C,0.09620439,0.056484472,0.84731114
1493,A,A,0.645074,0.10781974,0.24710622
1494,C,C,0.12655647,0.14061448,0.7328291
1495,C,C,0.2183311,0.18494956,0.5967194
1496,B,B,0.11373659,0.72824174,0.15802173
1497,B,B,0.056587033,0.88607895,0.057333924
1498,A,A,0.74937814,0.15548265,0.09513918
1499,B,B,0.13446267,0.6432054,0.22233185
1500,B,B,0.030299993,0.9136822,0.05601784
1501,C,C,0.23034021,0.04855776,0.721102
1502,A,A,0.96627986,0.01681867,0.016901461
1503,B,B,0.113955185,0.83396417,0.052080613
1504,A,A,0.97257835,0.011121142,0.016300471
1505,C,C,0.15058368,0.07681747,0.77259886
1506,C,C,0.099862844,0.17664191,0.7234953
1507,C,C,0.026525438,0.056542326,0.9169323
1508,C,C,0.05928979,0.07305713,0.8676531
1509,C,C,0.06607268,0.06991201,0.8640153
1510,A,A,0.7694027,0.073443525,0.1571538
1511,B,B,0.1516918,0.7941436,0.05416459
1512,C,C,0.12540026,0.09691909,0.77768064
1513,B,B,0.050495286,0.8286595,0.12084517
1514,C,C,0.036955696,0.041517176,0.92152715
1515,B,B,0.3985097,0.51596934,0.08552102
1516,B,B,0.18030125,0.7768272,0.042871576
1517,C,C,0.052967537,0.037337508,0.9096949
1518,B,C,0.084719084,0.413782,0.5014989
1519,B,B,0.37953994,0.5394169,0.08104311
1520,C,C,0.07179811,0.05970237,0.8684996
1521,B,B,0.070679344,0.81795925,0.11136144
1522,A,A,0.82126904,0.08960114,0.08912978
1523,B,B,0.2452441,0.57115155,0.18360439
1524,C,C,0.056306016,0.124559574,0.8191344
1525,A,B,0.2925066,0.5382597,0.16923364
1526,A,A,0.8894117,0.060629673,0.04995867
1527,C,C,0.1313779,0.13502876,0.7335934
1528,C,C,0.12543036,0.097136684,0.7774329
1529,B,B,0.068837754,0.90135723,0.029805027
1530,C,C,0.118738845,0.037925735,0.8433354
1531,B,B,0.33359557,0.5982121,0.0681923
1532,C,B,0.05692733,0.53237563,0.41069698
1533,B,B,0.14951126,0.81371,0.03677867
1534,B,B,0.12032018,0.5980391,0.28164074
1535,B,B,0.08966074,0.8508173,0.059521936
1536,B,A,0.47970065,0.20955822,0.31074116
1537,C,C,0.047361515,0.093285725,0.85935277
1538,B,B,0.04537313,0.7121591,0.24246776
1539,C,C,0.10324046,0.03475714,0.8620025
1540,A,A,0.8388474,0.03853057,0.122622006
1541,B,B,0.09619752,0.77383363,0.12996887
1542,B,B,0.12597612,0.814545,0.059478804
1543,B,B,0.028647501,0.9585495,0.01280299
1544,B,A,0.7623841,0.07689287,0.16072294
1545,C,C,0.10952782,0.032204285,0.85826796
1546,B,B,0.022657076,0.9041016,0.073241375
1547,C,C,0.036991067,0.113936424,0.8490725
1548,C,C,0.34914276,0.051429123,0.5994281
1549,B,B,0.04245505,0.9080534,0.04949156
1550,A,A,0.78086376,0.051889777,0.16724645
1551,A,A,0.5248567,0.09349144,0.38165185
1552,C,C,0.36105108,0.07342036,0.56552863
1553,B,B,0.03737918,0.857896,0.10472484
1554,C,C,0.032906253,0.014169235,0.95292455
1555,B,B,0.09197812,0.57177687,0.33624497
1556,C,C,0.030081132,0.05955954,0.9103593
1557,A,A,0.9459399,0.021077694,0.032982465
1558,A,A,0.7417602,0.07489137,0.18334848
1559,C,C,0.06810535,0.12858541,0.8033092
1560,B,B,0.16942136,0.6907844,0.13979423
1561,A,A,0.66290176,0.25863537,0.07846293
1562,C,C,0.18407738,0.14467174,0.67125094
1563,A,A,0.8898649,0.04154748,0.068587646
1564,B,B,0.040007666,0.76209617,0.19789617
1565,A,B,0.42303213,0.43522528,0.14174248
1566,A,A,0.8402881,0.028311567,0.13140033
1567,A,A,0.43843243,0.28549775,0.2760699
1568,A,A,0.86911434,0.052794743,0.0780909
1569,A,A,0.9073375,0.03147856,0.061183956
1570,A,A,0.87754333,0.0685701,0.053886518
1571,A,A,0.7924874,0.042204484,0.16530819
1572,A,A,0.7890924,0.05852194,0.1523857
1573,B,B,0.042888667,0.5964926,0.36061877
1574,C,C,0.043807343,0.047977284,0.9082154
1575,B,C,0.052074507,0.42301372,0.5249118
1576,B,B,0.046130095,0.8293513,0.12451865
1577,A,A,0.5050056,0.0665684,0.428426
1578,B,B,0.015474751,0.96287274,0.021652492
1579,C,C,0.21028268,0.23170368,0.5580136
1580,A,A,0.74774873,0.060786862,0.19146442
1581,C,C,0.016583793,0.11402128,0.8693949
1582,A,A,0.83257824,0.05971494,0.107706815
1583,B,C,0.12359988,0.36492917,0.5114709
1584,A,A,0.94302857,0.032198045,0.024773387
1585,C,C,0.06285344,0.045750774,0.89139587
1586,C,C,0.045507852,0.062195025,0.8922971
1587,B,B,0.02652436,0.72894466,0.24453098
1588,B,B,0.02435027,0.9027926,0.07285715
1589,A,A,0.66987306,0.07887476,0.25125214
1590,A,A,0.796851,0.06677193,0.13637711
1591,C,C,0.29720116,0.10168645,0.6011123
1592,C,C,0.2553195,0.10678831,0.63789225
1593,B,B,0.025003053,0.73068726,0.24430977
1594,A,B,0.37417215,0.49327627,0.13255152
1595,B,B,0.14088154,0.8124706,0.046647806
1596,A,A,0.6958929,0.11626438,0.1878427
1597,A,A,0.49442416,0.043614868,0.46196094
1598,B,B,0.0544084,0.8547344,0.0908571
1599,C,C,0.15585016,0.049556643,0.7945932
1600,A,A,0.89716065,0.023043249,0.07979611
1601,A,A,0.95296186,0.020574898,0.026463186
1602,A,A,0.9283367,0.018791772,0.052871525
1603,B,C,0.054406326,0.12476558,0.820828
1604,B,B,0.024649926,0.95654285,0.018807229
1605,C,C,0.038805086,0.07661409,0.8845808
1606,B,A,0.66050595,0.14034191,0.19915213
1607,C,C,0.07708893,0.042533286,0.88037777
1608,A,A,0.7600021,0.10161448,0.1383835
1609,C,C,0.049387597,0.03280169,0.9178107
1610,A,A,0.8860174,0.042176645,0.07180592
1611,B,B,0.24301797,0.4517242,0.3052578
1612,A,A,0.7368849,0.044174824,0.21894023
1613,B,B,0.081401624,0.8141513,0.104447015
1614,A,A,0.9043199,0.020670747,0.075009346
1615,A,B,0.3424732,0.4755417,0.18198505
1616,A,A,0.91203403,0.02606611,0.061899822
1617,C,A,0.73026407,0.08632932,0.18340673
1618,B,B,0.09006156,0.8474499,0.062488586
1619,A,A,0.8445129,0.04221587,0.1132713
1620,B,B,0.038963705,0.9366598,0.024376526
1621,C,C,0.15358484,0.032843966,0.81357116
1622,A,A,0.54635745,0.121810414,0.33183217
1623,A,A,0.74467796,0.035122328,0.2201997
1624,C,C,0.44780838,0.10328898,0.44890255
1625,A,A,0.75109535,0.04178046,0.20712417
1626,A,A,0.8231517,0.09800408,0.0788442
1627,A,A,0.8928146,0.0322452,0.074940264
1628,A,B,0.120613985,0.83577335,0.043612584
1629,B,B,0.28141427,0.6139369,0.104648784
1630,A,A,0.5201683,0.057621915,0.4222098
1631,B,B,0.15794498,0.6926982,0.14935686
1632,A,A,0.593565,0.16063055,0.24580449
1633,A,A,0.88601196,0.0453962,0.06859187
1634,A,A,0.7625196,0.12444857,0.113031805
1635,A,A,0.600748,0.04145548,0.3577966
1636,B,B,0.11521435,0.77718043,0.10760531
1637,C,C,0.14364612,0.073129,0.7832249
1638,B,B,0.29219446,0.5082576,0.19954789
1639,C,B,0.20996374,0.45167834,0.33835796
1640,A,A,0.8511795,0.07292783,0.075892694
1641,A,C,0.18229917,0.05850628,0.75919455
1642,B,B,0.19178355,0.74128634,0.066930085
1643,C,C,0.32696098,0.23430985,0.43872914
1644,C,C,0.40427968,0.040931575,0.55478877
1645,C,C,0.42221937,0.065317854,0.5124628
1646,B,B,0.3997236,0.5214105,0.07886593
1647,B,B,0.43558198,0.4738788,0.09053926
1648,C,C,0.08081627,0.14025794,0.77892584
1649,A,A,0.76799315,0.05961771,0.17238912
1650,B,B,0.09821321,0.7038696,0.19791716
1651,C,C,0.09780033,0.023889676,0.87831
1652,C,C,0.0320874,0.026844181,0.9410685
1653,B,A,0.42847043,0.39838848,0.1731411
1654,A,A,0.8412561,0.049785078,0.10895881
1655,A,A,0.8240047,0.07738693,0.09860826
1656,A,A,0.47746894,0.42971012,0.09282089
1657,B,B,0.21272828,0.6467325,0.14053926
1658,C,C,0.24003798,0.020006279,0.7399557
1659,C,C,0.19255835,0.04941151,0.7580302
1660,B,B,0.10284869,0.82593143,0.07121994
1661,A,A,0.82023644,0.02992158,0.149842
1662,A,A,0.8458572,0.041274168,0.112868614
1663,C,C,0.20043354,0.051462173,0.7481043
1664,A,A,0.8840035,0.026342103,0.08965437
1665,C,C,0.29212913,0.23300761,0.4748633
1666,C,B,0.099533506,0.70592195,0.19454458
1667,A,A,0.86640066,0.054710492,0.078888915
1668,C,C,0.13311988,0.028836135,0.838044
1669,A,A,0.84303254,0.052123606,0.1048438
1670,A,C,0.40993774,0.17115414,0.41890815
1671,C,B,0.14879769,0.78712535,0.064077035
1672,B,B,0.29845327,0.36213133,0.33941537
1673,B,B,0.070785426,0.8077336,0.121481046
1674,A,A,0.7604286,0.06915539,0.17041604
1675,B,B,0.051317602,0.9175832,0.031099146
1676,B,B,0.046813104,0.93855715,0.014629705
1677,B,B,0.09474555,0.8194328,0.08582164
1678,C,C,0.018670041,0.014361116,0.9669688
1679,B,B,0.18699092,0.6572806,0.15572843
1680,B,B,0.23084417,0.6940203,0.07513556
1681,B,B,0.034614574,0.8498586,0.11552693
1682,B,B,0.018158386,0.9129418,0.06889974
1683,A,A,0.698525,0.20309895,0.09837593
1684,B,B,0.008173703,0.97008353,0.021742895
1685,A,A,0.7535956,0.08332143,0.16308294
1686,C,A,0.65533197,0.034067288,0.31060082
1687,A,A,0.722508,0.051955573,0.22553639
1688,C,C,0.23907043,0.18537453,0.575555
1689,A,A,0.72617286,0.06157177,0.21225534
1690,B,B,0.0499934,0.71391475,0.23609194
1691,B,C,0.13823983,0.40653315,0.45522705
1692,C,C,0.16560604,0.08591144,0.7484826
1693,A,A,0.58804125,0.31501192,0.09694678
1694,A,A,0.7178456,0.101307906,0.18084648
1695,A,A,0.8671011,0.058092248,0.074806616
1696,B,B,0.1648746,0.6697033,0.16542202
1697,A,A,0.66893554,0.24819766,0.08286683
1698,B,C,0.1692727,0.39575344,0.4349739
1699,A,A,0.8201067,0.11383058,0.066062786
1700,C,C,0.24146761,0.21180527,0.54672706
1701,B,B,0.07865615,0.8485985,0.07274537
1702,A,A,0.87540007,0.07036315,0.054236792
1703,C,C,0.101178885,0.03823662,0.86058456
1704,C,C,0.041049715,0.087685816,0.8712645
1705,C,A,0.5882562,0.10757396,0.30416986
1706,A,A,0.7854427,0.06723826,0.14731912
1707,A,A,0.71135926,0.022247773,0.26639295
1708,B,B,0.05772344,0.9319017,0.010374929
1709,B,B,0.04905312,0.9210452,0.029901708
1710,B,B,0.19973749,0.6482438,0.15201865
1711,C,C,0.20667818,0.10047298,0.69284886
1712,A,A,0.9381605,0.02327351,0.038566045
1713,A,B,0.3526893,0.57257706,0.074733734
1714,C,C,0.2898901,0.039273318,0.6708366
1715,A,A,0.7203243,0.10015139,0.17952429
1716,B,B,0.10123586,0.80422693,0.09453719
1717,B,B,0.01335393,0.8668148,0.119831234
1718,A,B,0.42945874,0.4295464,0.14099489
1719,B,B,0.03144112,0.9324182,0.03614054
1720,B,B,0.058467064,0.87676907,0.06476389
1721,C,C,0.24261382,0.048649717,0.7087365
1722,B,B,0.031927694,0.9296548,0.038417514
1723,C,C,0.06509849,0.06632716,0.8685744
1724,A,C,0.42407,0.04875548,0.5271745
1725,B,B,0.23909377,0.49772474,0.26318145
1726,C,C,0.055713076,0.08169771,0.86258924
1727,A,A,0.67114717,0.19586366,0.1329892
1728,B,B,0.092748284,0.82188517,0.08536646
1729,C,C,0.22928923,0.09612517,0.6745856
1730,C,C,0.124200806,0.12845694,0.7473422
1731,C,C,0.062400933,0.042225856,0.89537317
1732,A,A,0.81387055,0.06155847,0.12457103
1733,B,B,0.07653058,0.704442,0.2190275
1734,A,A,0.835802,0.040387057,0.12381092
1735,B,B,0.03040785,0.87478364,0.09480849
1736,B,B,0.017549422,0.9434367,0.0390139
1737,B,B,0.067565784,0.9030646,0.029369578
1738,A,A,0.9018267,0.04060514,0.05756812
1739,A,A,0.7057406,0.13586825,0.15839121
1740,C,C,0.037650302,0.15566312,0.8066866
1741,C,C,0.21110031,0.028124249,0.76077545
1742,A,B,0.4395267,0.5210272,0.03944607
1743,C,C,0.056693573,0.062040765,0.8812657
1744,B,B,0.16790245,0.78285307,0.04924453
1745,C,C,0.03092323,0.052735984,0.9163408
1746,A,A,0.8514313,0.024278363,0.124290355
1747,C,C,0.07659169,0.065299414,0.8581089
1748,C,C,0.038408425,0.028783334,0.9328082
1749,A,A,0.83070296,0.08842102,0.080876015
1750,A,A,0.9418017,0.021043677,0.037154526
1751,B,B,0.063765034,0.57677215,0.35946277
1752,C,C,0.09812121,0.03927915,0.8625996
1753,C,C,0.06471645,0.040127598,0.895156
1754,A,A,0.95917434,0.02205152,0.01877413
1755,C,C,0.07215112,0.07158955,0.8562593
1756,C,C,0.024209497,0.25058696,0.7252036
1757,B,B,0.2490265,0.58295894,0.16801454
1758,B,C,0.103529945,0.28470045,0.6117696
1759,B,B,0.020478435,0.86310434,0.11641721
1760,C,C,0.06972514,0.2489713,0.68130356
1761,A,A,0.8651021,0.048517372,0.086380444
1762,A,A,0.55868644,0.107461534,0.33385202
1763,B,B,0.07896242,0.77515376,0.14588375
1764,B,B,0.30817404,0.50620687,0.18561915
1765,B,B,0.090986006,0.7748808,0.13413319
1766,A,C,0.1133204,0.31348023,0.5731994
1767,B,B,0.05802625,0.6529616,0.2890122
1768,A,A,0.8714487,0.029639244,0.09891202
1769,B,B,0.06520326,0.8062041,0.12859274
1770,B,B,0.025381267,0.9512629,0.023355827
1771,A,A,0.6055762,0.04459728,0.34982646
1772,C,C,0.050631773,0.08232029,0.8670479
1773,A,A,0.8826109,0.058220353,0.0591687
1774,B,B,0.05008904,0.9078062,0.04210469
1775,C,C,0.33068433,0.03319063,0.63612497
1776,C,B,0.012705042,0.71953815,0.26775688
1777,A,A,0.946076,0.018455893,0.03546807
1778,A,A,0.78720886,0.066081114,0.14671
1779,C,C,0.2669562,0.0779703,0.6550735
1780,C,A,0.50592273,0.065421365,0.42865583
1781,A,A,0.8558499,0.04714347,0.09700665
1782,C,C,0.02744962,0.054797895,0.91775244
1783,A,A,0.6783147,0.14702214,0.17466311
1784,B,B,0.12215968,0.75564915,0.12219122
1785,C,C,0.14159182,0.08440462,0.77400357
1786,C,C,0.09448891,0.04007436,0.86543673
1787,A,A,0.54089135,0.07604938,0.3830593
1788,C,C,0.4019121,0.09564042,0.5024475
1789,C,C,0.37293404,0.09684555,0.5302204
1790,B,B,0.041319206,0.6667364,0.29194435
1791,B,B,0.07435992,0.9008,0.024840107
1792,B,B,0.016895127,0.87106884,0.11203606
1793,B,B,0.018391483,0.917686,0.06392255
1794,C,C,0.13001439,0.020520905,0.84946465
1795,B,B,0.26241517,0.5825158,0.15506904
1796,B,B,0.09785207,0.836573,0.06557491
1797,A,A,0.46835724,0.4300367,0.10160601
1798,C,C,0.2988751,0.09524106,0.60588384
1799,B,B,0.09541607,0.6934718,0.2111121
1800,C,C,0.23948447,0.12223417,0.63828135
1801,C,C,0.032791723,0.10642178,0.8607865
1802,B,B,0.07274992,0.6609327,0.26631737
1803,A,A,0.91056705,0.03121845,0.058214515
1804,B,A,0.47632787,0.4211081,0.10256402
1805,A,A,0.8350505,0.030278452,0.13467103
1806,C,A,0.5271536,0.07028932,0.40255708
1807,B,B,0.04841076,0.7351798,0.21640946
1808,A,A,0.89048856,0.045028757,0.06448267
1809,B,B,0.020746898,0.9190446,0.060208533
1810,A,A,0.85401905,0.03738145,0.108599454
1811,A,B,0.27180457,0.65576357,0.07243184
1812,A,A,0.76737577,0.086274505,0.14634976
1813,B,B,0.010605928,0.9764896,0.012904483
1814,B,B,0.17929757,0.5145571,0.3061453
1815,B,B,0.20511377,0.48674664,0.3081396
1816,C,C,0.13624719,0.14284343,0.72090936
1817,C,C,0.21198578,0.15522479,0.6327894
1818,A,A,0.5578173,0.08655838,0.35562438
1819,B,B,0.03936397,0.70865387,0.25198215
1820,A,A,0.9283052,0.029052492,0.042642318
1821,B,B,0.044284023,0.53888357,0.4168323
1822,B,B,0.028268479,0.9083453,0.06338613
1823,A,A,0.4133176,0.22020803,0.36647442
1824,C,C,0.36999947,0.08628168,0.5437188
1825,C,C,0.1155509,0.11645365,0.7679954
1826,C,C,0.20639038,0.0879257,0.705684
1827,A,A,0.89322174,0.021660218,0.08511803
1828,B,B,0.025101881,0.95835483,0.016543275
1829,A,A,0.9667612,0.008048617,0.025190158
1830,B,B,0.042185683,0.93680507,0.021009197
1831,A,A,0.909027,0.01657642,0.074396655
1832,A,A,0.93871194,0.03913168,0.022156417
1833,A,A,0.8260394,0.037850175,0.1361105
1834,C,C,0.103529334,0.044640232,0.8518304
1835,A,A,0.66590387,0.13800101,0.1960951
1836,A,A,0.7124388,0.063413896,0.2241473
1837,C,A,0.52191293,0.05009713,0.42798996
1838,B,B,0.04558155,0.89205116,0.06236724
1839,A,A,0.6888552,0.037285883,0.273859
1840,B,B,0.029973887,0.952051,0.017975027
1841,A,A,0.92552346,0.021112328,0.053364243
1842,B,C,0.09089798,0.34255075,0.56655127
1843,C,C,0.10456622,0.060424108,0.83500975
1844,A,A,0.86992764,0.030994678,0.09907768
1845,B,B,0.20376348,0.75337315,0.042863358
1846,B,C,0.05405045,0.33075708,0.6151925
1847,A,A,0.76727235,0.050163243,0.18256438
1848,A,A,0.879369,0.04333951,0.07729145
1849,A,A,0.8163216,0.046312578,0.13736582
1850,B,B,0.2091203,0.71694124,0.07393848
1851,B,B,0.17190841,0.7126355,0.11545612
1852,B,B,0.27681816,0.5703667,0.15281515
1853,C,C,0.043281853,0.15890472,0.7978135
1854,B,B,0.027741076,0.95020574,0.022053227
1855,C,C,0.09482971,0.06820365,0.83696663
1856,C,C,0.07283022,0.050201647,0.87696815
1857,A,A,0.67693925,0.080013014,0.24304771
1858,A,A,0.9381867,0.02752331,0.034290027
1859,C,C,0.053545255,0.03860423,0.90785056
1860,A,A,0.83282894,0.034080323,0.1330907
1861,C,C,0.16917029,0.039980717,0.790849
1862,B,B,0.0257458,0.9446571,0.029597139
1863,A,C,0.129194,0.044883963,0.825922
1864,B,B,0.14316085,0.5719976,0.28484148
1865,A,A,0.6256189,0.07078758,0.30359352
1866,A,A,0.9351886,0.029832937,0.034978542
1867,A,A,0.60927534,0.06597064,0.32475403
1868,B,B,0.018877085,0.9364547,0.044668127
1869,A,A,0.85299647,0.016653888,0.13034965
1870,B,B,0.014340329,0.9688127,0.016846957
1871,B,B,0.018261617,0.868041,0.11369743
1872,A,A,0.85168856,0.022936799,0.12537469
1873,A,A,0.88970834,0.06690447,0.043387245
1874,C,C,0.102676235,0.05188557,0.84543824
1875,C,C,0.061568506,0.034694035,0.9037375
1876,B,B,0.08967857,0.79304254,0.1172789
1877,C,C,0.2123896,0.07371805,0.71389234
1878,B,C,0.1561733,0.06555902,0.7782677
1879,A,A,0.8740843,0.015301484,0.11061419
1880,B,B,0.04192532,0.9280853,0.029989352
1881,C,A,0.48282042,0.048581004,0.46859854
1882,C,C,0.06116287,0.057189245,0.8816479
1883,C,C,0.06766243,0.040195808,0.89214176
1884,C,C,0.070504606,0.069251865,0.86024356
1885,C,C,0.12196282,0.04767913,0.8303581
1886,A,A,0.93837553,0.022094738,0.039529685
1887,B,B,0.08870314,0.65313363,0.2581632
1888,C,B,0.2402723,0.41699615,0.34273157
1889,C,C,0.1858604,0.042437658,0.771702
1890,A,A,0.72699064,0.0659471,0.20706232
1891,A,A,0.9354927,0.025341472,0.0391659
1892,A,A,0.8663923,0.050103657,0.083503984
1893,A,A,0.9039937,0.056906242,0.039100025
1894,C,C,0.05629689,0.42444876,0.5192543
1895,B,B,0.11091648,0.841324,0.047759548
1896,B,B,0.0987881,0.5803065,0.32090545
1897,A,A,0.9105469,0.049047925,0.04040529
1898,C,C,0.042978548,0.052570477,0.90445095
1899,A,A,0.91638845,0.021792902,0.061818622
1900,A,A,0.88149595,0.023047255,0.095456794
1901,A,A,0.8909538,0.03895566,0.07009045
1902,A,A,0.5290847,0.04274349,0.42817184
1903,B,B,0.030697322,0.8838302,0.085472584
1904,A,A,0.53725266,0.121581815,0.34116554
1905,C,C,0.065781616,0.06161022,0.8726081
1906,C,C,0.040111564,0.2601191,0.6997693
1907,B,C,0.05350783,0.30349532,0.6429969
1908,C,A,0.71563476,0.046687268,0.23767798
1909,A,A,0.6911434,0.12959902,0.17925754
1910,B,B,0.10106466,0.6951293,0.20380601
1911,B,B,0.09851556,0.5862012,0.31528327
1912,A,A,0.7102289,0.05206056,0.23771057
1913,B,A,0.44065472,0.32444602,0.2348993
1914,A,A,0.8963961,0.030062068,0.07354188
1915,A,A,0.75681907,0.081358925,0.161822
1916,C,C,0.11052422,0.09513074,0.7943451
1917,A,A,0.8538977,0.034832545,0.111269705
1918,B,C,0.18704797,0.39997056,0.41298148
1919,B,B,0.043123566,0.7658434,0.19103304
1920,C,C,0.07825674,0.05704699,0.86469626
1921,B,B,0.10702862,0.80142826,0.09154313
1922,B,B,0.022314044,0.9077012,0.06998482
1923,A,A,0.82277447,0.097140916,0.08008453
1924,A,A,0.88024825,0.015804248,0.10394745
1925,A,A,0.823929,0.080432706,0.095638245
1926,B,C,0.3336913,0.2882063,0.37810245
1927,A,A,0.8054665,0.071857266,0.1226763
1928,A,A,0.8978195,0.021200515,0.08097996
1929,A,A,0.83287275,0.0150902895,0.1520369
1930,C,C,0.036738545,0.36555043,0.597711
1931,A,A,0.7481344,0.054093555,0.19777209
1932,C,C,0.099958666,0.37166274,0.52837855
1933,C,C,0.2252875,0.051816337,0.7228961
1934,B,B,0.1538216,0.79450375,0.05167472
1935,B,B,0.10193462,0.7218945,0.1761709
1936,C,C,0.02221788,0.048463687,0.9293184
1937,C,C,0.026605766,0.060062107,0.91333216
1938,C,C,0.0925323,0.09459055,0.8128772
1939,C,C,0.22666354,0.10477115,0.66856533
1940,A,A,0.7804375,0.1198819,0.099680535
1941,B,B,0.022948097,0.9498936,0.027158301
1942,B,B,0.049195908,0.9171559,0.033648137
1943,A,A,0.7673762,0.15019989,0.082423955
1944,A,A,0.735606,0.13925128,0.12514266
1945,B,B,0.083989896,0.8527843,0.06322577
1946,B,B,0.091531165,0.72510767,0.1833611
1947,C,C,0.03657455,0.077230014,0.8861954
1948,C,A,0.5518167,0.077645935,0.3705374
1949,A,A,0.9074784,0.019023558,0.073498
1950,A,A,0.6758456,0.2384073,0.08574706
1951,A,A,0.8601905,0.031593543,0.108215965
1952,B,B,0.0635516,0.9207522,0.015696218
1953,C,C,0.08488135,0.033699322,0.88141936
1954,A,A,0.7513413,0.042289417,0.20636925
1955,C,C,0.06439268,0.045736935,0.8898704
1956,C,C,0.057838038,0.05072552,0.89143646
1957,A,A,0.61356866,0.16395283,0.22247851
1958,B,B,0.070651434,0.76626235,0.16308618
1959,B,B,0.031264115,0.8212815,0.14745438
1960,C,C,0.04278501,0.09820953,0.8590055
1961,C,C,0.02589235,0.0901304,0.88397723
1962,B,B,0.17624976,0.6496346,0.1741156
1963,C,C,0.25134817,0.027730683,0.7209212
1964,A,A,0.7061406,0.2537882,0.040071215
1965,C,C,0.17893927,0.08388849,0.73717225
1966,C,A,0.589214,0.14378966,0.26699623
1967,B,B,0.110316485,0.8106554,0.079028025
1968,C,C,0.22438607,0.07304377,0.7025702
1969,A,A,0.5739964,0.201716,0.22428763
1970,C,C,0.31872806,0.06659889,0.6146731
1971,C,C,0.058423456,0.021673592,0.919903
1972,C,C,0.042863123,0.05830026,0.89883655
1973,B,B,0.12906982,0.77239865,0.09853155
1974,C,C,0.14912753,0.15145573,0.69941676
1975,C,C,0.09853746,0.0505922,0.8508703
1976,C,C,0.042234167,0.069053516,0.88871235
1977,B,B,0.21198432,0.6583435,0.12967218
1978,A,A,0.6431775,0.08213106,0.27469143
1979,B,B,0.291318,0.5674175,0.14126451
1980,A,A,0.447825,0.42891157,0.12326334
1981,B,B,0.09397338,0.8839246,0.02210195
1982,C,B,0.35413516,0.49067113,0.15519373
1983,A,A,0.83182734,0.048280682,0.119891964
1984,A,A,0.9389036,0.027469693,0.033626683
1985,A,C,0.17969082,0.38871148,0.4315977
1986,A,A,0.6585063,0.20960422,0.13188955
1987,B,B,0.050508227,0.85176045,0.09773131
1988,C,C,0.034609646,0.05363851,0.9117518
1989,A,A,0.8815294,0.03825787,0.08021274
1990,A,A,0.8851888,0.046100672,0.06871047
1991,B,B,0.06698822,0.6349486,0.2980632
1992,C,C,0.31966072,0.07280473,0.6075346
1993,A,A,0.8173136,0.13685562,0.0458307
1994,C,C,0.03499591,0.019915259,0.9450888
1995,A,A,0.5430643,0.037372354,0.41956332
1996,A,A,0.7089379,0.1269121,0.16414998
1997,B,B,0.024272878,0.92554677,0.050180398
1998,C,C,0.13371675,0.07365455,0.79262865
1999,A,A,0.8837409,0.04285225,0.07340686
2000,C,C,0.04805051,0.044102017,0.9078475
2001,C,C,0.024146218,0.13267565,0.84317815
2002,A,A,0.837872,0.080160454,0.08196755
2003,C,C,0.1339874,0.14363071,0.7223819
2004,B,B,0.085343175,0.46082613,0.45383072
2005,C,C,0.24073069,0.17867343,0.58059585
2006,C,C,0.30443844,0.07957078,0.61599076
2007,A,A,0.66558176,0.0360975,0.29832068
2008,A,A,0.5783041,0.3467745,0.074921414
2009,B,B,0.08077673,0.8010388,0.11818445
2010,C,C,0.36488444,0.24907781,0.38603774
2011,B,B,0.11709608,0.740246,0.14265798
2012,A,A,0.86790097,0.06550879,0.06659033
2013,C,C,0.17969197,0.04074059,0.7795674
2014,A,A,0.8682004,0.031399738,0.100399874
2015,A,A,0.72949564,0.048088126,0.22241628
2016,C,C,0.30486357,0.07459545,0.620541
2017,A,A,0.8925448,0.052318025,0.055137224
2018,B,B,0.04882825,0.7026869,0.24848486
2019,A,C,0.23488176,0.17304862,0.5920696
2020,B,B,0.016725823,0.9521848,0.03108941
2021,B,B,0.08537705,0.7373175,0.17730545
2022,B,B,0.03438112,0.8677057,0.09791324
2023,B,B,0.09977594,0.83813155,0.062092472
2024,A,A,0.79986435,0.053769182,0.14636649
2025,B,B,0.030633342,0.89045066,0.07891599
2026,B,C,0.14954104,0.20563939,0.64481956
2027,C,A,0.513312,0.047134373,0.4395536
2028,B,B,0.18282369,0.62343544,0.19374089
2029,B,C,0.061028205,0.086259454,0.85271233
2030,B,C,0.20866631,0.16832587,0.6230078
2031,C,C,0.031929348,0.04284613,0.9252245
2032,C,C,0.0397663,0.048786044,0.91144764
2033,C,C,0.08016473,0.024538478,0.8952968
2034,C,C,0.09123709,0.050953787,0.8578091
2035,A,A,0.7468771,0.07045145,0.18267146
2036,B,B,0.03450599,0.8084226,0.15707134
2037,A,A,0.69199336,0.072683886,0.23532276
2038,A,A,0.49384785,0.14125118,0.36490104
2039,C,C,0.16408871,0.035308216,0.8006031
2040,C,C,0.11093674,0.053093635,0.8359696
2041,A,A,0.84060794,0.11211071,0.047281355
2042,A,C,0.30226684,0.07604048,0.62169266
2043,C,C,0.37399086,0.07175437,0.5542548
2044,B,A,0.48920673,0.3668589,0.14393443
2045,B,B,0.30288914,0.35217988,0.34493092
2046,B,B,0.265813,0.40331483,0.3308722
2047,A,C,0.34636307,0.029578514,0.6240584
2048,A,A,0.67911553,0.14602646,0.17485806
2049,A,A,0.5152629,0.09104808,0.39368907
2050,A,A,0.7392904,0.04346207,0.21724747
2051,A,A,0.77015424,0.05841114,0.17143463
2052,A,A,0.8501839,0.079890884,0.0699252
2053,C,C,0.22488718,0.211376,0.5637368
2054,A,A,0.8897773,0.016655259,0.09356743
2055,C,C,0.044885926,0.092855826,0.86225826
2056,B,B,0.03679458,0.48221344,0.48099202
2057,C,C,0.01930962,0.025411358,0.95527905
2058,C,C,0.28707638,0.04429853,0.6686251
2059,A,A,0.5396089,0.33988157,0.120509565
2060,C,C,0.025894698,0.12462357,0.8494817
2061,C,A,0.6270674,0.2572035,0.11572903
2062,A,A,0.9508027,0.014506431,0.034690898
2063,C,C,0.08841863,0.05973411,0.8518473
2064,C,C,0.08499367,0.057012375,0.85799396
2065,B,B,0.016503172,0.9627211,0.020775706
2066,B,B,0.04558592,0.5063551,0.44805902
2067,C,C,0.04200219,0.1136284,0.8443695
2068,A,A,0.68979543,0.048805103,0.26139942
2069,C,C,0.21109422,0.043064978,0.7458408
2070,A,C,0.16576986,0.111817904,0.7224123
2071,C,C,0.05029171,0.05188416,0.89782417
2072,A,A,0.74051094,0.05327067,0.2062184
2073,B,A,0.46080953,0.24411373,0.29507673
2074,A,A,0.81538695,0.04027518,0.14433794
2075,C,C,0.1929008,0.28978682,0.5173124
2076,A,A,0.8647306,0.02550608,0.10976333
2077,A,A,0.8375054,0.10008084,0.062413786
2078,B,A,0.56524414,0.38934383,0.045412004
2079,B,B,0.06350587,0.91183394,0.024660097
2080,A,A,0.9516448,0.01419537,0.03415987
2081,A,A,0.7794365,0.047618322,0.17294513
2082,B,C,0.06709737,0.33049247,0.6024102
2083,A,A,0.86929435,0.038111623,0.09259394
2084,B,B,0.10042779,0.8663566,0.033215526
2085,B,B,0.3182364,0.61905015,0.062713414
2086,C,C,0.032582033,0.075840145,0.89157784
2087,C,C,0.060133923,0.12473034,0.8151357
2088,A,A,0.9581478,0.013351203,0.02850103
2089,C,C,0.030954814,0.082949586,0.8860955
2090,C,B,0.051620983,0.6970864,0.25129265
2091,A,A,0.89218026,0.053816285,0.054003425
2092,B,B,0.07204833,0.55504763,0.37290406
2093,A,A,0.8267498,0.018587649,0.15466253
2094,B,B,0.0262483,0.87060815,0.1031436
2095,A,B,0.35218182,0.38663444,0.26118374
2096,B,B,0.069961466,0.9072499,0.022788625
2097,B,B,0.1874343,0.4820446,0.33052102
2098,A,A,0.7893091,0.04171699,0.16897391
2099,A,C,0.28716266,0.2678389,0.4449985
2100,A,A,0.8917234,0.042443994,0.06583251
2101,B,B,0.102039225,0.84686315,0.051097643
2102,C,C,0.028608952,0.052807786,0.9185833
2103,A,A,0.89488333,0.013368354,0.09174819
2104,C,C,0.27180865,0.10333461,0.6248567
2105,C,A,0.62643194,0.088940874,0.28462714
2106,A,A,0.8137504,0.14477944,0.04147009
2107,B,B,0.15122674,0.8019802,0.046793044
2108,A,A,0.81943345,0.04266442,0.13790219
2109,C,C,0.17152317,0.20061688,0.62785995
2110,A,A,0.47597203,0.054508813,0.46951914
2111,B,B,0.025059989,0.96053624,0.014403805
2112,C,C,0.43300763,0.0487052,0.5182872
2113,B,B,0.23990488,0.55419177,0.2059033
2114,B,C,0.1511222,0.18878843,0.6600893
2115,B,B,0.10042611,0.6492785,0.25029537
2116,B,B,0.041457307,0.9033773,0.05516534
2117,A,A,0.7215816,0.05432555,0.22409289
2118,C,C,0.07648331,0.03786778,0.8856489
2119,A,A,0.7868724,0.17193463,0.041193005
2120,B,A,0.56877524,0.3147287,0.11649609
2121,A,A,0.6855533,0.16285236,0.15159425
2122,B,B,0.07896324,0.7498182,0.17121854
2123,B,B,0.42671075,0.44964522,0.12364404
2124,B,B,0.22396678,0.5613923,0.21464092
2125,A,A,0.9654596,0.0131269805,0.021413418
2126,A,A,0.8147155,0.042638052,0.14264649
2127,B,B,0.01250532,0.97155166,0.01594305
2128,A,C,0.44120055,0.07190975,0.4868897
2129,A,A,0.9338,0.025202075,0.040997986
2130,A,B,0.29922104,0.4668889,0.23389004
2131,A,A,0.8292717,0.023123419,0.1476049
2132,B,B,0.06438653,0.7275023,0.20811106
2133,A,A,0.8507817,0.040739242,0.108479045
2134,B,B,0.2666851,0.53870535,0.19460951
2135,C,C,0.06080491,0.024235923,0.91495913
2136,C,C,0.41591144,0.08905453,0.4950341
2137,C,A,0.506367,0.2593802,0.23425274
2138,C,C,0.13966478,0.22813946,0.6321958
2139,B,B,0.041349012,0.49864018,0.4600108
2140,A,A,0.6476237,0.064490065,0.28788614
2141,B,B,0.18190709,0.7302101,0.0878828
2142,B,B,0.24539979,0.68697757,0.06762265
2143,B,B,0.14025743,0.74323773,0.11650481
2144,C,C,0.20966502,0.248351,0.54198396
2145,C,C,0.042877812,0.31577075,0.64135146
2146,B,C,0.44886133,0.071073614,0.48006502
2147,B,B,0.029872654,0.9322714,0.03785589
2148,B,B,0.12012933,0.7783898,0.101480946
2149,B,B,0.08002997,0.5803338,0.33963627
2150,C,C,0.08919042,0.060268894,0.8505407
2151,A,B,0.22728938,0.69094926,0.0817613
2152,C,C,0.05168609,0.05628057,0.8920333
2153,C,C,0.07225069,0.07544309,0.8523062
2154,A,A,0.934047,0.030257305,0.035695605
2155,A,B,0.27817762,0.3876958,0.3341266
2156,A,A,0.64971864,0.07981001,0.27047133
2157,B,C,0.18682395,0.3810985,0.43207756
2158,A,A,0.84801567,0.031380035,0.12060432
2159,C,C,0.42306218,0.0661193,0.51081854
2160,C,C,0.13780336,0.045474846,0.81672186
2161,A,A,0.78392655,0.047972,0.16810144
2162,A,A,0.8885226,0.053351,0.05812637
2163,B,B,0.12567356,0.7999922,0.074334174
2164,A,A,0.93280697,0.023424935,0.04376809
2165,A,A,0.812944,0.03792211,0.14913386
2166,C,C,0.11358148,0.079717524,0.806701
2167,A,A,0.7146298,0.17120537,0.11416485
2168,A,A,0.9523174,0.010006418,0.037676092
2169,C,C,0.07555799,0.0740623,0.8503797
2170,C,C,0.11513469,0.03454054,0.8503247
2171,A,A,0.80740815,0.04842915,0.14416276
2172,C,C,0.058931414,0.07650767,0.8645609
2173,B,B,0.2159946,0.6358847,0.14812076
2174,C,C,0.13823484,0.12417767,0.73758745
2175,C,C,0.2062552,0.06867678,0.72506803
2176,C,C,0.034447704,0.10852605,0.8570262
2177,C,C,0.1517124,0.041748792,0.8065388
2178,C,C,0.043104194,0.087980255,0.86891556
2179,B,B,0.08556447,0.8204004,0.09403519
2180,A,A,0.89276904,0.029664708,0.07756624
2181,A,B,0.4605178,0.48012006,0.059362072
2182,B,B,0.12245552,0.83333063,0.044213746
2183,A,A,0.8932466,0.039089203,0.06766429
2184,C,C,0.3156012,0.034158997,0.6502398
2185,B,B,0.14407098,0.7903829,0.06554611
2186,B,B,0.020466464,0.89198405,0.08754943
2187,C,C,0.07960104,0.05520935,0.86518955
2188,B,B,0.06622641,0.72296774,0.21080588
2189,C,C,0.18449548,0.02821393,0.7872906
2190,B,B,0.113267206,0.7396719,0.14706084
2191,A,A,0.78388166,0.07305427,0.14306407
2192,C,C,0.29222348,0.04995953,0.65781695
2193,B,B,0.11301668,0.63049644,0.25648683
2194,B,B,0.053115163,0.9231566,0.023728194
2195,B,B,0.019789966,0.94475245,0.03545759
2196,B,C,0.11575227,0.06339347,0.8208542
2197,C,C,0.12161172,0.18160199,0.6967863
2198,A,A,0.82045037,0.12239654,0.057153076
2199,A,B,0.09622335,0.5286477,0.37512892
2200,A,A,0.8368649,0.023501901,0.13963321
2201,B,B,0.038158316,0.9478766,0.013965088
2202,B,B,0.07113611,0.8493268,0.07953711
2203,C,C,0.13459268,0.13808918,0.7273181
2204,A,C,0.07969639,0.13289316,0.78741044
2205,C,C,0.2906649,0.060314402,0.6490207
2206,C,C,0.05504124,0.14564903,0.79930973
2207,A,A,0.4642824,0.4123185,0.123399064
2208,A,A,0.8437252,0.07476559,0.08150922
2209,C,C,0.091119654,0.061812602,0.8470677
2210,B,B,0.16162649,0.80121815,0.03715539
2211,B,B,0.103751235,0.64396197,0.2522868
2212,A,A,0.9519325,0.009612522,0.03845504
2213,A,A,0.50875723,0.10094769,0.39029503
2214,C,C,0.053161442,0.038537927,0.90830064
2215,A,A,0.82483304,0.026040208,0.1491267
2216,B,B,0.21041824,0.71571213,0.073869534
2217,B,B,0.05536597,0.90541077,0.03922332
2218,A,A,0.82321763,0.048866577,0.12791577
2219,C,C,0.06411601,0.077174924,0.8587091
2220,C,C,0.07517607,0.029860748,0.8949632
2221,B,B,0.056213886,0.86024845,0.0835376
2222,B,B,0.32664403,0.5670102,0.106345706
2223,A,A,0.91694176,0.02455218,0.058505982
2224,A,A,0.6602801,0.08365481,0.25606504
2225,A,A,0.72663444,0.12233562,0.1510299
2226,B,B,0.12041662,0.46056482,0.4190185
2227,A,A,0.7026673,0.062472865,0.23485982
2228,B,B,0.35737625,0.52042985,0.12219385
2229,B,B,0.25784403,0.4810753,0.26108062
2230,A,A,0.90204453,0.047000892,0.050954632
2231,A,C,0.39718366,0.043105856,0.55971044
2232,C,C,0.15193734,0.12354595,0.7245167
2233,C,C,0.10334131,0.04313182,0.8535269
2234,B,B,0.05529063,0.69922876,0.24548066
2235,C,C,0.024750043,0.19388717,0.78136283
2236,A,A,0.7865133,0.032874256,0.18061252
2237,A,A,0.5498287,0.062831946,0.38733935
2238,C,C,0.43423137,0.105305806,0.46046278
2239,C,C,0.10753033,0.05220903,0.8402607
2240,C,C,0.055454716,0.42062297,0.5239223
2241,A,A,0.7274204,0.17877203,0.09380763
2242,C,C,0.039743245,0.25125998,0.7089968
2243,A,A,0.9528614,0.013537686,0.033600975
2244,B,B,0.031994052,0.5575173,0.41048872
2245,B,C,0.075276695,0.27891573,0.6458076
2246,C,C,0.12617081,0.13525797,0.7385712
2247,B,B,0.17963667,0.7730815,0.047281932
2248,B,B,0.054207284,0.51061445,0.43517828
2249,C,C,0.12542813,0.05842662,0.8161453
2250,B,B,0.091376446,0.84141725,0.06720634
2251,A,A,0.9367325,0.021510517,0.041756894
2252,A,A,0.89428455,0.031249695,0.074465774
2253,B,B,0.26393402,0.6309518,0.10511413
2254,B,B,0.1762811,0.69906944,0.12464952
2255,A,A,0.9037693,0.036602788,0.059627846
2256,C,C,0.040908027,0.16858645,0.7905056
2257,C,C,0.1729493,0.07586732,0.75118333
2258,B,B,0.08571219,0.7568963,0.15739143
2259,A,A,0.6352653,0.051547356,0.31318733
2260,B,B,0.2298343,0.6659907,0.10417496
2261,C,C,0.16605237,0.035230983,0.79871666
2262,A,A,0.65820414,0.07761308,0.26418272
2263,C,C,0.15331978,0.06326257,0.7834177
2264,C,C,0.23262328,0.086721264,0.6806555
2265,C,A,0.7447648,0.21129811,0.043937016
2266,B,C,0.048514232,0.4187678,0.53271794
2267,C,A,0.4890093,0.06295089,0.44803983
2268,C,C,0.0765443,0.3122495,0.6112062
2269,A,A,0.7910025,0.07679015,0.1322073
2270,B,B,0.03625207,0.9006661,0.0630818
2271,A,A,0.86717975,0.07165664,0.061163567
2272,A,A,0.92253685,0.024630312,0.05283286
2273,C,C,0.07176819,0.07369772,0.8545341
2274,A,A,0.58624405,0.07047946,0.34327644
2275,B,B,0.046759333,0.77707595,0.17616476
2276,A,A,0.7381769,0.049387995,0.21243508
2277,B,B,0.22306849,0.67603135,0.100900084
2278,A,B,0.26120263,0.6423386,0.09645882
2279,B,B,0.27133793,0.43171373,0.29694834
2280,B,B,0.03318879,0.89066595,0.076145254
2281,C,C,0.07309157,0.018470958,0.9084375
2282,B,B,0.021255156,0.7375338,0.24121098
2283,C,C,0.058211874,0.03454642,0.9072417
2284,C,C,0.34518752,0.029585058,0.62522745
2285,B,B,0.12168665,0.6651171,0.21319628
2286,B,C,0.046065766,0.2692522,0.6846821
2287,A,A,0.9066159,0.042902917,0.050481204
2288,B,B,0.30264187,0.4881741,0.20918398
2289,A,C,0.42368326,0.0932581,0.48305863
2290,C,C,0.27504358,0.04491975,0.68003666
2291,C,C,0.05270997,0.05978182,0.8875082
2292,B,B,0.024075141,0.9241463,0.051778518
2293,C,C,0.03519666,0.04040867,0.92439467
2294,A,B,0.34166232,0.54909766,0.10924008
2295,C,C,0.04321677,0.03409536,0.9226878
2296,A,A,0.9279533,0.043768264,0.028278435
2297,A,A,0.78145695,0.18466127,0.033881824
2298,A,A,0.7795848,0.04503289,0.17538229
2299,B,B,0.24048321,0.54226506,0.21725182
2300,A,A,0.8657068,0.05347426,0.08081897
2301,B,B,0.13256614,0.68629426,0.18113963
2302,B,B,0.0430161,0.9291701,0.027813865
2303,C,C,0.27131993,0.10229588,0.6263842
2304,B,B,0.25869057,0.69915056,0.042158827
2305,C,C,0.05264118,0.13692245,0.81043637
2306,C,C,0.040000584,0.06323917,0.8967602
2307,B,B,0.36043134,0.3882624,0.2513062
2308,A,A,0.5375011,0.25476155,0.20773731
2309,C,C,0.11961155,0.08822324,0.7921652
2310,C,C,0.10886282,0.059617817,0.8315194
2311,B,B,0.2017977,0.7522525,0.045949817
2312,B,B,0.10345873,0.80961555,0.086925775
2313,C,C,0.32453668,0.20992048,0.46554282
2314,C,C,0.09697242,0.03858083,0.86444676
2315,A,A,0.5180743,0.36297643,0.11894924
2316,C,C,0.09921233,0.06481511,0.8359725
2317,A,A,0.49798837,0.39584398,0.10616763
2318,A,A,0.9102084,0.035141777,0.054649726
2319,B,B,0.12145581,0.701927,0.17661726
2320,C,C,0.04871366,0.03467684,0.91660947
2321,C,B,0.22653238,0.6306494,0.14281824
2322,C,C,0.22970836,0.053671543,0.71662
2323,A,A,0.83322966,0.103581786,0.06318853
2324,A,A,0.65540034,0.23402289,0.11057684
2325,B,B,0.12250805,0.4718687,0.4056233
2326,B,B,0.03033375,0.92175955,0.047906753
2327,B,B,0.16127272,0.61782235,0.22090486
2328,A,A,0.83076054,0.035617594,0.13362189
2329,A,A,0.7582045,0.09184802,0.14994754
2330,A,A,0.82025754,0.020708567,0.15903394
2331,C,C,0.033880908,0.16148673,0.80463237
2332,A,A,0.94515705,0.012933988,0.041908976
2333,A,A,0.8296822,0.0284507,0.14186712
2334,A,A,0.60498464,0.08309978,0.31191558
2335,C,C,0.028975897,0.12971334,0.8413107
2336,A,A,0.701481,0.039851017,0.25866798
2337,C,C,0.13730912,0.07636215,0.7863287
2338,C,C,0.2921413,0.027484473,0.68037426
2339,C,C,0.17577511,0.061616566,0.76260835
2340,C,C,0.28396165,0.19664061,0.5193978
2341,B,C,0.032549497,0.2638581,0.70359236
2342,B,B,0.08053432,0.8283111,0.091154635
2343,A,B,0.27705976,0.67795855,0.044981714
2344,B,C,0.33506343,0.2905192,0.37441733
2345,B,B,0.106951125,0.6161291,0.2769198
2346,B,B,0.033075415,0.7145055,0.2524191
2347,B,B,0.20018947,0.692111,0.10769946
2348,C,C,0.10377444,0.12972267,0.7665029
2349,C,C,0.1851673,0.115264945,0.69956774
2350,A,A,0.693751,0.15372515,0.15252383
2351,A,C,0.3218996,0.071448974,0.6066514
2352,A,A,0.78543675,0.10038083,0.114182375
2353,B,B,0.13124134,0.5831249,0.28563383
2354,B,C,0.12163095,0.29926094,0.5791081
2355,B,B,0.09283664,0.6920973,0.21506613
2356,A,A,0.84102947,0.072955504,0.08601495
2357,B,B,0.063801214,0.5916594,0.3445394
2358,A,A,0.8874352,0.008371953,0.10419282
2359,B,B,0.06415628,0.9210799,0.014763885
2360,B,B,0.07217997,0.8892745,0.038545575
2361,B,B,0.20293072,0.5398464,0.2572229
2362,B,B,0.09532225,0.5963311,0.30834663
2363,A,A,0.8850219,0.047652464,0.06732556
2364,A,A,0.9555124,0.023580344,0.020907162
2365,C,C,0.28370613,0.13663417,0.57965964
2366,B,B,0.07333767,0.5864317,0.34023064
2367,B,B,0.051848996,0.8884348,0.05971613
2368,C,C,0.037003163,0.034853987,0.92814285
2369,A,A,0.88541806,0.028559662,0.086022384
2370,A,A,0.6296902,0.16022512,0.21008462
2371,C,A,0.5795726,0.016478177,0.4039491
2372,A,A,0.46533567,0.3264049,0.20825951
2373,A,A,0.8713033,0.0654003,0.063296296
2374,B,B,0.12378059,0.5681448,0.30807453
2375,A,A,0.5406747,0.065484494,0.3938408
2376,A,A,0.8813082,0.054010488,0.06468136
2377,A,A,0.81020254,0.057368033,0.13242948
2378,B,A,0.4786909,0.47233364,0.048975408
2379,B,B,0.4330833,0.45953918,0.107377514
2380,B,B,0.071634546,0.893995,0.034370534
2381,C,C,0.037879586,0.029557707,0.93256277
2382,C,A,0.5028779,0.045936454,0.4511857
2383,C,C,0.084616624,0.112616174,0.8027673
2384,A,A,0.8248204,0.056071978,0.119107656
2385,C,C,0.06267158,0.19156064,0.7457678
2386,C,C,0.06022501,0.04486375,0.8949112
2387,A,B,0.36996755,0.5324221,0.09761026
2388,A,A,0.69784427,0.09242602,0.20972966
2389,A,A,0.9046163,0.0125854965,0.082798205
2390,A,A,0.6613514,0.12818034,0.21046826
2391,C,C,0.04219899,0.037863728,0.91993725
2392,B,B,0.16086848,0.79123616,0.04789535
2393,C,C,0.2353212,0.09541749,0.6692613
2394,B,B,0.02610067,0.7247036,0.24919574
2395,C,C,0.107475996,0.036333695,0.85619026
2396,A,A,0.7776601,0.05682089,0.16551907
2397,B,B,0.3351741,0.47281495,0.19201098
2398,A,A,0.8125492,0.035614375,0.15183647
2399,B,B,0.25548083,0.57552946,0.1689897
2400,A,A,0.9402082,0.03291715,0.02687467
2401,A,C,0.30805922,0.076805376,0.61513543
2402,C,C,0.15669629,0.10952052,0.7337832
2403,B,C,0.030545602,0.20920675,0.7602477
2404,C,C,0.28563917,0.059171647,0.6551892
2405,A,A,0.5383209,0.36099815,0.10068098
2406,B,B,0.08480883,0.8726994,0.042491853
2407,B,B,0.045800537,0.89738953,0.05680995
2408,A,A,0.92294925,0.016585099,0.060465656
2409,C,A,0.69934285,0.02521864,0.2754385
2410,A,A,0.6644147,0.2959502,0.039635118
2411,C,C,0.062383078,0.2759556,0.6616613
2412,A,A,0.8604543,0.05137429,0.08817137
2413,C,C,0.10243458,0.043620132,0.85394526
2414,A,A,0.76976055,0.05054772,0.1796917
2415,C,C,0.25776935,0.0994305,0.6428002
2416,B,B,0.23159568,0.3988687,0.3695356
2417,A,A,0.932717,0.016390963,0.05089199
2418,A,A,0.82892513,0.062727354,0.10834753
2419,C,C,0.06889671,0.061366625,0.8697366
2420,A,A,0.77448857,0.09057843,0.13493308
2421,B,B,0.16405495,0.7886482,0.047296893
2422,A,A,0.8316869,0.040007617,0.12830548
2423,B,B,0.015632065,0.9303388,0.05402918
2424,A,A,0.90959156,0.050056502,0.040351864
2425,B,B,0.07772179,0.8415423,0.08073601
2426,A,A,0.5484543,0.23636845,0.21517733
2427,C,C,0.022496637,0.117414504,0.8600888
2428,B,C,0.2770431,0.26298785,0.45996904
2429,A,A,0.705141,0.15750259,0.13735634
2430,B,B,0.046980202,0.86043227,0.092587546
2431,B,B,0.24000973,0.59721386,0.16277641
2432,A,A,0.8609215,0.09710303,0.04197553
2433,A,A,0.6520137,0.050290845,0.29769537
2434,B,B,0.39760035,0.55991346,0.042486146
2435,A,A,0.40523893,0.2867406,0.30802047
2436,C,C,0.41486117,0.13003501,0.45510384
2437,A,A,0.7753485,0.15310968,0.07154175
2438,A,A,0.83616644,0.043573163,0.12026039
2439,B,A,0.48630103,0.36873862,0.14496039
2440,A,A,0.5026451,0.07607832,0.42127663
2441,B,B,0.17020488,0.53283435,0.29696083
2442,C,C,0.17728406,0.091870114,0.73084587
2443,A,A,0.81609535,0.038547147,0.14535752
2444,C,C,0.14915901,0.024202995,0.826638
2445,C,C,0.156055,0.027529882,0.8164151
2446,A,A,0.72158414,0.1499609,0.12845498
2447,B,B,0.12038885,0.8025237,0.0770875
2448,A,A,0.8948065,0.03811769,0.06707576
2449,A,A,0.74016774,0.023729827,0.23610243
2450,B,B,0.07388397,0.81452876,0.11158722
2451,C,C,0.1809756,0.030499173,0.7885252
2452,C,C,0.054985605,0.05345338,0.8915611
2453,A,A,0.9404023,0.03548288,0.024114693
2454,C,C,0.0394735,0.103261605,0.8572649
2455,A,A,0.87259924,0.051721662,0.0756791
2456,A,A,0.7387061,0.06960111,0.19169271
2457,A,A,0.9351577,0.02857583,0.03626644
2458,B,B,0.06905321,0.5582993,0.37264752
2459,A,A,0.81756574,0.043724313,0.13870995
2460,B,C,0.09367344,0.43111095,0.47521564
2461,C,C,0.25563586,0.046771962,0.69759226
2462,C,C,0.039021797,0.02562589,0.9353523
2463,B,C,0.26210457,0.20900095,0.5288945
2464,C,C,0.11719136,0.14954713,0.7332615
2465,C,C,0.14517966,0.09426001,0.76056033
2466,C,C,0.048764817,0.09215748,0.85907763
2467,C,C,0.046812713,0.051003046,0.9021842
2468,C,A,0.6016186,0.045784716,0.35259667
2469,B,A,0.4873459,0.28164986,0.23100425
2470,C,C,0.0726942,0.039071217,0.88823456
2471,A,A,0.89344376,0.06467624,0.041879956
2472,C,C,0.14525925,0.07663674,0.778104
2473,C,C,0.18552814,0.09671787,0.717754
2474,A,A,0.64924777,0.07962349,0.2711288
2475,C,C,0.14104193,0.03444854,0.82450956
2476,A,A,0.8962923,0.05694163,0.04676606
2477,C,C,0.21405587,0.07577898,0.7101651
2478,B,B,0.01836327,0.9555333,0.026103396
2479,A,C,0.34295508,0.026628299,0.6304166
2480,A,A,0.77558714,0.0811922,0.14322059
2481,B,B,0.109927125,0.7153274,0.17474544
2482,A,B,0.11217042,0.56963974,0.31818986
2483,C,C,0.050981466,0.14078748,0.80823106
2484,B,B,0.2283455,0.4626613,0.3089932
2485,B,B,0.2817411,0.5733566,0.14490226
2486,A,A,0.9007665,0.04167466,0.057558887
2487,B,B,0.030343985,0.8526984,0.11695759
2488,B,B,0.077942066,0.8290789,0.09297897
2489,C,C,0.20132795,0.15361172,0.64506036
2490,C,C,0.1931833,0.094205916,0.71261084
2491,A,A,0.7259708,0.05594307,0.21808614
2492,C,C,0.2061055,0.068323806,0.7255707
2493,C,A,0.7176743,0.112763956,0.16956174
2494,B,B,0.05872884,0.83875203,0.102519125
2495,C,C,0.3431253,0.18101214,0.4758625
2496,B,B,0.05429799,0.7112247,0.2344773
2497,C,C,0.030610522,0.03922913,0.9301603
2498,A,A,0.79455733,0.08575006,0.11969259
2499,B,B,0.03378065,0.9352981,0.030921299
2500,B,B,0.029211987,0.9420671,0.028720915
2501,B,C,0.09430832,0.30720794,0.5984837
2502,A,A,0.73381233,0.03439806,0.23178965
2503,B,B,0.060581762,0.57455957,0.3648586
2504,A,A,0.86532015,0.019668518,0.1150114
2505,C,C,0.116361395,0.05706281,0.8265758
2506,B,B,0.01775934,0.9201847,0.062056024
2507,B,B,0.15716061,0.7191328,0.12370654
2508,A,A,0.8122722,0.03000096,0.1577268
2509,B,B,0.0121292,0.9303227,0.057548035
2510,A,A,0.81777257,0.025915498,0.15631196
2511,B,B,0.029275168,0.63524735,0.3354775
2512,B,B,0.04003626,0.94623,0.013733724
2513,C,C,0.10141953,0.1441703,0.75441015
2514,C,C,0.05570046,0.096654385,0.8476451
2515,B,A,0.82922274,0.10602171,0.06475551
2516,C,C,0.08987488,0.07192186,0.8382033
2517,B,B,0.031200938,0.7273281,0.24147095
2518,B,B,0.06130187,0.87261486,0.06608326
2519,A,A,0.8524035,0.041217398,0.106379054
2520,A,C,0.24283434,0.3700887,0.38707697
2521,A,A,0.82452136,0.047318235,0.12816031
2522,B,B,0.25536618,0.6837656,0.060868286
2523,A,A,0.9114594,0.038693637,0.04984692
2524,C,C,0.09024832,0.085947685,0.82380396
2525,C,C,0.3104408,0.04531527,0.6442439
2526,A,A,0.5888626,0.11552778,0.2956096
2527,C,C,0.03487353,0.025537923,0.93958855
2528,A,A,0.7351158,0.097047,0.1678372
2529,C,C,0.4087692,0.059936643,0.53129417
2530,A,C,0.26966158,0.029484801,0.7008536
2531,B,B,0.091261946,0.8589086,0.049829505
2532,A,A,0.8274229,0.09383989,0.078737214
2533,B,C,0.2422288,0.29709587,0.46067536
2534,B,B,0.049511,0.642752,0.30773696
2535,B,B,0.021530028,0.91064453,0.067825384
2536,C,C,0.22125337,0.06785965,0.710887
2537,B,A,0.45714384,0.25723776,0.2856183
2538,B,B,0.19903411,0.41232538,0.38864052
2539,C,C,0.116220206,0.080368064,0.8034117
2540,B,B,0.0789767,0.8793904,0.04163285
2541,C,A,0.5230557,0.07847859,0.39846578
2542,C,C,0.026698112,0.05852388,0.91477805
2543,A,A,0.84229946,0.056047443,0.10165314
2544,B,A,0.50024074,0.20870052,0.2910587
2545,A,A,0.5659867,0.052410007,0.38160324
2546,B,B,0.042927824,0.9443161,0.012756099
2547,B,B,0.05710515,0.9134725,0.029422363
2548,B,B,0.04427272,0.92869055,0.027036773
2549,A,A,0.81796914,0.07572862,0.10630228
2550,C,C,0.08901494,0.048014097,0.862971
2551,B,B,0.14906253,0.77864254,0.072295025
2552,C,A,0.52782786,0.031990435,0.44018164
2553,C,C,0.0496542,0.0593511,0.89099467
2554,C,C,0.1053868,0.031564515,0.8630487
2555,A,C,0.47096527,0.0435579,0.4854768
2556,A,A,0.5006205,0.38308287,0.116296664
2557,C,C,0.22272818,0.10161503,0.67565686
2558,C,C,0.16642632,0.040867914,0.79270583
2559,A,A,0.74772817,0.15856694,0.09370494
2560,C,C,0.18606652,0.15598613,0.65794736
2561,B,B,0.3748362,0.45172086,0.173443
2562,B,B,0.106400006,0.766282,0.12731804
2563,A,A,0.68883616,0.042218104,0.2689457
2564,B,B,0.20378818,0.54813766,0.24807422
2565,A,A,0.77670234,0.020585073,0.20271261
2566,B,B,0.15212986,0.814962,0.03290812
2567,A,A,0.641381,0.096486434,0.2621325
2568,B,B,0.06439733,0.8950051,0.040597662
2569,A,A,0.9498843,0.019808756,0.030306889
2570,A,A,0.7530251,0.09362202,0.1533528
2571,B,B,0.04294906,0.9248333,0.032217696
2572,B,B,0.06073605,0.5256074,0.41365656
2573,A,A,0.60981065,0.053522274,0.33666706
2574,C,C,0.1649762,0.036760643,0.7982632
2575,B,B,0.024317235,0.93774843,0.03793437
2576,C,C,0.27449527,0.13385816,0.5916465
2577,C,C,0.22452298,0.141347,0.63413
2578,C,C,0.0684088,0.19658844,0.7350027
2579,A,A,0.84622073,0.054747317,0.09903187
2580,A,A,0.64828396,0.088198096,0.26351792
2581,C,C,0.044803474,0.28055397,0.67464256
2582,A,A,0.85541075,0.016306225,0.12828301
2583,A,A,0.9112775,0.026173024,0.062549494
2584,C,C,0.19305131,0.109045535,0.69790316
2585,C,C,0.05747837,0.10859383,0.8339278
2586,C,C,0.09071894,0.059525423,0.8497556
2587,A,A,0.83097696,0.031585243,0.13743779
2588,B,B,0.04894075,0.6750225,0.27603686
2589,A,A,0.8439708,0.05801822,0.09801099
2590,B,C,0.07529464,0.36193424,0.5627711
2591,B,B,0.060335357,0.6618632,0.27780145
2592,C,C,0.14348346,0.18715651,0.66936004
2593,B,A,0.57701665,0.09486019,0.32812312
2594,A,C,0.28017616,0.2061425,0.51368135
2595,B,B,0.20882328,0.7437753,0.04740142
2596,C,C,0.01211871,0.098608576,0.8892727
2597,A,A,0.84827244,0.040162966,0.11156452
2598,A,A,0.96392703,0.011728681,0.024344323
2599,C,C,0.035078302,0.06781687,0.8971048
2600,B,B,0.06871123,0.605148,0.3261407
2601,C,C,0.07416474,0.17620626,0.749629
2602,C,C,0.14742246,0.057582367,0.7949952
2603,B,B,0.14415677,0.5880431,0.26780012
2604,C,C,0.060736984,0.021990903,0.91727215
2605,A,A,0.9070444,0.04935874,0.043596774
2606,C,C,0.1578431,0.40208653,0.44007042
2607,A,A,0.97113335,0.007943715,0.020922955
2608,A,A,0.74794555,0.06535647,0.18669797
2609,B,B,0.367402,0.46223283,0.17036517
2610,B,B,0.087048784,0.73456156,0.17838964
2611,A,A,0.87454027,0.02519065,0.10026909
2612,C,C,0.23230483,0.06984141,0.6978538
2613,A,A,0.92223346,0.018478855,0.059287637
2614,A,A,0.6464039,0.04405984,0.30953622
2615,A,A,0.5498263,0.04514291,0.40503073
2616,B,B,0.2627553,0.6116909,0.12555376
2617,A,A,0.9719582,0.008851143,0.019190652
2618,A,B,0.2298599,0.71230656,0.057833478
2619,C,C,0.28006738,0.12839589,0.5915367
2620,B,B,0.04092836,0.83824736,0.12082423
2621,A,A,0.7099928,0.081914775,0.20809238
2622,A,A,0.8429847,0.034411635,0.122603625
2623,A,A,0.8421841,0.045529887,0.11228599
2624,A,A,0.9293374,0.015437851,0.055224717
2625,B,B,0.16682771,0.79842055,0.034751706
2626,A,A,0.72789055,0.028613834,0.24349564
2627,A,A,0.7178491,0.06372123,0.21842958
2628,C,C,0.0722318,0.07062291,0.85714525
2629,A,A,0.91979855,0.025089072,0.05511232
2630,B,B,0.08172309,0.6720118,0.24626517
2631,B,B,0.07378093,0.9007865,0.025432473
2632,B,B,0.03786749,0.7367563,0.22537617
2633,C,C,0.0462333,0.05819212,0.89557457
2634,A,A,0.8930504,0.04496927,0.06198027
2635,B,B,0.12560691,0.8067041,0.06768894
2636,A,A,0.88423103,0.022331573,0.093437366
2637,B,C,0.21818839,0.3852979,0.39651373
2638,A,A,0.8159287,0.035255447,0.14881586
2639,A,A,0.9034532,0.046015847,0.05053104
2640,C,C,0.09608334,0.030915173,0.87300146
2641,B,B,0.1398973,0.45909336,0.40100938
2642,B,B,0.10319463,0.67373365,0.22307168
2643,C,C,0.0768225,0.104702115,0.81847537
2644,A,A,0.83535546,0.07356346,0.09108111
2645,B,C,0.062778294,0.12271097,0.81451076
2646,A,A,0.8185073,0.039589904,0.14190276
2647,A,A,0.53244966,0.27199146,0.19555882
2648,A,A,0.85029006,0.03781467,0.11189521
2649,A,A,0.9115185,0.014017135,0.07446443
2650,A,A,0.9109665,0.029586537,0.059446935
2651,A,A,0.9534326,0.016865347,0.029701998
2652,C,C,0.033777736,0.039000504,0.9272218
2653,B,B,0.14751364,0.6825861,0.16990024
2654,B,C,0.05765124,0.41672716,0.5256216
2655,C,C,0.0669892,0.13876785,0.7942429
2656,B,C,0.26363662,0.34629646,0.3900669
2657,C,C,0.33409208,0.03294029,0.63296765
2658,B,C,0.081524424,0.38333794,0.5351376
2659,C,C,0.04282163,0.030158928,0.9270194
2660,A,A,0.7235914,0.02913213,0.24727654
2661,B,B,0.097594984,0.6478997,0.25450534
2662,A,B,0.2189135,0.5135219,0.26756456
2663,B,B,0.061278746,0.85228384,0.08643743
2664,B,B,0.024204178,0.92546445,0.05033136
2665,A,A,0.78636074,0.07587683,0.13776243
2666,A,A,0.9169554,0.02602062,0.057023928
2667,C,C,0.060462248,0.11376673,0.82577103
2668,B,B,0.04830778,0.8397823,0.111909896
2669,A,C,0.45819578,0.07607219,0.4657321
2670,C,C,0.10285537,0.06563862,0.8315061
2671,A,A,0.71910834,0.073468655,0.20742303
2672,A,A,0.83050287,0.037077926,0.13241918
2673,C,C,0.06593924,0.051568527,0.8824923
2674,C,C,0.09022027,0.095716216,0.81406355
2675,A,A,0.7735421,0.06859552,0.15786229
2676,B,C,0.18268505,0.3831359,0.43417907
2677,A,A,0.8722547,0.03780845,0.089936756
2678,C,C,0.3437695,0.053369556,0.6028609
2679,B,B,0.10562787,0.6474641,0.24690801
2680,C,C,0.17290853,0.08771866,0.7393728
2681,B,C,0.11497931,0.40139908,0.48362172
2682,C,C,0.107480824,0.038638983,0.8538802
2683,A,A,0.7750074,0.04971024,0.17528239
2684,C,C,0.03815815,0.054275546,0.9075663
2685,B,B,0.096931525,0.81736314,0.085705355
2686,C,C,0.0873678,0.05919884,0.8534334
2687,A,A,0.8851769,0.053895634,0.060927514
2688,B,B,0.07014905,0.8982964,0.031554606
2689,A,A,0.8650094,0.014575528,0.1204151
2690,A,A,0.81202066,0.12153315,0.06644622
2691,A,A,0.8907232,0.023507873,0.085768916
2692,B,B,0.07254917,0.81171256,0.11573829
2693,C,C,0.081280775,0.041882724,0.8768365
2694,C,C,0.09055042,0.077233166,0.8322164
2695,A,A,0.77197313,0.06300239,0.16502455
2696,A,A,0.92484796,0.04699237,0.028159624
2697,C,C,0.031918958,0.061682075,0.90639895
2698,A,A,0.7917523,0.02835544,0.1798923
2699,A,A,0.49787688,0.4673978,0.034725286
2700,C,C,0.391413,0.09755672,0.51103026
2701,C,C,0.08368002,0.1430385,0.77328146
2702,B,B,0.30711693,0.55696183,0.13592121
2703,C,C,0.25321382,0.027186666,0.71959955
2704,C,C,0.04587557,0.08439382,0.8697306
2705,C,C,0.0792854,0.118732266,0.8019823
2706,B,B,0.086783685,0.8398366,0.07337973
2707,A,A,0.8784063,0.059794113,0.06179956
2708,A,A,0.5994814,0.10430472,0.29621392
2709,B,B,0.007702999,0.9383793,0.053917635
2710,C,C,0.12824826,0.05279157,0.81896013
2711,A,A,0.9201478,0.025898123,0.053954028
2712,A,A,0.8911998,0.063070565,0.045729663
2713,C,C,0.1040947,0.048199758,0.8477056
2714,B,B,0.081971295,0.60706234,0.31096646
2715,C,C,0.08476711,0.06633945,0.84889346
2716,B,B,0.14073443,0.54143506,0.31783053
2717,C,A,0.49147055,0.07933027,0.42919922
2718,C,C,0.1001806,0.049049772,0.85076964
2719,A,A,0.93876797,0.022293186,0.038938764
2720,B,B,0.09835042,0.54230154,0.35934806
2721,C,C,0.051238447,0.09791829,0.85084325
2722,A,A,0.8350089,0.024188625,0.14080249
2723,C,C,0.29911065,0.13181688,0.5690725
2724,A,A,0.70464665,0.08146747,0.21388593
2725,B,B,0.023746358,0.89954036,0.07671333
2726,B,B,0.23040462,0.6272771,0.14231837
2727,C,B,0.033104762,0.6190914,0.3478038
2728,C,C,0.0709878,0.113148585,0.81586355
2729,B,B,0.035566892,0.90098006,0.06345307
2730,C,C,0.13616426,0.09945934,0.7643764
2731,B,B,0.18987352,0.6719655,0.13816097
2732,C,C,0.17396681,0.06399601,0.76203716
2733,A,A,0.82261705,0.02617858,0.1512044
2734,C,C,0.08981417,0.046377007,0.8638088
2735,C,C,0.2204103,0.16879411,0.6107956
2736,B,C,0.032725167,0.28032628,0.6869486
2737,B,B,0.03739871,0.87582177,0.086779505
2738,B,B,0.17076387,0.622445,0.20679107
2739,A,A,0.6019889,0.053090412,0.34492067
2740,B,B,0.107395485,0.8185639,0.07404074
2741,B,B,0.07838855,0.47052646,0.45108488
2742,B,B,0.029264186,0.530782,0.4399539
2743,C,C,0.25716096,0.051368404,0.69147056
2744,B,B,0.45470363,0.48886,0.056436446
2745,A,A,0.87144536,0.04980218,0.07875252
2746,A,A,0.7763339,0.061858267,0.16180782
2747,C,C,0.1509056,0.050032493,0.7990619
2748,C,C,0.025262514,0.09042356,0.88431394
2749,A,A,0.6004845,0.03808532,0.36143017
2750,C,C,0.10800551,0.06556498,0.8264295
2751,B,B,0.09726583,0.888682,0.014052196
2752,A,C,0.32225332,0.10568998,0.5720567
2753,B,B,0.087448984,0.7946187,0.11793228
2754,A,C,0.41910803,0.08428526,0.49660665
2755,C,C,0.11265827,0.058737643,0.8286041
2756,A,A,0.8447417,0.06601263,0.089245565
2757,B,B,0.078161426,0.8958915,0.025947198
2758,C,C,0.05020305,0.05227564,0.8975214
2759,A,C,0.100889124,0.21509133,0.68401957
2760,A,A,0.75362855,0.04991669,0.19645473
2761,A,A,0.86735594,0.055816222,0.076827794
2762,A,A,0.6913525,0.057432678,0.25121486
2763,B,B,0.054572713,0.8260361,0.11939118
2764,A,A,0.95080227,0.010220073,0.038977668
2765,C,C,0.24977532,0.0897651,0.6604596
2766,B,C,0.15935251,0.3365669,0.50408053
2767,A,A,0.9007983,0.051052805,0.048148792
2768,B,B,0.13801354,0.79325336,0.06873311
2769,B,B,0.02391775,0.9237376,0.052344624
2770,A,C,0.43159157,0.103111774,0.46529666
2771,C,C,0.047407653,0.057398777,0.8951935
2772,B,A,0.5208609,0.41764018,0.061498936
2773,C,A,0.51495296,0.09926087,0.38578627
2774,A,A,0.63426834,0.049579114,0.3161525
2775,C,C,0.12632877,0.108295485,0.7653758
2776,A,C,0.33824104,0.17181036,0.48994854
2777,B,B,0.118567504,0.6909939,0.19043851
2778,A,A,0.7733915,0.02823835,0.19837008
2779,B,B,0.24358284,0.50205463,0.25436255
2780,B,B,0.13512185,0.8117986,0.053079534
2781,A,A,0.49249598,0.080590785,0.42691332
2782,C,C,0.09852345,0.1256903,0.7757863
2783,B,C,0.119150296,0.38783035,0.49301934
2784,A,A,0.74951375,0.033015106,0.21747118
2785,B,B,0.03536811,0.85561705,0.10901477
2786,C,C,0.3848222,0.102763206,0.51241463
2787,C,C,0.13849805,0.061437495,0.8000644
2788,B,B,0.18640152,0.46224353,0.351355
2789,C,C,0.15305306,0.09540881,0.7515381
2790,B,B,0.10977965,0.67957824,0.21064204
2791,A,A,0.60812736,0.039226692,0.35264596
2792,C,A,0.528333,0.06705621,0.40461078
2793,C,C,0.13957126,0.04240923,0.81801945
2794,A,A,0.88263065,0.030930478,0.08643897
2795,B,B,0.0500062,0.87286955,0.07712423
2796,B,B,0.012290368,0.9413518,0.04635785
2797,C,C,0.08469557,0.07467557,0.8406289
2798,A,A,0.92269796,0.033966243,0.04333584
2799,A,A,0.7659684,0.07782984,0.15620178
2800,B,B,0.045100715,0.9234801,0.031419113
2801,C,C,0.11047026,0.08487463,0.8046551
2802,C,C,0.074214876,0.080760136,0.845025
2803,B,B,0.08374272,0.7249717,0.19128557
2804,A,A,0.75850844,0.13569757,0.10579404
2805,B,B,0.2809466,0.6961447,0.022908624
2806,A,A,0.5639864,0.058117494,0.377896
2807,C,B,0.2103138,0.5563461,0.23334001
2808,B,B,0.18086238,0.7703212,0.04881644
2809,C,C,0.076857336,0.08712647,0.8360162
2810,B,B,0.054029178,0.81349254,0.13247834
2811,B,B,0.28256103,0.6540606,0.06337837
2812,C,C,0.14959554,0.108474255,0.7419301
2813,B,B,0.20112427,0.5740209,0.22485483
2814,B,B,0.19349703,0.7844053,0.022097722
2815,C,C,0.26429507,0.07113909,0.66456586
2816,C,C,0.172716,0.07209977,0.7551842
2817,C,C,0.11388385,0.040738534,0.8453776
2818,B,B,0.18217258,0.70414126,0.11368619
2819,C,C,0.04781671,0.03617125,0.916012
2820,B,B,0.18787447,0.6911745,0.1209511
2821,A,A,0.5701826,0.36987033,0.059947032
2822,A,A,0.6376556,0.041217204,0.3211273
2823,B,B,0.017406547,0.8880768,0.094516665
2824,B,B,0.08619219,0.8440134,0.069794424
2825,C,C,0.056279413,0.20479229,0.73892826
2826,A,A,0.9375671,0.022721464,0.039711375
2827,B,C,0.07793401,0.29118052,0.6308855
2828,A,A,0.86701745,0.10061694,0.032365616
2829,C,C,0.041726165,0.35844973,0.5998241
2830,A,A,0.71733797,0.08664353,0.19601855
2831,B,B,0.24767274,0.6378222,0.11450511
2832,A,A,0.6295782,0.30109107,0.0693308
2833,C,C,0.13369378,0.09223737,0.77406883
2834,C,C,0.16138649,0.11066545,0.72794807
2835,B,B,0.029986763,0.7139323,0.256081
2836,C,A,0.6264606,0.023282994,0.3502564
2837,A,A,0.93611383,0.016754178,0.04713197
2838,C,C,0.071136974,0.03535504,0.893508
2839,C,C,0.057481658,0.091420434,0.8510979
2840,C,C,0.09975063,0.24144459,0.6588048
2841,A,C,0.3124761,0.06331905,0.6242049
2842,C,C,0.011465181,0.04076523,0.9477696
2843,A,A,0.77510387,0.02881564,0.19608055
2844,C,C,0.027109737,0.042035066,0.93085515
2845,B,B,0.021696355,0.96388453,0.014419126
2846,A,A,0.78303117,0.049992695,0.1669762
2847,B,B,0.051423777,0.8132417,0.13533443
2848,C,C,0.29791886,0.04085154,0.6612296
2849,A,A,0.66026944,0.022186184,0.31754437
2850,B,B,0.058656834,0.8799098,0.061433345
2851,B,C,0.12426684,0.38155323,0.49417984
2852,A,B,0.19597855,0.6421439,0.1618776
2853,C,C,0.08966722,0.05952123,0.85081154
2854,B,B,0.108629934,0.7200701,0.17129998
2855,A,A,0.8579235,0.015824422,0.12625211
2856,A,A,0.84316134,0.038841534,0.11799712
2857,B,B,0.05253272,0.89167523,0.05579196
2858,B,B,0.14033407,0.664001,0.19566496
2859,C,C,0.06662396,0.059111774,0.8742643
2860,C,C,0.15656519,0.17467105,0.66876376
2861,B,A,0.40970406,0.35012385,0.2401721
2862,C,C,0.13921553,0.11258118,0.7482033
2863,C,C,0.021178117,0.015549328,0.9632726
2864,B,B,0.032150973,0.9495884,0.018260624
2865,B,B,0.13210094,0.8327766,0.035122447
2866,B,B,0.18244304,0.7746461,0.042910825
2867,A,A,0.8404966,0.01235933,0.14714402
2868,A,A,0.58209515,0.06335792,0.35454693
2869,A,A,0.95443994,0.020638356,0.024921762
2870,B,A,0.6818165,0.21251903,0.105664484
2871,C,C,0.3558906,0.04427078,0.5998387
2872,B,B,0.031180527,0.8920371,0.07678232
2873,B,C,0.11602606,0.31249765,0.5714763
2874,A,A,0.54697347,0.06685709,0.3861694
2875,B,B,0.23523617,0.69838303,0.0663809
2876,C,C,0.07427946,0.073154405,0.8525661
2877,A,A,0.9533864,0.011467399,0.03514617
2878,B,C,0.25390822,0.2496296,0.49646217
2879,B,B,0.009370727,0.9812804,0.009348823
2880,B,B,0.042978156,0.90491945,0.052102383
2881,A,A,0.79627883,0.0756223,0.12809882
2882,B,B,0.04730442,0.91300505,0.039690517
2883,C,C,0.011861252,0.025142714,0.962996
2884,C,C,0.08380301,0.055486474,0.86071044
2885,A,A,0.57701474,0.057162113,0.36582315
2886,B,B,0.36363202,0.59124666,0.045121193
2887,B,B,0.2317547,0.48058373,0.28766152
2888,C,C,0.08720476,0.028144846,0.8846504
2889,A,A,0.5326716,0.0765551,0.39077327
2890,B,B,0.16337645,0.48185423,0.3547693
2891,A,C,0.3543113,0.1528542,0.49283445
2892,C,A,0.67190343,0.0873181,0.24077846
2893,A,C,0.34969243,0.19775325,0.4525543
2894,A,A,0.9081694,0.04108999,0.05074072
2895,B,B,0.021316277,0.92026275,0.058421087
2896,A,A,0.5666935,0.042122465,0.39118406
2897,B,B,0.06533023,0.875596,0.05907385
2898,A,C,0.39921957,0.07714733,0.5236331
2899,A,A,0.5915059,0.087431245,0.32106286
2900,B,B,0.14331794,0.80631953,0.050362565
2901,A,A,0.90569085,0.042310588,0.05199859
2902,A,A,0.924797,0.019055989,0.05614707
2903,C,C,0.059951592,0.11591904,0.82412934
2904,A,A,0.65555835,0.050230287,0.29421136
2905,C,C,0.24244393,0.0534935,0.7040625
2906,C,C,0.056356583,0.023652831,0.91999054
2907,C,C,0.042406555,0.079857655,0.8777358
2908,C,C,0.35881022,0.2238348,0.41735503
2909,C,C,0.12668318,0.045553073,0.82776374
2910,B,B,0.047863495,0.68174624,0.27039018
2911,B,B,0.3174154,0.3727059,0.3098787
2912,C,C,0.0645231,0.07200307,0.8634738
2913,C,C,0.08569372,0.10951608,0.8047902
2914,A,A,0.8068801,0.04312968,0.14999019
2915,A,A,0.67929703,0.1332837,0.18741925
2916,A,A,0.901923,0.020763554,0.077313416
2917,C,C,0.036035698,0.021504246,0.94246006
2918,B,B,0.28205812,0.5993337,0.118608184
2919,A,C,0.3023878,0.076413415,0.6211988
2920,A,A,0.78721863,0.1788539,0.033927467
2921,B,C,0.061025508,0.3777369,0.56123763
2922,C,C,0.11750296,0.06483806,0.81765896
2923,B,B,0.09997023,0.606276,0.2937538
2924,C,A,0.48440734,0.084440514,0.43115216
2925,C,C,0.08663917,0.04971764,0.8636432
2926,B,B,0.016618988,0.92871785,0.054663163
2927,C,C,0.11735593,0.10644542,0.7761987
2928,B,B,0.08692329,0.72904414,0.18403259
2929,A,A,0.86558145,0.03548403,0.09893448
2930,C,C,0.42566356,0.04579395,0.5285425
2931,A,A,0.8484421,0.05755837,0.093999565
2932,B,B,0.055496003,0.57084554,0.3736585
2933,C,C,0.0845746,0.12120119,0.7942242
2934,C,A,0.7970757,0.05749878,0.14542557
2935,A,A,0.84025913,0.03169631,0.12804452
2936,B,B,0.030936593,0.9194066,0.049656764
2937,C,C,0.12833822,0.057553355,0.8141085
2938,C,C,0.095169306,0.050248004,0.8545827
2939,B,B,0.13457276,0.7947739,0.07065343
2940,C,C,0.07097169,0.046655104,0.88237315
2941,C,C,0.30760008,0.07863949,0.6137605
2942,C,C,0.16339156,0.021941915,0.8146665
2943,B,B,0.18945323,0.7819943,0.028552547
2944,C,C,0.038454037,0.09590214,0.8656438
2945,B,B,0.02121227,0.94142133,0.03736642
2946,B,B,0.050290864,0.86723286,0.08247622
2947,A,A,0.8455835,0.02423594,0.13018048
2948,B,B,0.020652467,0.9711638,0.008183675
2949,A,A,0.86924094,0.03217503,0.09858398
2950,A,A,0.86997855,0.043326724,0.086694784
2951,C,C,0.22164153,0.0980722,0.6802863
2952,C,C,0.07372891,0.096186124,0.830085
2953,A,A,0.6369758,0.07620282,0.2868213
2954,A,A,0.91207653,0.03854588,0.049377523
2955,C,C,0.19822913,0.075441726,0.72632915
2956,B,B,0.103618756,0.862119,0.03426224
2957,B,B,0.017680964,0.9489311,0.033387914
2958,A,A,0.9186775,0.020237144,0.06108532
2959,B,B,0.024809567,0.9636313,0.011559203
2960,C,C,0.0543404,0.059099734,0.88655984
2961,C,C,0.26039103,0.062491905,0.6771171
2962,C,C,0.4005146,0.066075504,0.53340983
2963,A,A,0.70978075,0.0350953,0.2551239
2964,B,B,0.030216113,0.929918,0.039865855
2965,C,C,0.06453976,0.041298132,0.8941621
2966,B,B,0.21198994,0.6696397,0.11837038
2967,C,C,0.26096624,0.08777673,0.65125704
2968,A,A,0.89631504,0.0477187,0.055966288
2969,C,C,0.33382002,0.29102919,0.3751508
2970,C,C,0.029840091,0.0780397,0.8921202
2971,B,B,0.18123963,0.73864603,0.08011426
2972,C,C,0.025970496,0.2761721,0.69785744
2973,C,C,0.4100036,0.03930764,0.5506888
2974,A,A,0.77455044,0.08753993,0.13790964
2975,B,A,0.4336009,0.3122419,0.25415722
2976,C,C,0.36403796,0.1232752,0.51268685
2977,A,A,0.71609247,0.064779684,0.21912783
2978,C,A,0.3776886,0.2935553,0.32875606
2979,B,C,0.04205292,0.4575967,0.5003504
2980,B,B,0.04101548,0.50839233,0.45059222
2981,C,C,0.37599555,0.098538116,0.52546626
2982,C,C,0.327956,0.111561365,0.5604826
2983,B,B,0.13330965,0.6652817,0.20140862
2984,B,A,0.46842635,0.2802848,0.25128886
2985,A,A,0.88287354,0.037950564,0.07917581
2986,C,C,0.033995047,0.09714819,0.8688568
2987,C,C,0.05198001,0.074925885,0.87309414
2988,C,C,0.094893485,0.046184298,0.85892224
2989,B,B,0.020768628,0.9228926,0.056338757
2990,B,B,0.03970552,0.86851466,0.091779895
2991,C,A,0.776571,0.024355873,0.19907317
2992,B,B,0.11557925,0.77445614,0.109964505
2993,C,C,0.073407196,0.050271727,0.8763211
2994,C,C,0.01879297,0.035502356,0.9457047
2995,A,A,0.97296673,0.013141121,0.013892072
2996,C,C,0.07884928,0.056888882,0.8642618
2997,A,A,0.49097705,0.17507945,0.3339435
2998,B,B,0.049446218,0.9234628,0.027090903
2999,A,A,0.82774633,0.06195139,0.11030231
3000,C,C,0.02637829,0.09183155,0.88179016
3001,B,B,0.10112416,0.788079,0.11079682
3002,C,C,0.10344971,0.06101149,0.8355388
3003,B,C,0.046597004,0.44338357,0.51001936
3004,C,C,0.1775213,0.058478236,0.7640004
3005,B,B,0.097981595,0.63471335,0.26730508
3006,B,B,0.076839514,0.837475,0.08568537
3007,C,C,0.066160485,0.060872085,0.8729675
3008,A,C,0.39356646,0.124373086,0.48206034
3009,A,A,0.87200177,0.028556218,0.09944209
3010,C,C,0.06948035,0.032575313,0.8979444
3011,C,C,0.1020399,0.2032704,0.6946897
3012,C,C,0.084997684,0.103796296,0.811206
3013,C,C,0.07065874,0.07077818,0.8585631
3014,A,A,0.6568762,0.044094935,0.2990289
3015,C,C,0.021093737,0.03138478,0.9475215
3016,B,B,0.07240077,0.7206438,0.2069555
3017,A,B,0.31044748,0.41014448,0.27940798
3018,A,A,0.85117656,0.073715866,0.07510751
3019,C,C,0.11375316,0.25682184,0.62942505
3020,A,A,0.8768605,0.0585755,0.06456392
3021,A,C,0.3860017,0.14919393,0.4648044
3022,C,C,0.023070933,0.058258306,0.9186708
3023,A,A,0.7880174,0.049711257,0.16227132
3024,A,A,0.9110113,0.052359298,0.03662952
3025,B,B,0.22838372,0.7185958,0.05302043
3026,C,C,0.08211489,0.03720491,0.88068026
3027,C,C,0.21551079,0.38472512,0.3997641
3028,A,B,0.19356638,0.50139797,0.3050356
3029,C,C,0.32134753,0.023679746,0.65497273
3030,A,A,0.79524684,0.05224792,0.15250523
3031,C,C,0.0295398,0.02848313,0.941977
3032,A,A,0.89751655,0.028868856,0.07361461
3033,C,C,0.23199968,0.12167922,0.6463211
3034,A,A,0.81018317,0.076077364,0.1137395
3035,B,B,0.018008992,0.73187715,0.25011387
3036,A,A,0.92993665,0.02587667,0.04418666
3037,A,A,0.834131,0.039317317,0.12655158
3038,C,C,0.4621211,0.035409283,0.5024696
3039,C,C,0.08993242,0.022189159,0.8878784
3040,A,A,0.6146759,0.15539263,0.22993147
3041,C,C,0.052406486,0.025919667,0.92167383
3042,C,C,0.029238021,0.08156241,0.88919955
3043,A,A,0.90902686,0.042081248,0.048891902
3044,A,C,0.41072544,0.04362499,0.5456496
3045,B,B,0.059627887,0.7931354,0.14723668
3046,A,B,0.23896398,0.40538877,0.35564718
3047,B,C,0.07023383,0.06938977,0.8603764
3048,A,A,0.70217675,0.12401579,0.17380743
3049,C,C,0.040149894,0.25563785,0.70421225
3050,B,B,0.01557601,0.95208937,0.032334674
3051,C,C,0.031831607,0.13845596,0.8297124
3052,B,B,0.10609699,0.65745974,0.23644331
3053,A,A,0.70726174,0.047927268,0.24481097
3054,B,B,0.02609649,0.94539565,0.028507896
3055,A,A,0.7439489,0.02554226,0.23050888
3056,A,A,0.88581383,0.04076055,0.07342562
3057,A,A,0.7423939,0.089711346,0.1678947
3058,A,A,0.9196851,0.019851254,0.06046364
3059,B,B,0.40692335,0.4285311,0.16454554
3060,A,A,0.6404792,0.11273079,0.24678995
3061,C,C,0.05407994,0.03825406,0.90766597
3062,A,A,0.9234855,0.035559364,0.04095514
3063,C,C,0.23338278,0.0499069,0.71671027
3064,A,A,0.700678,0.032906845,0.26641512
3065,A,A,0.808574,0.13229753,0.05912842
3066,C,C,0.13239567,0.04912024,0.8184841
3067,A,A,0.44389993,0.3532455,0.20285451
3068,B,B,0.04741659,0.86668056,0.08590282
3069,C,C,0.1144838,0.062973805,0.82254237
3070,C,C,0.37402162,0.1113451,0.51463324
3071,C,C,0.13294522,0.07014552,0.7969093
3072,C,B,0.36751452,0.37807328,0.2544123
3073,C,C,0.3273616,0.16157775,0.5110606
3074,C,C,0.33857176,0.036146298,0.625282
3075,A,A,0.8993358,0.051951915,0.048712194
3076,C,C,0.062064026,0.08037765,0.8575583
3077,C,C,0.11454618,0.3017307,0.5837231
3078,A,A,0.83702564,0.066963196,0.09601116
3079,B,B,0.1089551,0.83847225,0.052572682
3080,A,A,0.776478,0.060563788,0.1629582
3081,A,A,0.616203,0.0876338,0.29616323
3082,C,C,0.04009826,0.11459092,0.84531075
3083,B,B,0.22199751,0.6537973,0.12420514
3084,B,C,0.023210425,0.44381103,0.53297853
3085,C,C,0.16240144,0.10924874,0.72834986
3086,C,C,0.31495583,0.030832028,0.6542122
3087,C,C,0.43564323,0.10083634,0.46352047
3088,A,A,0.7042057,0.08996489,0.20582946
3089,B,B,0.057552747,0.89313227,0.049315087
3090,B,B,0.07052977,0.7782752,0.15119508
3091,C,C,0.088897675,0.17950386,0.7315985
3092,B,C,0.10793478,0.3214455,0.5706197
3093,C,C,0.041067835,0.32966813,0.62926406
3094,C,C,0.3579304,0.05200475,0.5900648
3095,C,C,0.038719196,0.0791196,0.88216114
3096,C,C,0.13231298,0.03088716,0.83679986
3097,C,C,0.0977081,0.17900604,0.72328585
3098,B,C,0.16184795,0.38259357,0.45555848
3099,C,A,0.797033,0.030069146,0.17289786
3100,C,A,0.51191926,0.079725444,0.40835533
3101,C,C,0.2666808,0.041357864,0.6919613
3102,B,B,0.36610502,0.5823448,0.051550146
3103,A,A,0.740304,0.115505055,0.14419091
3104,C,C,0.07432262,0.1262414,0.799436
3105,A,A,0.7597969,0.029651573,0.21055146
3106,A,A,0.8572305,0.04074758,0.102021925
3107,B,B,0.046707056,0.53113824,0.42215464
3108,A,A,0.57133275,0.27899042,0.14967683
3109,A,A,0.91802627,0.022423998,0.059549715
3110,A,B,0.4056609,0.5268854,0.067453675
3111,B,B,0.1476043,0.7945582,0.05783743
3112,B,B,0.030970847,0.93204176,0.036987368
3113,A,B,0.43910939,0.5163386,0.044552036
3114,A,A,0.7632185,0.036582913,0.20019865
3115,B,B,0.04403154,0.9154043,0.040564086
3116,B,B,0.05042077,0.77270895,0.17687029
3117,B,C,0.08366831,0.36586106,0.55047065
3118,C,C,0.18643984,0.07149327,0.7420669
3119,B,B,0.10487417,0.8278059,0.067320004
3120,C,A,0.48647332,0.06409398,0.44943276
3121,B,B,0.32743767,0.6218629,0.050699502
3122,C,C,0.44912955,0.048674088,0.5021964
3123,C,C,0.2908598,0.08527971,0.6238605
3124,A,C,0.04878876,0.2339095,0.7173017
3125,A,A,0.77577376,0.06485382,0.15937237
3126,C,C,0.1847737,0.113326654,0.70189965
3127,B,B,0.17846021,0.7289941,0.09254564
3128,B,A,0.84951776,0.058043204,0.09243902
3129,C,C,0.12679355,0.03426701,0.8389395
3130,C,C,0.10507018,0.073131226,0.8217986
3131,A,A,0.885712,0.036183774,0.078104176
3132,A,A,0.8654716,0.058018878,0.07650941
3133,A,A,0.7524882,0.04222705,0.20528476
3134,B,B,0.0660004,0.8529465,0.08105298
3135,C,C,0.16942437,0.012475119,0.8181005
3136,C,C,0.11362782,0.032909315,0.8534629
3137,C,C,0.102581695,0.4314237,0.46599463
3138,A,A,0.61332434,0.08265977,0.30401587
3139,B,B,0.019839805,0.95132124,0.028839024
3140,A,A,0.75764084,0.18954474,0.052814353
3141,A,A,0.8160169,0.048031356,0.13595167
3142,C,C,0.027025474,0.12570702,0.84726757
3143,B,B,0.058039077,0.91836214,0.02359878
3144,A,A,0.6533696,0.06652308,0.28010735
3145,C,C,0.12792604,0.055535316,0.8165386
3146,B,B,0.057377305,0.8265272,0.116095446
3147,C,B,0.13587251,0.6382463,0.22588111
3148,A,A,0.8659422,0.013608626,0.12044919
3149,C,C,0.06507951,0.06833856,0.8665819
3150,A,A,0.7789799,0.028132608,0.19288749
3151,B,B,0.2863275,0.52065825,0.19301425
3152,B,B,0.13418667,0.50346273,0.36235064
3153,B,B,0.04175553,0.8073652,0.15087938
3154,C,A,0.6337867,0.16282262,0.20339066
3155,B,B,0.08317291,0.6312514,0.28557572
3156,C,C,0.21786113,0.108582914,0.67355597
3157,A,A,0.9020602,0.023544712,0.07439515
3158,C,C,0.14652207,0.044273768,0.8092042
3159,A,A,0.7863852,0.06067405,0.15294084
3160,B,B,0.3647747,0.4524235,0.18280181
3161,B,B,0.22177003,0.7191913,0.05903859
3162,A,A,0.80705523,0.02532084,0.16762389
3163,B,B,0.12051938,0.6303156,0.24916501
3164,B,B,0.13374265,0.7069096,0.1593478
3165,A,A,0.71972126,0.067373306,0.21290548
3166,A,A,0.9499567,0.020134196,0.029909106
3167,B,B,0.01921197,0.93921584,0.041572195
3168,A,A,0.8518761,0.04862978,0.099494055
3169,C,C,0.08807697,0.067770615,0.84415245
3170,C,C,0.10930551,0.09754388,0.7931506
3171,A,A,0.61661184,0.10872447,0.2746638
3172,C,C,0.4342719,0.025134321,0.54059374
3173,C,C,0.040988047,0.0964384,0.86257356
3174,C,C,0.14214078,0.14768477,0.7101745
3175,C,C,0.170798,0.08012634,0.7490757
3176,C,C,0.10941995,0.03298622,0.85759383
3177,A,A,0.81636965,0.034153868,0.1494765
3178,C,C,0.09346004,0.03362274,0.87291723
3179,A,C,0.47274685,0.017969722,0.5092834
3180,B,C,0.16897088,0.17915848,0.6518706
3181,C,C,0.21851555,0.07884823,0.70263624
3182,B,B,0.05011587,0.7728228,0.17706132
3183,B,B,0.031473298,0.86129355,0.107233085
3184,C,C,0.1654007,0.06941813,0.7651812
3185,A,A,0.74103093,0.21333843,0.045630585
3186,B,C,0.05492403,0.38122377,0.5638522
3187,A,A,0.6603251,0.023309682,0.31636518
3188,A,A,0.91737264,0.046612557,0.036014754
3189,B,B,0.036580823,0.8707075,0.092711635
3190,A,A,0.7898881,0.030085914,0.18002602
3191,C,B,0.01471648,0.90813583,0.07714764
3192,A,A,0.7102639,0.14094967,0.14878644
3193,A,A,0.49912992,0.39010727,0.11076282
3194,B,B,0.02838898,0.7591211,0.21248992
3195,A,A,0.8691634,0.05449489,0.07634165
3196,A,A,0.67661226,0.027375342,0.29601237
3197,C,C,0.110021554,0.033934746,0.85604364
3198,A,A,0.5422125,0.08247917,0.37530842
3199,C,C,0.03294674,0.03584788,0.9312054
3200,B,B,0.07928986,0.69752014,0.22319001
3201,C,C,0.06916792,0.057872213,0.87295985
3202,A,A,0.86957085,0.041263174,0.08916599
3203,B,B,0.32516992,0.5045548,0.17027521
3204,B,B,0.05617721,0.8577751,0.08604768
3205,C,C,0.04871349,0.07700368,0.8742828
3206,B,B,0.07424929,0.78787845,0.13787234
3207,B,B,0.08467654,0.7614304,0.15389298
3208,B,A,0.7822036,0.06690118,0.15089524
3209,C,C,0.06438891,0.07792452,0.8576866
3210,C,B,0.13788417,0.7470846,0.115031324
3211,B,B,0.026721055,0.93338674,0.03989216
3212,C,C,0.11316208,0.087856434,0.7989815
3213,A,A,0.42174864,0.3976911,0.1805603
3214,C,C,0.13429731,0.15392347,0.71177924
3215,C,C,0.39370835,0.0683713,0.5379203
3216,B,B,0.07384214,0.77930725,0.1468507
3217,A,A,0.8377994,0.0835574,0.07864315
3218,C,C,0.3341361,0.048263196,0.6176007
3219,A,A,0.8478844,0.020866629,0.13124894
3220,C,C,0.04318949,0.17020206,0.78660846
3221,B,B,0.075645365,0.827103,0.097251624
3222,B,C,0.09328498,0.1606767,0.7460383
3223,A,A,0.5654753,0.063527845,0.37099683
3224,B,B,0.048766658,0.8578726,0.093360744
3225,A,A,0.9042085,0.014273791,0.08151776
3226,B,B,0.1198978,0.7678604,0.11224175
3227,A,A,0.93448436,0.029260369,0.036255304
3228,C,C,0.07021557,0.06220905,0.86757535
3229,A,A,0.8811542,0.056526054,0.06231985
3230,C,C,0.1054431,0.037822407,0.8567345
3231,B,B,0.055292655,0.8636716,0.081035726
3232,A,A,0.7066371,0.0860331,0.20732985
3233,C,C,0.050187737,0.41757748,0.5322348
3234,B,C,0.118813954,0.32161695,0.5595691
3235,C,C,0.038863752,0.39222717,0.5689091
3236,A,A,0.8039604,0.047197912,0.14884166
3237,C,B,0.29418686,0.58816445,0.11764872
3238,C,C,0.09191936,0.0353942,0.8726865
3239,B,C,0.08572243,0.44097707,0.47330046
3240,A,A,0.7084336,0.037825223,0.25374117
3241,C,C,0.27316123,0.06781687,0.6590219
3242,A,B,0.14326467,0.8206624,0.03607297
3243,C,C,0.21605557,0.109224446,0.6747199
3244,C,C,0.07897539,0.052559268,0.8684653
3245,C,C,0.04499718,0.101484925,0.85351795
3246,A,A,0.4957218,0.36629462,0.13798358
3247,A,A,0.9249835,0.025645368,0.04937116
3248,B,B,0.03590641,0.90994537,0.05414824
3249,A,A,0.928469,0.020620426,0.050910603
3250,C,C,0.012067512,0.017902397,0.9700301
3251,B,C,0.22472389,0.3584043,0.41687182
3252,C,A,0.56963533,0.06155217,0.36881256
3253,A,A,0.9043677,0.04353261,0.052099675
3254,B,B,0.06845806,0.8562393,0.075302705
3255,B,B,0.07603258,0.8884797,0.035487723
3256,A,A,0.70113534,0.20555148,0.093313195
3257,A,A,0.8779308,0.028738363,0.09333082
3258,B,B,0.026359113,0.9468081,0.026832713
3259,C,C,0.080012456,0.09047888,0.82950866
3260,A,A,0.925973,0.01473248,0.059294533
3261,B,B,0.05304601,0.8827486,0.06420544
3262,C,C,0.3914459,0.09703797,0.5115161
3263,B,B,0.139444,0.77833164,0.082224354
3264,C,C,0.37093994,0.066337116,0.56272286
3265,A,A,0.93915874,0.021758579,0.03908266
3266,A,A,0.54040134,0.40779686,0.05180175
3267,C,A,0.897019,0.07180225,0.031178655
3268,A,A,0.59328455,0.09366412,0.31305134
3269,A,A,0.62508893,0.29860818,0.07630284
3270,C,C,0.09809851,0.06116094,0.8407405
3271,B,B,0.012242422,0.9493104,0.038447134
3272,B,B,0.037877206,0.8944079,0.06771489
3273,A,A,0.84798086,0.08855021,0.06346899
3274,A,A,0.86178815,0.06387586,0.07433598
3275,C,B,0.060668554,0.47045094,0.46888047
3276,B,B,0.3112438,0.6264163,0.0623399
3277,C,C,0.18661727,0.21997268,0.59341
3278,A,A,0.8631675,0.04931735,0.08751511
3279,C,C,0.18522522,0.1180183,0.6967565
3280,C,C,0.3960086,0.056591526,0.5473998
3281,A,A,0.7467458,0.07848857,0.17476568
3282,A,A,0.8717663,0.051335998,0.07689768
3283,A,A,0.85403955,0.023097241,0.12286326
3284,A,A,0.757255,0.053726498,0.1890185
3285,A,A,0.8040416,0.07815951,0.11779895
3286,A,A,0.6304684,0.06514452,0.30438712
3287,A,A,0.8614077,0.052587867,0.08600442
3288,C,C,0.03357794,0.08166443,0.8847576
3289,A,A,0.8928931,0.03722233,0.06988454
3290,A,A,0.59052014,0.33898634,0.070493445
3291,C,C,0.21147421,0.18724674,0.601279
3292,A,A,0.53429306,0.14776441,0.31794256
3293,B,B,0.10743153,0.6406747,0.25189376
3294,C,A,0.582545,0.09047457,0.3269804
3295,C,C,0.05857399,0.10807818,0.83334786
3296,A,A,0.608894,0.09792127,0.2931848
3297,A,A,0.82070434,0.049823135,0.12947243
3298,B,B,0.09405998,0.563872,0.34206802
3299,A,A,0.8453272,0.09651767,0.058155056
3300,A,A,0.95188665,0.009576393,0.038536888
3301,B,B,0.32309797,0.49463618,0.18226585
3302,A,A,0.6116564,0.15009014,0.23825338
3303,A,A,0.8887329,0.029695213,0.08157194
3304,C,C,0.14079584,0.16629201,0.69291216
3305,C,C,0.08089611,0.02849557,0.8906084
3306,C,C,0.07451539,0.11049209,0.81499255
3307,B,B,0.019024203,0.8979242,0.08305162
3308,A,A,0.74523795,0.08200272,0.17275928
3309,B,B,0.013166562,0.8950782,0.091755286
3310,B,B,0.09790573,0.8446939,0.05740043
3311,C,C,0.3471126,0.042844057,0.6100433
3312,C,C,0.016414287,0.024227645,0.9593581
3313,B,B,0.062415846,0.9214586,0.016125575
3314,A,A,0.8797206,0.04715406,0.07312526
3315,C,C,0.11964847,0.07462449,0.80572706
3316,B,B,0.049287736,0.90368295,0.047029287
3317,A,A,0.50850165,0.05254103,0.43895733
3318,C,C,0.0662758,0.14805123,0.78567296
3319,B,B,0.084068105,0.80867904,0.10725289
3320,B,B,0.025918093,0.9052517,0.06883018
3321,B,B,0.0671607,0.79426324,0.13857597
3322,C,C,0.26147887,0.057087094,0.68143404
3323,B,B,0.047280245,0.92353135,0.029188447
3324,B,B,0.018752547,0.92609894,0.055148505
3325,B,B,0.123805836,0.7632526,0.11294158
3326,B,B,0.08822463,0.8708902,0.040885143
3327,C,C,0.26897416,0.10699367,0.6240322
3328,A,A,0.9330272,0.015556883,0.051415913
3329,A,A,0.86640763,0.09044193,0.043150418
3330,B,B,0.35592353,0.57438624,0.06969013
3331,C,C,0.2911504,0.06303789,0.64581174
3332,A,A,0.9143712,0.03563464,0.04999408
3333,A,A,0.73740804,0.054637585,0.20795439
3334,A,A,0.8070357,0.01728192,0.1756824
3335,B,B,0.1660219,0.7946772,0.039300915
3336,B,A,0.68100995,0.121841684,0.19714844
3337,B,B,0.24441989,0.5844897,0.17109038
3338,C,A,0.72600216,0.02915034,0.24484754
3339,C,C,0.042856142,0.043970484,0.9131734
3340,B,B,0.34647804,0.59854484,0.05497709
3341,B,B,0.043152377,0.5391294,0.41771823
3342,A,A,0.9102039,0.022100216,0.067695916
3343,B,B,0.019317122,0.86560166,0.11508113
3344,C,C,0.17052124,0.04255179,0.7869269
3345,C,C,0.09808694,0.036557566,0.8653555
3346,A,A,0.7244207,0.09408541,0.18149385
3347,B,B,0.14492558,0.79033256,0.06474189
3348,C,C,0.09223632,0.071542814,0.83622086
3349,A,A,0.84390056,0.0149517255,0.14114773
3350,B,B,0.311789,0.63714135,0.051069688
3351,A,A,0.93044835,0.026546126,0.04300553
3352,A,A,0.9034131,0.019869924,0.07671697
3353,C,C,0.07995872,0.19309054,0.7269508
3354,C,C,0.09126515,0.05472939,0.85400546
3355,B,B,0.039467774,0.87487376,0.08565846
3356,C,C,0.049626775,0.061562188,0.888811
3357,A,C,0.43661293,0.06727367,0.49611336
3358,A,A,0.76640123,0.15135531,0.08224347
3359,A,A,0.9428311,0.017230684,0.039938204
3360,A,A,0.78680396,0.06629975,0.1468963
3361,B,B,0.03530196,0.5862226,0.37847552
3362,B,B,0.035785057,0.5984742,0.3657407
3363,B,A,0.60289294,0.21425325,0.18285383
3364,C,C,0.050152976,0.11299895,0.8368481
3365,A,A,0.86299425,0.046699744,0.09030603
3366,A,A,0.7602847,0.06720494,0.17251039
3367,C,C,0.23230228,0.04838542,0.7193123
3368,A,A,0.6590159,0.061162513,0.27982157
3369,C,B,0.087058805,0.48061973,0.43232146
3370,A,A,0.8167512,0.031131571,0.15211725
3371,C,C,0.13281505,0.03884207,0.82834285
3372,C,C,0.029008374,0.10206071,0.86893094
3373,B,B,0.2496939,0.66091955,0.08938653
3374,A,A,0.69958556,0.13662009,0.16379434
3375,B,B,0.096989974,0.83904254,0.06396742
3376,C,C,0.08563102,0.13859236,0.77577657
3377,A,A,0.68485624,0.025215209,0.28992862
3378,C,C,0.14821392,0.07497906,0.77680707
3379,B,B,0.06755867,0.71294105,0.21950024
3380,C,C,0.049503535,0.04297804,0.9075184
3381,B,B,0.23282683,0.68529457,0.08187857
3382,B,B,0.16317268,0.78186476,0.054962523
3383,C,C,0.2713322,0.030294355,0.69837344
3384,C,C,0.084191374,0.08728976,0.82851887
3385,B,B,0.124383524,0.8292778,0.046338636
3386,C,C,0.052741967,0.06075652,0.8865015
3387,C,C,0.19846617,0.02762746,0.77390635
3388,B,C,0.06615774,0.44752672,0.48631564
3389,C,C,0.08524561,0.051867433,0.86288697
3390,C,C,0.06117144,0.17885023,0.7599784
3391,C,C,0.090721145,0.09475011,0.8145287
3392,C,C,0.13403662,0.06883789,0.7971255
3393,C,A,0.6146919,0.0435659,0.34174222
3394,A,A,0.8122419,0.02302657,0.16473152
3395,C,C,0.025601963,0.095399104,0.878999
3396,C,C,0.16565545,0.10213506,0.7322095
3397,C,C,0.048755627,0.13022247,0.821022
3398,A,A,0.85450876,0.06625487,0.079236366
3399,A,A,0.47125593,0.18041538,0.34832874
3400,C,C,0.089223124,0.082167745,0.82860917
3401,C,C,0.0361169,0.03310455,0.9307785
3402,A,A,0.48246786,0.052026853,0.46550533
3403,A,A,0.9215405,0.04440838,0.034051146
3404,C,C,0.1118344,0.026618656,0.861547
3405,B,B,0.15496746,0.7888522,0.05618034
3406,A,A,0.8058841,0.03903728,0.15507858
3407,B,B,0.07200462,0.5900298,0.3379656
3408,A,A,0.84953666,0.026286684,0.12417669
3409,C,C,0.034209985,0.03721496,0.9285751
3410,A,A,0.8352145,0.0710143,0.09377125
3411,C,C,0.19339891,0.055092044,0.7515091
3412,C,A,0.7204546,0.033441983,0.24610338
3413,C,C,0.058460593,0.057622977,0.8839164
3414,C,C,0.05886446,0.1868707,0.7542649
3415,B,B,0.038046494,0.93418294,0.027770607
3416,B,B,0.033576712,0.8662096,0.10021364
3417,B,B,0.1732266,0.45809588,0.36867744
3418,B,B,0.1472859,0.7824671,0.070247
3419,A,A,0.73663175,0.21057904,0.05278916
3420,B,B,0.21393189,0.73333,0.05273811
3421,B,B,0.071224056,0.9153277,0.013448205
3422,B,B,0.07829049,0.80466425,0.117045246
3423,C,C,0.03846908,0.05187876,0.90965223
3424,A,A,0.7643912,0.028085183,0.20752358
3425,B,B,0.08928013,0.847695,0.06302487
3426,A,A,0.89600134,0.022776738,0.081221916
3427,C,C,0.25207928,0.16551583,0.58240485
3428,C,C,0.096778095,0.060351856,0.84287
3429,B,B,0.025132792,0.7466578,0.22820939
3430,C,C,0.073382914,0.07682388,0.8497932
3431,A,A,0.9193135,0.029357437,0.051329043
3432,A,A,0.57255954,0.17712148,0.25031903
3433,B,B,0.12241714,0.8094161,0.06816672
3434,C,C,0.03385231,0.026168268,0.9399795
3435,C,C,0.078005105,0.071178295,0.85081667
3436,A,A,0.77035666,0.1544132,0.07523018
3437,B,A,0.5215307,0.14490652,0.33356285
3438,C,C,0.33915165,0.092118174,0.5687301
3439,C,C,0.06826352,0.04395117,0.8877853
3440,B,B,0.10140826,0.568377,0.3302147
3441,A,A,0.8935678,0.032562207,0.07387002
3442,C,C,0.3268713,0.07739284,0.59573585
3443,A,C,0.36585054,0.10033392,0.53381544
3444,B,B,0.464721,0.509639,0.02563996
3445,A,A,0.88840145,0.020039905,0.09155867
3446,A,A,0.52246904,0.14264268,0.33488828
3447,B,C,0.052439235,0.4672298,0.48033088
3448,B,C,0.04509584,0.3734403,0.5814639
3449,B,B,0.050704356,0.7357062,0.21358944
3450,B,B,0.054223258,0.89312804,0.052648716
3451,B,B,0.2262557,0.5935785,0.1801658
3452,C,C,0.16237433,0.11147491,0.72615075
3453,C,C,0.03643276,0.08797996,0.8755873
3454,C,C,0.034199525,0.09720337,0.86859703
3455,C,C,0.052293085,0.042067472,0.9056394
3456,C,C,0.2013211,0.04489688,0.75378203
3457,B,A,0.43959653,0.41537794,0.14502557
3458,A,A,0.7128211,0.052502193,0.2346767
3459,C,C,0.114105225,0.03506188,0.8508329
3460,B,B,0.044705577,0.8049746,0.15031986
3461,C,C,0.18748489,0.06166936,0.75084573
3462,C,C,0.09775342,0.056269303,0.8459773
3463,C,C,0.07160051,0.05660616,0.8717933
3464,B,B,0.037642177,0.94534016,0.01701772
3465,A,A,0.9703947,0.011580944,0.018024351
3466,C,C,0.19582224,0.067144364,0.7370334
3467,B,B,0.25226802,0.48392758,0.26380438
3468,C,C,0.1088438,0.21862048,0.6725357
3469,B,B,0.15781744,0.76728916,0.07489347
3470,B,B,0.09084834,0.84182614,0.067325525
3471,B,B,0.053563636,0.54116654,0.40526986
3472,A,A,0.8147371,0.050996188,0.13426672
3473,C,C,0.21467376,0.12047721,0.66484904
3474,C,C,0.16854356,0.076352425,0.75510406
3475,A,B,0.12295991,0.7944403,0.082599774
3476,B,B,0.0138355065,0.9356459,0.05051866
3477,C,C,0.16558391,0.0809465,0.75346965
3478,B,B,0.08526512,0.48368585,0.4310491
3479,C,C,0.41133523,0.06556869,0.5230961
3480,A,A,0.88533026,0.018435808,0.09623391
3481,B,B,0.17006738,0.75526047,0.074672125
3482,A,A,0.60295594,0.21375407,0.1832899
3483,B,A,0.47747737,0.14663848,0.3758842
3484,A,A,0.5842833,0.19634996,0.21936674
3485,C,C,0.098372675,0.17861085,0.7230165
3486,C,C,0.16399474,0.047378663,0.78862655
3487,B,A,0.66337264,0.13560271,0.2010246
3488,C,C,0.1776934,0.05483306,0.76747346
3489,B,B,0.03819076,0.92849195,0.033317413
3490,B,B,0.09938268,0.7826057,0.11801166
3491,B,B,0.0667156,0.76325715,0.17002735
3492,A,A,0.66193753,0.09280221,0.24526024
3493,B,B,0.050586622,0.6896867,0.25972667
3494,B,B,0.11074582,0.5057023,0.38355187
3495,A,A,0.4972274,0.05289108,0.44988158
3496,B,B,0.082284994,0.8762883,0.041426674
3497,C,C,0.08880191,0.052447032,0.858751
3498,A,A,0.4620126,0.14916363,0.38882384
3499,C,C,0.10722942,0.04108005,0.8516905
3500,C,C,0.13868794,0.06487183,0.79644024
3501,B,B,0.1101913,0.8204289,0.06937983
3502,B,B,0.042131435,0.9417781,0.01609042
3503,B,B,0.07165415,0.8450256,0.08332026
3504,C,C,0.4701468,0.055295754,0.47455746
3505,C,C,0.023962667,0.053851448,0.9221859
3506,A,A,0.48803023,0.44192228,0.07004747
3507,C,C,0.06663433,0.027515572,0.9058501
3508,A,A,0.8846524,0.045661177,0.069686465
3509,C,C,0.10249489,0.08591938,0.8115858
3510,A,A,0.72880745,0.10174621,0.1694463
3511,A,A,0.5740973,0.1239489,0.30195385
3512,C,C,0.041323636,0.09623375,0.86244255
3513,B,B,0.021194482,0.9558237,0.022981822
3514,A,A,0.9044135,0.04373431,0.05185216
3515,A,A,0.6703149,0.13976388,0.18992114
3516,C,C,0.15815856,0.03656299,0.8052784
3517,C,C,0.06495873,0.041406155,0.8936351
3518,C,C,0.064455755,0.026436739,0.90910757
3519,C,C,0.2154592,0.051711965,0.7328288
3520,C,C,0.18832844,0.09502962,0.71664196
3521,C,C,0.047274128,0.06048177,0.8922441
3522,B,B,0.12737533,0.4593244,0.41330037
3523,B,B,0.19089082,0.74226254,0.06684665
3524,A,A,0.90013456,0.0336628,0.066202655
3525,C,C,0.037476417,0.108274594,0.854249
3526,A,A,0.89533323,0.026120063,0.078546695
3527,C,C,0.2056325,0.051496673,0.7428708
3528,C,C,0.10211748,0.13136935,0.76651317
3529,C,C,0.063973986,0.08076811,0.85525787
3530,B,B,0.14079337,0.46250603,0.3967006
3531,A,A,0.8238678,0.05202975,0.12410248
3532,A,A,0.87545526,0.069024816,0.05551997
3533,A,A,0.7384442,0.07012734,0.19142848
3534,C,C,0.17146195,0.10231797,0.7262201
3535,A,A,0.8617258,0.054939482,0.083334714
3536,A,A,0.87598,0.05129795,0.0727221
3537,C,C,0.15879053,0.074764624,0.7664448
3538,B,B,0.1634937,0.44270042,0.39380595
3539,C,C,0.041376114,0.016329536,0.94229436
3540,C,C,0.075159766,0.027687214,0.8971531
3541,B,B,0.24752755,0.46252134,0.28995106
3542,B,C,0.045510042,0.39394698,0.560543
3543,C,C,0.08029928,0.043921147,0.87577957
3544,B,B,0.18411244,0.7115501,0.10433745
3545,C,C,0.06300167,0.093011215,0.8439871
3546,C,C,0.45141432,0.031980123,0.51660556
3547,B,B,0.2520469,0.64934677,0.09860639
3548,B,B,0.032499436,0.9202081,0.04729235
3549,C,C,0.2144827,0.078634195,0.7068832
3550,B,C,0.14537701,0.16907504,0.68554795
3551,A,A,0.4664626,0.26766723,0.2658701
3552,C,C,0.21166366,0.05496142,0.73337495
3553,C,C,0.04916736,0.09676897,0.85406363
3554,C,A,0.7923277,0.03237852,0.17529376
3555,C,C,0.14901982,0.048080757,0.8028994
3556,C,C,0.030330442,0.0284512,0.9412184
3557,C,C,0.094036475,0.3442982,0.56166536
3558,A,A,0.7106232,0.0658573,0.22351946
3559,A,A,0.93063605,0.019155629,0.050208274
3560,C,C,0.13176772,0.047827464,0.8204048
3561,C,C,0.12381674,0.3046808,0.57150245
3562,C,C,0.14856228,0.058199752,0.79323804
3563,B,B,0.047035664,0.8338086,0.119155705
3564,A,A,0.91030717,0.058340732,0.03135206
3565,B,A,0.8101605,0.06430519,0.12553431
3566,B,B,0.0636339,0.78957987,0.1467862
3567,A,A,0.5068282,0.38731113,0.10586071
3568,B,B,0.044089135,0.5032522,0.45265862
3569,B,B,0.14394818,0.8251684,0.03088339
3570,B,B,0.07632771,0.8205775,0.10309474
3571,A,C,0.17974398,0.036072098,0.784184
3572,B,C,0.27612197,0.096153736,0.62772435
3573,C,C,0.02842521,0.047223683,0.9243511
3574,A,A,0.52192056,0.18468554,0.2933939
3575,A,A,0.9206794,0.027998146,0.051322557
3576,A,A,0.86753607,0.04184743,0.090616494
3577,C,C,0.12220897,0.09779706,0.77999395
3578,B,C,0.16930914,0.3231984,0.5074925
3579,B,B,0.012093659,0.96637183,0.0215346
3580,C,C,0.043526385,0.07601859,0.880455
3581,B,B,0.023728762,0.9312375,0.045033783
3582,C,B,0.0752463,0.576122,0.34863174
3583,C,C,0.42993557,0.11285872,0.45720574
3584,B,C,0.045097977,0.07386745,0.8810346
3585,A,C,0.42158565,0.035409905,0.54300445
3586,B,B,0.06500084,0.87052625,0.06447291
3587,C,A,0.5864832,0.2849234,0.12859343
3588,A,A,0.9589774,0.013726318,0.027296286
3589,B,B,0.030372437,0.84537464,0.12425294
3590,A,A,0.4254211,0.32857373,0.24600519
3591,C,C,0.029297315,0.047063015,0.92363966
3592,B,C,0.05553517,0.41908395,0.5253809
3593,C,C,0.14426301,0.03661985,0.8191171
3594,A,A,0.91506404,0.037796758,0.04713916
3595,C,C,0.2594667,0.07304594,0.6674874
3596,A,A,0.7434716,0.08045887,0.17606959
3597,B,B,0.38218486,0.47799078,0.13982445
3598,C,C,0.13055165,0.06498592,0.8044624
3599,B,B,0.026954094,0.8926434,0.080402516
3600,C,C,0.13106813,0.014949681,0.85398215
3601,B,B,0.0109636905,0.9532726,0.03576382
3602,B,B,0.057891622,0.8991966,0.042911813
3603,A,A,0.9489773,0.011192353,0.039830435
3604,B,B,0.04091596,0.6110953,0.34798878
3605,C,C,0.15901129,0.064885385,0.7761033
3606,B,B,0.093764395,0.7433513,0.16288431
3607,B,B,0.028683908,0.50646746,0.4648486
3608,C,C,0.19995865,0.088851444,0.7111899
3609,C,C,0.027071306,0.037572782,0.93535596
3610,B,A,0.9182834,0.024455618,0.057260983
3611,B,B,0.16762508,0.81052965,0.021845276
3612,B,B,0.047910195,0.9054493,0.046640523
3613,A,A,0.5653513,0.09900773,0.33564094
3614,B,B,0.022275386,0.9132771,0.064447574
3615,C,C,0.10336505,0.05341646,0.84321845
3616,C,C,0.12664382,0.069524914,0.8038313
3617,A,A,0.5462625,0.102988444,0.35074905
3618,A,C,0.17566982,0.11263293,0.7116973
3619,B,B,0.04032618,0.92798483,0.03168905
3620,A,A,0.9067198,0.03518698,0.058093186
3621,B,B,0.19215007,0.7463449,0.061505068
3622,C,C,0.059141107,0.070864916,0.869994
3623,B,B,0.067764744,0.8993532,0.032882106
3624,B,B,0.13863324,0.81730425,0.044062585
3625,A,A,0.90212834,0.02835937,0.06951229
3626,C,C,0.049646787,0.24650942,0.7038438
3627,B,B,0.058831956,0.58254004,0.35862803
3628,C,A,0.6305718,0.05459434,0.3148339
3629,C,C,0.24143663,0.06994768,0.68861574
3630,A,A,0.53983504,0.18517892,0.27498603
3631,C,C,0.11186636,0.060934316,0.82719934
3632,C,C,0.15145738,0.055241022,0.7933016
3633,A,A,0.8723517,0.05094877,0.07669955
3634,B,B,0.03003103,0.8710522,0.09891675
3635,C,C,0.17455943,0.09466642,0.7307741
3636,B,A,0.64781064,0.2900418,0.062147547
3637,B,B,0.05938961,0.8840269,0.05658352
3638,B,B,0.042515606,0.8520391,0.105445325
3639,A,A,0.93962455,0.015485799,0.04488968
3640,C,C,0.07511836,0.052994672,0.871887
3641,B,B,0.052748553,0.63312364,0.3141278
3642,A,C,0.35025412,0.075382955,0.5743629
3643,B,B,0.02821398,0.8239485,0.1478376
3644,A,A,0.94335806,0.0139961615,0.042645782
3645,A,A,0.46413192,0.13047089,0.4053972
3646,B,B,0.1575177,0.78909874,0.053383514
3647,A,B,0.12602851,0.821777,0.052194517
3648,B,B,0.10670314,0.7779287,0.1153682
3649,A,A,0.65383667,0.21929127,0.12687209
3650,A,A,0.71290183,0.21350661,0.07359155
3651,B,C,0.29937193,0.31700647,0.38362157
3652,B,B,0.10210936,0.78681976,0.11107084
3653,C,B,0.20041594,0.54546523,0.2541189
3654,A,A,0.7945912,0.11762863,0.087780185
3655,A,A,0.79814625,0.13562433,0.06622947
3656,C,C,0.032524876,0.028573474,0.9389016
3657,B,A,0.6912284,0.11741453,0.19135714
3658,C,C,0.11218577,0.034131043,0.8536831
3659,A,A,0.6349767,0.063850276,0.301173
3660,A,A,0.9430728,0.03099209,0.02593506
3661,C,C,0.04961061,0.23675543,0.71363395
3662,A,C,0.095571496,0.34613362,0.55829495
3663,C,C,0.03198963,0.06668301,0.9013274
3664,B,B,0.0550747,0.88702494,0.057900365
3665,B,B,0.034980115,0.9465157,0.018504186
3666,A,A,0.5497534,0.04543424,0.40481243
3667,A,A,0.97138953,0.0115017565,0.017108826
3668,C,C,0.05775636,0.3206244,0.6216193
3669,C,C,0.15406568,0.0786287,0.76730555
3670,B,A,0.5861257,0.2400735,0.17380084
3671,A,C,0.29462042,0.16146511,0.54391444
3672,C,C,0.20757939,0.07981091,0.71260965
3673,A,A,0.88918316,0.0330558,0.07776115
3674,C,C,0.22308514,0.05064984,0.726265
3675,B,B,0.09598911,0.7120706,0.19194028
3676,B,C,0.32402796,0.3161469,0.35982522
3677,C,C,0.09552759,0.17478707,0.72968537
3678,C,C,0.042511724,0.08711282,0.87037545
3679,C,C,0.09672268,0.056682974,0.84659433
3680,A,A,0.88719887,0.050229944,0.062571175
3681,B,B,0.039040342,0.76761955,0.19334006
3682,C,C,0.2572158,0.037375234,0.70540893
3683,A,A,0.7760105,0.040509462,0.18348001
3684,B,C,0.07957069,0.3199812,0.60044813
3685,C,C,0.080972195,0.028213214,0.8908146
3686,C,C,0.050921153,0.063597865,0.885481
3687,B,A,0.45023,0.41062966,0.13914032
3688,C,C,0.07702164,0.12105545,0.8019229
3689,B,B,0.051175237,0.6154622,0.33336255
3690,B,C,0.034484513,0.22565813,0.7398574
3691,C,C,0.044008005,0.04377008,0.91222197
3692,C,C,0.023583218,0.03040081,0.94601595
3693,C,C,0.111103565,0.06693932,0.8219571
3694,A,A,0.88873124,0.068599485,0.04266927
3695,B,B,0.026120706,0.7758443,0.1980351
3696,A,A,0.7740999,0.034062456,0.1918376
3697,C,C,0.35537788,0.09372006,0.550902
3698,B,B,0.3277236,0.5681639,0.10411245
3699,A,A,0.52370876,0.21057338,0.26571792
3700,A,A,0.9146376,0.031180462,0.054181933
3701,A,A,0.6903637,0.14998877,0.15964754
3702,A,B,0.087040685,0.5754735,0.33748582
3703,C,C,0.034251455,0.0278889,0.93785965
3704,C,A,0.49911574,0.04888844,0.45199585
3705,B,B,0.023304896,0.9364863,0.040208884
3706,A,A,0.8565548,0.020242864,0.12320229
3707,A,A,0.90425205,0.04541753,0.050330415
3708,A,A,0.65730774,0.13461785,0.20807444
3709,C,C,0.18031543,0.025524687,0.79415995
3710,B,B,0.01573864,0.92862856,0.055632837
3711,C,C,0.4498656,0.051583756,0.49855068
3712,C,C,0.10920184,0.17500639,0.7157917
3713,C,C,0.11902931,0.055290684,0.82567996
3714,B,B,0.061533485,0.8936772,0.044789385
3715,A,A,0.7876107,0.0511834,0.1612059
3716,C,C,0.15478066,0.030780114,0.8144392
3717,C,C,0.021997068,0.03611732,0.9418856
3718,B,B,0.03512145,0.8568109,0.10806757
3719,B,B,0.0564518,0.8648352,0.07871306
3720,B,B,0.020383753,0.94740415,0.03221214
3721,A,A,0.5539671,0.14580123,0.30023158
3722,C,C,0.12115238,0.07427559,0.80457205
3723,C,C,0.057553656,0.046945028,0.8955014
3724,B,B,0.113817744,0.86256176,0.023620537
3725,C,C,0.10680866,0.18323687,0.70995444
3726,C,C,0.11628406,0.12016655,0.7635493
3727,B,B,0.086473025,0.65587944,0.25764754
3728,B,B,0.16087013,0.8048076,0.0343223
3729,A,A,0.85077745,0.041725803,0.107496634
3730,B,A,0.6810702,0.20606849,0.11286132
3731,A,C,0.075807,0.20885293,0.71534
3732,B,B,0.07468264,0.7827702,0.14254713
3733,C,A,0.6347889,0.09969372,0.2655174
3734,B,B,0.20352872,0.7316797,0.06479164
3735,A,A,0.9467206,0.010198779,0.043080643
3736,A,B,0.3180683,0.50123465,0.1806971
3737,A,A,0.7774398,0.06151638,0.1610439
3738,C,C,0.13302308,0.09261569,0.77436125
3739,A,A,0.8647883,0.032792293,0.10241948
3740,B,B,0.047886606,0.9041908,0.04792264
3741,C,C,0.060412,0.18004097,0.759547
3742,C,A,0.52202517,0.07103387,0.40694106
3743,B,C,0.12686053,0.22004314,0.6530963
3744,B,C,0.24309494,0.25539017,0.501515
3745,A,C,0.36383456,0.060333412,0.575832
3746,C,C,0.12732387,0.05730192,0.81537426
3747,B,B,0.13748157,0.70256466,0.15995377
3748,A,A,0.5729858,0.2850756,0.14193851
3749,C,C,0.25445518,0.108200334,0.63734454
3750,A,A,0.9340151,0.025971884,0.040012944
3751,A,A,0.89255285,0.031651273,0.07579586
3752,C,C,0.06943525,0.08111575,0.84944904
3753,B,B,0.04186697,0.8329307,0.1252024
3754,B,B,0.07470712,0.90615356,0.019139355
3755,A,A,0.9367789,0.028111165,0.035109956
3756,A,A,0.8515209,0.026275324,0.12220375
3757,B,B,0.03759587,0.8618397,0.100564435
3758,C,C,0.1667145,0.31974083,0.51354474
3759,A,A,0.59291697,0.065693825,0.3413893
3760,A,C,0.2793382,0.081708,0.63895375
3761,A,A,0.4888582,0.089735106,0.42140672
3762,C,C,0.056691166,0.022857247,0.9204516
3763,C,B,0.048234615,0.54170936,0.41005602
3764,B,B,0.0627972,0.6165145,0.3206884
3765,C,C,0.18059325,0.1512327,0.6681741
3766,C,C,0.061784036,0.05199827,0.8862177
3767,A,A,0.5060908,0.0397367,0.4541725
3768,A,A,0.6084722,0.051278435,0.34024936
3769,B,B,0.19796619,0.5413923,0.26064152
3770,A,A,0.9089201,0.019068515,0.0720114
3771,A,A,0.83486116,0.025979836,0.13915907
3772,C,A,0.6504842,0.08220037,0.26731545
3773,B,B,0.016939221,0.921302,0.06175873
3774,B,B,0.14092122,0.7955862,0.06349253
3775,A,A,0.5880661,0.08986602,0.32206792
3776,B,B,0.05712869,0.81930065,0.12357061
3777,A,A,0.7907621,0.083352596,0.12588523
3778,C,A,0.7941495,0.05100449,0.154846
3779,C,C,0.05740524,0.067294374,0.8753004
3780,B,B,0.077210635,0.73130256,0.19148682
3781,A,A,0.8432059,0.023173196,0.13362089
3782,C,C,0.061993983,0.1147104,0.8232956
3783,C,C,0.032639384,0.024044262,0.9433164
3784,A,A,0.90100527,0.044775236,0.05421939
3785,B,C,0.23119754,0.32146198,0.44734046
3786,C,C,0.058452755,0.043750733,0.89779645
3787,B,B,0.06328577,0.56155497,0.37515923
3788,C,C,0.19733772,0.09665092,0.70601135
3789,B,B,0.016871253,0.90849954,0.07462922
3790,A,A,0.62591815,0.04482998,0.3292518
3791,B,B,0.09759584,0.6164347,0.28596947
3792,A,A,0.9237724,0.041443706,0.034783866
3793,A,A,0.6871702,0.043409582,0.26942024
3794,B,B,0.38169935,0.58155036,0.03675031
3795,A,A,0.91152227,0.009860813,0.078616925
3796,A,A,0.9011078,0.0686589,0.030233255
3797,A,A,0.95480233,0.021107914,0.02408968
3798,C,C,0.3670359,0.022590773,0.6103734
3799,A,A,0.8553262,0.07840494,0.066268906
3800,B,B,0.04870784,0.8825816,0.068710566
3801,A,A,0.7289687,0.059931114,0.21110019
3802,B,B,0.18838808,0.7288344,0.082777545
3803,B,B,0.052224826,0.8899547,0.057820477
3804,A,A,0.9420753,0.023785492,0.03413921
3805,B,B,0.025254078,0.90308964,0.07165624
3806,B,B,0.046560902,0.82036453,0.13307455
3807,A,A,0.8801558,0.024886161,0.09495797
3808,A,A,0.7155361,0.0676942,0.21676962
3809,B,A,0.52050525,0.29109508,0.18839972
3810,C,C,0.10427921,0.06681293,0.82890785
3811,A,A,0.8792655,0.01627193,0.10446254
3812,A,A,0.670544,0.17209083,0.15736514
3813,B,B,0.12624057,0.7888738,0.084885575
3814,A,A,0.93699145,0.016391117,0.04661745
3815,B,B,0.18803912,0.518823,0.29313788
3816,A,A,0.828915,0.10831058,0.06277438
3817,C,C,0.3599655,0.094298266,0.54573625
3818,A,A,0.84269845,0.088945895,0.06835572
3819,A,A,0.7661345,0.052810706,0.18105488
3820,A,A,0.7147698,0.15446162,0.13076864
3821,B,B,0.03978624,0.7114292,0.2487846
3822,C,C,0.36412153,0.14443336,0.49144515
3823,C,A,0.47757435,0.061866987,0.4605586
3824,C,C,0.0692357,0.04588076,0.8848836
3825,A,A,0.90839076,0.032782376,0.05882679
3826,A,A,0.62415683,0.039065067,0.33677804
3827,C,C,0.22020781,0.07901014,0.70078206
3828,B,B,0.03529305,0.74035496,0.224352
3829,B,B,0.033779003,0.90148956,0.0647315
3830,C,C,0.36228573,0.14117768,0.49653664
3831,A,A,0.90398616,0.035764884,0.06024893
3832,B,C,0.32056677,0.2356327,0.44380045
3833,A,A,0.76011705,0.05017196,0.1897109
3834,A,A,0.47838318,0.11301399,0.40860277
3835,A,A,0.5122704,0.11499742,0.3727322
3836,C,C,0.061328985,0.045917533,0.8927535
3837,C,C,0.21792753,0.02590735,0.75616515
3838,A,A,0.86794484,0.06568885,0.066366315
3839,B,B,0.11198346,0.8524414,0.035575155
3840,B,B,0.04617499,0.903017,0.050808053
3841,B,B,0.035447,0.92354,0.04101293
3842,B,B,0.11108233,0.567632,0.32128567
3843,B,B,0.42316923,0.50938565,0.06744519
3844,B,B,0.023505798,0.9605509,0.015943354
3845,B,B,0.053847075,0.9096191,0.036533788
3846,C,C,0.031676617,0.04118264,0.9271407
3847,C,C,0.044580568,0.14396085,0.8114586
3848,B,B,0.044080365,0.71232295,0.2435967
3849,B,B,0.1130614,0.61215514,0.27478343
3850,A,A,0.80437297,0.07917619,0.116450794
3851,B,B,0.06369897,0.8412227,0.09507839
3852,B,B,0.03959823,0.8273599,0.13304178
3853,C,C,0.110505104,0.19713198,0.6923629
3854,B,B,0.06306902,0.84700304,0.08992801
3855,A,A,0.88925695,0.031613506,0.07912951
3856,B,B,0.058007482,0.9222631,0.019729517
3857,B,B,0.10248856,0.8339018,0.06360959
3858,A,A,0.76864344,0.10475638,0.12660016
3859,C,C,0.14623967,0.1835182,0.6702421
3860,B,B,0.07085558,0.87650925,0.05263518
3861,C,C,0.12876114,0.08285887,0.78838
3862,A,A,0.77804327,0.070297725,0.15165901
3863,B,B,0.14145333,0.6826906,0.17585602
3864,C,C,0.11680821,0.41872725,0.4644646
3865,B,B,0.058381595,0.69999444,0.24162392
3866,B,B,0.049106773,0.6841822,0.26671097
3867,A,A,0.7350565,0.062284783,0.20265876
3868,C,C,0.10369885,0.10015165,0.79614955
3869,B,B,0.095173456,0.85763216,0.047194384
3870,B,B,0.10141184,0.8415658,0.057022423
3871,B,C,0.15723115,0.39602938,0.4467394
3872,C,A,0.5778584,0.078395166,0.3437465
3873,C,C,0.1821555,0.06438534,0.75345916
3874,C,C,0.17344527,0.12428043,0.70227426
3875,B,B,0.277893,0.7016256,0.020481383
3876,A,A,0.76117146,0.03909517,0.19973344
3877,A,A,0.87915546,0.058680717,0.062163763
3878,C,C,0.040375322,0.040993173,0.91863143
3879,A,A,0.8757886,0.026560348,0.09765112
3880,A,A,0.54356754,0.04895851,0.40747398
3881,B,B,0.060865644,0.68695146,0.2521829
3882,B,B,0.026771802,0.9211347,0.052093457
3883,A,A,0.7416514,0.078547366,0.1798012
3884,C,C,0.25342453,0.074946135,0.6716293
3885,A,A,0.9028485,0.021187767,0.07596379
3886,A,A,0.67209953,0.13687049,0.19102995
3887,A,C,0.44606587,0.10269936,0.4512348
3888,C,A,0.64788353,0.04936802,0.30274844
3889,A,C,0.2680308,0.067653,0.66431624
3890,B,B,0.41325754,0.5008585,0.08588396
3891,B,B,0.3176303,0.3456917,0.33667803
3892,C,C,0.03207191,0.464213,0.50371504
3893,C,C,0.08465999,0.14165978,0.77368015
3894,C,C,0.052805617,0.22078258,0.7264118
3895,A,A,0.8390208,0.042544488,0.11843471
3896,C,C,0.039999984,0.1990078,0.76099217
3897,B,B,0.18395,0.5870012,0.2290488
3898,C,C,0.13347006,0.35763547,0.5088945
3899,A,A,0.7807208,0.035235774,0.18404344
3900,C,C,0.15443873,0.04058581,0.80497545
3901,B,B,0.13146715,0.6573826,0.21115018
3902,B,B,0.14681518,0.5390126,0.3141722
3903,A,A,0.5703083,0.10156811,0.3281236
3904,B,B,0.05157012,0.9100671,0.038362768
3905,A,C,0.36367002,0.1598342,0.4764957
3906,C,C,0.24864246,0.08047013,0.67088735
3907,C,C,0.035469837,0.053701807,0.91082835
3908,B,B,0.04386274,0.92960966,0.026527612
3909,B,B,0.40251753,0.49032807,0.10715445
3910,A,A,0.752586,0.09892877,0.14848514
3911,C,A,0.41830766,0.22099787,0.36069444
3912,C,C,0.063069776,0.062382683,0.8745476
3913,A,A,0.41998133,0.3463379,0.23368074
3914,C,C,0.117720746,0.10591371,0.7763655
3915,C,C,0.08045223,0.07283224,0.8467155
3916,C,C,0.09588598,0.03287632,0.87123775
3917,A,A,0.52863914,0.032965384,0.43839544
3918,A,A,0.9062224,0.032969695,0.060807884
3919,C,C,0.27772772,0.04429095,0.6779813
3920,C,C,0.12158333,0.4349569,0.44345972
3921,B,B,0.08633008,0.61206365,0.30160627
3922,C,C,0.09166809,0.033224184,0.87510777
3923,A,A,0.7471413,0.056168176,0.1966906
3924,C,C,0.12996261,0.06828002,0.8017574
3925,A,A,0.9326709,0.034624174,0.032704912
3926,A,A,0.7109461,0.06609424,0.22295967
3927,B,B,0.015276699,0.85366297,0.13106033
3928,B,C,0.26904908,0.2719996,0.45895123
3929,C,B,0.15552576,0.5429824,0.3014919
3930,B,C,0.2362142,0.20018068,0.5636052
3931,B,C,0.05785297,0.46153504,0.480612
3932,C,C,0.12588418,0.21669106,0.65742475
3933,A,C,0.327501,0.09538848,0.5771105
3934,B,B,0.014313161,0.83826447,0.14742245
3935,A,A,0.83481395,0.042338397,0.1228477
3936,C,C,0.08357257,0.10100619,0.8154213
3937,A,A,0.9203118,0.025022453,0.054665726
3938,B,C,0.08910782,0.22256255,0.6883296
3939,C,C,0.060294535,0.037530173,0.9021753
3940,B,B,0.14262599,0.5783065,0.27906752
3941,A,B,0.07661197,0.70982355,0.21356447
3942,A,A,0.6475764,0.15595822,0.19646539
3943,A,A,0.79747504,0.08633614,0.116188884
3944,A,A,0.68746585,0.1950599,0.11747428
3945,A,A,0.6243314,0.100215875,0.27545273
3946,B,B,0.02213035,0.9250041,0.0528655
3947,C,C,0.23679796,0.09942268,0.66377944
3948,B,B,0.07541661,0.89457667,0.0300068
3949,A,A,0.8660222,0.037415583,0.09656222
3950,C,A,0.64896435,0.08199325,0.2690424
3951,B,B,0.1060809,0.72849876,0.16542025
3952,A,A,0.8962142,0.03512985,0.068656005
3953,B,B,0.26634955,0.6399275,0.09372296
3954,B,B,0.05863597,0.8385071,0.10285689
3955,B,B,0.11919159,0.78975904,0.09104941
3956,C,A,0.55202013,0.074839555,0.3731403
3957,C,C,0.035251334,0.0497744,0.9149742
3958,B,B,0.26311836,0.40052027,0.33636135
3959,A,A,0.92496717,0.028099053,0.04693367
3960,A,A,0.54055476,0.10868369,0.35076153
3961,B,C,0.060167026,0.21614112,0.7236919
3962,B,B,0.009391373,0.94069076,0.049917854
3963,B,B,0.39636138,0.45416135,0.14947727
3964,A,A,0.4759584,0.097341456,0.42670015
3965,B,B,0.22990607,0.6023214,0.16777246
3966,A,A,0.5408385,0.06945545,0.38970605
3967,C,C,0.10529376,0.13674389,0.7579624
3968,C,C,0.119071335,0.12969209,0.75123656
3969,C,C,0.36262813,0.13149868,0.50587314
3970,B,B,0.025404772,0.6563714,0.3182238
3971,A,A,0.6276706,0.29863322,0.07369611
3972,C,C,0.20279552,0.058838997,0.7383655
3973,A,A,0.8742624,0.021276567,0.104461074
3974,A,B,0.459837,0.46042934,0.079733685
3975,B,B,0.040225204,0.86700183,0.09277294
3976,C,C,0.0427313,0.17336223,0.78390646
3977,B,C,0.25837094,0.26529622,0.4763329
3978,B,C,0.3080118,0.3023379,0.38965026
3979,C,C,0.12786329,0.047550455,0.8245862
3980,A,A,0.8688912,0.031970557,0.09913828
3981,C,C,0.19540766,0.270765,0.53382736
3982,B,B,0.061978545,0.87910944,0.058912024
3983,A,A,0.8505786,0.089428134,0.059993163
3984,A,A,0.96495324,0.012965474,0.022081317
3985,A,A,0.84886533,0.029187573,0.121947065
3986,A,A,0.4773671,0.08475967,0.43787327
3987,A,B,0.3019949,0.6530164,0.044988696
3988,A,A,0.9329034,0.025936835,0.04115974
3989,A,A,0.7951461,0.07059276,0.13426118
3990,B,B,0.02850959,0.9120112,0.05947922
3991,B,B,0.08023159,0.7815058,0.1382626
3992,C,C,0.093335226,0.1033,0.80336475
3993,C,C,0.034696583,0.097744584,0.86755884
3994,C,C,0.033775173,0.07434697,0.89187783
3995,A,A,0.95091665,0.009833369,0.03925001
3996,A,A,0.91532254,0.040896032,0.043781433
3997,C,C,0.09334644,0.3670168,0.53963685
3998,A,A,0.8065504,0.027078979,0.16637059
3999,B,B,0.098552644,0.68029004,0.22115731
4000,C,C,0.06668628,0.053183287,0.88013047
4001,A,A,0.9211736,0.036442015,0.042384468
4002,B,B,0.07206624,0.880394,0.047539707
4003,A,A,0.8879714,0.04116068,0.07086793
4004,B,B,0.020857122,0.93810743,0.04103538
4005,B,B,0.33746713,0.41189733,0.2506355
4006,C,A,0.6765554,0.026139077,0.29730552
4007,C,C,0.15657137,0.0580924,0.7853362
4008,B,B,0.13178372,0.44989556,0.4183207
4009,C,C,0.0874636,0.028827239,0.88370913
4010,C,C,0.11722959,0.05308874,0.8296817
4011,B,B,0.058755733,0.6631368,0.27810746
4012,A,A,0.831628,0.13280076,0.035571147
4013,A,A,0.51888627,0.15471026,0.32640347
4014,B,B,0.1285533,0.43754253,0.43390423
4015,C,B,0.04437733,0.5564007,0.39922202
4016,A,A,0.74503297,0.02939302,0.22557405
4017,B,B,0.18551551,0.47226644,0.34221798
4018,A,A,0.89710563,0.041971747,0.06092261
4019,A,A,0.8143759,0.043330006,0.14229412
4020,C,C,0.016402071,0.04179819,0.9417997
4021,A,A,0.90222263,0.04939036,0.048387025
4022,C,C,0.081655696,0.07021151,0.8481327
4023,C,C,0.09086381,0.25237066,0.65676546
4024,B,B,0.055138107,0.9221195,0.022742264
4025,C,C,0.05201721,0.14275295,0.8052299
4026,A,B,0.27054843,0.6879348,0.041516747
4027,A,A,0.7936789,0.04840581,0.15791528
4028,B,B,0.16506909,0.6107865,0.22414432
4029,B,A,0.70309764,0.15689826,0.1400041
4030,C,C,0.20614465,0.056042682,0.7378127
4031,B,B,0.08926578,0.856516,0.05421821
4032,C,C,0.16640848,0.04323506,0.79035646
4033,A,A,0.47416878,0.39153534,0.13429596
4034,C,A,0.5655145,0.056723993,0.3777615
4035,C,B,0.15394533,0.45807588,0.3879788
4036,A,C,0.28327197,0.14349021,0.5732378
4037,A,A,0.7817021,0.067176215,0.15112163
4038,A,A,0.7836817,0.058059588,0.15825869
4039,B,A,0.5810092,0.29152584,0.12746501
4040,C,C,0.16344267,0.04432017,0.79223716
4041,B,B,0.33026415,0.414585,0.2551508
4042,C,C,0.040594216,0.022777688,0.9366281
4043,A,A,0.86369807,0.024004223,0.11229776
4044,B,B,0.33269405,0.56692195,0.10038401
4045,A,A,0.8911472,0.065962695,0.04289009
4046,C,C,0.42137638,0.05848082,0.5201428
4047,C,C,0.08357698,0.01884419,0.8975788
4048,C,C,0.20121327,0.10974463,0.6890421
4049,B,B,0.20759717,0.7531681,0.039234705
4050,A,A,0.7855054,0.04127862,0.17321591
4051,A,A,0.8992315,0.029545011,0.071223475
4052,A,A,0.43463203,0.15836024,0.4070077
4053,B,B,0.06524502,0.8779512,0.056803815
4054,B,B,0.13363782,0.6307932,0.23556891
4055,A,A,0.90326846,0.045507997,0.051223565
4056,B,B,0.02822569,0.54381996,0.42795432
4057,B,B,0.06646281,0.6964059,0.23713127
4058,C,C,0.3055041,0.13568717,0.55880874
4059,B,B,0.10292145,0.5064852,0.3905933
4060,A,A,0.8196124,0.11917395,0.061213728
4061,C,C,0.045326617,0.16516964,0.7895037
4062,B,B,0.042316347,0.6997056,0.25797802
4063,B,B,0.27618548,0.64143926,0.082375236
4064,B,B,0.14410925,0.6845628,0.17132795
4065,C,C,0.31367612,0.0856356,0.6006883
4066,C,C,0.083644584,0.024802329,0.8915531
4067,A,A,0.77194136,0.028553402,0.19950528
4068,B,B,0.03079218,0.9439834,0.025224512
4069,B,B,0.2696491,0.47742563,0.2529253
4070,A,C,0.35650885,0.047621015,0.59587014
4071,A,B,0.40666282,0.52678204,0.06655511
4072,B,B,0.016404076,0.95904714,0.024548864
4073,C,C,0.06353293,0.147398,0.78906906
4074,B,B,0.21716617,0.6684096,0.11442418
4075,C,C,0.060634285,0.2740851,0.66528064
4076,B,B,0.026683599,0.9546624,0.018654061
4077,B,B,0.026477821,0.61441386,0.35910833
4078,A,A,0.7162096,0.10417345,0.17961688
4079,B,B,0.2130321,0.7273494,0.059618443
4080,B,B,0.2518308,0.5639869,0.18418229
4081,A,A,0.87694734,0.050740436,0.07231226
4082,B,B,0.05380696,0.92346436,0.022728737
4083,A,C,0.4216402,0.042519145,0.53584075
4084,B,B,0.056294724,0.91269934,0.031005949
4085,A,A,0.74956894,0.1564145,0.094016604
4086,B,B,0.09625965,0.70486,0.19888036
4087,C,C,0.067411125,0.054282434,0.87830645
4088,A,C,0.47884703,0.031716723,0.48943624
4089,C,C,0.08981182,0.09407581,0.8161124
4090,A,A,0.9198596,0.02711281,0.053027548
4091,C,C,0.045781754,0.022780675,0.9314376
4092,C,C,0.032177348,0.13580462,0.832018
4093,B,B,0.25755307,0.52278733,0.21965963
4094,B,B,0.08082503,0.5926966,0.32647842
4095,C,C,0.14347956,0.035212755,0.82130766
4096,C,C,0.023582784,0.07193998,0.9044772
4097,A,A,0.72500527,0.07341055,0.20158426
4098,A,A,0.79956,0.07194551,0.1284945
4099,B,B,0.07480561,0.9045956,0.02059878
4100,C,C,0.30655578,0.103573345,0.5898708
4101,C,C,0.20464148,0.12576681,0.6695917
4102,B,B,0.07794764,0.5616028,0.36044958
4103,C,C,0.35153356,0.04807905,0.6003874
4104,A,A,0.90024066,0.07089076,0.028868616
4105,C,C,0.06175777,0.14064734,0.7975949
4106,C,C,0.112979494,0.10795969,0.7790608
4107,B,B,0.08524859,0.6014883,0.31326306
4108,B,B,0.027590254,0.9016321,0.07077776
4109,A,A,0.71513367,0.16875948,0.11610682
4110,A,A,0.81837,0.068787314,0.11284277
4111,C,A,0.58125263,0.05553584,0.36321157
4112,C,C,0.012925253,0.034842037,0.95223266
4113,C,C,0.17050308,0.15290551,0.67659146
4114,B,B,0.03063498,0.605004,0.364361
4115,B,B,0.062296752,0.77327824,0.164425
4116,A,A,0.85080206,0.029937152,0.11926072
4117,C,C,0.07697329,0.023595873,0.8994308
4118,C,A,0.49891552,0.08040929,0.42067525
4119,C,A,0.51350313,0.1365767,0.34992018
4120,C,C,0.1857407,0.27384293,0.5404163
4121,C,C,0.057637833,0.03673309,0.90562904
4122,A,A,0.7703995,0.040901348,0.18869922
4123,A,A,0.65163684,0.040404223,0.30795896
4124,C,C,0.08759702,0.061698537,0.8507045
4125,B,B,0.26674423,0.69721377,0.03604201
4126,C,C,0.027924452,0.26806504,0.70401055
4127,B,B,0.17003359,0.648793,0.18117338
4128,A,A,0.8518287,0.061227128,0.08694416
4129,C,C,0.20931537,0.057865407,0.7328192
4130,B,B,0.10060351,0.84313196,0.05626449
4131,A,A,0.79333496,0.045093123,0.16157193
4132,A,A,0.818652,0.046939526,0.13440853
4133,A,A,0.88695,0.02651552,0.086534455
4134,C,C,0.045728885,0.13402098,0.82025015
4135,B,B,0.17889346,0.5249808,0.29612577
4136,C,C,0.06800251,0.030154172,0.90184337
4137,A,A,0.7251332,0.06536504,0.20950179
4138,C,C,0.11746281,0.06451824,0.818019
4139,B,B,0.18520534,0.7619758,0.05281879
4140,C,A,0.45647603,0.23595597,0.30756798
4141,B,B,0.06414777,0.6128874,0.32296488
4142,C,C,0.35790986,0.050522264,0.59156793
4143,B,B,0.036114935,0.9395752,0.024309872
4144,B,B,0.28691578,0.67417026,0.03891392
4145,C,C,0.17931494,0.03926576,0.7814193
4146,B,B,0.15512076,0.6719184,0.17296085
4147,C,C,0.023567023,0.05853876,0.91789424
4148,B,B,0.05205884,0.7028704,0.24507074
4149,A,A,0.75863385,0.034701616,0.20666452
4150,A,A,0.8524114,0.0630123,0.08457627
4151,B,B,0.010971719,0.8786781,0.11035022
4152,A,A,0.86126906,0.04921538,0.08951563
4153,C,C,0.14027488,0.16359907,0.696126
4154,B,B,0.12716806,0.76702535,0.10580667
4155,C,C,0.33973357,0.08757787,0.5726886
4156,C,C,0.2005489,0.1804702,0.6189809
4157,A,A,0.5140309,0.041188817,0.4447803
4158,A,B,0.3372625,0.6161157,0.046621844
4159,B,B,0.11336284,0.8152203,0.0714169
4160,B,B,0.09719663,0.83224976,0.07055365
4161,B,C,0.0625765,0.41610682,0.5213167
4162,C,C,0.21889172,0.08638394,0.6947244
4163,C,C,0.113943204,0.05394299,0.83211386
4164,B,B,0.035782844,0.932908,0.03130922
4165,C,C,0.10501562,0.061739035,0.83324534
4166,A,A,0.780485,0.1640007,0.055514354
4167,C,C,0.13249384,0.16392896,0.7035772
4168,A,A,0.62212443,0.07318378,0.30469185
4169,A,A,0.79438496,0.06264798,0.14296706
4170,A,A,0.8775207,0.064174846,0.05830447
4171,A,A,0.8871584,0.0445876,0.06825397
4172,B,B,0.40531301,0.5599503,0.034736685
4173,C,C,0.11162089,0.0542372,0.8341419
4174,A,A,0.7558744,0.036353767,0.20777178
4175,B,B,0.04567984,0.74937963,0.20494056
4176,C,B,0.09939813,0.5683297,0.3322722
4177,C,C,0.04513649,0.09687514,0.85798836
4178,C,C,0.15786298,0.06726713,0.77486986
4179,A,A,0.5992419,0.15855801,0.24220006
4180,A,A,0.7198152,0.082302235,0.19788258
4181,A,A,0.8058863,0.09811691,0.09599673
4182,B,C,0.114266135,0.30177653,0.5839574
4183,B,C,0.03949859,0.41408256,0.5464189
4184,C,C,0.084832445,0.10769364,0.80747396
4185,C,C,0.26033396,0.031058155,0.7086079
4186,A,A,0.910356,0.05238097,0.03726303
4187,B,C,0.22826219,0.2977155,0.47402233
4188,C,C,0.17639104,0.052348383,0.77126056
4189,A,A,0.8426145,0.030474015,0.12691143
4190,A,B,0.14681321,0.823365,0.029821837
4191,B,B,0.03248412,0.9193658,0.04815007
4192,A,C,0.30235317,0.074877664,0.6227691
4193,B,B,0.038223356,0.87393975,0.08783691
4194,C,C,0.13285302,0.05088531,0.8162617
4195,B,B,0.26968476,0.5934431,0.13687207
4196,B,B,0.051555105,0.91491765,0.033527285
4197,A,A,0.9249337,0.030242825,0.0448235
4198,B,C,0.03558413,0.24366082,0.720755
4199,B,B,0.028445425,0.9489186,0.02263598
4200,C,C,0.3651169,0.07022316,0.5646599
4201,C,C,0.07070721,0.08495122,0.8443416
4202,C,C,0.026716715,0.09874969,0.87453365
4203,B,B,0.040508885,0.91660464,0.042886548
4204,A,C,0.1263765,0.22818781,0.6454357
4205,C,C,0.3521836,0.19471303,0.45310342
4206,A,A,0.78997123,0.06860395,0.1414248
4207,C,C,0.064340524,0.03612494,0.89953446
4208,C,C,0.08946707,0.025728676,0.88480425
4209,A,A,0.89016503,0.028870005,0.080965005
4210,B,B,0.018546978,0.90807945,0.07337364
4211,A,A,0.9472892,0.023799658,0.028911112
4212,C,A,0.63018847,0.11047324,0.25933832
4213,C,C,0.2284752,0.06403529,0.7074895
4214,B,B,0.20104407,0.7298456,0.069110356
4215,B,B,0.013693421,0.9764349,0.009871715
4216,B,B,0.035277296,0.8050884,0.15963432
4217,B,C,0.32035577,0.33714846,0.34249574
4218,B,B,0.13167997,0.75225115,0.116068944
4219,B,B,0.062013153,0.67384094,0.26414594
4220,A,A,0.9084588,0.023289815,0.06825134
4221,A,A,0.674141,0.13713188,0.18872713
4222,C,C,0.023087291,0.044492338,0.9324203
4223,A,A,0.8957113,0.03540287,0.068885714
4224,B,B,0.038167756,0.58379155,0.3780406
4225,B,B,0.06070866,0.47740108,0.4618903
4226,C,C,0.088132024,0.10559662,0.8062714
4227,B,B,0.031306516,0.8720801,0.096613355
4228,C,A,0.41202945,0.26455885,0.32341167
4229,A,A,0.87644076,0.052144244,0.071415015
4230,C,C,0.041012317,0.070655555,0.8883321
4231,C,C,0.19763067,0.11779116,0.68457824
4232,C,B,0.1758388,0.5459515,0.27820972
4233,A,A,0.7507799,0.05348597,0.19573413
4234,A,A,0.81639045,0.058907006,0.124702476
4235,A,A,0.91795504,0.029867163,0.052177776
4236,A,B,0.28766045,0.4482882,0.26405138
4237,C,C,0.17185116,0.047578234,0.7805706
4238,C,A,0.51462346,0.030074054,0.4553026
4239,C,C,0.026959075,0.063275106,0.90976584
4240,B,B,0.017508501,0.948342,0.034149494
4241,B,C,0.07171881,0.4450204,0.48326078
4242,A,C,0.2596568,0.1759275,0.5644157
4243,B,B,0.06875873,0.8308833,0.10035799
4244,C,C,0.059818875,0.07608883,0.8640923
4245,A,A,0.90834916,0.024292193,0.067358695
4246,B,B,0.06553854,0.9063269,0.028134566
4247,A,A,0.81824833,0.07708689,0.10466478
4248,A,A,0.6234034,0.1511835,0.2254131
4249,A,C,0.28810516,0.021678515,0.6902163
4250,A,A,0.88853335,0.0407524,0.07071418
4251,B,B,0.12836398,0.6219695,0.2496665
4252,B,B,0.093089186,0.53138477,0.37552604
4253,C,C,0.41729683,0.11226566,0.47043756
4254,B,C,0.21249509,0.37609366,0.41141126
4255,C,C,0.16978796,0.06139434,0.76881766
4256,C,C,0.25536036,0.2467633,0.4978764
4257,B,B,0.10025161,0.83442086,0.06532764
4258,A,A,0.9487346,0.01777591,0.033489484
4259,C,A,0.71488404,0.030936992,0.25417897
4260,C,C,0.1307516,0.24145575,0.62779266
4261,B,B,0.090178326,0.89332145,0.016500203
4262,C,C,0.14045478,0.06318737,0.7963578
4263,C,C,0.13363707,0.061205555,0.8051574
4264,B,B,0.08625335,0.90213114,0.011615551
4265,C,C,0.06812872,0.03486269,0.8970086
4266,C,C,0.18784425,0.08070955,0.73144627
4267,C,C,0.051992003,0.18519017,0.76281786
4268,A,A,0.860612,0.021980261,0.11740776
4269,B,C,0.17248227,0.23798355,0.58953416
4270,A,A,0.8013389,0.062279794,0.13638128
4271,C,A,0.72693,0.09270536,0.18036467
4272,A,A,0.74766356,0.05871228,0.19362414
4273,C,C,0.07784155,0.09549057,0.82666785
4274,C,C,0.30895433,0.18182215,0.5092235
4275,C,C,0.114134796,0.06558189,0.82028335
4276,A,A,0.8752755,0.0329402,0.09178424
4277,A,A,0.7598456,0.03607746,0.20407693
4278,C,C,0.03557244,0.09332207,0.8711055
4279,B,B,0.11416425,0.5614206,0.3244151
4280,C,C,0.08422143,0.04017105,0.8756075
4281,C,C,0.05067724,0.14269589,0.80662686
4282,B,B,0.12762031,0.6931855,0.17919418
4283,A,A,0.928311,0.026837466,0.04485146
4284,B,B,0.03660256,0.7635707,0.19982672
4285,A,A,0.87500054,0.028528407,0.096471116
4286,B,B,0.11658954,0.7076615,0.17574902
4287,A,C,0.4079385,0.08207038,0.50999117
4288,A,A,0.6540886,0.043233532,0.3026778
4289,B,B,0.07690316,0.8340937,0.08900311
4290,B,B,0.032680508,0.7281354,0.23918413
4291,B,B,0.03564307,0.82603365,0.13832322
4292,B,B,0.4112882,0.5155713,0.07314056
4293,A,C,0.45848414,0.051308617,0.4902072
4294,A,A,0.93553007,0.028406823,0.036063176
4295,C,C,0.14375925,0.057487965,0.7987528
4296,A,B,0.28489855,0.54090124,0.17420016
4297,A,C,0.42452008,0.13067201,0.44480795
4298,B,B,0.17775795,0.47644025,0.34580183
4299,B,B,0.028972898,0.726043,0.24498408
4300,C,C,0.30954716,0.06576293,0.62469
4301,B,B,0.19795533,0.7467255,0.05531917
4302,C,B,0.2795361,0.38376647,0.3366974
4303,A,A,0.9438631,0.015837513,0.040299352
4304,B,B,0.29605725,0.5106346,0.19330822
4305,C,C,0.31329268,0.09120136,0.59550595
4306,C,C,0.12059008,0.027659072,0.85175085
4307,C,C,0.040181372,0.025060313,0.9347583
4308,B,B,0.059286952,0.8437837,0.09692929
4309,B,B,0.0287268,0.8987626,0.072510526
4310,B,C,0.3580131,0.21066783,0.43131903
4311,C,C,0.21853474,0.04861667,0.7328485
4312,B,B,0.09411165,0.84351945,0.06236888
4313,B,B,0.21432105,0.5678297,0.21784917
4314,B,B,0.0389993,0.9279836,0.033017177
4315,A,A,0.90402746,0.020393465,0.075579055
4316,B,B,0.09350233,0.8415198,0.064977884
4317,B,B,0.03741715,0.90403837,0.058544576
4318,A,A,0.91261166,0.041629426,0.04575893
4319,C,C,0.4028476,0.041412108,0.5557403
4320,C,C,0.036065094,0.07573699,0.8881979
4321,A,A,0.6373613,0.062222883,0.3004158
4322,A,A,0.87163043,0.06708731,0.06128222
4323,B,B,0.07562209,0.70198905,0.22238877
4324,C,C,0.0700114,0.11787506,0.8121135
4325,B,C,0.04417784,0.43325078,0.5225713
4326,C,C,0.26189986,0.0635015,0.6745986
4327,C,C,0.05165515,0.03384601,0.9144988
4328,C,C,0.031357717,0.062583596,0.9060586
4329,B,C,0.24010135,0.37161335,0.38828525
4330,C,C,0.19826001,0.108074404,0.69366556
4331,A,A,0.5948136,0.19582888,0.20935754
4332,A,A,0.8438153,0.039618805,0.11656579
4333,B,B,0.02086209,0.9566375,0.022500435
4334,B,A,0.6565989,0.095921546,0.24747956
4335,B,B,0.045159567,0.7775174,0.17732306
4336,C,C,0.06950465,0.13553521,0.7949601
4337,C,C,0.34253624,0.12862945,0.5288343
4338,C,C,0.047504283,0.13523753,0.81725824
4339,B,B,0.03543134,0.78240454,0.18216413
4340,B,B,0.059749667,0.89579046,0.044459935
4341,C,C,0.030363979,0.026550265,0.94308573
4342,A,A,0.8414827,0.022630801,0.13588652
4343,C,C,0.23874393,0.07660372,0.6846524
4344,C,C,0.023235142,0.04373261,0.9330322
4345,B,B,0.040194664,0.9067199,0.053085428
4346,C,C,0.043024786,0.06261625,0.894359
4347,B,B,0.034447227,0.9269303,0.03862248
4348,C,C,0.12671953,0.10835454,0.76492596
4349,B,B,0.057695106,0.90980947,0.032495454
4350,B,B,0.1638958,0.71285933,0.1232449
4351,B,C,0.06043883,0.39444193,0.5451192
4352,B,B,0.083700106,0.6073346,0.30896533
4353,C,C,0.07052699,0.09382433,0.83564866
4354,C,C,0.17535348,0.049149867,0.77549666
4355,B,B,0.114646755,0.79305077,0.0923025
4356,B,B,0.117907934,0.8056693,0.076422825
4357,C,C,0.016208397,0.03395876,0.9498328
4358,A,A,0.8934024,0.033042602,0.073554955
4359,B,B,0.12678277,0.8544281,0.018789139
4360,C,C,0.34884956,0.06283786,0.58831257
4361,C,B,0.1388219,0.47884288,0.38233522
4362,C,C,0.34923655,0.08894356,0.5618199
4363,C,C,0.14720124,0.11759131,0.73520744
4364,C,C,0.06078897,0.061935198,0.8772758
4365,A,A,0.80358154,0.055072412,0.14134608
4366,C,C,0.038490187,0.047553044,0.91395676
4367,B,C,0.053790145,0.33825588,0.607954
4368,B,B,0.049203623,0.86216414,0.088632256
4369,C,C,0.11985471,0.04380315,0.83634216
4370,B,B,0.18658042,0.7545704,0.058849216
4371,B,B,0.04245811,0.8711967,0.08634524
4372,B,B,0.124495454,0.8384791,0.037025485
4373,C,C,0.20132679,0.06348734,0.7351859
4374,C,C,0.10011519,0.07084069,0.8290441
4375,C,C,0.055652846,0.040141936,0.9042052
4376,C,A,0.8586821,0.023168832,0.11814912
4377,A,A,0.8445706,0.12168529,0.03374415
4378,B,B,0.059133068,0.90241987,0.038447067
4379,B,B,0.09521747,0.79650813,0.10827433
4380,A,A,0.8692941,0.038997315,0.091708615
4381,C,A,0.52915245,0.046084117,0.42476338
4382,B,B,0.057147965,0.794288,0.14856404
4383,B,B,0.19419879,0.58968127,0.21611989
4384,B,B,0.40308183,0.4375171,0.15940103
4385,B,B,0.13392648,0.74326843,0.122805074
4386,B,C,0.10971595,0.19352667,0.6967574
4387,A,A,0.7548812,0.061037347,0.18408144
4388,C,C,0.03335315,0.028402565,0.93824434
4389,C,C,0.19324079,0.051793136,0.7549661
4390,B,B,0.037254404,0.8477303,0.11501537
4391,B,B,0.038270816,0.88377887,0.077950306
4392,C,C,0.3452256,0.03571984,0.61905456
4393,A,A,0.6799153,0.09876379,0.22132096
4394,C,C,0.05667365,0.049419526,0.8939069
4395,B,B,0.027754568,0.8624244,0.10982106
4396,B,B,0.12754866,0.79877424,0.07367708
4397,A,A,0.8524375,0.022391306,0.12517117
4398,B,B,0.09886035,0.820208,0.080931574
4399,A,A,0.8607159,0.0654144,0.07386972
4400,C,C,0.11557612,0.1545035,0.7299204
4401,A,B,0.1636345,0.77171004,0.06465549
4402,B,C,0.25018087,0.36538696,0.38443208
4403,A,C,0.12237177,0.051273253,0.826355
4404,B,B,0.07702816,0.8931111,0.029860776
4405,C,B,0.10702406,0.82627213,0.06670381
4406,A,A,0.7765515,0.08945873,0.13398978
4407,C,C,0.1611107,0.06698198,0.77190727
4408,C,C,0.17774732,0.1853177,0.63693494
4409,B,B,0.15268245,0.60262895,0.24468863
4410,B,B,0.011460644,0.9755465,0.012992873
4411,B,B,0.11051047,0.6057282,0.28376132
4412,B,B,0.27320406,0.5333814,0.19341452
4413,B,B,0.030235948,0.5462975,0.42346656
4414,A,A,0.71540725,0.04411952,0.24047318
4415,B,B,0.19800244,0.7227124,0.07928515
4416,B,B,0.12893659,0.80252194,0.068541475
4417,C,B,0.03742696,0.52598876,0.4365843
4418,A,A,0.96495,0.014999097,0.02005088
4419,C,C,0.05092135,0.041884985,0.9071936
4420,A,A,0.69434196,0.10356556,0.20209245
4421,C,C,0.330164,0.038909253,0.6309268
4422,A,A,0.7054128,0.068776704,0.22581048
4423,C,C,0.1996745,0.15132453,0.6490009
4424,B,B,0.099553004,0.86175114,0.03869589
4425,B,B,0.10622245,0.83842146,0.055356137
4426,C,C,0.07500541,0.34796417,0.5770304
4427,C,C,0.070268884,0.44057292,0.48915812
4428,C,C,0.16688928,0.14057375,0.692537
4429,A,A,0.7110338,0.079622515,0.20934364
4430,A,A,0.65747726,0.047568377,0.29495436
4431,A,C,0.27436945,0.121693395,0.6039371
4432,A,A,0.72299343,0.06640358,0.21060298
4433,C,C,0.12451997,0.0911844,0.7842956
4434,C,C,0.19679172,0.07279671,0.73041165
4435,C,A,0.37616894,0.2822162,0.34161487
4436,C,C,0.23638721,0.11190961,0.65170324
4437,A,A,0.7130396,0.19182885,0.0951316
4438,B,B,0.08538509,0.65319544,0.2614195
4439,B,B,0.09502478,0.8529353,0.052039858
4440,B,C,0.20822887,0.12122762,0.6705435
4441,A,A,0.9026932,0.051138014,0.0461687
4442,A,A,0.7771833,0.08650326,0.13631342
4443,B,C,0.17878492,0.27380398,0.547411
4444,B,B,0.035523012,0.9375711,0.026905986
4445,C,C,0.07409215,0.06263067,0.8632772
4446,A,B,0.41490915,0.54545385,0.039637003
4447,C,C,0.05266138,0.08378176,0.86355686
4448,C,C,0.30529422,0.053203385,0.6415023
4449,C,C,0.21531488,0.06795202,0.71673316
4450,C,C,0.083430946,0.10448136,0.81208766
4451,B,B,0.23770748,0.69682676,0.06546574
4452,B,B,0.0488618,0.8440248,0.10711349
4453,C,C,0.03952848,0.0975185,0.862953
4454,A,A,0.6512528,0.060427744,0.28831944
4455,A,C,0.27325687,0.03877816,0.687965
4456,A,A,0.8437808,0.05188377,0.10433546
4457,C,C,0.1679328,0.032669116,0.7993981
4458,C,C,0.10171547,0.065761626,0.83252287
4459,B,B,0.22277167,0.50293785,0.27429047
4460,B,B,0.15460153,0.59021413,0.25518432
4461,C,C,0.33313492,0.062251534,0.60461354
4462,C,C,0.14128873,0.3870062,0.47170505
4463,B,B,0.09066896,0.86693716,0.042393822
4464,A,A,0.86823106,0.06978284,0.061986182
4465,C,C,0.292109,0.31192297,0.39596802
4466,C,C,0.052940547,0.20530143,0.741758
4467,A,A,0.7163535,0.039938264,0.24370828
4468,B,B,0.078233585,0.77438825,0.14737815
4469,C,C,0.09109357,0.033162165,0.8757443
4470,C,A,0.49073675,0.08657061,0.42269266
4471,B,B,0.055184294,0.74738497,0.19743067
4472,C,C,0.037377376,0.03633637,0.9262863
4473,A,A,0.8412223,0.090453975,0.06832378
4474,C,C,0.41059306,0.1268808,0.46252617
4475,A,A,0.7374333,0.17863333,0.083933346
4476,B,B,0.3453443,0.4582904,0.19636525
4477,A,A,0.74505246,0.17294256,0.08200495
4478,B,B,0.13827346,0.7075685,0.15415798
4479,A,A,0.5563504,0.22091186,0.22273768
4480,B,B,0.02470046,0.77343667,0.20186295
4481,C,C,0.14861642,0.36741617,0.48396745
4482,B,A,0.5498381,0.32691747,0.12324434
4483,C,C,0.06937781,0.047152445,0.88346976
4484,A,A,0.7971224,0.120612875,0.0822647
4485,B,B,0.029836636,0.76971847,0.20044494
4486,A,A,0.8878378,0.06935135,0.042810865
4487,A,A,0.7694907,0.06269211,0.16781716
4488,A,A,0.8791861,0.04242936,0.07838455
4489,A,A,0.8699953,0.0513497,0.078655
4490,B,B,0.27897653,0.6163005,0.10472298
4491,A,B,0.15185611,0.7508278,0.09731609
4492,C,C,0.064001724,0.16724059,0.76875764
4493,B,B,0.11167654,0.5679079,0.32041547
4494,C,A,0.4958238,0.07057648,0.43359974
4495,B,B,0.10061767,0.48391005,0.4154722
4496,B,B,0.221902,0.7365158,0.0415822
4497,A,A,0.93890446,0.0377824,0.023313113
4498,C,C,0.030797537,0.11712773,0.8520748
4499,A,A,0.89388204,0.04580295,0.060315087
4500,C,C,0.07787547,0.169353,0.75277156
4501,A,A,0.55531245,0.042884525,0.40180302
4502,B,B,0.14675131,0.7746159,0.07863289
4503,B,B,0.20483857,0.7147953,0.0803661
4504,A,A,0.9352636,0.023392461,0.041343957
4505,C,C,0.27831388,0.09508845,0.6265977
4506,B,B,0.038776085,0.94357467,0.017649258
4507,C,C,0.05244809,0.14642513,0.8011268
4508,C,C,0.3142849,0.055020243,0.63069487
4509,B,B,0.32650045,0.62088233,0.052617244
4510,A,A,0.6652475,0.044674277,0.2900782
4511,B,B,0.038549125,0.90779984,0.05365101
4512,B,B,0.029656619,0.847604,0.12273937
4513,C,C,0.08861531,0.05935708,0.8520276
4514,B,C,0.06905276,0.11160598,0.81934124
4515,C,C,0.032491915,0.35135457,0.61615354
4516,C,C,0.041773006,0.021347744,0.9368793
4517,A,A,0.9330573,0.024094284,0.042848326
4518,B,B,0.03621578,0.935376,0.028408308
4519,C,C,0.17052616,0.08375811,0.7457157
4520,C,C,0.24596676,0.08301672,0.6710165
4521,B,B,0.2142915,0.49897933,0.28672913
4522,C,C,0.11232887,0.35827595,0.52939516
4523,B,B,0.32123348,0.6291036,0.049662996
4524,A,A,0.5478362,0.089505896,0.36265793
4525,A,A,0.7717656,0.023810033,0.2044244
4526,A,A,0.9167464,0.012088236,0.07116547
4527,A,A,0.83426434,0.07052063,0.095215045
4528,A,A,0.5907853,0.102435485,0.3067792
4529,B,B,0.037715208,0.90597427,0.056310516
4530,C,C,0.07876397,0.12607084,0.7951652
4531,C,C,0.2792744,0.11323499,0.60749066
4532,C,C,0.105999395,0.4463944,0.44760615
4533,C,C,0.05304232,0.045664698,0.901293
4534,C,C,0.012447974,0.061278917,0.9262731
4535,A,A,0.3664431,0.30646682,0.32709005
4536,B,B,0.041635457,0.8936579,0.06470661
4537,A,A,0.44150266,0.27233618,0.28616118
4538,B,C,0.42345816,0.0816573,0.49488455
4539,B,B,0.026311848,0.9289224,0.044765774
4540,A,A,0.8499065,0.09200813,0.058085274
4541,C,C,0.17384017,0.2123,0.61385983
4542,C,C,0.11301159,0.05390755,0.8330809
4543,C,C,0.12292052,0.12473909,0.75234044
4544,B,C,0.19566074,0.2619865,0.54235274
4545,C,C,0.11450655,0.089750364,0.79574305
4546,B,B,0.020575332,0.84706473,0.13235992
4547,B,A,0.52811676,0.26847297,0.20341016
4548,B,B,0.025602078,0.793963,0.18043497
4549,C,C,0.07892887,0.039714992,0.8813562
4550,B,B,0.18400082,0.44304144,0.37295774
4551,C,C,0.30553916,0.14379874,0.55066216
4552,B,B,0.020644676,0.82741714,0.15193823
4553,C,C,0.099862844,0.17664191,0.7234953
4554,C,C,0.062857926,0.025212474,0.9119296
4555,C,C,0.05701789,0.09886328,0.84411883
4556,B,B,0.16664386,0.81147546,0.021880645
4557,A,C,0.31561247,0.08650961,0.59787786
4558,C,C,0.052403864,0.09338966,0.85420644
4559,A,B,0.32362226,0.61911166,0.057266142
4560,A,A,0.7626891,0.109045215,0.1282657
4561,C,C,0.1911824,0.07325369,0.73556393
4562,C,C,0.04941414,0.0511636,0.8994222
4563,B,B,0.06616706,0.7504862,0.18334672
4564,B,B,0.02802875,0.74878395,0.22318734
4565,A,A,0.7859109,0.05552431,0.15856478
4566,A,A,0.49379888,0.36091053,0.14529057
4567,B,C,0.043090735,0.28985938,0.6670499
4568,C,C,0.15850925,0.019985273,0.8215055
4569,A,B,0.41975325,0.53613836,0.044108458
4570,B,A,0.37855077,0.3164284,0.30502084
4571,A,A,0.9239657,0.031830367,0.044203933
4572,A,B,0.13121359,0.70573014,0.16305624
4573,C,C,0.1999197,0.06516621,0.7349141
4574,B,B,0.039684493,0.9295846,0.030730944
4575,A,A,0.908483,0.025423888,0.06609313
4576,A,A,0.84919095,0.046961606,0.10384743
4577,A,A,0.89231837,0.052506912,0.055174775
4578,A,B,0.3088823,0.47584027,0.21527742
4579,A,A,0.5626748,0.04583549,0.39148965
4580,C,A,0.48150998,0.062254332,0.45623565
4581,C,C,0.054751005,0.18422033,0.7610287
4582,A,A,0.91872895,0.026971003,0.05430004
4583,B,B,0.050722606,0.7563079,0.19296952
4584,A,A,0.7574049,0.03399067,0.20860447
4585,B,C,0.17912693,0.38212654,0.4387465
4586,A,A,0.7245741,0.039105617,0.23632032
4587,B,B,0.05153763,0.85092705,0.09753536
4588,A,A,0.84173626,0.09179611,0.066467695
4589,C,C,0.058160584,0.03829433,0.903545
4590,A,A,0.92781794,0.021734003,0.050448023
4591,B,B,0.08876094,0.8369869,0.07425216
4592,C,C,0.06929449,0.023978902,0.90672654
4593,B,B,0.030166967,0.7308675,0.23896551
4594,C,C,0.06633308,0.05137619,0.8822908
4595,A,A,0.75749344,0.06099852,0.18150802
4596,A,A,0.94710076,0.01485634,0.03804282
4597,B,B,0.026045,0.8181285,0.15582652
4598,B,B,0.034173366,0.8366517,0.12917493
4599,B,B,0.03688104,0.7935667,0.1695522
4600,B,C,0.10307538,0.38618207,0.51074255
4601,A,A,0.7479741,0.052900463,0.19912548
4602,C,C,0.29627782,0.2931156,0.4106066
4603,B,B,0.015516846,0.94092363,0.043559596
4604,B,B,0.031159874,0.94410807,0.024732117
4605,B,B,0.08845654,0.8630693,0.048474133
4606,A,A,0.48772627,0.08645443,0.42581928
4607,C,B,0.36872792,0.5609696,0.070302494
4608,C,C,0.055655356,0.14626269,0.798082
4609,C,A,0.65078264,0.085594565,0.26362276
4610,B,B,0.04839408,0.5330109,0.41859496
4611,A,A,0.62007266,0.1275666,0.25236073
4612,B,B,0.3639863,0.41727564,0.21873803
4613,B,B,0.070091344,0.8626502,0.067258455
4614,C,C,0.11534049,0.09775236,0.78690714
4615,C,C,0.019928137,0.11067741,0.8693945
4616,B,A,0.7506738,0.18321306,0.06611317
4617,B,C,0.15129948,0.39198172,0.45671874
4618,A,A,0.7434716,0.08045887,0.17606959
4619,B,B,0.13584194,0.5639192,0.30023882
4620,A,A,0.8321317,0.03789815,0.1299702
4621,B,B,0.015701514,0.86874276,0.115555786
4622,A,C,0.17886536,0.05758544,0.7635492
4623,A,A,0.8180809,0.03907536,0.14284375
4624,A,A,0.57706904,0.18531032,0.23762058
4625,C,C,0.09638724,0.06468016,0.83893263
4626,B,B,0.035683714,0.8286642,0.13565211
4627,B,B,0.027409451,0.55800444,0.4145861
4628,C,C,0.106591396,0.04984609,0.8435625
4629,B,B,0.028211476,0.927137,0.04465143
4630,B,B,0.044293243,0.8472574,0.108449355
4631,B,B,0.033320043,0.9320409,0.034638982
4632,C,C,0.13055092,0.08547484,0.7839743
4633,C,C,0.120061204,0.070252806,0.80968595
4634,B,C,0.2538106,0.2827597,0.46342966
4635,C,C,0.059101164,0.29238942,0.6485094
4636,C,C,0.03418437,0.020997519,0.9448181
4637,B,B,0.2818531,0.46734264,0.25080413
4638,A,A,0.87507766,0.025197728,0.09972464
4639,A,A,0.56486464,0.069460556,0.36567482
4640,C,C,0.30889234,0.05900505,0.6321026
4641,B,B,0.034467846,0.8483702,0.11716201
4642,C,C,0.095777564,0.1505017,0.75372076
4643,A,A,0.86101323,0.04513506,0.09385173
4644,C,C,0.04674007,0.102969065,0.85029083
4645,B,A,0.5951511,0.27746594,0.127383
4646,B,C,0.03966521,0.4055964,0.5547384
4647,A,A,0.93333614,0.025310602,0.041353203
4648,C,C,0.06253239,0.15081954,0.78664815
4649,A,B,0.18986534,0.5464892,0.2636455
4650,B,B,0.055646572,0.87135935,0.07299404
4651,C,C,0.030388845,0.07309481,0.8965163
4652,C,C,0.3918743,0.039164945,0.5689608
4653,C,C,0.030040348,0.18253869,0.7874209
4654,B,B,0.064714655,0.5075598,0.42772564
4655,C,C,0.076497085,0.049727958,0.87377495
4656,B,B,0.04387081,0.87639076,0.07973847
4657,A,A,0.8129468,0.05089784,0.1361553
4658,A,A,0.7894421,0.018392587,0.19216521
4659,B,B,0.38943636,0.54132676,0.06923691
4660,C,C,0.04789648,0.03598329,0.91612023
4661,B,B,0.020702964,0.91727424,0.062022742
4662,A,A,0.71359646,0.04303839,0.24336518
4663,C,C,0.045074623,0.21016347,0.74476194
4664,A,A,0.8441143,0.06899648,0.0868892
4665,B,B,0.020455128,0.78038174,0.19916312
4666,B,B,0.12777916,0.82251245,0.049708348
4667,C,C,0.05316929,0.14568944,0.8011413
4668,B,B,0.23240079,0.70469576,0.06290345
4669,A,B,0.43742102,0.50933516,0.05324381
4670,C,A,0.47887766,0.1348008,0.38632157
4671,B,B,0.23623241,0.5817143,0.18205336
4672,A,A,0.70934355,0.15465447,0.13600203
4673,C,C,0.041550297,0.20678748,0.7516622
4674,C,C,0.1987057,0.043778103,0.7575162
4675,A,A,0.6194657,0.03602089,0.34451336
4676,C,C,0.2154592,0.051711965,0.7328288
4677,A,A,0.9526901,0.017815733,0.029494068
4678,A,C,0.37127936,0.07154696,0.5571737
4679,C,C,0.08927397,0.030892387,0.8798337
4680,C,C,0.30459008,0.24790008,0.44750986
4681,A,A,0.9329609,0.031462427,0.035576575
4682,C,A,0.54816854,0.044735093,0.40709633
4683,C,C,0.051885348,0.061440427,0.88667417
4684,C,C,0.09341105,0.11578932,0.7907996
4685,A,A,0.81976694,0.075082265,0.1051508
4686,A,C,0.38823622,0.16490394,0.44685987
4687,A,A,0.8135345,0.07339202,0.11307345
4688,A,A,0.6447864,0.07321509,0.28199854
4689,B,C,0.3759895,0.23362131,0.3903891
4690,B,B,0.048016135,0.8543495,0.09763439
4691,B,B,0.028764948,0.76019967,0.21103539
4692,C,C,0.13534158,0.40590024,0.45875812
4693,C,C,0.13571411,0.061559536,0.8027264
4694,C,C,0.27660277,0.047015164,0.67638206
4695,B,B,0.037872642,0.5182882,0.44383925
4696,C,C,0.0478537,0.097802304,0.854344
4697,B,C,0.035251725,0.24268118,0.7220672
4698,A,A,0.8236053,0.022255259,0.15413941
4699,A,A,0.681331,0.042850424,0.27581865
4700,C,C,0.05548663,0.09541242,0.84910095
4701,A,A,0.8935594,0.040079866,0.066360675
4702,A,A,0.85854745,0.041796636,0.099655874
4703,B,B,0.10028763,0.7094542,0.19025822
4704,A,A,0.93341136,0.018024098,0.04856455
4705,B,A,0.5394229,0.41793934,0.042637724
4706,B,C,0.08750186,0.2451055,0.6673927
4707,A,C,0.25035813,0.21675181,0.53289014
4708,B,B,0.11409297,0.77122283,0.11468419
4709,C,C,0.18406367,0.092132956,0.7238034
4710,C,C,0.11101913,0.11776245,0.7712185
4711,B,B,0.23608968,0.43091452,0.33299577
4712,C,C,0.0967528,0.19956468,0.70368254
4713,C,C,0.24088754,0.057240948,0.7018716
4714,C,C,0.08024722,0.17189294,0.7478598
4715,A,A,0.94661885,0.016288338,0.03709275
4716,A,A,0.8712151,0.021952882,0.106831975
4717,A,A,0.87694997,0.0498342,0.07321582
4718,C,C,0.15444365,0.14366151,0.7018949
4719,B,B,0.16709018,0.6129318,0.21997805
4720,A,A,0.8662255,0.053261507,0.08051302
4721,B,B,0.08235202,0.7755165,0.14213148
4722,A,A,0.77459264,0.0407791,0.18462825
4723,B,B,0.10226958,0.60523564,0.2924948
4724,A,A,0.93469113,0.01581968,0.04948924
4725,A,A,0.83161956,0.0438773,0.12450314
4726,B,B,0.055699557,0.8948565,0.04944384
4727,C,C,0.024236899,0.013585286,0.9621778
4728,C,B,0.08610548,0.65621454,0.25768
4729,C,C,0.06935235,0.0563245,0.8743232
4730,B,B,0.009841445,0.9820224,0.008136276
4731,A,A,0.9285502,0.028819963,0.04262984
4732,C,A,0.73836887,0.06198548,0.19964565
4733,B,B,0.04799794,0.9269129,0.025089163
4734,C,C,0.12267365,0.105665684,0.77166075
4735,A,A,0.5896867,0.057064936,0.35324842
4736,A,A,0.74660015,0.075632334,0.17776749
4737,C,C,0.23241803,0.03115106,0.73643094
4738,A,A,0.86021787,0.07402367,0.06575851
4739,B,C,0.112257175,0.24232425,0.6454186
4740,A,A,0.5640198,0.02479681,0.4111834
4741,C,C,0.36567768,0.055977408,0.5783449
4742,B,B,0.055795517,0.86094797,0.083256535
4743,C,C,0.09452289,0.10675784,0.7987192
4744,C,C,0.0422119,0.16505824,0.79272985
4745,B,B,0.043322127,0.80932593,0.14735194
4746,A,C,0.3262078,0.112252556,0.56153965
4747,A,A,0.82508874,0.082571924,0.09233926
4748,B,B,0.04786148,0.908738,0.04340049
4749,C,C,0.053084657,0.10942895,0.8374864
4750,B,B,0.0618411,0.87660164,0.06155725
4751,C,C,0.09968051,0.1357062,0.76461333
4752,B,B,0.045163352,0.90509725,0.04973942
4753,B,B,0.018670507,0.8946025,0.086726926
4754,A,A,0.8361473,0.03209832,0.13175435
4755,C,C,0.36376685,0.052715365,0.58351773
4756,B,B,0.04202008,0.6716487,0.28633127
4757,A,A,0.7643163,0.08724942,0.14843424
4758,A,A,0.73923427,0.05622069,0.20454499
4759,C,C,0.039083663,0.03866802,0.9222483
4760,B,B,0.05753825,0.8691163,0.07334554
4761,C,C,0.051264808,0.095141076,0.8535942
4762,C,C,0.17698915,0.14870667,0.6743041
4763,A,A,0.8237963,0.12623353,0.049970176
4764,A,A,0.8898179,0.056928247,0.053253885
4765,C,C,0.16246234,0.054561853,0.7829758
4766,C,C,0.14584167,0.13391113,0.7202472
4767,B,B,0.21675111,0.5714308,0.21181811
4768,C,C,0.2774537,0.13889956,0.5836467
4769,B,B,0.07427801,0.5976075,0.32811457
4770,C,C,0.08065687,0.086378984,0.83296406
4771,C,C,0.088170506,0.023022974,0.8888066
4772,B,B,0.30766425,0.6238434,0.06849235
4773,A,A,0.6695999,0.05555653,0.27484357
4774,A,A,0.9187512,0.017335564,0.063913345
4775,B,B,0.28658482,0.6107904,0.10262477
4776,A,A,0.6803573,0.045913275,0.2737295
4777,B,B,0.08406922,0.5651257,0.35080507
4778,A,B,0.18180579,0.6393333,0.17886087
4779,C,C,0.047086813,0.030736659,0.9221765
4780,B,B,0.121752664,0.8399712,0.038276244
4781,B,B,0.17076235,0.7265211,0.10271657
4782,B,B,0.20896365,0.6223523,0.16868417
4783,C,C,0.09495626,0.04470008,0.8603437
4784,B,B,0.021098796,0.9330052,0.045895994
4785,A,A,0.65142447,0.20830153,0.14027397
4786,A,A,0.9390002,0.03061084,0.030388966
4787,A,A,0.89509135,0.039707392,0.06520135
4788,B,B,0.1253518,0.67853045,0.19611782
4789,C,C,0.4525083,0.05048445,0.49700728
4790,C,C,0.027379347,0.045611173,0.92700946
4791,B,B,0.15285233,0.807425,0.039722655
4792,B,B,0.13208583,0.7516046,0.11630956
4793,A,A,0.7326503,0.038292017,0.22905771
4794,A,A,0.86300164,0.06644845,0.07054985
4795,A,A,0.5611236,0.3428374,0.09603904
4796,A,A,0.7242649,0.10558277,0.17015228
4797,C,A,0.6707884,0.05575919,0.2734524
4798,B,B,0.05075523,0.9173208,0.031924043
4799,A,C,0.22947896,0.0813621,0.6891589
4800,B,B,0.391769,0.496635,0.11159602
4801,B,B,0.10427511,0.84792304,0.047801796
4802,B,B,0.21981847,0.733293,0.046888582
4803,B,B,0.1375293,0.80502164,0.05744899
4804,A,A,0.5229707,0.07103537,0.40599394
4805,B,B,0.13789974,0.5090001,0.35310015
4806,B,B,0.12001916,0.76507366,0.11490713
4807,A,C,0.12111268,0.33078966,0.5480976
4808,B,A,0.40278405,0.3018438,0.29537204
4809,A,A,0.7733059,0.027060991,0.19963314
4810,B,B,0.21418244,0.69815516,0.08766242
4811,C,C,0.16123837,0.045486063,0.79327554
4812,C,C,0.4487564,0.085806906,0.46543667
4813,B,B,0.026839549,0.87087244,0.102288
4814,A,C,0.44296128,0.052779365,0.50425935
4815,B,B,0.1119727,0.7367808,0.15124644
4816,A,A,0.7303567,0.05062278,0.21902047
4817,A,A,0.8949498,0.018716795,0.086333364
4818,C,C,0.04758405,0.0677465,0.8846694
4819,B,B,0.074818335,0.8732339,0.051947754
4820,C,C,0.118978925,0.039882407,0.84113866
4821,C,C,0.037661366,0.16224025,0.80009836
4822,A,A,0.9070551,0.026929673,0.0660153
4823,B,B,0.07783331,0.85017294,0.07199371
4824,B,C,0.21476863,0.12591234,0.659319
4825,A,A,0.46499458,0.15320796,0.38179746
4826,A,A,0.8933332,0.022614572,0.08405224
4827,C,C,0.04447227,0.059675056,0.8958527
4828,A,A,0.8588363,0.019279854,0.12188386
4829,C,C,0.04877333,0.069379635,0.881847
4830,A,A,0.8067868,0.0808364,0.112376854
4831,C,C,0.14348695,0.061401885,0.7951112
4832,B,C,0.21901758,0.3832133,0.39776912
4833,C,C,0.13598248,0.2210738,0.6429437
4834,A,A,0.68331075,0.09882752,0.21786168
4835,B,B,0.08339176,0.8181884,0.09841981
4836,C,C,0.06534051,0.0240508,0.91060865
4837,A,A,0.70323074,0.07352178,0.22324753
4838,A,A,0.72129166,0.07734193,0.20136648
4839,A,A,0.63178355,0.0850287,0.28318778
4840,B,B,0.19012143,0.6055917,0.20428683
4841,A,A,0.89794475,0.04426434,0.057790853
4842,A,A,0.97216517,0.011030435,0.016804405
4843,C,C,0.02877305,0.020598328,0.9506286
4844,A,A,0.8273212,0.030711364,0.14196749
4845,C,C,0.12753896,0.078548744,0.7939123
4846,B,B,0.0973513,0.78838146,0.114267275
4847,A,A,0.83128005,0.114892155,0.053827826
4848,C,B,0.2540684,0.44891524,0.29701638
4849,B,C,0.32112032,0.31981972,0.35905993
4850,C,C,0.13886462,0.038958274,0.8221771
4851,C,B,0.06578753,0.82396936,0.11024306
4852,A,A,0.8744578,0.030788155,0.09475413
4853,C,C,0.050995674,0.23019834,0.71880597
4854,A,A,0.46524626,0.3215939,0.2131598
4855,A,C,0.3000955,0.12627256,0.57363194
4856,A,A,0.66412115,0.07864083,0.25723803
4857,C,C,0.08494863,0.042585216,0.8724661
4858,C,C,0.10685918,0.042235456,0.85090536
4859,C,C,0.0772089,0.049960416,0.8728307
4860,B,B,0.0145584205,0.9404178,0.045023736
4861,A,A,0.79873157,0.038819667,0.1624488
4862,A,A,0.8531931,0.022636382,0.124170594
4863,B,B,0.094420895,0.8499605,0.055618614
4864,A,A,0.8231136,0.03680193,0.14008436
4865,C,C,0.20015097,0.028928263,0.7709208
4866,B,B,0.06580823,0.8189772,0.115214564
4867,A,A,0.73853534,0.026612544,0.23485209
4868,B,B,0.16798948,0.62960595,0.20240454
4869,C,A,0.47270662,0.10178168,0.42551175
4870,B,B,0.03709542,0.63083655,0.33206803
4871,A,C,0.2838157,0.08767978,0.6285045
4872,A,A,0.605544,0.053593174,0.34086287
4873,A,A,0.7911143,0.029494511,0.17939119
4874,A,A,0.9153073,0.041098766,0.04359401
4875,C,C,0.12437042,0.07856012,0.7970695
4876,C,C,0.052181397,0.07307248,0.87474614
4877,C,C,0.10954717,0.08428688,0.80616593
4878,C,C,0.20388792,0.06871631,0.72739583
4879,C,C,0.057617977,0.041140225,0.9012418
4880,A,A,0.90987676,0.02840788,0.06171542
4881,C,C,0.2280629,0.064468384,0.70746875
4882,C,C,0.14900069,0.030303352,0.820696
4883,A,A,0.90329444,0.054423295,0.042282224
4884,B,B,0.32562342,0.5995168,0.074859776
4885,B,B,0.33567405,0.35401404,0.3103119
4886,A,A,0.96171397,0.012054234,0.026231762
4887,B,B,0.03172335,0.5610013,0.40727532
4888,C,C,0.13007379,0.077721685,0.79220456
4889,B,B,0.05465901,0.8591813,0.08615965
4890,A,A,0.7515118,0.08029251,0.1681956
4891,A,A,0.65907604,0.06980785,0.27111614
4892,C,C,0.0740203,0.10747317,0.8185065
4893,B,B,0.00863846,0.97077227,0.020589368
4894,B,A,0.40840602,0.32332578,0.26826826
4895,A,A,0.73284966,0.036729407,0.23042102
4896,C,C,0.11948892,0.082409024,0.798102
4897,B,B,0.047094006,0.72991043,0.22299558
4898,C,C,0.4048225,0.069108285,0.5260692
4899,C,C,0.20642807,0.083065644,0.71050626
4900,C,A,0.7295237,0.041492924,0.22898331
4901,A,A,0.86711264,0.09043176,0.042455528
4902,A,A,0.93741876,0.014899012,0.047682177
4903,C,C,0.04979531,0.017742524,0.9324622
4904,A,A,0.69509065,0.06965939,0.23524989
4905,A,A,0.7196907,0.23226483,0.048044533
4906,B,B,0.1782786,0.659573,0.1621484
4907,C,C,0.39264962,0.16634096,0.44100937
4908,A,A,0.91079575,0.039217975,0.04998633
4909,B,B,0.03738687,0.92328936,0.03932374
4910,B,C,0.059776362,0.33094156,0.6092821
4911,A,A,0.4906028,0.27851993,0.23087722
4912,C,C,0.05596404,0.10267565,0.84136033
4913,A,A,0.8262307,0.031478804,0.14229044
4914,A,A,0.59792745,0.16922201,0.2328505
4915,B,B,0.029503385,0.94623584,0.02426073
4916,B,B,0.016354475,0.965014,0.01863152
4917,C,C,0.4505118,0.053577628,0.49591058
4918,C,C,0.06776171,0.029916195,0.9023221
4919,B,B,0.043091457,0.8481199,0.10878867
4920,B,B,0.051493898,0.91150206,0.037004113
4921,C,C,0.05251954,0.18841496,0.7590655
4922,A,A,0.87846583,0.027503885,0.09403032
4923,C,C,0.10364449,0.4167966,0.47955894
4924,C,C,0.22086272,0.117225416,0.66191185
4925,B,B,0.031997595,0.81242293,0.15557948
4926,B,A,0.76348025,0.18606992,0.050449885
4927,C,C,0.019536313,0.014509459,0.9659542
4928,C,C,0.041375943,0.09378647,0.8648376
4929,A,A,0.72066617,0.03678931,0.24254458
4930,A,A,0.668656,0.08399151,0.24735238
4931,A,A,0.91295326,0.03800503,0.049041647
4932,A,A,0.705794,0.16812791,0.12607805
4933,B,B,0.07567548,0.83669937,0.08762511
4934,B,B,0.056831095,0.9176232,0.025545662
4935,B,B,0.16925755,0.58500206,0.24574037
4936,A,A,0.854561,0.02601768,0.119421296
4937,C,C,0.05815937,0.10338834,0.8384523
4938,A,A,0.9187233,0.03191349,0.049363248
4939,C,C,0.08243462,0.15368979,0.76387554
4940,C,A,0.6276914,0.07978207,0.29252654
4941,B,B,0.07062111,0.8730496,0.05632922
4942,C,C,0.14679544,0.11259931,0.7406053
4943,C,C,0.4233775,0.0667777,0.5098447
4944,B,B,0.07300134,0.6701587,0.25684002
4945,C,C,0.31963167,0.04762108,0.6327473
4946,B,A,0.49088567,0.22098207,0.28813222
4947,A,A,0.75225633,0.037812244,0.2099315
4948,C,C,0.02816943,0.073608845,0.8982218
4949,B,B,0.07367253,0.88660926,0.039718192
4950,C,C,0.040016554,0.15812546,0.80185795
4951,B,B,0.08599712,0.6438581,0.2701448
4952,C,C,0.027487762,0.040176082,0.93233615
4953,A,A,0.5796404,0.040759914,0.37959966
4954,A,A,0.7837676,0.042974643,0.17325774
4955,B,B,0.121506795,0.7384101,0.14008297
4956,B,B,0.011445858,0.9551473,0.03340677
4957,A,A,0.88219434,0.039689176,0.07811647
4958,B,B,0.07504585,0.8624503,0.06250387
4959,A,B,0.16424513,0.70916146,0.12659337
4960,B,B,0.030987032,0.816569,0.15244393
4961,C,A,0.5719843,0.10528775,0.32272804
4962,C,C,0.20500216,0.106040895,0.688957
4963,A,A,0.89289886,0.010260671,0.09684049
4964,C,C,0.093374625,0.035847664,0.87077767
4965,A,A,0.70706064,0.03998222,0.25295714
4966,B,B,0.025301464,0.92805976,0.046638723
4967,B,B,0.19527926,0.57588744,0.22883335
4968,B,B,0.0460525,0.9186727,0.035274792
4969,B,B,0.19099548,0.6492024,0.15980208
4970,B,B,0.086445495,0.8642703,0.04928417
4971,B,B,0.023912782,0.8923452,0.083742015
4972,A,A,0.36404437,0.27722892,0.35872668
4973,B,A,0.5140398,0.44665983,0.039300337
4974,C,C,0.09187801,0.10855999,0.79956204
4975,C,C,0.266153,0.07624413,0.65760297
4976,C,C,0.48669103,0.026209274,0.48709977
4977,A,C,0.39432457,0.06871098,0.5369645
4978,C,A,0.57506484,0.13780726,0.28712785
4979,B,B,0.009834392,0.9041352,0.08603037
4980,B,C,0.07765331,0.26329836,0.6590483
4981,A,A,0.8483991,0.088823274,0.06277763
4982,B,B,0.24262759,0.6852656,0.07210692
4983,B,C,0.032947157,0.35115197,0.61590093
4984,C,C,0.049028117,0.041452974,0.90951884
4985,B,B,0.024585877,0.9194776,0.05593649
4986,A,A,0.9100048,0.025012886,0.06498228
4987,B,B,0.16706297,0.44481987,0.38811713
4988,A,B,0.24752137,0.7069547,0.045523856
4989,C,C,0.092925854,0.20109648,0.7059777
4990,C,C,0.046520572,0.06303454,0.8904449
4991,A,A,0.93566746,0.029656783,0.034675714
4992,A,A,0.775404,0.043051858,0.18154415
4993,A,A,0.9204963,0.029918179,0.049585614
4994,C,C,0.11000823,0.06750996,0.8224818
4995,A,A,0.8451796,0.016074877,0.13874553
4996,A,A,0.66514057,0.13719693,0.19766247
4997,C,C,0.14181232,0.10446514,0.75372255
4998,A,B,0.13185707,0.8486268,0.019516181
4999,A,A,0.8028571,0.047752243,0.1493907
5000,C,C,0.04309711,0.036456607,0.92044634
5001,B,B,0.120140456,0.8424517,0.037407856
5002,C,C,0.06964014,0.07567292,0.854687
5003,B,B,0.072824776,0.8960431,0.031131998
5004,B,B,0.018289488,0.90380245,0.07790813
5005,C,C,0.35291716,0.1014183,0.5456646
5006,C,C,0.05631791,0.049571,0.89411116
5007,A,A,0.84705955,0.015818203,0.13712221
5008,C,A,0.45360163,0.13154021,0.41485813
5009,B,B,0.11641874,0.78855985,0.095021464
5010,A,A,0.7144101,0.05378933,0.23180051
5011,B,B,0.12602931,0.71521217,0.15875849
5012,B,B,0.083969384,0.8270275,0.08900317
5013,B,C,0.0275093,0.15818824,0.8143025
5014,B,B,0.037509643,0.9306095,0.03188085
5015,B,B,0.059860237,0.7643729,0.17576689
5016,A,B,0.22645572,0.7361816,0.037362613
5017,B,B,0.047089517,0.7406798,0.21223073
5018,A,A,0.93250513,0.017243067,0.05025182
5019,B,B,0.0695254,0.8810028,0.049471848
5020,C,C,0.054469693,0.03156799,0.91396236
5021,B,C,0.20684512,0.38113406,0.41202077
5022,C,C,0.3796211,0.05045567,0.5699232
5023,A,A,0.89805657,0.050902836,0.051040612
5024,A,A,0.62467873,0.062298317,0.313023
5025,B,C,0.10864038,0.18988822,0.7014714
5026,B,B,0.04480083,0.89888126,0.05631786
5027,B,C,0.10938042,0.1722217,0.71839786
5028,C,C,0.41148406,0.084594436,0.5039215
5029,A,A,0.46332067,0.34013274,0.19654657
5030,C,C,0.28596824,0.10630661,0.60772514
5031,C,C,0.05394659,0.031552747,0.9145007
5032,B,C,0.3885424,0.14917092,0.46228668
5033,A,A,0.9120235,0.043584213,0.044392228
5034,B,B,0.02163181,0.9234825,0.05488577
5035,C,C,0.05803284,0.026971864,0.91499525
5036,C,C,0.114327244,0.104993224,0.7806796
5037,A,A,0.7593072,0.052067854,0.18862495
5038,A,A,0.90307766,0.02003816,0.07688413
5039,C,C,0.17036156,0.04941987,0.78021854
5040,C,C,0.06869643,0.046206295,0.8850972
5041,C,C,0.08282461,0.11918019,0.79799515
5042,B,B,0.052154824,0.84973806,0.09810711
5043,B,B,0.06780406,0.86294657,0.06924932
5044,C,C,0.051907867,0.07535679,0.8727353
5045,A,C,0.41924053,0.033123925,0.5476355
5046,B,B,0.037146904,0.9071158,0.055737346
5047,A,A,0.931805,0.016041476,0.052153505
5048,A,A,0.580136,0.19914678,0.22071716
5049,A,A,0.7580103,0.019783178,0.2222064
5050,A,A,0.94084567,0.01902371,0.040130626
5051,B,B,0.03961602,0.8286471,0.131737
5052,C,C,0.04721964,0.08380385,0.8689765
5053,B,B,0.19047974,0.74904966,0.060470585
5054,B,B,0.03253997,0.95046186,0.016998243
5055,A,A,0.9253288,0.02400856,0.05066265
5056,A,A,0.6813194,0.08255326,0.2361273
5057,A,A,0.89531565,0.07328726,0.03139702
5058,A,A,0.78402776,0.042041328,0.17393084
5059,A,A,0.8016213,0.06703049,0.13134822
5060,A,A,0.8194545,0.07305668,0.107488826
5061,A,A,0.89228046,0.0593949,0.048324592
5062,A,A,0.8215869,0.033626754,0.14478627
5063,C,C,0.2849161,0.02509648,0.6899875
5064,C,C,0.08161149,0.05424406,0.86414444
5065,C,C,0.054407272,0.04510617,0.9004866
5066,B,B,0.039249185,0.86369914,0.097051665
5067,A,A,0.8287195,0.03674076,0.13453966
5068,B,B,0.039181877,0.93552494,0.025293112
5069,C,C,0.03772394,0.102102585,0.86017346
5070,A,A,0.87161326,0.042895585,0.08549121
5071,A,A,0.9032021,0.010741073,0.086056784
5072,C,C,0.085494384,0.06261117,0.85189444
5073,A,A,0.6132656,0.22415173,0.1625827
5074,B,B,0.068017535,0.70825356,0.22372892
5075,C,C,0.1714684,0.11175602,0.7167756
5076,A,A,0.87336826,0.06794989,0.058681853
5077,C,C,0.09689745,0.2918607,0.6112419
5078,A,A,0.6213805,0.06700288,0.31161654
5079,B,B,0.04518547,0.907796,0.04701858
5080,A,A,0.95434994,0.019956158,0.025693893
5081,C,B,0.16791321,0.53114325,0.30094355
5082,C,C,0.072541885,0.16623172,0.76122636
5083,A,C,0.46697128,0.03185292,0.5011758
5084,C,C,0.1893752,0.045774926,0.7648498
5085,C,C,0.067855105,0.072290204,0.85985464
5086,B,B,0.3704484,0.5354546,0.094097026
5087,A,A,0.90818375,0.043176435,0.048639882
5088,A,B,0.42150855,0.43765232,0.1408391
5089,B,B,0.034987435,0.88890857,0.07610398
5090,C,B,0.26290366,0.39442077,0.34267557
5091,A,A,0.8551817,0.028036477,0.11678184
5092,B,B,0.07220133,0.8556971,0.07210167
5093,C,C,0.08582602,0.10517256,0.80900145
5094,B,B,0.06711079,0.8425621,0.09032706
5095,B,B,0.062013153,0.67384094,0.26414594
5096,A,A,0.8765489,0.043789633,0.079661466
5097,B,B,0.0679527,0.8391054,0.09294186
5098,A,A,0.49835,0.27585632,0.22579366
5099,C,C,0.1402926,0.11009015,0.7496172
5100,C,C,0.11983752,0.03135708,0.8488054
5101,B,B,0.12769596,0.7809152,0.091388874
5102,B,C,0.046626527,0.25634232,0.69703114
5103,B,B,0.18780895,0.7264566,0.08573443
5104,B,B,0.07394091,0.59555423,0.33050483
5105,C,C,0.24997514,0.059206195,0.6908187
5106,C,C,0.30860698,0.054736443,0.6366565
5107,A,A,0.86177176,0.04608293,0.092145234
5108,A,A,0.91975266,0.010207045,0.07004036
5109,A,C,0.31902587,0.1482013,0.5327729
5110,C,A,0.8016921,0.045095287,0.15321264
5111,A,A,0.90698147,0.032103837,0.06091471
5112,A,A,0.5461246,0.11721023,0.3366652
5113,B,C,0.09737091,0.20259507,0.70003396
5114,A,A,0.648425,0.11029045,0.24128453
5115,C,C,0.09130498,0.085724175,0.82297087
5116,C,C,0.090609126,0.06976033,0.83963054
5117,B,B,0.01676955,0.9315752,0.05165527
5118,A,A,0.85638267,0.0481138,0.0955035
5119,C,C,0.22603281,0.26241884,0.51154834
5120,B,B,0.06572731,0.65759724,0.2766755
5121,A,A,0.93400437,0.022003857,0.043991823
5122,B,B,0.078023694,0.86876124,0.053215105
5123,B,B,0.048708607,0.8950202,0.056271248
5124,B,C,0.09395567,0.34512547,0.56091887
5125,B,B,0.20159063,0.5635124,0.23489694
5126,B,B,0.030625282,0.88946474,0.07991001
5127,C,C,0.06908022,0.17933816,0.7515816
5128,B,A,0.60371053,0.25126123,0.14502822
5129,A,A,0.6941654,0.06937956,0.23645502
5130,C,C,0.18165873,0.030505983,0.7878353
5131,B,B,0.05106965,0.5662038,0.3827266
5132,B,B,0.06897453,0.5252792,0.40574628
5133,A,A,0.5656975,0.08329465,0.3510078
5134,C,C,0.043105863,0.08514842,0.87174577
5135,C,B,0.4010486,0.46067297,0.13827842
5136,B,B,0.02731078,0.87530035,0.09738887
5137,B,B,0.06714046,0.5262457,0.40661386
5138,C,C,0.20370132,0.078993574,0.7173051
5139,B,B,0.09377652,0.7461529,0.16007069
5140,A,A,0.55561745,0.07131701,0.37306556
5141,A,A,0.6280964,0.053907257,0.31799632
5142,C,C,0.1023113,0.026867073,0.8708216
5143,A,A,0.7970997,0.050753787,0.15214653
5144,A,A,0.8912721,0.046494167,0.062233623
5145,C,C,0.036596995,0.02851027,0.9348927
5146,C,C,0.06037396,0.043604553,0.8960215
5147,C,A,0.64446086,0.09610331,0.2594359
5148,A,A,0.8448839,0.10608321,0.049032897
5149,C,A,0.72455823,0.12585977,0.14958191
5150,A,A,0.6235345,0.07754619,0.29891926
5151,B,C,0.06028769,0.18733227,0.7523801
5152,B,B,0.03215638,0.90480614,0.0630375
5153,B,B,0.10792884,0.84980863,0.0422626
5154,B,B,0.07869821,0.8820509,0.039250974
5155,C,C,0.12358138,0.112351246,0.7640674
5156,B,B,0.070610896,0.90154153,0.027847575
5157,C,C,0.07503973,0.04087772,0.8840825
5158,C,C,0.03186926,0.04342904,0.9247017
5159,B,B,0.22541498,0.53021646,0.24436854
5160,A,A,0.833344,0.0379602,0.12869585
5161,B,B,0.09618919,0.7563435,0.14746727
5162,A,A,0.7456497,0.058561232,0.19578905
5163,A,A,0.8551293,0.08088657,0.06398422
5164,C,C,0.03128613,0.13861382,0.8301001
5165,C,C,0.10686855,0.098456375,0.7946751
5166,C,C,0.04058479,0.06678735,0.8926279
5167,C,C,0.022086771,0.035939205,0.941974
5168,C,C,0.123401806,0.06742318,0.809175
5169,C,B,0.15940386,0.5830098,0.25758627
5170,B,B,0.018440211,0.96491045,0.01664934
5171,B,B,0.21080643,0.4682648,0.32092875
5172,A,A,0.9076666,0.028586721,0.063746616
5173,B,B,0.18673179,0.7368454,0.07642283
5174,C,C,0.1927512,0.085614026,0.72163475
5175,A,A,0.538781,0.16909641,0.29212263
5176,C,C,0.15155005,0.09682859,0.7516213
5177,A,A,0.4656878,0.21036361,0.32394856
5178,C,C,0.08254441,0.06450426,0.8529513
5179,A,A,0.91550815,0.015412109,0.06907973
5180,C,C,0.031433348,0.03080984,0.93775684
5181,B,B,0.28430274,0.45427,0.26142734
5182,A,A,0.91010016,0.052639086,0.037260782
5183,A,A,0.7497017,0.110362135,0.13993613
5184,B,B,0.07055287,0.5399507,0.38949633
5185,A,A,0.82863635,0.08729023,0.0840734
5186,A,A,0.85708725,0.07927064,0.06364213
5187,B,B,0.054947596,0.8972114,0.04784098
5188,C,C,0.16074832,0.094358236,0.7448934
5189,A,A,0.39713812,0.35328865,0.24957319
5190,C,C,0.033830848,0.019080777,0.94708836
5191,B,B,0.104773395,0.78041434,0.11481229
5192,B,B,0.14521159,0.65474963,0.20003878
5193,A,A,0.6799093,0.023795178,0.29629552
5194,C,C,0.42159966,0.026934896,0.55146545
5195,C,A,0.8394717,0.012316126,0.14821218
5196,A,A,0.9389054,0.021851335,0.039243247
5197,C,C,0.1299782,0.07717707,0.7928447
5198,A,A,0.75104356,0.037167113,0.21178934
5199,A,A,0.9602605,0.01344415,0.026295396
5200,B,B,0.05029087,0.88759357,0.062115505
5201,A,A,0.88487685,0.058142293,0.05698081
5202,A,A,0.83020777,0.043812286,0.12597997
5203,B,B,0.02483655,0.84530157,0.12986188
5204,B,B,0.2564933,0.71894974,0.024556933
5205,C,C,0.1448304,0.037604734,0.81756485
5206,A,A,0.7759718,0.15415674,0.06987155
5207,B,A,0.44566646,0.44525003,0.109083496
5208,C,C,0.0825803,0.074433476,0.8429862
5209,A,A,0.75468224,0.06490145,0.18041626
5210,C,C,0.40361464,0.062161107,0.5342242
5211,A,A,0.7434453,0.074601345,0.18195334
5212,B,B,0.038068008,0.90659577,0.055336315
5213,C,C,0.06422349,0.036025394,0.89975107
5214,A,A,0.94757676,0.015960276,0.036462985
5215,C,C,0.03520021,0.05948543,0.9053144
5216,A,A,0.8119281,0.066619255,0.1214527
5217,C,C,0.030166049,0.018954309,0.95087963
5218,C,C,0.07758445,0.048677612,0.873738
5219,B,B,0.08937522,0.6975362,0.21308863
5220,A,A,0.7091318,0.18701737,0.103850886
5221,B,B,0.10424747,0.7525876,0.14316495
5222,A,C,0.21556966,0.046191495,0.7382389
5223,C,C,0.07812693,0.09752311,0.82434994
5224,C,C,0.08523758,0.14690353,0.76785886
5225,A,A,0.84467876,0.0405924,0.11472885
5226,C,C,0.19293597,0.014042737,0.7930213
5227,C,C,0.057512373,0.20726325,0.73522437
5228,A,A,0.86858445,0.045522388,0.08589317
5229,B,B,0.108025186,0.77515054,0.11682422
5230,A,A,0.7986519,0.085750766,0.11559729
5231,B,B,0.025222091,0.91709787,0.057680093
5232,A,C,0.28350228,0.17189857,0.5445991
5233,B,B,0.060125984,0.65891564,0.28095838
5234,B,B,0.057868015,0.7560783,0.1860537
5235,B,B,0.0657227,0.73073274,0.2035446
5236,A,A,0.64724445,0.13829786,0.21445774
5237,C,C,0.104228884,0.093789,0.8019821
5238,B,B,0.032499168,0.8769765,0.09052432
5239,C,C,0.13488798,0.04797696,0.81713504
5240,C,C,0.057117753,0.030236315,0.91264594
5241,A,A,0.56008536,0.13198125,0.30793342
5242,C,C,0.13169213,0.0746762,0.79363173
5243,B,B,0.03457622,0.9339734,0.031450424
5244,C,C,0.066381805,0.09607968,0.8375385
5245,C,C,0.02166533,0.061215535,0.91711915
5246,C,C,0.1352876,0.27229992,0.5924125
5247,A,A,0.70571786,0.163123,0.13115914
5248,A,A,0.9320019,0.028876442,0.03912164
5249,C,C,0.04087199,0.04958777,0.90954024
5250,B,B,0.03563941,0.8920761,0.07228451
5251,B,B,0.038357805,0.57695127,0.3846909
5252,A,A,0.47324112,0.07632167,0.45043722
5253,B,B,0.07356303,0.8655286,0.060908347
5254,A,A,0.9055223,0.03068683,0.06379088
5255,B,C,0.08264006,0.25187558,0.6654843
5256,A,A,0.89885044,0.015327101,0.08582248
5257,B,B,0.101848535,0.5523379,0.3458136
5258,C,C,0.021422882,0.05612299,0.9224541
5259,A,A,0.85973877,0.04527464,0.09498655
5260,C,C,0.068918936,0.08075073,0.8503303
5261,A,A,0.6322073,0.08559309,0.28219968
5262,C,C,0.28391087,0.10927241,0.60681677
5263,C,C,0.06475924,0.18202913,0.7532116
5264,C,C,0.13711844,0.14835696,0.7145246
5265,A,A,0.73101336,0.054068632,0.21491797
5266,A,A,0.93804836,0.014447003,0.04750463
5267,B,C,0.20817748,0.36041293,0.4314095
5268,C,C,0.33216277,0.13802104,0.52981615
5269,C,C,0.33651,0.101632275,0.5618577
5270,A,A,0.63542527,0.18991625,0.17465848
5271,A,A,0.7993056,0.05159359,0.14910077
5272,A,C,0.44527563,0.09606467,0.45865965
5273,B,B,0.02275033,0.8578093,0.11944041
5274,A,A,0.88227135,0.024833217,0.09289548
5275,C,C,0.056103423,0.037082992,0.9068136
5276,C,C,0.14416833,0.2183902,0.6374415
5277,A,A,0.7821101,0.052731797,0.16515803
5278,C,C,0.04655911,0.20951402,0.7439268
5279,A,A,0.9080233,0.048457056,0.043519583
5280,B,B,0.015701912,0.9199384,0.064359784
5281,B,B,0.0301567,0.81981486,0.1500284
5282,A,A,0.8278073,0.063125856,0.1090668
5283,C,C,0.034582764,0.03444602,0.9309712
5284,B,B,0.28562596,0.6181544,0.09621967
5285,C,C,0.35637546,0.08760259,0.556022
5286,A,A,0.7524558,0.061927587,0.18561664
5287,B,B,0.048973303,0.7465244,0.20450236
5288,B,B,0.062044974,0.73201585,0.2059392
5289,A,A,0.70405495,0.06275812,0.2331869
5290,A,A,0.87265015,0.039762396,0.08758741
5291,B,B,0.084485635,0.49436983,0.42114457
5292,A,A,0.94139236,0.023759386,0.034848247
5293,C,A,0.4472553,0.16776854,0.3849762
5294,C,A,0.7156762,0.045507196,0.23881671
5295,A,A,0.78123766,0.09019218,0.1285702
5296,B,B,0.17590526,0.7252003,0.09889451
5297,A,A,0.9208726,0.02699864,0.052128684
5298,A,A,0.8073588,0.030189054,0.16245215
5299,A,A,0.7326565,0.042831395,0.22451217
5300,B,B,0.38512492,0.4044397,0.21043538
5301,B,B,0.18411039,0.7268557,0.08903389
5302,A,A,0.67308545,0.19962867,0.12728584
5303,B,B,0.23715968,0.63183844,0.13100189
5304,A,A,0.55909866,0.062847845,0.37805352
5305,B,B,0.14773726,0.5962892,0.2559735
5306,A,A,0.6558711,0.075053684,0.26907516
5307,B,B,0.012869758,0.9772027,0.009927556
5308,A,B,0.4093086,0.529991,0.060700398
5309,C,C,0.033125065,0.08010076,0.8867742
5310,A,A,0.9232624,0.02914856,0.047589015
5311,A,C,0.41962737,0.13268188,0.4476907
5312,C,B,0.048941296,0.5533398,0.39771897
5313,C,C,0.059204172,0.21990143,0.72089446
5314,A,A,0.54116493,0.15283827,0.30599678
5315,C,C,0.30787423,0.11632124,0.57580453
5316,A,B,0.1409497,0.8083907,0.050659586
5317,B,B,0.027529318,0.95997936,0.012491264
5318,A,A,0.77209646,0.026432887,0.20147063
5319,A,C,0.429137,0.13692075,0.4339423
5320,B,A,0.4918883,0.3769201,0.1311916
5321,A,A,0.7637976,0.06849733,0.16770507
5322,C,C,0.02775955,0.10990717,0.86233324
5323,A,A,0.8854066,0.01599277,0.09860066
5324,A,A,0.8013277,0.043096744,0.1555756
5325,C,C,0.43562794,0.12001736,0.4443547
5326,B,B,0.042018205,0.6780958,0.279886
5327,C,A,0.5513199,0.021954054,0.4267261
5328,A,A,0.88544357,0.05686794,0.057688583
5329,A,A,0.49631178,0.09377095,0.4099173
5330,C,C,0.056236804,0.30689523,0.636868
5331,A,A,0.56628376,0.032145746,0.40157044
5332,A,A,0.93125117,0.016666846,0.05208196
5333,A,A,0.8320263,0.033619273,0.13435447
5334,B,B,0.09839859,0.828079,0.073522426
5335,C,C,0.052194677,0.06708471,0.88072056
5336,B,B,0.122327656,0.78389007,0.09378223
5337,C,C,0.048630606,0.04636427,0.9050051
5338,C,C,0.21779019,0.06992273,0.71228707
5339,B,B,0.2784288,0.614673,0.10689819
5340,B,C,0.0389111,0.3268639,0.6342251
5341,A,A,0.93705904,0.03337467,0.029566249
5342,C,C,0.07275637,0.050103653,0.87714
5343,B,B,0.021667637,0.93767744,0.0406549
5344,C,C,0.18073201,0.0552607,0.76400733
5345,C,C,0.08501265,0.12471573,0.7902716
5346,C,C,0.08796868,0.038888697,0.87314266
5347,C,C,0.21966897,0.067266345,0.71306473
5348,A,A,0.71337706,0.11456096,0.17206195
5349,C,C,0.27225795,0.08895396,0.6387881
5350,C,C,0.044263788,0.103944615,0.8517916
5351,A,A,0.62270725,0.29390672,0.08338602
5352,A,A,0.6050319,0.051649198,0.34331885
5353,C,C,0.11517491,0.05852871,0.8262964
5354,B,B,0.14548945,0.7566448,0.09786583
5355,A,C,0.29309663,0.3261518,0.3807516
5356,C,C,0.030300453,0.3034815,0.66621804
5357,A,A,0.9059605,0.026464975,0.06757449
5358,A,A,0.82761127,0.06086338,0.111525334
5359,A,A,0.6082728,0.2518773,0.13984987
5360,B,B,0.11339038,0.8387112,0.047898445
5361,B,B,0.2511541,0.59947735,0.14936861
5362,A,B,0.29213616,0.6402151,0.067648746
5363,C,A,0.57427186,0.13261308,0.29311514
5364,A,A,0.9565713,0.012711055,0.030717608
5365,A,A,0.8729656,0.021068437,0.10596608
5366,B,B,0.03521559,0.899472,0.065312445
5367,A,A,0.8699981,0.040746618,0.08925529
5368,A,A,0.9298607,0.028750932,0.041388392
5369,B,B,0.11738222,0.63066465,0.25195315
5370,A,A,0.5451062,0.3738353,0.08105861
5371,A,A,0.83910036,0.071093634,0.089806065
5372,C,C,0.04086074,0.02792805,0.93121123
5373,C,C,0.022068802,0.04412674,0.93380445
5374,A,A,0.88177264,0.050400518,0.067826875
5375,C,C,0.35820743,0.06640589,0.57538664
5376,A,A,0.7758149,0.076052964,0.14813219
5377,C,C,0.0560346,0.22341058,0.72055477
5378,B,B,0.05865296,0.7918739,0.14947322
5379,B,C,0.10472563,0.2790427,0.6162316
5380,C,C,0.17986768,0.31433088,0.5058014
5381,A,A,0.71395993,0.043665476,0.24237455
5382,C,C,0.053620074,0.027258191,0.91912174
5383,B,B,0.026169367,0.9291139,0.044716787
5384,A,A,0.81795245,0.04000538,0.14204219
5385,C,C,0.1740417,0.08271642,0.74324185
5386,C,C,0.31092522,0.1911585,0.4979163
5387,C,C,0.467275,0.051515754,0.48120925
5388,A,A,0.56958246,0.04242199,0.3879955
5389,C,C,0.023387944,0.037438095,0.939174
5390,A,C,0.14311928,0.17198725,0.6848935
5391,A,A,0.6421084,0.033163086,0.32472852
5392,B,C,0.08169133,0.33703563,0.581273
5393,B,B,0.019927876,0.83569086,0.14438124
5394,B,C,0.09177732,0.40110484,0.5071178
5395,C,C,0.046237875,0.18878952,0.7649726
5396,A,A,0.96946466,0.013824992,0.016710391
5397,A,C,0.40165803,0.17425025,0.42409176
5398,A,A,0.5334127,0.13370758,0.33287966
5399,C,C,0.38085955,0.0555213,0.5636192
5400,B,C,0.03446714,0.3858015,0.57973135
5401,C,C,0.17091836,0.11444544,0.71463615
5402,B,B,0.030516861,0.9125417,0.056941424
5403,B,B,0.080197446,0.7321933,0.18760931
5404,C,C,0.059728645,0.03680781,0.9034635
5405,A,A,0.84236544,0.065416336,0.09221813
5406,B,A,0.3875712,0.38588935,0.22653945
5407,A,A,0.9226922,0.025016312,0.052291557
5408,A,A,0.9586493,0.012916149,0.028434558
5409,C,C,0.26715973,0.13945208,0.5933882
5410,B,B,0.036884334,0.8248666,0.1382491
5411,B,C,0.33587903,0.12247587,0.54164517
5412,C,C,0.032544255,0.085571736,0.88188404
5413,A,A,0.60219246,0.22398628,0.17382124
5414,A,A,0.46194565,0.38703594,0.15101841
5415,B,B,0.1494401,0.67545927,0.17510068
5416,B,B,0.07926478,0.75679,0.16394529
5417,C,A,0.6803005,0.06760229,0.25209728
5418,A,A,0.7775617,0.040607464,0.18183072
5419,B,B,0.045072492,0.88344175,0.07148574
5420,A,A,0.6921384,0.1779282,0.12993339
5421,C,C,0.02218722,0.09551494,0.8822978
5422,A,A,0.79804087,0.03541099,0.1665481
5423,A,A,0.7600708,0.048483066,0.19144611
5424,C,C,0.038101472,0.037036758,0.9248617
5425,C,C,0.030492645,0.071872234,0.89763516
5426,C,C,0.043467786,0.042796545,0.9137357
5427,B,C,0.20994496,0.36403796,0.42601705
5428,A,A,0.78629893,0.029547956,0.18415307
5429,C,C,0.045859303,0.13887116,0.81526953
5430,C,B,0.09431521,0.77668005,0.12900478
5431,A,A,0.9015348,0.016732816,0.08173236
5432,B,B,0.02538214,0.8438274,0.13079052
5433,C,C,0.04615567,0.11625455,0.83758974
5434,C,C,0.025534194,0.014880709,0.9595851
5435,C,C,0.093741074,0.08011363,0.8261453
5436,C,C,0.08528304,0.10425201,0.8104649
5437,A,A,0.7370531,0.07221922,0.19072767
5438,A,A,0.9272346,0.032450665,0.04031472
5439,B,B,0.04773687,0.91398036,0.03828272
5440,A,A,0.89661306,0.025886636,0.07750036
5441,B,C,0.059347145,0.1095958,0.831057
5442,B,B,0.07451329,0.81754935,0.107937306
5443,C,C,0.028737944,0.034456685,0.93680537
5444,B,B,0.04158394,0.7191165,0.23929955
5445,C,C,0.18855959,0.06111684,0.7503236
5446,C,C,0.0662183,0.122668125,0.8111136
5447,C,C,0.2961859,0.04623415,0.65757996
5448,B,B,0.030002138,0.9532621,0.016735807
5449,A,A,0.7629524,0.21277493,0.024272624
5450,A,A,0.50931287,0.0621999,0.42848718
5451,B,B,0.068840034,0.89920086,0.031959116
5452,A,A,0.8429511,0.014504993,0.14254384
5453,B,B,0.11445274,0.7951099,0.090437315
5454,B,B,0.14227796,0.8128255,0.04489658
5455,B,C,0.045080125,0.454012,0.50090796
5456,A,A,0.8450427,0.050241705,0.104715556
5457,A,A,0.72651154,0.07313035,0.20035811
5458,B,B,0.05797323,0.92892677,0.013100054
5459,C,C,0.09122668,0.13601045,0.77276284
5460,B,B,0.024182457,0.9286228,0.047194783
5461,B,C,0.06699878,0.13904709,0.79395413
5462,B,B,0.04673319,0.8063952,0.14687167
5463,C,A,0.830232,0.0348867,0.13488127
5464,C,C,0.03499704,0.06809903,0.89690393
5465,C,C,0.22257794,0.047225628,0.7301964
5466,B,B,0.0416561,0.8140944,0.14424942
5467,A,B,0.37962216,0.52621317,0.09416465
5468,B,B,0.23784807,0.6482779,0.113874085
5469,B,C,0.36095646,0.09483297,0.5442106
5470,B,B,0.14984865,0.7813676,0.06878371
5471,C,C,0.14204398,0.05851769,0.79943824
5472,B,B,0.013773083,0.9096891,0.07653782
5473,C,C,0.34872627,0.05021458,0.6010592
5474,B,B,0.053707212,0.8358419,0.110450834
5475,A,A,0.6909421,0.035760686,0.27329725
5476,C,C,0.0777261,0.077702485,0.84457135
5477,B,B,0.06787144,0.86257917,0.06954944
5478,C,C,0.078238375,0.036915924,0.8848457
5479,A,A,0.76317173,0.087369926,0.14945836
5480,B,A,0.95423585,0.0148651125,0.030899052
5481,A,A,0.8201114,0.04191857,0.13797008
5482,A,C,0.3562956,0.08795282,0.5557516
5483,B,B,0.04956175,0.74478453,0.20565367
5484,A,A,0.6840431,0.1834813,0.13247551
5485,B,B,0.21691497,0.5977658,0.18531917
5486,C,C,0.22247732,0.10802142,0.66950125
5487,A,A,0.8334242,0.078732625,0.08784319
5488,B,B,0.049169593,0.910379,0.04045146
5489,A,A,0.97342235,0.0102678565,0.016309826
5490,A,A,0.90851116,0.033653792,0.05783509
5491,C,C,0.08944299,0.0655103,0.8450467
5492,A,A,0.83096313,0.05719378,0.11184302
5493,C,C,0.1680062,0.019876415,0.81211746
5494,A,A,0.908383,0.038437355,0.0531796
5495,A,A,0.8696158,0.029671775,0.10071241
5496,C,C,0.2099722,0.24247693,0.54755086
5497,B,B,0.076324336,0.84085053,0.08282521
5498,C,C,0.051240243,0.076567166,0.8721926
5499,A,A,0.94162726,0.022887899,0.035484757
5500,C,C,0.32408497,0.054799415,0.6211157
5501,C,C,0.07022659,0.031997498,0.8977759
5502,C,C,0.055355407,0.115822926,0.8288217
5503,A,A,0.8190154,0.06541576,0.11556892
5504,B,B,0.17584205,0.50069237,0.3234656
5505,A,A,0.7475906,0.19282869,0.059580754
5506,A,A,0.8896582,0.023351965,0.08698981
5507,C,C,0.10022269,0.06602027,0.83375704
5508,A,A,0.561581,0.33028412,0.10813486
5509,A,A,0.6094634,0.08450664,0.30602995
5510,C,C,0.06780125,0.03057214,0.90162665
5511,C,C,0.13882294,0.28026888,0.5809082
5512,B,B,0.017393984,0.96439916,0.018206883
5513,A,A,0.73846567,0.031603526,0.22993083
5514,B,B,0.04536849,0.91666955,0.037961956
5515,C,C,0.2755432,0.032282013,0.6921748
5516,B,B,0.087435015,0.84375817,0.06880688
5517,B,A,0.3943727,0.3244873,0.28114
5518,C,C,0.24723013,0.17429382,0.578476
5519,B,B,0.035916395,0.82059777,0.14348592
5520,C,C,0.029421145,0.03226729,0.9383116
5521,C,A,0.79710335,0.072664745,0.13023195
5522,C,C,0.14988449,0.0576033,0.79251224
5523,A,A,0.6588521,0.051648315,0.28949955
5524,B,B,0.1018002,0.53613603,0.36206383
5525,C,C,0.12900442,0.28295654,0.58803904
5526,A,C,0.43095446,0.1120876,0.45695794
5527,C,B,0.032146215,0.74241817,0.2254356
5528,A,A,0.85638386,0.057539046,0.086077034
5529,B,B,0.023612214,0.91606724,0.06032055
5530,B,B,0.04584912,0.5330847,0.4210662
5531,A,A,0.8678567,0.027796807,0.1043465
5532,B,C,0.044304114,0.27899766,0.6766982
5533,A,A,0.5917676,0.08334552,0.32488683
5534,C,C,0.19005214,0.054758403,0.7551894
5535,C,C,0.16702972,0.07437845,0.75859183
5536,C,C,0.3460525,0.04409477,0.6098528
5537,C,C,0.029028824,0.020186672,0.9507845
5538,A,A,0.8604446,0.03145545,0.10809989
5539,A,A,0.76805675,0.043853067,0.18809018
5540,A,A,0.8112025,0.100304976,0.0884925
5541,B,A,0.46380308,0.28932798,0.24686886
5542,A,A,0.93160725,0.011307068,0.0570857
5543,B,B,0.21639101,0.7221006,0.06150843
5544,B,B,0.056083083,0.8846059,0.05931104
5545,A,A,0.70175153,0.0369135,0.261335
5546,C,C,0.18507046,0.05361498,0.7613145
5547,A,A,0.8154035,0.037811864,0.14678466
5548,C,C,0.0638058,0.13943459,0.79675955
5549,A,A,0.82567626,0.059863888,0.11445986
5550,C,C,0.035122607,0.07898522,0.8858922
5551,C,C,0.040299,0.044364076,0.9153369
5552,C,C,0.18451008,0.09866959,0.7168203
5553,C,C,0.43603647,0.07916837,0.48479518
5554,C,C,0.17253818,0.03689997,0.7905619
5555,B,B,0.23802446,0.49791566,0.26405987
5556,B,B,0.051275007,0.8318966,0.116828375
5557,A,B,0.46010083,0.47188616,0.06801298
5558,A,A,0.85136944,0.030610798,0.1180197
5559,B,C,0.2779751,0.32344747,0.39857742
5560,A,B,0.31174213,0.37721875,0.31103912
5561,B,B,0.11698464,0.85299164,0.03002373
5562,A,A,0.49783042,0.0851875,0.416982
5563,B,B,0.044190235,0.852736,0.10307373
5564,A,A,0.9086705,0.02757123,0.063758306
5565,A,A,0.5716158,0.30090627,0.1274779
5566,C,C,0.038343955,0.030491266,0.93116474
5567,A,A,0.9223156,0.027814403,0.04987007
5568,C,C,0.16614689,0.07891618,0.7549369
5569,B,B,0.014629065,0.78611535,0.19925559
5570,B,A,0.53788346,0.24490143,0.21721502
5571,B,C,0.23548235,0.19810252,0.56641513
5572,A,C,0.26814428,0.09636246,0.6354932
5573,C,C,0.23751053,0.049074784,0.71341467
5574,A,A,0.8340553,0.065053895,0.100890815
5575,B,C,0.16879088,0.3592996,0.47190946
5576,A,A,0.8884993,0.060720667,0.050780088
5577,C,C,0.21847655,0.08140283,0.7001206
5578,A,A,0.71722275,0.045203235,0.23757404
5579,C,C,0.06831435,0.024509788,0.90717584
5580,A,A,0.9255157,0.017214105,0.05727012
5581,A,B,0.22322391,0.5813548,0.19542125
5582,A,A,0.6098525,0.23863238,0.15151519
5583,A,C,0.3585596,0.20702241,0.43441805
5584,A,A,0.90105677,0.051197562,0.04774563
5585,B,B,0.035159178,0.95771986,0.0071209
5586,C,C,0.08840059,0.047904555,0.8636949
5587,C,C,0.06957539,0.0283383,0.9020863
5588,A,A,0.8186874,0.05281696,0.1284957
5589,A,A,0.60087657,0.1114204,0.28770304
5590,B,B,0.33655426,0.63401866,0.029427104
5591,B,C,0.06721949,0.35755956,0.57522094
5592,A,A,0.72859985,0.13542679,0.13597336
5593,C,C,0.04079259,0.01840279,0.9408046
5594,A,A,0.6395692,0.027582342,0.33284843
5595,A,A,0.4776065,0.14843045,0.3739631
5596,B,B,0.29687753,0.40673214,0.2963903
5597,C,C,0.21085194,0.033094577,0.7560535
5598,A,A,0.8771788,0.028128084,0.094693124
5599,C,C,0.13380797,0.023570282,0.84262174
5600,B,B,0.1355698,0.6945482,0.16988198
5601,C,C,0.0611917,0.29427835,0.64453
5602,B,B,0.1415613,0.8226551,0.03578358
5603,C,C,0.11503024,0.104801536,0.7801683
5604,C,C,0.08474704,0.03508155,0.8801715
5605,C,C,0.27963024,0.054441415,0.66592836
5606,C,C,0.11762557,0.07640843,0.80596596
5607,A,A,0.46626204,0.073852755,0.45988518
5608,A,C,0.29365256,0.24642383,0.4599236
5609,A,A,0.60389686,0.022839256,0.37326393
5610,A,A,0.65952563,0.062399086,0.2780753
5611,B,B,0.046311524,0.9330059,0.020682592
5612,B,B,0.08671548,0.6215022,0.29178232
5613,A,A,0.5573705,0.08218383,0.36044565
5614,B,B,0.037457008,0.8072194,0.15532362
5615,A,A,0.9137837,0.035453454,0.050762758
5616,A,A,0.3990662,0.31264538,0.2882884
5617,A,A,0.7330095,0.14188161,0.12510887
5618,C,C,0.24077532,0.09530361,0.66392106
5619,A,A,0.82202476,0.07044376,0.10753154
5620,B,B,0.1528513,0.6465431,0.2006057
5621,A,A,0.9456966,0.009873391,0.044429954
5622,A,A,0.881337,0.033522658,0.08514034
5623,A,A,0.86935884,0.04181886,0.08882229
5624,C,C,0.2322405,0.047154665,0.7206048
5625,A,A,0.9059286,0.037558597,0.05651275
5626,C,A,0.701486,0.06639161,0.23212244
5627,A,A,0.8922575,0.024070479,0.083672024
5628,A,A,0.87768817,0.051099077,0.0712128
5629,C,C,0.071539715,0.042397086,0.88606316
5630,C,C,0.061905894,0.0635877,0.87450635
5631,C,C,0.12332676,0.41261292,0.46406028
5632,B,B,0.14687027,0.70999837,0.14313136
5633,A,A,0.84372103,0.06815812,0.08812082
5634,C,C,0.030706601,0.17766042,0.79163295
5635,C,A,0.5104742,0.0770057,0.41252017
5636,B,B,0.32546496,0.6227183,0.05181678
5637,B,C,0.046955712,0.34627196,0.6067723
5638,B,B,0.03988364,0.79573756,0.16437888
5639,B,B,0.042202167,0.7697669,0.18803097
5640,B,B,0.079127535,0.87465674,0.046215676
5641,A,A,0.932663,0.025913173,0.04142383
5642,A,A,0.72040194,0.06591947,0.21367858
5643,B,B,0.05176225,0.8147621,0.1334757
5644,C,C,0.10469174,0.05706038,0.8382479
5645,C,C,0.12333589,0.16086312,0.715801
5646,B,B,0.037788514,0.6669258,0.29528567
5647,A,A,0.7525616,0.09949486,0.14794351
5648,A,A,0.7326208,0.03267895,0.23470034
5649,A,A,0.68816406,0.15291192,0.15892406
5650,C,C,0.04474188,0.09989695,0.85536116
5651,C,C,0.045052744,0.03344715,0.9215001
5652,C,C,0.22234377,0.06873882,0.70891744
5653,C,C,0.3565044,0.06937079,0.5741248
5654,C,C,0.026662925,0.094525486,0.8788116
5655,B,B,0.0410696,0.8127002,0.14623016
5656,C,C,0.034775637,0.027698778,0.93752563
5657,B,B,0.037994772,0.80885357,0.15315174
5658,A,A,0.88477045,0.018459892,0.0967697
5659,A,A,0.9073026,0.02920462,0.06349275
5660,C,C,0.07106151,0.029881606,0.8990569
5661,C,C,0.08107419,0.053523052,0.8654027
5662,C,C,0.06617073,0.1414576,0.7923717
5663,C,C,0.0335908,0.038074143,0.928335
5664,A,B,0.38052312,0.5006187,0.11885822
5665,B,B,0.046292383,0.58466595,0.36904162
5666,A,A,0.8863038,0.03731958,0.07637668
5667,C,C,0.08138051,0.059228815,0.8593907
5668,A,A,0.78697854,0.03105003,0.18197149
5669,B,C,0.24891593,0.27024195,0.48084217
5670,B,B,0.06734311,0.62450206,0.30815485
5671,B,B,0.12758498,0.51269525,0.35971978
5672,C,C,0.13589372,0.073465586,0.7906407
5673,B,B,0.07540572,0.849258,0.07533623
5674,B,A,0.7010046,0.19806595,0.10092953
5675,A,A,0.82578605,0.04227863,0.13193531
5676,A,A,0.6829834,0.04989877,0.26711786
5677,C,C,0.17260623,0.06510844,0.7622853
5678,C,C,0.11943747,0.30043232,0.58013016
5679,C,C,0.046182055,0.033184487,0.9206335
5680,C,C,0.21027938,0.05416029,0.7355603
5681,B,B,0.0091723995,0.9773686,0.013459076
5682,A,A,0.96095425,0.017046401,0.021999324
5683,C,C,0.06535521,0.13470891,0.79993594
5684,A,A,0.85614336,0.04423759,0.09961902
5685,C,C,0.109838456,0.17316875,0.7169928
5686,C,B,0.20780112,0.53471404,0.25748485
5687,B,B,0.06497876,0.5511439,0.38387737
5688,C,C,0.09931093,0.20881598,0.69187313
5689,A,A,0.85431015,0.040159184,0.105530754
5690,A,A,0.91913795,0.022518972,0.058343034
5691,B,B,0.00944937,0.78966296,0.2008876
5692,A,A,0.5616054,0.06839826,0.36999628
5693,A,A,0.91028345,0.054022577,0.03569391
5694,B,B,0.16380458,0.67378855,0.16240694
5695,A,A,0.5985841,0.0779646,0.32345137
5696,C,C,0.038176883,0.059246413,0.9025767
5697,A,A,0.6155652,0.23121794,0.1532169
5698,B,B,0.13646619,0.81284386,0.05068999
5699,B,C,0.20102191,0.3900862,0.40889192
5700,C,C,0.045015424,0.07143628,0.88354826
5701,C,C,0.043063745,0.05859933,0.8983369
5702,B,B,0.015197366,0.78414804,0.20065463
5703,C,C,0.035259396,0.041075125,0.92366546
5704,C,C,0.061660577,0.039975535,0.89836395
5705,C,C,0.11761048,0.061221674,0.8211678
5706,B,B,0.08073087,0.75987726,0.15939194
5707,A,A,0.7586672,0.030027494,0.2113053
5708,A,A,0.93696445,0.026051056,0.036984507
5709,B,B,0.053253844,0.91102463,0.0357216
5710,C,C,0.07104887,0.09655318,0.832398
5711,C,C,0.11344694,0.13775887,0.7487942
5712,A,A,0.8342046,0.08683679,0.07895853
5713,C,C,0.40685904,0.12961069,0.4635303
5714,C,C,0.28418055,0.08433492,0.63148457
5715,C,C,0.22892472,0.101991706,0.66908354
5716,B,B,0.25439104,0.525539,0.22006994
5717,A,A,0.6877427,0.0981038,0.21415348
5718,A,A,0.8657495,0.022783946,0.11146659
5719,C,C,0.044231813,0.029972212,0.92579603
5720,B,B,0.40974253,0.5300685,0.060188916
5721,C,C,0.25338107,0.03724475,0.7093742
5722,B,B,0.12877254,0.66396856,0.2072589
5723,B,B,0.09857637,0.6895541,0.21186952
5724,C,C,0.04130036,0.07248165,0.886218
5725,B,B,0.032954484,0.9062224,0.060823157
5726,A,A,0.85202456,0.103952445,0.04402292
5727,C,C,0.03587925,0.014296894,0.94982386
5728,C,C,0.20795284,0.067463264,0.7245839
5729,C,C,0.12139966,0.05116765,0.8274327
5730,B,B,0.16101183,0.7191596,0.119828515
5731,A,B,0.19343635,0.7507454,0.05581823
5732,A,A,0.8669635,0.04524705,0.08778939
5733,A,A,0.95423585,0.023147663,0.022616582
5734,C,C,0.29861373,0.032500602,0.66888565
5735,C,A,0.8613062,0.05064576,0.08804807
5736,A,A,0.9372878,0.022338243,0.04037393
5737,C,C,0.05840728,0.037472945,0.9041198
5738,C,C,0.25304127,0.03928714,0.70767164
5739,C,C,0.1834017,0.12431031,0.6922879
5740,B,B,0.019648524,0.87939113,0.100960396
5741,B,B,0.05150277,0.7779632,0.17053404
5742,C,A,0.5758816,0.3012042,0.12291424
5743,C,C,0.17272148,0.06050685,0.7667717
5744,B,B,0.030361688,0.52325773,0.4463806
5745,A,A,0.91035795,0.027256213,0.062385842
5746,C,C,0.119645014,0.26615608,0.61419886
5747,C,C,0.097952336,0.061248444,0.84079915
5748,C,C,0.05434812,0.06550005,0.8801518
5749,A,A,0.58316547,0.1109959,0.30583856
5750,C,C,0.027820436,0.030147161,0.9420324
5751,C,C,0.28840452,0.07182184,0.63977367
5752,B,B,0.049864247,0.78550243,0.16463335
5753,A,A,0.7843474,0.07432915,0.14132343
5754,C,A,0.7004123,0.059292812,0.24029484
5755,B,B,0.16496913,0.723855,0.1111758
5756,C,C,0.04221634,0.086900294,0.87088335
5757,A,A,0.90839654,0.02976895,0.06183454
5758,B,B,0.06924444,0.6021576,0.32859793
5759,C,C,0.10849382,0.06471511,0.82679105
5760,A,A,0.55876166,0.050051354,0.39118704
5761,A,A,0.69532406,0.0998914,0.20478451
5762,A,A,0.8129007,0.11916605,0.06793322
5763,A,A,0.5590323,0.12485536,0.31611234
5764,C,C,0.099267535,0.0922109,0.8085215
5765,B,B,0.040954355,0.68250734,0.2765383
5766,A,A,0.7468728,0.15436035,0.0987669
5767,C,A,0.44310445,0.16625378,0.39064178
5768,A,A,0.8529478,0.02473833,0.12231385
5769,A,A,0.86476797,0.082113765,0.053118266
5770,B,A,0.4926101,0.4333277,0.07406217
5771,A,A,0.90658563,0.041816596,0.05159768
5772,B,B,0.048255496,0.9250732,0.026671348
5773,C,B,0.09101575,0.8753791,0.03360524
5774,B,B,0.044653077,0.8623189,0.09302798
5775,B,B,0.023679225,0.931452,0.04486877
5776,B,B,0.11487313,0.67833835,0.2067885
5777,C,C,0.1547977,0.03350597,0.81169635
5778,B,B,0.04310905,0.8482645,0.10862637
5779,B,B,0.1003314,0.5203332,0.3793354
5780,A,C,0.24824576,0.03098367,0.72077054
5781,C,C,0.042710464,0.031025404,0.9262641
5782,B,B,0.37252727,0.3795069,0.24796589
5783,C,C,0.10197927,0.08672405,0.81129664
5784,B,B,0.038842984,0.7957419,0.16541505
5785,C,C,0.15766259,0.050611056,0.79172635
5786,A,C,0.27710333,0.29542243,0.42747423
5787,B,C,0.028190793,0.2176067,0.7542025
5788,B,B,0.14749701,0.49905264,0.3534503
5789,C,C,0.055800576,0.1004017,0.8437977
5790,C,C,0.05329987,0.062786125,0.883914
5791,B,B,0.15344685,0.6025328,0.24402036
5792,C,C,0.08331184,0.101649314,0.81503886
5793,C,C,0.36368325,0.04298765,0.59332913
5794,A,A,0.49451593,0.11275857,0.3927256
5795,B,B,0.32496762,0.518309,0.15672335
5796,C,C,0.098547176,0.037375174,0.8640777
5797,A,A,0.6913236,0.102461606,0.20621486
5798,C,C,0.020966658,0.35231015,0.62672323
5799,A,A,0.8287462,0.07484506,0.096408784
5800,A,A,0.8999684,0.027752949,0.0722787
5801,C,C,0.1259031,0.15078746,0.7233095
5802,C,C,0.11152318,0.060988512,0.8274883
5803,A,A,0.79653984,0.028592598,0.17486756
5804,B,B,0.21082783,0.6869332,0.1022389
5805,A,A,0.42982158,0.15913431,0.41104403
5806,A,A,0.7245788,0.061656427,0.21376476
5807,A,A,0.80143696,0.0526974,0.14586559
5808,C,A,0.5519855,0.031006886,0.4170076
5809,B,B,0.03930272,0.72316027,0.23753694
5810,B,C,0.07439791,0.22601293,0.6995892
5811,B,B,0.044815313,0.9155627,0.039621998
5812,B,B,0.055337105,0.6335921,0.31107074
5813,A,A,0.7907966,0.058268435,0.15093498
5814,B,B,0.11451787,0.50364923,0.38183296
5815,C,C,0.094516926,0.04012168,0.8653614
5816,A,A,0.62417233,0.082939126,0.2928886
5817,A,C,0.13015853,0.10446977,0.7653717
5818,A,A,0.9037272,0.026290135,0.06998273
5819,A,A,0.64432406,0.060767747,0.29490823
5820,B,B,0.05634661,0.9095081,0.034145266
5821,C,C,0.21856725,0.27385634,0.5075764
5822,A,B,0.42741257,0.5079008,0.06468668
5823,A,A,0.6124872,0.066931754,0.32058102
5824,C,A,0.6262105,0.035509862,0.33827958
5825,C,C,0.062618844,0.048131257,0.88924986
5826,A,A,0.94130534,0.029828366,0.02886631
5827,C,C,0.20944647,0.16715185,0.6234017
5828,A,A,0.8306473,0.062874384,0.10647832
5829,A,C,0.32005328,0.32478687,0.35515982
5830,A,A,0.70648795,0.1896492,0.10386275
5831,A,A,0.5212083,0.062979236,0.41581243
5832,A,A,0.9149048,0.023789834,0.061305452
5833,B,B,0.075385496,0.87525886,0.04935554
5834,B,B,0.1592119,0.7905956,0.05019253
5835,C,C,0.0340356,0.059420224,0.9065442
5836,C,C,0.09358761,0.052302368,0.85411
5837,A,A,0.59864706,0.07925651,0.32209644
5838,B,B,0.04426908,0.8954181,0.060312867
5839,A,A,0.7900918,0.07085867,0.13904946
5840,A,C,0.119790025,0.085832484,0.7943775
5841,B,B,0.12622699,0.5052803,0.36849275
5842,A,A,0.50284487,0.22969604,0.26745912
5843,B,B,0.044529453,0.8452668,0.1102037
5844,A,A,0.58346814,0.11604645,0.3004854
5845,C,C,0.2907187,0.2207769,0.48850444
5846,C,C,0.22117282,0.053444877,0.72538227
5847,A,A,0.5438724,0.16648507,0.28964245
5848,A,A,0.7062703,0.059235793,0.23449396
5849,B,C,0.06677829,0.426733,0.5064887
5850,C,C,0.11370582,0.0440654,0.8422288
5851,B,B,0.05052381,0.9177872,0.031689078
5852,B,B,0.079489365,0.896423,0.024087595
5853,B,A,0.5006367,0.3348942,0.16446917
5854,B,C,0.048505433,0.43527114,0.51622343
5855,A,B,0.14375594,0.79222304,0.064021036
5856,C,C,0.06073428,0.06947193,0.8697938
5857,C,C,0.20598148,0.09929511,0.6947234
5858,B,B,0.070252284,0.61795634,0.3117913
5859,A,A,0.51893866,0.19172674,0.28933457
5860,B,B,0.047279976,0.90131825,0.05140172
5861,A,A,0.62345755,0.030686105,0.34585634
5862,B,B,0.23454098,0.72865826,0.036800798
5863,C,C,0.1803736,0.17305084,0.64657557
5864,C,C,0.16925184,0.08405966,0.74668854
5865,C,C,0.08383557,0.03386723,0.88229716
5866,A,A,0.6502906,0.26400316,0.08570617
5867,A,A,0.9229416,0.033242553,0.043815877
5868,A,A,0.6236923,0.10477586,0.27153188
5869,A,A,0.93034,0.02893997,0.04072007
5870,A,A,0.84840375,0.09170368,0.059892606
5871,B,B,0.08240007,0.8019211,0.11567885
5872,A,B,0.40225565,0.41010627,0.18763806
5873,B,C,0.039906014,0.08750124,0.8725927
5874,C,C,0.057976443,0.2566725,0.6853511
5875,C,C,0.07900631,0.119300656,0.801693
5876,A,A,0.90249634,0.04592347,0.05158012
5877,A,A,0.9108354,0.017790215,0.07137446
5878,B,C,0.16363509,0.35134456,0.4850204
5879,C,C,0.25129232,0.08605637,0.6626513
5880,B,B,0.04648237,0.7415928,0.21192487
5881,C,C,0.09287474,0.10342823,0.80369705
5882,B,B,0.116073474,0.7780549,0.10587157
5883,C,C,0.032021556,0.09315197,0.8748265
5884,A,A,0.68785137,0.029369742,0.28277895
5885,A,A,0.6933843,0.050265633,0.2563501
5886,C,C,0.03085325,0.022840073,0.94630665
5887,A,A,0.93923,0.020820297,0.039949644
5888,A,A,0.8386379,0.04488344,0.116478615
5889,C,C,0.07217305,0.0741667,0.8536603
5890,A,A,0.8073182,0.13112646,0.061555255
5891,B,B,0.009160992,0.9434403,0.047398705
5892,A,C,0.16386114,0.21618743,0.6199514
5893,B,C,0.08178345,0.33048785,0.5877287
5894,A,A,0.85189867,0.03906264,0.10903866
5895,A,A,0.7522517,0.05306372,0.19468467
5896,B,B,0.023918564,0.8042988,0.17178267
5897,C,C,0.059827354,0.032807454,0.90736526
5898,A,A,0.6178394,0.05029237,0.3318683
5899,C,C,0.43527836,0.0843905,0.4803311
5900,A,A,0.8978281,0.032329977,0.069841996
5901,A,A,0.8149396,0.05804495,0.12701534
5902,C,C,0.13353007,0.08080491,0.785665
5903,C,C,0.046288747,0.25987464,0.6938366
5904,A,A,0.8008427,0.026767448,0.17238978
5905,A,A,0.64840996,0.089561306,0.26202872
5906,C,C,0.076023676,0.0591633,0.86481297
5907,A,A,0.82958144,0.041519597,0.12889893
5908,A,A,0.8573368,0.04280207,0.099861056
5909,C,C,0.060721368,0.15579085,0.7834878
5910,B,B,0.01632337,0.9691627,0.014514015
5911,C,C,0.06130918,0.05145007,0.8872408
5912,B,C,0.28310674,0.2569388,0.4599544
5913,A,C,0.45363623,0.0753717,0.47099206
5914,C,C,0.11490884,0.09209827,0.79299283
5915,C,C,0.022381095,0.11422762,0.8633913
5916,A,A,0.8562126,0.10323688,0.040550463
5917,C,C,0.036231164,0.02266375,0.94110507
5918,A,A,0.702195,0.04519147,0.25261354
5919,B,B,0.081094936,0.8753473,0.04355779
5920,C,C,0.26412025,0.0735337,0.662346
5921,A,C,0.33493754,0.054404136,0.61065835
5922,A,A,0.9330419,0.03343703,0.03352112
5923,C,C,0.0559183,0.06050742,0.88357425
5924,C,C,0.07464488,0.051207434,0.8741477
5925,C,C,0.2609843,0.043814506,0.69520116
5926,C,C,0.052188717,0.019212725,0.9285985
5927,C,A,0.73849034,0.06428757,0.1972221
5928,C,C,0.054650456,0.13739857,0.80795103
5929,B,B,0.31598628,0.603433,0.08058068
5930,B,B,0.05811539,0.7595016,0.18238309
5931,B,B,0.15977404,0.67361087,0.16661519
5932,B,B,0.031140152,0.6917564,0.27710336
5933,A,A,0.55200183,0.034364056,0.41363412
5934,A,A,0.92495275,0.019562906,0.055484463
5935,C,C,0.23024349,0.10977078,0.6599858
5936,B,C,0.046740875,0.27953872,0.6737204
5937,A,A,0.82963187,0.100175925,0.07019213
5938,C,A,0.47469115,0.078011006,0.4472979
5939,B,B,0.17613359,0.59666955,0.22719683
5940,A,A,0.75838757,0.06567717,0.17593537
5941,A,A,0.9101164,0.025152571,0.06473103
5942,C,C,0.30273858,0.14655823,0.55070317
5943,C,A,0.6035596,0.17482233,0.22161807
5944,A,A,0.68641657,0.047209945,0.26637352
5945,C,C,0.1121574,0.07053786,0.81730473
5946,A,A,0.86817497,0.034435086,0.09738986
5947,B,B,0.07345608,0.6706014,0.25594252
5948,A,A,0.5608896,0.048286315,0.39082414
5949,C,C,0.2596598,0.3559898,0.3843504
5950,A,A,0.8973359,0.042928714,0.059735395
5951,A,A,0.94682264,0.029000372,0.024177017
5952,C,C,0.0637533,0.08163163,0.8546151
5953,A,A,0.7860071,0.13127515,0.082717806
5954,B,B,0.360639,0.3834485,0.25591248
5955,B,B,0.047261313,0.92338437,0.029354295
5956,C,C,0.22154164,0.05320658,0.72525185
5957,C,C,0.33192122,0.06528062,0.60279816
5958,A,B,0.15366559,0.6352565,0.2110779
5959,A,A,0.63261634,0.039815027,0.32756865
5960,B,B,0.34811842,0.51954406,0.13233745
5961,A,A,0.8797975,0.061239034,0.058963418
5962,C,A,0.48683873,0.04480986,0.46835142
5963,B,A,0.6929821,0.18225904,0.124758765
5964,B,B,0.05291719,0.9007821,0.04630067
5965,C,C,0.05451655,0.16441457,0.78106886
5966,A,A,0.4913299,0.05141833,0.45725176
5967,A,A,0.93222904,0.012010805,0.055760063
5968,A,A,0.77929777,0.05730348,0.16339879
5969,C,B,0.0369418,0.8933916,0.069666564
5970,A,A,0.9241419,0.032728992,0.04312917
5971,C,C,0.050940152,0.060760085,0.88829976
5972,B,B,0.10303884,0.8129762,0.083985016
5973,A,A,0.5511744,0.336969,0.11185666
5974,A,A,0.7953408,0.058323182,0.14633599
5975,B,B,0.24384488,0.54611385,0.21004124
5976,C,C,0.09138567,0.068959974,0.8396544
5977,C,C,0.047732305,0.06427736,0.88799036
5978,C,C,0.055818416,0.03830432,0.90587723
5979,C,C,0.045841597,0.056703884,0.8974545
5980,B,B,0.0122951185,0.96563315,0.022071628
5981,B,B,0.041644916,0.57055146,0.38780358
5982,B,B,0.05176105,0.905029,0.043209948
5983,C,C,0.28926945,0.08546063,0.6252699
5984,B,B,0.044230595,0.8646356,0.09113374
5985,B,B,0.15574028,0.7521712,0.09208858
5986,B,B,0.10465319,0.78640383,0.10894299
5987,B,C,0.2968704,0.20146325,0.5016663
5988,C,C,0.19814244,0.03331667,0.7685409
5989,C,C,0.09090166,0.11229853,0.79679984
5990,A,A,0.903067,0.052803773,0.04412927
5991,B,B,0.03388226,0.7446082,0.22150953
5992,C,C,0.11337497,0.040282566,0.84634244
5993,C,C,0.04305594,0.052896615,0.9040474
5994,B,B,0.04396572,0.8683763,0.08765789
5995,C,C,0.11780445,0.053135633,0.8290599
5996,A,A,0.9459056,0.020525297,0.03356912
5997,B,B,0.2489494,0.48370922,0.26734138
5998,C,A,0.5130561,0.06269636,0.42424753
5999,B,C,0.19725364,0.048780795,0.75396556
6000,C,A,0.7863461,0.05944378,0.15421012
6001,C,C,0.08257619,0.09149707,0.8259268
6002,B,B,0.09100603,0.55592567,0.35306826
6003,C,C,0.31673554,0.061742723,0.6215217
6004,A,A,0.5117478,0.20895189,0.2793004
6005,B,B,0.37075123,0.57274586,0.056502923
6006,A,A,0.7836726,0.054166563,0.16216093
6007,C,C,0.056013435,0.06468973,0.87929684
6008,B,B,0.09682717,0.78425616,0.118916586
6009,B,B,0.07428435,0.89156824,0.034147386
6010,A,A,0.75766057,0.039549667,0.20278972
6011,B,B,0.19843036,0.73951066,0.062059075
6012,A,A,0.5596085,0.3628017,0.07758978
6013,A,A,0.9272266,0.018573713,0.054199662
6014,A,A,0.82747424,0.1147883,0.057737447
6015,A,A,0.9114979,0.010286497,0.07821559
6016,A,A,0.6088606,0.12925641,0.26188296
6017,C,C,0.0702061,0.032787394,0.8970066
6018,B,B,0.033669565,0.9239121,0.042418294
6019,C,C,0.040395323,0.041692894,0.9179118
6020,B,B,0.06314517,0.82304066,0.11381423
6021,A,A,0.6369221,0.19757895,0.16549893
6022,C,C,0.078231074,0.026119635,0.89564925
6023,A,A,0.7272927,0.20500354,0.06770375
6024,C,C,0.06095633,0.12033555,0.8187081
6025,C,C,0.22181001,0.102800734,0.67538923
6026,A,B,0.20790108,0.63941526,0.15268359
6027,B,B,0.013202015,0.93042713,0.05637078
6028,C,C,0.29054108,0.086047344,0.6234116
6029,B,C,0.3122119,0.15497196,0.5328161
6030,A,C,0.42327973,0.04896008,0.52776015
6031,B,B,0.015352965,0.88408583,0.1005612
6032,B,B,0.07585101,0.8875291,0.036619917
6033,A,A,0.7670901,0.08090589,0.15200402
6034,B,B,0.021571824,0.8996221,0.07880613
6035,C,C,0.057354428,0.10728978,0.8353558
6036,B,B,0.017010698,0.9556203,0.027368966
6037,C,C,0.1029654,0.10233247,0.7947021
6038,A,A,0.808242,0.08269482,0.109063104
6039,B,C,0.1727288,0.1642162,0.663055
6040,A,A,0.71717006,0.13011873,0.15271117
6041,C,C,0.03984683,0.051357765,0.9087954
6042,C,C,0.37711626,0.19380641,0.42907736
6043,B,C,0.23465788,0.3427209,0.42262122
6044,C,C,0.32650498,0.03672859,0.6367665
6045,B,B,0.2405511,0.61127657,0.14817227
6046,A,C,0.17374377,0.09104035,0.73521596
6047,C,C,0.14664191,0.084307864,0.76905024
6048,A,A,0.7751945,0.05861453,0.16619089
6049,C,C,0.17847249,0.04443657,0.7770909
6050,C,C,0.01756046,0.049436793,0.9330027
6051,A,A,0.86528873,0.083013624,0.051697657
6052,A,C,0.38357478,0.076244876,0.5401804
6053,A,A,0.8730607,0.049347833,0.077591404
6054,A,A,0.8592574,0.06414,0.076602526
6055,A,C,0.45466372,0.065018006,0.48031828
6056,B,B,0.08997222,0.8444581,0.065569654
6057,B,B,0.06883414,0.7132738,0.21789204
6058,A,A,0.8829066,0.044320498,0.07277279
6059,A,A,0.7869061,0.12301407,0.09007974
6060,C,C,0.03023589,0.16409661,0.80566746
6061,C,C,0.13940194,0.05089308,0.80970496
6062,A,A,0.8105051,0.05715959,0.13233534
6063,B,B,0.058623537,0.7777729,0.16360354
6064,C,C,0.15975551,0.057265885,0.7829786
6065,B,C,0.30163658,0.11922317,0.5791402
6066,B,B,0.12881586,0.6843366,0.18684751
6067,C,C,0.042431742,0.051874574,0.90569365
6068,C,C,0.23857518,0.06546672,0.69595814
6069,A,A,0.9086295,0.03189133,0.05947914
6070,B,A,0.432478,0.40841568,0.1591063
6071,B,B,0.18394695,0.756115,0.059937946
6072,B,B,0.07706541,0.47402537,0.44890922
6073,A,A,0.59202474,0.026925765,0.38104948
6074,C,C,0.132034,0.12813611,0.73982984
6075,B,B,0.2223322,0.45614564,0.32152206
6076,B,B,0.28004676,0.5733251,0.14662813
6077,A,A,0.891499,0.024616618,0.08388438
6078,B,B,0.40669632,0.49474967,0.09855399
6079,B,B,0.12559165,0.77855134,0.095857084
6080,A,A,0.79115623,0.045917302,0.1629265
6081,A,A,0.46828434,0.36239967,0.16931595
6082,A,A,0.40179062,0.38945344,0.20875593
6083,A,A,0.5612328,0.0717027,0.36706454
6084,C,C,0.038897026,0.049230836,0.91187215
6085,A,A,0.8272314,0.13100561,0.04176299
6086,A,A,0.7304293,0.18813802,0.081432715
6087,C,C,0.17871459,0.049005,0.7722804
6088,C,C,0.121962465,0.031073436,0.8469641
6089,B,B,0.17969964,0.74723953,0.07306084
6090,B,B,0.21227506,0.64603955,0.1416853
6091,C,C,0.073378496,0.09367326,0.8329482
6092,B,B,0.07286289,0.63164955,0.29548752
6093,C,C,0.42231062,0.10188645,0.47580287
6094,A,A,0.94587,0.023497403,0.030632569
6095,B,B,0.11831926,0.4565529,0.42512783
6096,A,C,0.4508782,0.03175297,0.51736885
6097,A,A,0.8905195,0.04023571,0.06924488
6098,C,C,0.028007787,0.4495655,0.5224268
6099,A,A,0.80266666,0.036623567,0.16070983
6100,B,B,0.022385271,0.89487517,0.082739495
6101,C,A,0.6247041,0.017287904,0.358008
6102,B,C,0.110565685,0.23209219,0.65734214
6103,C,C,0.046341427,0.07019625,0.8834623
6104,B,B,0.061529446,0.8436703,0.09480021
6105,A,A,0.91590476,0.017912652,0.06618255
6106,A,A,0.85628563,0.06557641,0.078137934
6107,C,C,0.10454625,0.17087856,0.72457516
6108,B,B,0.118244365,0.6775871,0.20416862
6109,B,B,0.19622591,0.67113036,0.13264368
6110,B,B,0.13054575,0.81400055,0.055453684
6111,C,C,0.13699666,0.13910517,0.72389823
6112,B,B,0.024385294,0.9640529,0.01156184
6113,C,C,0.329114,0.11567001,0.555216
6114,C,A,0.47588286,0.12578915,0.39832792
6115,C,C,0.09443344,0.04189042,0.86367613
6116,C,C,0.11890709,0.20873806,0.6723548
6117,C,C,0.042638198,0.14426115,0.81310064
6118,A,A,0.64932936,0.31270424,0.037966415
6119,A,A,0.87576604,0.044939067,0.07929493
6120,C,C,0.10111946,0.027629854,0.8712507
6121,C,C,0.14172004,0.24579625,0.6124837
6122,B,B,0.08339048,0.60175705,0.3148524
6123,B,B,0.040349383,0.760484,0.1991666
6124,C,C,0.20227934,0.08353987,0.71418077
6125,C,B,0.21611027,0.461433,0.32245672
6126,A,A,0.9140324,0.04345255,0.042515088
6127,A,A,0.5535841,0.081105016,0.36531088
6128,A,A,0.7056298,0.06896788,0.2254023
6129,A,A,0.848627,0.021232732,0.13014032
6130,C,C,0.09979986,0.12691678,0.7732834
6131,C,C,0.09170499,0.032926917,0.8753681
6132,A,C,0.17093267,0.22160174,0.6074656
6133,A,A,0.7566064,0.13267969,0.11071384
6134,B,B,0.030440968,0.92423517,0.045323864
6135,A,A,0.87352854,0.05200086,0.07447061
6136,A,A,0.87704414,0.040465947,0.08248997
6137,B,B,0.27789545,0.5064331,0.21567136
6138,A,A,0.76650393,0.17172056,0.06177562
6139,B,B,0.20553735,0.7333799,0.06108274
6140,C,C,0.21400802,0.09614979,0.68984216
6141,B,B,0.07281801,0.85743654,0.0697454
6142,C,C,0.11138323,0.16113853,0.7274782
6143,A,A,0.59699875,0.13159125,0.27141
6144,A,A,0.8821414,0.037645895,0.080212645
6145,A,A,0.8580727,0.06047968,0.08144755
6146,C,C,0.15458857,0.06975098,0.77566046
6147,A,C,0.11489373,0.090256296,0.79484993
6148,A,C,0.19074072,0.17083995,0.63841933
6149,A,A,0.77671677,0.08118362,0.14209959
6150,C,C,0.030960832,0.071559966,0.8974792
6151,B,B,0.029280119,0.80374604,0.16697392
6152,B,B,0.11682883,0.80180764,0.08136356
6153,A,A,0.71128976,0.04593058,0.24277967
6154,A,A,0.8080847,0.08786713,0.10404806
6155,B,B,0.22047937,0.40059742,0.3789232
6156,C,C,0.13675418,0.11031918,0.75292665
6157,C,C,0.1375078,0.16100512,0.7014871
6158,B,B,0.05506338,0.9180675,0.026869053
6159,C,C,0.07079017,0.07559045,0.85361934
6160,C,C,0.04155624,0.20702747,0.7514163
6161,C,C,0.18369542,0.036935493,0.77936906
6162,A,A,0.91451955,0.013441014,0.072039485
6163,B,B,0.041032873,0.8154636,0.14350347
6164,B,B,0.042576786,0.9430758,0.014347517
6165,C,C,0.06609008,0.07033162,0.8635783
6166,C,C,0.44953322,0.046133224,0.5043336
6167,A,A,0.7142741,0.21855302,0.0671728
6168,B,B,0.11356964,0.86466163,0.02176877
6169,B,B,0.07424008,0.8081473,0.11761253
6170,B,B,0.074324794,0.8296743,0.096000865
6171,C,C,0.058869693,0.05228418,0.8888461
6172,B,C,0.059117872,0.116034456,0.82484764
6173,A,A,0.93569326,0.02049141,0.043815367
6174,C,A,0.3947275,0.29215276,0.31311974
6175,A,A,0.89517415,0.068289034,0.03653681
6176,C,C,0.13367127,0.046178203,0.82015055
6177,B,B,0.012355208,0.9434318,0.044213004
6178,A,A,0.6696664,0.09420407,0.23612948
6179,A,A,0.65739834,0.098911375,0.24369028
6180,C,C,0.24463502,0.05774244,0.6976226
6181,C,C,0.038392324,0.049377777,0.9122299
6182,B,B,0.11630831,0.7468183,0.13687338
6183,C,C,0.053711556,0.27169335,0.6745951
6184,C,C,0.08237121,0.1525965,0.7650323
6185,B,B,0.24804807,0.5047754,0.24717653
6186,B,B,0.032851312,0.63735986,0.3297889
6187,A,A,0.60073394,0.08597766,0.3132884
6188,C,C,0.07854981,0.10687603,0.8145741
6189,C,C,0.046574313,0.036181673,0.91724396
6190,A,C,0.45240077,0.04506217,0.5025371
6191,A,A,0.70141876,0.1412582,0.157323
6192,C,C,0.13286912,0.07784742,0.78928345
6193,B,B,0.23958449,0.7049075,0.055508144
6194,B,B,0.28696617,0.5503112,0.16272269
6195,B,B,0.17239812,0.7589225,0.068679385
6196,B,B,0.09705665,0.8745908,0.028352542
6197,C,C,0.068198085,0.13024467,0.8015573
6198,A,A,0.9587989,0.013249872,0.027951282
6199,B,C,0.103879005,0.41360882,0.4825122
6200,B,B,0.083100766,0.7919627,0.124936596
6201,A,A,0.5564685,0.097772315,0.34575915
6202,A,A,0.7716239,0.13906272,0.089313366
6203,A,A,0.824645,0.072942466,0.10241255
6204,A,A,0.8220594,0.11267919,0.06526142
6205,C,C,0.09902289,0.048857503,0.8521196
6206,A,A,0.83063155,0.03399367,0.1353748
6207,B,B,0.2515255,0.6599801,0.08849442
6208,A,A,0.500706,0.08355483,0.41573912
6209,B,B,0.05558078,0.90389854,0.04052071
6210,A,A,0.77694017,0.030744098,0.19231583
6211,C,C,0.16516751,0.071125716,0.7637068
6212,C,C,0.1460447,0.0904351,0.7635201
6213,C,C,0.052161813,0.026072545,0.9217657
6214,A,A,0.51069534,0.1604655,0.32883915
6215,A,A,0.85254294,0.05825476,0.08920234
6216,A,A,0.5304042,0.25536522,0.21423052
6217,C,C,0.15879759,0.0903689,0.7508335
6218,A,A,0.9372225,0.02367288,0.039104674
6219,C,C,0.044225104,0.097258985,0.8585159
6220,B,B,0.11694,0.7913629,0.091697104
6221,B,B,0.045623932,0.9368581,0.0175179
6222,C,C,0.29375556,0.31017724,0.39606714
6223,C,C,0.11583588,0.075918056,0.8082461
6224,A,A,0.6571118,0.10653219,0.236356
6225,C,C,0.046369273,0.06467946,0.88895124
6226,B,B,0.049146347,0.8366464,0.114207305
6227,B,B,0.041288994,0.85317844,0.105532646
6228,B,B,0.17067882,0.7442749,0.085046254
6229,C,C,0.1465504,0.0445137,0.8089358
6230,C,C,0.09802427,0.06726273,0.83471304
6231,C,A,0.5241006,0.07187698,0.40402243
6232,A,B,0.23236358,0.63174146,0.13589503
6233,C,C,0.19971074,0.05305016,0.7472391
6234,C,C,0.1376854,0.09467251,0.767642
6235,B,B,0.037306152,0.8309903,0.13170348
6236,B,B,0.096294805,0.6919252,0.21177997
6237,C,C,0.023158517,0.06257286,0.91426855
6238,B,B,0.039167233,0.9176936,0.04313919
6239,C,C,0.4466571,0.09344839,0.45989448
6240,B,B,0.04785583,0.87333846,0.07880566
6241,A,A,0.4923579,0.06439807,0.44324398
6242,B,B,0.15885697,0.66992325,0.17121983
6243,C,B,0.12568223,0.8129323,0.06138544
6244,A,A,0.8807078,0.03592051,0.08337169
6245,B,C,0.13459855,0.3218532,0.5435482
6246,B,B,0.39123192,0.56163263,0.047135398
6247,C,C,0.17427808,0.06776766,0.75795424
6248,A,A,0.91926616,0.03462896,0.0461048
6249,C,C,0.09418434,0.07199378,0.83382183
6250,B,B,0.107789904,0.47219786,0.42001227
6251,C,C,0.04219339,0.14510275,0.81270385
6252,C,C,0.04272498,0.059736185,0.89753884
6253,A,A,0.67537725,0.08391001,0.24071279
6254,A,A,0.89430076,0.028843757,0.07685548
6255,A,A,0.6728038,0.29128617,0.035910014
6256,C,C,0.10884739,0.18132496,0.7098276
6257,B,B,0.10446553,0.62048113,0.27505335
6258,B,B,0.16857755,0.79990435,0.031518117
6259,A,A,0.7080296,0.16457497,0.1273954
6260,B,B,0.017881503,0.92470926,0.057409316
6261,C,C,0.08775168,0.27048194,0.6417663
6262,C,C,0.085288845,0.17763457,0.7370766
6263,C,C,0.28334898,0.03967031,0.67698073
6264,C,C,0.028073713,0.033240657,0.9386856
6265,A,A,0.8559109,0.072746806,0.071342304
6266,C,C,0.06894095,0.080245934,0.8508131
6267,C,C,0.10727462,0.08023763,0.8124878
6268,B,B,0.034200504,0.4871617,0.47863778
6269,C,C,0.2994806,0.107011616,0.5935078
6270,C,C,0.03569385,0.051674433,0.91263175
6271,A,A,0.7639432,0.1069692,0.12908761
6272,B,C,0.22546074,0.31717625,0.45736298
6273,C,C,0.103129916,0.08390858,0.8129616
6274,B,B,0.054267295,0.8766519,0.069080904
6275,C,C,0.14455497,0.24515696,0.6102881
6276,A,A,0.41447124,0.3910025,0.19452621
6277,B,B,0.0923353,0.86623126,0.041433334
6278,C,C,0.34143957,0.10218723,0.5563732
6279,B,C,0.05680475,0.17998849,0.7632067
6280,C,C,0.13126038,0.3638149,0.5049247
6281,A,A,0.787134,0.034444217,0.17842187
6282,B,C,0.068956725,0.4396295,0.49141377
6283,C,C,0.03913145,0.051942244,0.9089263
6284,A,A,0.78593147,0.05663854,0.15743005
6285,A,A,0.847214,0.073747404,0.07903859
6286,A,A,0.76145536,0.05524453,0.18330011
6287,A,A,0.93404204,0.019933047,0.04602492
6288,A,A,0.9194691,0.037669137,0.04286186
6289,C,C,0.109522395,0.04710942,0.8433682
6290,A,A,0.4294546,0.17982405,0.39072132
6291,B,B,0.020838505,0.89410245,0.085059024
6292,B,B,0.15019582,0.595504,0.25430018
6293,A,A,0.6503909,0.09778677,0.2518223
6294,B,B,0.19433926,0.4871444,0.3185164
6295,C,C,0.10921451,0.09713661,0.79364884
6296,B,B,0.043278847,0.6938124,0.26290876
6297,A,B,0.2379409,0.40270746,0.3593517
6298,B,B,0.042813394,0.92792714,0.029259443
6299,C,C,0.080703944,0.0737967,0.84549934
6300,C,C,0.10969055,0.07353588,0.8167736
6301,B,B,0.0658334,0.8743565,0.059810113
6302,C,C,0.20076945,0.09899867,0.70023185
6303,B,B,0.041418906,0.90176755,0.056813512
6304,C,C,0.13382348,0.077569276,0.7886073
6305,A,A,0.5533709,0.32095,0.12567915
6306,A,A,0.6373101,0.06497702,0.2977129
6307,A,C,0.23513448,0.38061005,0.38425547
6308,B,C,0.04499587,0.17134193,0.7836622
6309,C,C,0.30721882,0.04473085,0.64805037
6310,B,B,0.07856675,0.8515553,0.06987805
6311,C,C,0.25134712,0.04038581,0.70826703
6312,C,C,0.17338243,0.11433876,0.7122788
6313,A,A,0.82578605,0.04227863,0.13193531
6314,B,B,0.24020593,0.65555197,0.10424205
6315,C,A,0.42480925,0.32600442,0.24918629
6316,C,C,0.16911693,0.3922746,0.43860847
6317,C,C,0.4728184,0.037423816,0.4897578
6318,C,C,0.37548435,0.06637729,0.5581384
6319,B,B,0.015784618,0.97381896,0.01039644
6320,C,A,0.5305481,0.05713199,0.41231996
6321,B,B,0.10591912,0.8563466,0.037734203
6322,A,A,0.5517815,0.09224026,0.3559782
6323,C,C,0.40196013,0.19194075,0.40609905
6324,A,A,0.7211481,0.048169542,0.23068245
6325,A,A,0.7868494,0.13532074,0.077829905
6326,C,C,0.18264408,0.068456836,0.74889916
6327,C,C,0.026268972,0.027167404,0.94656366
6328,C,C,0.20397225,0.14547516,0.65055263
6329,A,A,0.8873645,0.0104083335,0.10222721
6330,A,C,0.33972886,0.10202139,0.5582498
6331,A,A,0.85923576,0.043781407,0.096982814
6332,C,C,0.080775134,0.20035316,0.7188717
6333,A,A,0.6836383,0.049167555,0.2671942
6334,B,B,0.05216164,0.48877496,0.45906347
6335,A,A,0.7345053,0.084875524,0.1806192
6336,C,C,0.020429898,0.023271088,0.956299
6337,B,B,0.01813666,0.95380497,0.028058313
6338,B,B,0.05516687,0.9121654,0.03266769
6339,B,A,0.57277364,0.3088579,0.11836846
6340,C,C,0.03263549,0.1453723,0.8219922
6341,A,A,0.9413178,0.013053457,0.045628745
6342,A,A,0.7155444,0.1993829,0.08507271
6343,C,C,0.09023231,0.12620418,0.7835635
6344,A,A,0.8644409,0.030850526,0.10470858
6345,C,C,0.058355026,0.12941013,0.8122348
6346,A,A,0.67219514,0.13327883,0.19452609
6347,A,A,0.7385006,0.038783923,0.2227155
6348,C,B,0.21554251,0.5775199,0.20693766
6349,B,B,0.058491345,0.7909746,0.15053393
6350,B,B,0.032010976,0.89051485,0.07747413
6351,B,B,0.020560594,0.93755853,0.041880812
6352,A,A,0.7899309,0.03461,0.17545915
6353,C,C,0.1515157,0.04373033,0.80475396
6354,C,C,0.09265253,0.076078676,0.83126885
6355,C,C,0.07482188,0.12793164,0.79724646
6356,C,A,0.4630685,0.10467816,0.4322533
6357,C,C,0.1568965,0.09433867,0.74876475
6358,A,A,0.9151336,0.024014521,0.06085184
6359,B,B,0.24171029,0.5664942,0.19179547
6360,B,B,0.10030727,0.79493153,0.104761206
6361,B,B,0.02593433,0.86799073,0.10607491
6362,A,A,0.80410653,0.049179506,0.14671397
6363,C,C,0.02864423,0.1628227,0.8085331
6364,B,B,0.06574051,0.80698854,0.1272709
6365,C,C,0.35764483,0.10670418,0.53565097
6366,B,C,0.14195539,0.3891373,0.46890724
6367,C,C,0.1510657,0.19487566,0.65405864
6368,A,A,0.86022556,0.038402285,0.1013722
6369,C,C,0.27513343,0.05576356,0.6691031
6370,A,C,0.32903165,0.06385763,0.60711074
6371,A,A,0.6324238,0.2833282,0.08424793
6372,C,C,0.03254033,0.022517942,0.94494176
6373,B,B,0.060525734,0.48617426,0.45330006
6374,B,B,0.15310112,0.4268193,0.42007965
6375,C,C,0.08067905,0.048111763,0.87120914
6376,A,A,0.97264016,0.0053218976,0.02203793
6377,A,A,0.6200639,0.053080115,0.32685587
6378,B,B,0.24866639,0.72090924,0.030424368
6379,C,C,0.15936509,0.09926356,0.74137133
6380,A,C,0.44649792,0.03686304,0.51663905
6381,A,A,0.60188496,0.030932162,0.36718285
6382,A,A,0.89994407,0.041316096,0.058739837
6383,B,B,0.08219871,0.8969867,0.020814598
6384,C,C,0.13333704,0.07776807,0.7888949
6385,C,C,0.08275227,0.12689185,0.79035586
6386,A,A,0.7469626,0.14853452,0.10450291
6387,C,C,0.2858127,0.03377476,0.68041253
6388,C,C,0.07796847,0.05012327,0.8719082
6389,A,A,0.85691935,0.068551324,0.074529365
6390,A,A,0.91061074,0.017543372,0.071845844
6391,A,A,0.80307937,0.06780724,0.12911339
6392,B,B,0.1483394,0.74329746,0.10836322
6393,A,A,0.76455516,0.037087567,0.19835731
6394,A,A,0.8412454,0.06599479,0.09275979
6395,A,A,0.5493853,0.1465951,0.3040196
6396,B,B,0.041312393,0.56191736,0.39677027
6397,B,B,0.038167942,0.8872324,0.07459961
6398,A,A,0.82461596,0.026490469,0.14889356
6399,A,A,0.9034891,0.05345907,0.043051854
6400,C,C,0.054362766,0.24582921,0.6998081
6401,C,B,0.26036033,0.6355197,0.10412006
6402,B,B,0.1480835,0.8146479,0.037268605
6403,B,B,0.06579457,0.898964,0.035241373
6404,B,B,0.24184017,0.6680358,0.09012397
6405,B,B,0.037256036,0.9214413,0.04130271
6406,B,B,0.022733374,0.9235153,0.053751398
6407,A,A,0.9558019,0.020074314,0.024123799
6408,C,C,0.1299004,0.07121317,0.7988864
6409,C,C,0.097798824,0.08437319,0.817828
6410,C,C,0.19695,0.056821797,0.7462282
6411,A,A,0.8222056,0.05688556,0.12090876
6412,C,C,0.09907025,0.11294808,0.7879816
6413,C,C,0.06771101,0.36848295,0.56380606
6414,C,B,0.08512797,0.6502762,0.26459578
6415,B,B,0.063178614,0.91356194,0.023259431
6416,A,A,0.7229897,0.05756543,0.21944495
6417,C,C,0.08788405,0.16111529,0.75100064
6418,A,A,0.7157462,0.054130245,0.23012355
6419,A,A,0.841227,0.032317147,0.12645592
6420,A,A,0.7058944,0.040702287,0.25340325
6421,C,A,0.51115376,0.03764908,0.45119718
6422,B,B,0.29483497,0.47286478,0.23230024
6423,A,A,0.7825909,0.040787533,0.17662157
6424,A,A,0.8750728,0.047868725,0.077058494
6425,B,B,0.22629534,0.6855361,0.08816861
6426,C,C,0.06795501,0.039735325,0.8923097
6427,A,A,0.7895308,0.08812251,0.122346655
6428,A,A,0.44904867,0.21403597,0.33691546
6429,B,B,0.1222196,0.7961323,0.08164816
6430,B,B,0.11795701,0.5471709,0.33487213
6431,A,C,0.4036324,0.15417592,0.4421917
6432,A,A,0.8482571,0.08355176,0.0681912
6433,A,C,0.43094832,0.073268704,0.4957831
6434,B,A,0.42996457,0.21338047,0.35665494
6435,B,B,0.22731714,0.5121357,0.26054728
6436,A,A,0.82894003,0.025053577,0.14600635
6437,B,B,0.076541215,0.72570574,0.19775312
6438,C,C,0.14722839,0.09991296,0.7528586
6439,C,C,0.07590044,0.083380945,0.8407186
6440,B,B,0.06016004,0.7230153,0.21682467
6441,B,B,0.02438183,0.9584162,0.017201878
6442,A,B,0.35580358,0.5929727,0.051223777
6443,C,C,0.17455831,0.088500045,0.73694164
6444,A,A,0.88925403,0.06830741,0.042438522
6445,A,A,0.6618319,0.21791972,0.120248325
6446,B,B,0.030890912,0.6500066,0.3191025
6447,B,B,0.018442906,0.9551699,0.026387142
6448,A,A,0.8018759,0.101228945,0.09689524
6449,B,B,0.030440304,0.8209486,0.14861107
6450,B,B,0.08522442,0.6691995,0.24557613
6451,B,B,0.15463269,0.80684674,0.038520604
6452,B,B,0.13394082,0.76021326,0.10584594
6453,B,B,0.017666081,0.8222385,0.16009545
6454,A,A,0.89671123,0.02150589,0.081782825
6455,A,A,0.9562222,0.018038535,0.025739253
6456,B,B,0.026133949,0.954165,0.019701093
6457,C,C,0.057453122,0.117608294,0.82493854
6458,A,A,0.9144926,0.029697765,0.055809602
6459,B,B,0.052103758,0.7482674,0.19962884
6460,C,C,0.18113239,0.06531029,0.75355726
6461,B,B,0.24080834,0.51156807,0.24762365
6462,A,B,0.41016194,0.48274884,0.10708919
6463,A,A,0.81073385,0.063051,0.12621519
6464,C,C,0.23904411,0.04704403,0.7139119
6465,A,A,0.8178502,0.024598492,0.15755141
6466,C,C,0.18335937,0.0444987,0.7721419
6467,B,C,0.10041483,0.41728196,0.48230326
6468,A,A,0.4941001,0.13995053,0.3659493
6469,C,C,0.1732399,0.057866268,0.7688938
6470,A,A,0.896184,0.038576573,0.065239355
6471,C,C,0.059520498,0.030486496,0.90999293
6472,A,A,0.5489717,0.102159955,0.3488683
6473,C,C,0.118093714,0.07808655,0.8038197
6474,C,C,0.13365735,0.099413894,0.7669288
6475,C,C,0.34596476,0.21080881,0.44322643
6476,C,C,0.27026728,0.081427895,0.6483048
6477,B,B,0.19139268,0.741803,0.06680427
6478,B,B,0.073849246,0.7699878,0.15616295
6479,B,B,0.0152523,0.95038456,0.034363225
6480,C,C,0.15044947,0.060805265,0.7887453
6481,A,A,0.88992584,0.04556072,0.064513415
6482,C,C,0.034824792,0.039997786,0.92517745
6483,C,C,0.42184007,0.06516229,0.5129977
6484,B,C,0.33675477,0.19560018,0.46764502
6485,B,B,0.06641754,0.8226562,0.11092628
6486,A,A,0.87669486,0.021114763,0.102190465
6487,C,C,0.03337566,0.16153571,0.80508864
6488,C,C,0.16035418,0.033163406,0.8064825
6489,A,B,0.14399797,0.4711441,0.3848579
6490,A,A,0.61508656,0.13803025,0.24688315
6491,C,C,0.035172064,0.021397144,0.9434308
6492,A,A,0.9268632,0.041448586,0.031688146
6493,A,A,0.87383306,0.059950013,0.06621686
6494,C,C,0.030715974,0.02403571,0.9452483
6495,A,C,0.22565223,0.16611616,0.60823154
6496,C,C,0.0792146,0.074010625,0.84677476
6497,B,B,0.056731913,0.9247073,0.018560845
6498,A,A,0.7839504,0.067672536,0.14837709
6499,B,A,0.52333176,0.41222727,0.06444096
6500,A,C,0.34543377,0.076508105,0.5780581
6501,C,C,0.06461807,0.06250195,0.87288
6502,A,A,0.68337274,0.05569542,0.26093182
6503,A,A,0.43073827,0.21818216,0.35107955
6504,C,C,0.050050903,0.18538104,0.76456803
6505,C,C,0.051349152,0.03742926,0.9112216
6506,B,B,0.046885997,0.90318906,0.04992495
6507,B,B,0.023359908,0.7188354,0.2578046
6508,A,A,0.6807568,0.053470936,0.2657723
6509,A,A,0.66526765,0.05955197,0.27518034
6510,B,B,0.089092724,0.691338,0.21956925
6511,B,B,0.27269763,0.5498737,0.17742872
6512,B,B,0.10562771,0.78255606,0.11181626
6513,B,B,0.23007488,0.7061047,0.06382042
6514,B,C,0.040293828,0.39300665,0.56669956
6515,C,C,0.027338555,0.1345363,0.83812517
6516,C,C,0.12216601,0.06357568,0.81425834
6517,C,C,0.0986689,0.04730273,0.85402834
6518,B,C,0.09011593,0.28833702,0.62154704
6519,B,B,0.070583805,0.5988024,0.33061376
6520,B,B,0.1430784,0.6225623,0.2343593
6521,C,C,0.23703714,0.08689061,0.67607224
6522,A,A,0.7330786,0.043892495,0.22302899
6523,A,A,0.8382372,0.043788992,0.1179737
6524,B,A,0.44134402,0.21090594,0.34775
6525,A,A,0.92885065,0.013988838,0.057160426
6526,C,C,0.02811603,0.07977141,0.8921126
6527,C,C,0.036480207,0.07726304,0.88625675
6528,C,C,0.08350018,0.072822355,0.84367746
6529,C,C,0.2640654,0.045588657,0.690346
6530,B,B,0.06409797,0.84549844,0.0904035
6531,A,C,0.28432363,0.14712319,0.56855315
6532,B,B,0.13493855,0.49111295,0.37394845
6533,C,A,0.5370012,0.13604274,0.32695615
6534,C,B,0.26892418,0.66106313,0.070012644
6535,A,A,0.9615181,0.009464265,0.029017635
6536,B,A,0.64918405,0.22103502,0.12978096
6537,C,C,0.12040577,0.12541528,0.75417894
6538,C,C,0.15954141,0.046691827,0.79376674
6539,C,C,0.07036739,0.08736971,0.84226286
6540,A,A,0.6394794,0.07117972,0.2893409
6541,B,C,0.12452856,0.21257895,0.6628924
6542,B,B,0.1030381,0.8443512,0.052610654
6543,B,B,0.14721318,0.7431839,0.109602876
6544,B,B,0.389947,0.5097876,0.10026539
6545,A,A,0.8326332,0.035828184,0.13153861
6546,C,C,0.18767625,0.068601325,0.74372244
6547,C,C,0.08034396,0.29089174,0.62876433
6548,B,B,0.30803752,0.58376575,0.108196676
6549,B,B,0.24434437,0.5367425,0.21891317
6550,B,B,0.061262567,0.66904235,0.26969516
6551,A,A,0.7364419,0.037424617,0.22613339
6552,B,B,0.2715323,0.6035332,0.12493445
6553,B,B,0.054721106,0.9100883,0.035190534
6554,B,B,0.060724005,0.9180826,0.021193368
6555,C,C,0.15862383,0.070954174,0.770422
6556,A,A,0.7945247,0.11906867,0.08640661
6557,C,C,0.10847091,0.08175992,0.8097692
6558,C,C,0.16807647,0.19671172,0.6352118
6559,C,C,0.114335775,0.072019726,0.81364447
6560,B,B,0.17417762,0.7424505,0.08337191
6561,A,A,0.88699174,0.055262472,0.0577458
6562,A,A,0.8264064,0.05524789,0.118345656
6563,B,B,0.032832764,0.9042338,0.062933326
6564,A,A,0.7569732,0.029430056,0.21359678
6565,C,C,0.0484413,0.09395383,0.85760486
6566,C,C,0.03442047,0.037301566,0.9282779
6567,A,A,0.7984058,0.05524155,0.14635263
6568,A,A,0.869243,0.092365235,0.038391773
6569,C,C,0.015179199,0.013979133,0.9708417
6570,B,B,0.07292807,0.8499109,0.07716102
6571,C,C,0.21984172,0.092852265,0.68730605
6572,A,A,0.94820946,0.021724775,0.030065842
6573,C,C,0.0538688,0.07417284,0.8719583
6574,C,A,0.43627715,0.13638039,0.4273425
6575,B,B,0.18024619,0.6324131,0.18734065
6576,B,B,0.025908997,0.80411655,0.16997442
6577,A,A,0.9381696,0.010521189,0.051309112
6578,B,B,0.034628987,0.7296612,0.23570977
6579,B,B,0.17983025,0.58246374,0.23770599
6580,A,A,0.90322214,0.038819928,0.057957944
6581,B,C,0.06421895,0.32371786,0.61206317
6582,B,B,0.057885088,0.70756,0.23455487
6583,B,B,0.3286416,0.5665954,0.10476306
6584,A,A,0.6832248,0.059779182,0.25699612
6585,A,A,0.7082195,0.16327424,0.12850629
6586,A,A,0.78571844,0.04476968,0.16951193
6587,A,A,0.72182435,0.11574703,0.16242862
6588,B,B,0.020298874,0.9634425,0.016258743
6589,A,C,0.40181452,0.0683578,0.5298278
6590,B,B,0.01670245,0.95615554,0.027142016
6591,A,A,0.9359218,0.026658243,0.03741995
6592,A,A,0.9721724,0.0075495616,0.020278068
6593,A,A,0.87855536,0.037947964,0.08349673
6594,C,C,0.34647658,0.060965206,0.5925582
6595,B,B,0.10450727,0.6369313,0.25856146
6596,C,C,0.11179055,0.065886885,0.8223226
6597,B,B,0.15203623,0.5622949,0.28566888
6598,B,B,0.04686966,0.93094236,0.02218795
6599,A,A,0.6166004,0.057049062,0.32635054
6600,C,C,0.038214657,0.054064322,0.90772104
6601,A,A,0.9072318,0.017213315,0.07555483
6602,A,A,0.4350264,0.16274086,0.4022327
6603,A,B,0.1805703,0.48727328,0.33215645
6604,A,A,0.92570674,0.03703392,0.03725937
6605,C,C,0.08264443,0.019101117,0.89825445
6606,B,B,0.04350373,0.85997075,0.09652557
6607,B,C,0.10531234,0.28414166,0.610546
6608,A,A,0.8489467,0.09079392,0.060259398
6609,B,B,0.105907544,0.5062507,0.38784185
6610,B,B,0.051157355,0.88655686,0.06228579
6611,C,B,0.08605416,0.7744934,0.13945249
6612,C,C,0.1942946,0.29235673,0.5133487
6613,C,C,0.051396523,0.06515567,0.88344777
6614,C,C,0.36313125,0.11383542,0.5230334
6615,C,C,0.04464197,0.27326,0.68209803
6616,C,C,0.122916356,0.047712483,0.82937115
6617,C,C,0.041384026,0.03077009,0.92784584
6618,A,A,0.8276967,0.10186597,0.07043734
6619,C,C,0.04032745,0.04715483,0.9125178
6620,A,A,0.5547841,0.12139751,0.3238184
6621,B,B,0.14035362,0.770612,0.08903432
6622,B,B,0.04980446,0.8466841,0.103511415
6623,B,B,0.28880662,0.66104347,0.05014995
6624,C,C,0.1443694,0.07841738,0.7772133
6625,A,C,0.32220256,0.08297261,0.5948248
6626,C,C,0.18916653,0.03682422,0.7740092
6627,C,C,0.03737498,0.07302818,0.8895968
6628,C,C,0.36574546,0.055592835,0.57866174
6629,A,B,0.35155702,0.4057788,0.2426642
6630,C,C,0.23171382,0.081264004,0.68702215
6631,C,C,0.06473847,0.10188849,0.833373
6632,A,A,0.9266958,0.022696862,0.05060727
6633,B,B,0.028814107,0.92072654,0.05045932
6634,A,A,0.84105194,0.056731712,0.102216445
6635,C,C,0.025959326,0.05551675,0.9185239
6636,C,A,0.799982,0.07127266,0.12874529
6637,B,C,0.15049945,0.36782557,0.48167494
6638,C,C,0.043417748,0.069682814,0.8868995
6639,B,B,0.21998383,0.65887207,0.12114399
6640,A,A,0.83902466,0.03447255,0.12650278
6641,C,C,0.052359626,0.030226959,0.9174134
6642,C,C,0.24644868,0.07414703,0.67940426
6643,A,A,0.5327642,0.07452895,0.39270684
6644,C,C,0.036117297,0.04299173,0.920891
6645,B,C,0.22571234,0.362896,0.41139165
6646,A,A,0.9346152,0.025207441,0.040177304
6647,B,C,0.08418523,0.22392917,0.6918856
6648,A,A,0.7232319,0.09425582,0.18251225
6649,A,C,0.32648984,0.08779371,0.5857164
6650,A,A,0.91964084,0.03116132,0.049197815
6651,A,C,0.29979908,0.17027308,0.5299279
6652,C,C,0.038740046,0.11435188,0.84690803
6653,C,C,0.028861273,0.045754924,0.9253838
6654,B,C,0.05502202,0.38730592,0.5576721
6655,C,C,0.3499494,0.16821548,0.4818352
6656,A,A,0.94397753,0.027094265,0.028928254
6657,B,B,0.052021246,0.9212908,0.026687952
6658,A,A,0.7230463,0.04905468,0.22789909
6659,A,B,0.4711372,0.48617318,0.04268956
6660,A,A,0.88506293,0.021626605,0.093310505
6661,B,A,0.58286476,0.34788844,0.06924671
6662,C,C,0.14874853,0.124926545,0.726325
6663,B,B,0.09198082,0.5726174,0.3354018
6664,C,C,0.09199923,0.032524075,0.8754767
6665,C,C,0.35838175,0.07885279,0.56276554
6666,C,C,0.03472124,0.04825624,0.91702247
6667,A,A,0.87926406,0.04176184,0.07897418
6668,A,A,0.79591435,0.09724591,0.1068397
6669,B,A,0.5834374,0.3645647,0.051997896
6670,A,A,0.8330668,0.016416926,0.15051627
6671,A,A,0.74463916,0.042150423,0.2132104
6672,B,B,0.080445655,0.8562889,0.06326548
6673,A,A,0.94797724,0.028869297,0.023153413
6674,B,B,0.059633393,0.92280984,0.017556785
6675,A,A,0.92298263,0.045635298,0.031382088
6676,B,C,0.030656176,0.23018415,0.7391597
6677,B,B,0.020004533,0.96424174,0.015753804
6678,B,B,0.14116068,0.7740356,0.0848038
6679,A,A,0.6112739,0.28659683,0.10212929
6680,B,B,0.13237065,0.6146774,0.25295192
6681,C,C,0.19921778,0.07504073,0.7257415
6682,A,B,0.33912572,0.5298648,0.13100955
6683,B,B,0.12533009,0.74892133,0.12574856
6684,A,A,0.86834127,0.043278378,0.0883803
6685,C,A,0.52338135,0.09450036,0.38211825
6686,B,B,0.03222981,0.9190484,0.048721835
6687,B,B,0.071520545,0.7383689,0.19011052
6688,B,B,0.10024385,0.53280455,0.3669516
6689,B,B,0.023018472,0.9339372,0.043044258
6690,A,A,0.71099,0.14115068,0.14785928
6691,C,C,0.19253701,0.046100575,0.76136243
6692,C,C,0.03988949,0.15610424,0.80400634
6693,C,C,0.022080256,0.032719523,0.94520015
6694,C,C,0.1478892,0.06137143,0.7907394
6695,C,C,0.09358397,0.17962632,0.7267897
6696,A,A,0.8502281,0.052078485,0.09769338
6697,C,C,0.37933698,0.047411207,0.5732518
6698,A,A,0.7107506,0.14227855,0.14697082
6699,B,B,0.36987135,0.5402471,0.08988147
6700,C,C,0.10222353,0.05504892,0.84272754
6701,B,B,0.13919249,0.79928505,0.061522342
6702,B,B,0.105374984,0.8390461,0.055578887
6703,B,B,0.1208605,0.73839283,0.14074661
6704,B,B,0.045325525,0.8893014,0.06537297
6705,B,B,0.04199017,0.8552554,0.10275439
6706,A,A,0.83104557,0.031904683,0.13704975
6707,C,A,0.7182952,0.069770284,0.21193446
6708,A,A,0.791587,0.03132354,0.17708948
6709,B,B,0.16366324,0.7518707,0.08446601
6710,B,B,0.08750363,0.8639572,0.048539188
6711,B,B,0.023635563,0.92430645,0.052058037
6712,B,B,0.07058313,0.80925405,0.12016277
6713,C,C,0.10878677,0.03861226,0.852601
6714,A,A,0.8312665,0.04207422,0.12665929
6715,A,C,0.3452869,0.2484274,0.40628567
6716,B,B,0.03601073,0.59771156,0.3662777
6717,A,A,0.814896,0.12700056,0.05810343
6718,A,A,0.60966164,0.055555392,0.33478293
6719,A,A,0.8483091,0.0483431,0.103347786
6720,B,B,0.022562006,0.95115274,0.026285244
6721,C,C,0.13078979,0.17093478,0.6982754
6722,A,A,0.85736775,0.024605349,0.11802689
6723,B,B,0.0507869,0.7483403,0.20087276
6724,A,C,0.47571045,0.034112755,0.49017683
6725,A,A,0.6545654,0.10701953,0.23841503
6726,A,A,0.7133778,0.08247487,0.20414734
6727,C,C,0.056705024,0.13724063,0.8060543
6728,B,B,0.041093916,0.9330179,0.025888175
6729,C,C,0.10962045,0.07710036,0.8132792
6730,A,A,0.93910056,0.026607594,0.03429187
6731,B,B,0.039246127,0.8687408,0.0920131
6732,C,C,0.21017987,0.14317226,0.6466478
6733,A,A,0.623166,0.13233033,0.2445036
6734,C,C,0.24032836,0.028297374,0.73137426
6735,B,B,0.031041134,0.89089346,0.0780654
6736,C,C,0.3246368,0.1014603,0.57390285
6737,B,B,0.023598893,0.95813644,0.01826468
6738,A,A,0.9430238,0.012303395,0.044672746
6739,B,B,0.02534747,0.96184784,0.012804625
6740,B,B,0.024467256,0.8389611,0.13657165
6741,B,B,0.023771392,0.96820843,0.00802013
6742,C,C,0.034043133,0.10091755,0.8650393
6743,B,B,0.12486165,0.7957523,0.07938611
6744,B,B,0.023654746,0.90080726,0.07553802
6745,C,C,0.06334015,0.022726452,0.9139334
6746,C,C,0.3454466,0.099251665,0.5553017
6747,B,B,0.04261383,0.5396972,0.41768906
6748,B,B,0.23221135,0.58278054,0.18500818
6749,B,C,0.038030554,0.3485696,0.6133998
6750,B,B,0.18996614,0.56075346,0.24928038
6751,B,B,0.01707856,0.933704,0.049217362
6752,C,C,0.027293945,0.057651673,0.9150544
6753,C,C,0.16922563,0.07659718,0.7541772
6754,C,C,0.1994935,0.046524372,0.75398207
6755,A,A,0.61686003,0.08949992,0.29364008
6756,B,B,0.056077193,0.81112486,0.1327979
6757,B,B,0.2987668,0.56928813,0.13194509
6758,A,A,0.7598378,0.06682655,0.17333564
6759,C,C,0.2593994,0.102925375,0.6376752
6760,A,A,0.91697186,0.055024814,0.028003372
6761,C,C,0.07125969,0.05560864,0.87313163
6762,A,A,0.66590947,0.07862317,0.25546736
6763,A,A,0.8230569,0.018897725,0.1580454
6764,C,C,0.06335873,0.112136334,0.8245049
6765,B,B,0.04664919,0.8546404,0.09871031
6766,A,A,0.8307423,0.045200974,0.12405672
6767,C,C,0.0261854,0.046938315,0.92687625
6768,B,B,0.04728467,0.8877152,0.0650001
6769,C,A,0.46726444,0.43806407,0.09467151
6770,A,A,0.93895197,0.022529867,0.038518153
6771,C,C,0.11927734,0.08722308,0.7934996
6772,A,A,0.9029131,0.022549337,0.07453754
6773,B,C,0.047818035,0.4129461,0.5392359
6774,B,B,0.06481883,0.582802,0.35237914
6775,B,B,0.058604818,0.82832575,0.1130694
6776,A,A,0.55797184,0.038427755,0.40360045
6777,A,B,0.18934634,0.62225306,0.18840061
6778,A,A,0.9512829,0.019773886,0.028943172
6779,B,B,0.114025675,0.75435054,0.13162385
6780,B,C,0.3918545,0.068858534,0.539287
6781,C,C,0.10071033,0.102887124,0.7964025
6782,C,C,0.06861959,0.10315237,0.828228
6783,C,C,0.22693513,0.109775536,0.6632893
6784,C,C,0.19491243,0.18215974,0.6229278
6785,B,B,0.11226614,0.84786195,0.039871924
6786,C,C,0.11262743,0.03577266,0.8515999
6787,B,B,0.0886117,0.55327344,0.35811487
6788,B,B,0.033723094,0.9313257,0.03495111
6789,C,C,0.021992724,0.08167701,0.8963303
6790,C,C,0.022196151,0.06299023,0.91481364
6791,B,A,0.5041063,0.40775308,0.08814057
6792,A,B,0.34852841,0.5110045,0.14046705
6793,C,B,0.016034896,0.5359919,0.44797316
6794,C,C,0.08059586,0.04373755,0.8756666
6795,A,A,0.8947682,0.03631306,0.068918824
6796,C,C,0.0769735,0.06791662,0.8551099
6797,C,C,0.020715987,0.042078964,0.9372051
6798,C,C,0.34193987,0.065501586,0.59255856
6799,A,C,0.19253212,0.08425249,0.7232154
6800,C,C,0.031080132,0.10073387,0.86818606
6801,A,A,0.7815371,0.021291882,0.19717105
6802,A,A,0.92380166,0.03275859,0.043439716
6803,C,A,0.5046171,0.11689453,0.3784884
6804,C,C,0.3301318,0.14447325,0.525395
6805,C,C,0.076417446,0.041449275,0.8821333
6806,C,C,0.027826177,0.058426898,0.91374695
6807,C,C,0.068006344,0.085613854,0.84637976
6808,C,C,0.047410805,0.07265033,0.8799388
6809,A,A,0.9155858,0.04948175,0.034932494
6810,C,C,0.055310477,0.030324306,0.91436523
6811,B,B,0.029285053,0.86255014,0.10816476
6812,C,C,0.05939193,0.018283093,0.92232496
6813,A,A,0.89986414,0.042390104,0.057745785
6814,C,C,0.11388999,0.049224164,0.8368858
6815,B,B,0.06847619,0.8157416,0.11578218
6816,C,C,0.018108614,0.017408196,0.9644832
6817,B,B,0.042490683,0.6644329,0.29307646
6818,A,A,0.8452511,0.030470949,0.124277994
6819,B,B,0.11630377,0.6829875,0.20070879
6820,C,C,0.20478292,0.072397895,0.72281927
6821,C,C,0.11820606,0.04023927,0.8415547
6822,B,B,0.018396422,0.7927252,0.1888783
6823,A,A,0.54796207,0.13020581,0.32183215
6824,C,C,0.29955506,0.051744293,0.64870065
6825,B,B,0.03576027,0.8408506,0.12338924
6826,B,C,0.06285129,0.18730807,0.7498406
6827,C,C,0.094077766,0.026290707,0.8796315
6828,C,C,0.19850199,0.07937891,0.72211903
6829,B,C,0.2668288,0.1715734,0.56159776
6830,B,B,0.025460655,0.7763468,0.19819255
6831,B,B,0.15353411,0.64958876,0.19687712
6832,B,B,0.21163166,0.5898243,0.198544
6833,B,B,0.16210593,0.42138165,0.4165124
6834,B,B,0.23245415,0.4332513,0.33429447
6835,C,C,0.2419372,0.13846204,0.61960083
6836,C,C,0.043464355,0.35344115,0.60309446
6837,C,C,0.036324892,0.035892226,0.92778283
6838,A,C,0.25392345,0.10658577,0.6394907
6839,B,A,0.46598086,0.3606686,0.17335054
6840,C,C,0.09894215,0.049162854,0.851895
6841,B,B,0.18592975,0.7204834,0.09358683
6842,C,B,0.2394373,0.51955014,0.24101251
6843,C,C,0.18744457,0.22095951,0.5915958
6844,C,C,0.07647734,0.053459767,0.8700629
6845,A,A,0.64757556,0.27909723,0.07332726
6846,B,B,0.07794635,0.71982247,0.20223115
6847,A,A,0.7658152,0.06461637,0.16956842
6848,C,C,0.119882494,0.16590744,0.7142101
6849,A,A,0.7701415,0.04049922,0.18935937
6850,C,C,0.07908651,0.24523154,0.675682
6851,C,C,0.06228094,0.0803643,0.8573547
6852,B,A,0.44053584,0.31065622,0.2488079
6853,B,B,0.062174622,0.70629317,0.2315322
6854,A,A,0.8090221,0.028684998,0.16229281
6855,A,A,0.44913787,0.40545627,0.14540583
6856,C,C,0.18510625,0.12622078,0.68867296
6857,C,C,0.04349352,0.019990377,0.9365161
6858,A,A,0.90021956,0.051386394,0.048394036
6859,A,A,0.908981,0.036480784,0.054538105
6860,B,B,0.020079797,0.94090855,0.039011702
6861,A,A,0.85394055,0.0632558,0.08280368
6862,C,C,0.18831684,0.08599103,0.72569215
6863,C,C,0.03474992,0.029912421,0.9353377
6864,A,A,0.8451155,0.02155383,0.13333066
6865,C,C,0.25847176,0.06297471,0.6785535
6866,B,B,0.06388313,0.75460684,0.18150996
6867,A,A,0.8525292,0.04614378,0.10132691
6868,A,A,0.7409893,0.112281375,0.14672941
6869,B,B,0.100097604,0.691737,0.20816544
6870,B,B,0.0728256,0.8860226,0.041151755
6871,C,C,0.07198859,0.041366447,0.88664496
6872,A,A,0.72565454,0.045355853,0.22898963
6873,A,A,0.90691733,0.014685512,0.07839718
6874,B,A,0.42007747,0.29066917,0.2892533
6875,C,C,0.04190656,0.037701387,0.9203921
6876,A,A,0.7568395,0.10191029,0.14125016
6877,C,C,0.22496414,0.08697884,0.688057
6878,A,A,0.4833367,0.34115455,0.17550886
6879,A,A,0.80729467,0.07328985,0.119415455
6880,C,C,0.042520873,0.07334656,0.88413256
6881,A,A,0.8911926,0.04830598,0.06050145
6882,A,A,0.78887755,0.061793715,0.14932878
6883,C,C,0.19099702,0.091091536,0.7179114
6884,C,C,0.017596215,0.107147865,0.8752559
6885,A,A,0.93068033,0.038576562,0.030743044
6886,C,C,0.15895516,0.050654706,0.79039013
6887,A,A,0.8285548,0.0202494,0.15119575
6888,C,C,0.046759542,0.10554558,0.8476949
6889,A,A,0.8064161,0.07904774,0.11453619
6890,B,B,0.040715244,0.5691617,0.3901231
6891,C,C,0.13617036,0.086313955,0.77751565
6892,A,A,0.860059,0.023439398,0.116501614
6893,C,C,0.08381369,0.045965347,0.87022096
6894,C,C,0.15444395,0.17396027,0.67159575
6895,A,A,0.9435182,0.021769663,0.034712147
6896,B,B,0.09637214,0.76233333,0.1412945
6897,C,C,0.06741713,0.3072863,0.6252966
6898,C,C,0.04498376,0.04466654,0.9103497
6899,C,C,0.09860914,0.0888679,0.81252295
6900,C,C,0.18057933,0.038690194,0.7807304
6901,C,C,0.040221717,0.124414556,0.83536375
6902,B,B,0.41460636,0.5369342,0.04845942
6903,A,A,0.49367556,0.03751583,0.46880862
6904,B,B,0.12783478,0.81530225,0.056863017
6905,A,A,0.5835293,0.09084468,0.325626
6906,A,A,0.91162896,0.022033067,0.06633801
6907,C,C,0.11682021,0.039780114,0.84339964
6908,C,C,0.33448657,0.07510447,0.590409
6909,A,A,0.79883397,0.037682038,0.16348393
6910,A,A,0.55890274,0.34453657,0.09656061
6911,C,C,0.073737755,0.06997127,0.85629094
6912,C,C,0.060089957,0.04701398,0.8928961
6913,A,A,0.8200052,0.058361627,0.121633194
6914,B,B,0.37841335,0.4950681,0.12651856
6915,C,B,0.048750848,0.75985503,0.19139418
6916,C,B,0.062167294,0.6829064,0.2549262
6917,B,B,0.027793659,0.9196185,0.05258791
6918,B,C,0.076577835,0.45973533,0.4636868
6919,C,C,0.023706174,0.028452322,0.9478415
6920,A,A,0.54150736,0.047454964,0.41103768
6921,A,A,0.8298612,0.10358407,0.066554695
6922,C,B,0.04005276,0.62486607,0.33508125
6923,A,A,0.74552846,0.027997458,0.22647409
6924,C,C,0.36780435,0.118240185,0.5139554
6925,A,C,0.19023697,0.18326795,0.6264951
6926,B,B,0.3002971,0.47463843,0.22506441
6927,A,A,0.8623536,0.039679278,0.09796711
6928,B,B,0.090828195,0.581827,0.32734486
6929,B,B,0.097801104,0.78148896,0.12070995
6930,A,A,0.80373377,0.11072707,0.08553908
6931,A,A,0.6828765,0.195583,0.12154049
6932,C,C,0.071292855,0.016225353,0.9124817
6933,C,A,0.534452,0.109257445,0.35629055
6934,C,C,0.090917595,0.037838865,0.87124354
6935,C,A,0.440661,0.1240903,0.4352487
6936,B,A,0.67655206,0.13145109,0.19199681
6937,C,C,0.1606303,0.056748323,0.7826214
6938,C,C,0.046915025,0.11987213,0.83321285
6939,B,B,0.06737555,0.5659011,0.3667234
6940,A,B,0.14604813,0.6982648,0.15568715
6941,B,B,0.2524612,0.49228072,0.2552581
6942,A,A,0.6773782,0.07730547,0.24531631
6943,C,C,0.049828712,0.06479706,0.8853742
6944,A,A,0.8716252,0.048774563,0.07960024
6945,C,C,0.19602773,0.09531059,0.7086617
6946,C,C,0.09203188,0.1491147,0.7588534
6947,B,B,0.018104427,0.9116432,0.070252396
6948,C,C,0.15402399,0.03288578,0.8130902
6949,C,C,0.1614826,0.08930184,0.74921554
6950,C,C,0.17856024,0.10499188,0.71644795
6951,C,C,0.13900772,0.03557922,0.825413
6952,A,A,0.8728,0.093758486,0.03344154
6953,B,B,0.18825497,0.77598083,0.035764217
6954,C,C,0.034201436,0.021124328,0.94467425
6955,C,C,0.07835682,0.061491415,0.86015177
6956,A,A,0.79907984,0.12970112,0.0712191
6957,A,A,0.5922726,0.048135635,0.35959175
6958,B,C,0.054658677,0.14482366,0.8005177
6959,B,B,0.18181951,0.6162953,0.20188524
6960,A,A,0.78720534,0.052494396,0.1603003
6961,B,C,0.24654351,0.21589093,0.5375656
6962,B,B,0.09046537,0.5725551,0.3369796
6963,B,B,0.14421543,0.71861017,0.13717443
6964,A,A,0.87686485,0.023356516,0.09977864
6965,B,B,0.06649276,0.9023782,0.03112907
6966,B,B,0.022436928,0.96461296,0.012950202
6967,C,C,0.09101638,0.07335308,0.8356306
6968,B,A,0.5279516,0.25256303,0.21948534
6969,A,A,0.8361416,0.08585367,0.07800468
6970,B,B,0.33009446,0.4719957,0.19790986
6971,C,C,0.09601626,0.21044847,0.6935352
6972,C,C,0.33632594,0.2083815,0.4552926
6973,A,A,0.77069175,0.04780764,0.18150063
6974,C,C,0.115557864,0.092829034,0.79161316
6975,B,B,0.15204167,0.73032093,0.11763739
6976,C,B,0.07433123,0.49961543,0.42605332
6977,C,C,0.15099725,0.07984526,0.7691575
6978,A,A,0.96055484,0.011233772,0.028211335
6979,B,B,0.009380135,0.9572776,0.03334224
6980,C,C,0.14457862,0.097165845,0.7582555
6981,A,C,0.3970635,0.11885803,0.4840785
6982,C,B,0.02004623,0.8253206,0.15463313
6983,B,B,0.32615036,0.4881386,0.18571106
6984,B,B,0.02788748,0.7497601,0.22235246
6985,B,B,0.12827553,0.69072616,0.18099827
6986,A,A,0.6776299,0.07410283,0.24826732
6987,B,B,0.026200308,0.9044724,0.06932727
6988,C,C,0.31825233,0.06460427,0.6171434
6989,B,B,0.059515025,0.9100137,0.030471286
6990,C,C,0.033035107,0.2098258,0.7571391
6991,B,B,0.06267343,0.7761657,0.16116089
6992,A,C,0.33237308,0.03566053,0.63196635
6993,A,A,0.94301355,0.022411374,0.034575135
6994,A,A,0.55508107,0.35279766,0.092121236
6995,C,B,0.23798451,0.641558,0.12045746
6996,A,A,0.9207397,0.028455274,0.050805006
6997,C,C,0.3683203,0.04447627,0.5872035
6998,C,C,0.116609596,0.08581995,0.7975704
6999,B,B,0.027009666,0.9657823,0.007208071
7000,A,A,0.9197317,0.01721432,0.06305397
7001,A,B,0.38730907,0.42899334,0.18369757
7002,B,B,0.122822076,0.8474988,0.029679164
7003,A,A,0.7490749,0.16346727,0.08745792
7004,C,C,0.027810533,0.06124155,0.9109479
7005,C,C,0.18703096,0.1233888,0.6895802
7006,A,A,0.9442867,0.013224474,0.042488776
7007,B,B,0.041241128,0.92065865,0.03810019
7008,B,B,0.06930123,0.5547592,0.37593958
7009,B,B,0.029752145,0.9446763,0.025571616
7010,C,C,0.07607674,0.1254232,0.79850006
7011,A,B,0.1516042,0.78494215,0.06345358
7012,C,C,0.10953774,0.08304569,0.8074166
7013,A,A,0.69589996,0.0585752,0.24552482
7014,C,C,0.40935257,0.063372,0.52727544
7015,A,A,0.83383715,0.04052542,0.12563741
7016,A,A,0.82094115,0.032092366,0.14696649
7017,B,B,0.2549788,0.6757679,0.06925322
7018,A,A,0.90912235,0.028641827,0.06223589
7019,C,C,0.035198204,0.030410046,0.9343917
7020,C,C,0.10805647,0.3582705,0.53367305
7021,C,C,0.29329646,0.0760726,0.63063097
7022,A,C,0.17423058,0.09895248,0.7268169
7023,C,C,0.019381909,0.056154404,0.9244636
7024,A,A,0.8091499,0.045730792,0.14511925
7025,B,B,0.35599476,0.52725255,0.11675263
7026,C,C,0.121879466,0.055971757,0.8221488
7027,B,B,0.18051815,0.52554476,0.2939371
7028,C,C,0.30723554,0.08269648,0.61006796
7029,A,A,0.93077046,0.02384228,0.045387194
7030,A,A,0.8531115,0.04364578,0.10324271
7031,B,B,0.21138503,0.5585809,0.23003407
7032,B,B,0.038646206,0.874492,0.08686178
7033,B,B,0.16994512,0.47229803,0.35775685
7034,A,A,0.8881178,0.035344474,0.07653774
7035,A,A,0.92606264,0.020713443,0.053223874
7036,C,C,0.04485471,0.055495746,0.89964956
7037,C,C,0.09847261,0.05887694,0.8426505
7038,C,C,0.060473517,0.2455761,0.69395036
7039,A,A,0.8533049,0.036736786,0.10995832
7040,A,A,0.8799991,0.026560217,0.09344066
7041,A,A,0.8272436,0.12240459,0.05035167
7042,B,B,0.3281131,0.41432297,0.25756398
7043,A,A,0.8541074,0.03785193,0.10804075
7044,C,C,0.026660694,0.08409289,0.8892464
7045,B,B,0.015996544,0.8728623,0.111141235
7046,C,C,0.07104043,0.10877343,0.82018614
7047,B,B,0.26455167,0.5583605,0.17708778
7048,A,C,0.24753317,0.09203919,0.66042763
7049,A,A,0.5798649,0.079851836,0.3402832
7050,A,A,0.6714125,0.07149635,0.2570912
7051,A,C,0.4550842,0.07854057,0.46637526
7052,B,B,0.058249224,0.8903173,0.05143342
7053,C,C,0.04085831,0.17992108,0.77922064
7054,B,C,0.1317462,0.3887504,0.47950345
7055,C,C,0.04795179,0.06113066,0.89091754
7056,A,A,0.8920284,0.024812197,0.08315943
7057,C,C,0.14038697,0.027393974,0.832219
7058,A,B,0.10035989,0.67915547,0.22048461
7059,C,C,0.0846845,0.16062,0.7546955
7060,B,B,0.030874697,0.9614037,0.0077215782
7061,A,A,0.8869061,0.018126927,0.09496692
7062,A,A,0.71739763,0.05917536,0.22342695
7063,A,A,0.79492146,0.14607716,0.059001394
7064,B,B,0.078892164,0.86901927,0.05208857
7065,B,B,0.21415406,0.5283534,0.2574925
7066,A,A,0.9303792,0.015879175,0.053741533
7067,C,C,0.10505932,0.04479281,0.8501479
7068,B,B,0.16972749,0.42512944,0.40514308
7069,C,C,0.23048356,0.07239819,0.6971183
7070,B,B,0.013420165,0.8898164,0.09676339
7071,A,A,0.7898681,0.05091763,0.15921418
7072,C,C,0.044963762,0.10059101,0.8544452
7073,B,B,0.035016324,0.9048029,0.06018081
7074,A,A,0.88729006,0.020051818,0.092658095
7075,C,C,0.27312502,0.04734267,0.67953235
7076,B,B,0.05806244,0.8651499,0.07678759
7077,B,B,0.16176498,0.7895443,0.04869077
7078,C,C,0.20443474,0.0713724,0.72419286
7079,C,C,0.18762602,0.03322751,0.7791465
7080,A,A,0.86326164,0.033798758,0.10293961
7081,B,B,0.05901881,0.90527105,0.035710182
7082,A,A,0.781075,0.0343792,0.18454571
7083,B,B,0.060076445,0.56005603,0.37986755
7084,B,B,0.059685662,0.90859735,0.031716913
7085,C,C,0.108915985,0.32114574,0.5699383
7086,A,A,0.7270534,0.13307928,0.1398673
7087,A,C,0.33146134,0.06097079,0.60756785
7088,C,C,0.120583236,0.07136414,0.80805266
7089,C,C,0.13911897,0.060848843,0.8000322
7090,A,A,0.8847576,0.032626897,0.082615435
7091,B,C,0.06380653,0.28164122,0.6545522
7092,C,C,0.100563794,0.07486824,0.824568
7093,B,C,0.2900554,0.15678318,0.55316144
7094,A,A,0.86427534,0.054190367,0.08153431
7095,C,C,0.04752464,0.08284779,0.86962754
7096,B,B,0.050431736,0.881446,0.0681223
7097,B,B,0.02566886,0.7895427,0.18478857
7098,B,B,0.4159718,0.45250303,0.13152516
7099,A,A,0.4994088,0.33055893,0.17003223
7100,A,A,0.899034,0.026122207,0.07484379
7101,C,C,0.1711796,0.1685527,0.6602677
7102,C,C,0.098070644,0.05506235,0.846867
7103,A,C,0.3472309,0.10621854,0.5465506
7104,B,B,0.08117857,0.8768126,0.04200896
7105,C,C,0.10598565,0.11713952,0.77687484
7106,A,A,0.93066907,0.026953168,0.042377725
7107,A,A,0.918088,0.020005994,0.06190597
7108,C,C,0.05804554,0.04164554,0.90030885
7109,A,A,0.6231423,0.049372993,0.32748464
7110,B,B,0.045613408,0.94101554,0.013371063
7111,A,A,0.49902415,0.062321827,0.4386541
7112,B,B,0.13341488,0.6989932,0.16759185
7113,C,C,0.17571837,0.2698106,0.5544711
7114,B,B,0.17825903,0.75286096,0.06888002
7115,C,C,0.11725351,0.020743974,0.8620025
7116,C,C,0.08421846,0.32112572,0.59465575
7117,B,B,0.040753894,0.5293797,0.4298664
7118,B,B,0.040548712,0.6567805,0.30267084
7119,C,C,0.03564311,0.034099847,0.9302571
7120,C,C,0.19478361,0.103084095,0.70213234
7121,C,C,0.1327607,0.06177461,0.8054647
7122,A,A,0.9142685,0.044712055,0.04101946
7123,A,A,0.957656,0.014508417,0.02783559
7124,C,C,0.23670399,0.11939312,0.64390284
7125,A,A,0.84041876,0.053804368,0.10577685
7126,A,A,0.61535394,0.23508488,0.14956118
7127,A,A,0.6484501,0.07522489,0.27632508
7128,C,C,0.13601413,0.05526659,0.8087193
7129,C,C,0.30059358,0.082266174,0.61714023
7130,C,C,0.3583403,0.07270312,0.56895655
7131,C,C,0.14226234,0.21535616,0.64238155
7132,C,C,0.18138468,0.17791562,0.6406997
7133,B,B,0.05561951,0.9095227,0.03485772
7134,B,A,0.41326356,0.37466902,0.21206741
7135,A,A,0.53323174,0.06989647,0.39687175
7136,C,C,0.21428677,0.028769352,0.7569439
7137,A,C,0.24124867,0.05706823,0.70168316
7138,C,C,0.20752588,0.08399781,0.7084763
7139,A,A,0.81348085,0.09396029,0.09255888
7140,C,A,0.73964405,0.047998734,0.2123572
7141,C,C,0.043391254,0.04911886,0.9074899
7142,B,B,0.040941928,0.9367154,0.022342687
7143,B,B,0.061930936,0.8453123,0.09275673
7144,B,B,0.3537545,0.4122409,0.23400465
7145,C,C,0.15146698,0.30950063,0.5390324
7146,C,C,0.048375152,0.2002311,0.75139374
7147,A,A,0.44753903,0.15414578,0.39831525
7148,A,A,0.5197028,0.21234182,0.2679554
7149,C,C,0.28600848,0.071129315,0.64286214
7150,C,C,0.19409388,0.043657288,0.7622489
7151,B,A,0.50817686,0.3469457,0.1448774
7152,A,A,0.8039775,0.07384286,0.1221796
7153,B,B,0.12250625,0.6946365,0.18285716
7154,C,A,0.84635687,0.029192308,0.12445074
7155,B,B,0.15121467,0.77501965,0.0737657
7156,A,A,0.9270694,0.021060653,0.051869873
7157,B,B,0.20827262,0.5776552,0.21407223
7158,A,A,0.90917146,0.03065837,0.060170177
7159,A,A,0.89456546,0.071834624,0.033599857
7160,C,C,0.071682766,0.09595824,0.832359
7161,B,B,0.09463321,0.8410248,0.06434195
7162,A,A,0.7743807,0.08458035,0.14103895
7163,A,A,0.84873414,0.069789134,0.08147668
7164,C,A,0.57030624,0.08497642,0.34471738
7165,C,C,0.08302274,0.118858114,0.7981191
7166,B,B,0.20446652,0.73208714,0.06344632
7167,C,C,0.31874618,0.045160096,0.63609374
7168,A,A,0.70588636,0.20199744,0.09211621
7169,B,A,0.61567605,0.2370343,0.14728957
7170,A,A,0.9046344,0.039971344,0.055394255
7171,A,A,0.68087244,0.08928071,0.22984688
7172,A,A,0.65310717,0.20556678,0.14132604
7173,C,C,0.27601588,0.08269746,0.6412867
7174,B,B,0.035262484,0.6852908,0.27944666
7175,B,B,0.12247128,0.824878,0.052650753
7176,B,B,0.19991826,0.75514984,0.044931896
7177,A,A,0.48531762,0.32020965,0.19447276
7178,C,C,0.031588472,0.021687,0.94672453
7179,A,A,0.89725566,0.065204285,0.037540082
7180,B,B,0.05806872,0.7799713,0.16196
7181,C,C,0.0818019,0.09777844,0.82041967
7182,A,A,0.8317275,0.061015137,0.10725737
7183,C,C,0.052519668,0.07099128,0.8764891
7184,B,B,0.022406526,0.89500165,0.08259181
7185,A,C,0.46296954,0.04566884,0.49136162
7186,A,A,0.670079,0.15558435,0.17433667
7187,C,C,0.048395637,0.10598783,0.8456165
7188,B,B,0.056187406,0.916757,0.027055552
7189,A,A,0.58828,0.031089924,0.38063008
7190,C,C,0.08137354,0.040846772,0.8777797
7191,A,B,0.20725566,0.5883481,0.20439623
7192,A,A,0.747906,0.10154589,0.15054812
7193,C,A,0.6183408,0.028308831,0.3533503
7194,A,A,0.55429465,0.10430508,0.34140024
7195,A,A,0.76179177,0.06590344,0.17230472
7196,B,B,0.042821735,0.74874127,0.20843701
7197,B,B,0.100092106,0.6298331,0.27007475
7198,C,A,0.8846298,0.032874558,0.08249569
7199,B,B,0.3837576,0.49477306,0.121469356
7200,A,A,0.62355375,0.26054367,0.11590257
7201,C,C,0.070080295,0.052216366,0.87770337
7202,C,C,0.028474556,0.03448898,0.93703645
7203,B,B,0.05056508,0.7547589,0.19467598
7204,C,C,0.040001333,0.060151104,0.8998476
7205,C,C,0.07157756,0.044955574,0.88346684
7206,B,B,0.12630364,0.55231184,0.3213845
7207,B,B,0.046427704,0.93050325,0.023069005
7208,A,A,0.8991207,0.036042012,0.06483738
7209,C,C,0.07872178,0.15886927,0.76240903
7210,A,A,0.8545707,0.05380091,0.09162831
7211,A,A,0.89934343,0.024783261,0.07587338
7212,C,C,0.09454049,0.048547916,0.85691166
7213,A,A,0.68551093,0.0712264,0.24326271
7214,B,B,0.041016955,0.9058107,0.053172335
7215,A,A,0.77820474,0.07111535,0.15068
7216,C,C,0.3480603,0.075571895,0.57636774
7217,A,A,0.79786855,0.03697383,0.16515769
7218,A,A,0.7174602,0.21744496,0.06509483
7219,B,B,0.040375564,0.87818944,0.08143498
7220,A,A,0.7697984,0.12124758,0.108953975
7221,A,A,0.521324,0.17715275,0.30152324
7222,A,A,0.9025542,0.022955844,0.074490026
7223,A,A,0.58930737,0.32179853,0.088894136
7224,A,A,0.8396078,0.04561455,0.114777625
7225,B,B,0.097465225,0.71728575,0.185249
7226,C,C,0.06998755,0.18211536,0.7478971
7227,B,B,0.4465809,0.48290136,0.07051773
7228,B,B,0.01415799,0.93960273,0.046239205
7229,C,C,0.14826508,0.079399414,0.7723355
7230,B,B,0.020829964,0.9394121,0.03975792
7231,A,A,0.8314723,0.060543414,0.10798436
7232,B,B,0.07030389,0.8921343,0.03756176
7233,C,C,0.24682307,0.04226485,0.71091205
7234,A,A,0.814061,0.03556925,0.1503698
7235,A,A,0.6785632,0.065795355,0.2556415
7236,A,A,0.7167594,0.031188842,0.2520518
7237,B,B,0.038218666,0.70568734,0.25609392
7238,B,B,0.38339272,0.5016403,0.11496689
7239,A,A,0.76220965,0.07331647,0.16447385
7240,A,A,0.781777,0.11124901,0.10697399
7241,B,B,0.06225038,0.84439117,0.09335843
7242,C,C,0.43111035,0.0800795,0.48881015
7243,C,C,0.091776766,0.066610575,0.8416127
7244,B,C,0.15493864,0.3623741,0.4826873
7245,A,A,0.97147334,0.00856581,0.019960951
7246,A,A,0.8101675,0.083688594,0.10614383
7247,A,A,0.58846873,0.043591294,0.36793992
7248,B,B,0.043142777,0.87361,0.08324716
7249,B,B,0.019980326,0.96101636,0.019003313
7250,A,A,0.86835426,0.046323862,0.085321814
7251,B,B,0.042079017,0.9416264,0.016294558
7252,B,B,0.10262476,0.7912369,0.10613828
7253,C,C,0.27035215,0.13905089,0.590597
7254,B,B,0.11641227,0.8491445,0.034443196
7255,C,C,0.07444504,0.15338184,0.77217317
7256,C,A,0.5515731,0.049098372,0.39932853
7257,A,A,0.87222916,0.07209172,0.055679057
7258,C,C,0.060478885,0.11861681,0.8209043
7259,B,B,0.12193795,0.7651588,0.1129033
7260,C,C,0.44325808,0.110699914,0.44604203
7261,A,A,0.6825407,0.088603795,0.22885552
7262,C,C,0.045112684,0.06181531,0.89307195
7263,B,B,0.022387939,0.83092684,0.1466852
7264,A,A,0.8784705,0.053270113,0.06825933
7265,A,A,0.8254364,0.01698785,0.15757576
7266,B,B,0.23724367,0.49172267,0.27103367
7267,B,B,0.053847343,0.9154266,0.030725988
7268,B,B,0.020530054,0.9392355,0.040234555
7269,A,A,0.8824812,0.028498946,0.089019746
7270,C,C,0.109717324,0.0611441,0.8291386
7271,C,C,0.25347415,0.0762079,0.67031795
7272,A,A,0.8194903,0.023939732,0.15656991
7273,B,B,0.07291226,0.8241003,0.102987364
7274,B,B,0.07138278,0.8411908,0.087426364
7275,A,A,0.7364139,0.05808366,0.20550247
7276,B,B,0.05983049,0.845831,0.09433861
7277,C,C,0.06494673,0.048613954,0.88643926
7278,B,B,0.03418344,0.5196512,0.44616538
7279,B,B,0.028906919,0.6063862,0.36470687
7280,A,A,0.677077,0.0732263,0.24969675
7281,C,C,0.42687714,0.04212484,0.53099793
7282,C,C,0.10603084,0.04131499,0.85265416
7283,B,B,0.047605686,0.9193896,0.03300478
7284,B,B,0.09471444,0.76342934,0.14185621
7285,B,B,0.07094718,0.8435406,0.08551222
7286,B,B,0.121197864,0.44453725,0.43426484
7287,A,C,0.31428996,0.27380788,0.4119022
7288,B,B,0.120504454,0.8116475,0.067848064
7289,A,A,0.6999737,0.0882007,0.2118256
7290,C,C,0.22589146,0.04341521,0.73069334
7291,C,C,0.12500408,0.087330475,0.7876655
7292,A,A,0.91767997,0.018578527,0.06374149
7293,C,C,0.045784287,0.043326087,0.91088957
7294,A,A,0.7025033,0.13123424,0.16626246
7295,B,B,0.20801671,0.74187374,0.05010956
7296,B,A,0.5995073,0.08519763,0.31529507
7297,A,A,0.5457488,0.100078985,0.35417232
7298,C,C,0.062207043,0.045485772,0.89230716
7299,B,B,0.077571124,0.6878893,0.23453963
7300,A,A,0.6532974,0.17100532,0.17569727
7301,B,C,0.17453006,0.22812349,0.5973465
7302,B,B,0.29294726,0.54780555,0.15924722
7303,C,C,0.051782418,0.06384194,0.88437563
7304,B,C,0.02179447,0.1442696,0.8339359
7305,B,B,0.08290615,0.881078,0.036015812
7306,B,B,0.076064356,0.68905056,0.23488511
7307,B,B,0.014878116,0.931039,0.054082893
7308,C,C,0.052077487,0.06730748,0.880615
7309,B,B,0.020706683,0.92082953,0.05846376
7310,A,A,0.82250893,0.1322347,0.045256373
7311,A,A,0.97127616,0.010667315,0.018056553
7312,A,A,0.87767124,0.04759702,0.07473167
7313,B,B,0.05222914,0.7504739,0.19729698
7314,C,C,0.29911202,0.09152365,0.6093644
7315,B,B,0.014101908,0.957706,0.028191997
7316,B,B,0.013281764,0.97452104,0.01219727
7317,C,C,0.08817609,0.25604826,0.6557756
7318,A,A,0.93048555,0.035965905,0.03354864
7319,A,A,0.82085365,0.038392138,0.14075413
7320,B,C,0.03691179,0.39633235,0.5667559
7321,B,B,0.11891748,0.8418509,0.039231617
7322,B,B,0.12732771,0.6762914,0.19638091
7323,C,C,0.16247697,0.11918668,0.71833634
7324,B,B,0.059099894,0.6799097,0.26099035
7325,B,B,0.122629866,0.80280626,0.07456386
7326,B,B,0.15154813,0.77342117,0.07503067
7327,A,A,0.8673454,0.02487841,0.10777621
7328,B,B,0.052097943,0.755341,0.1925611
7329,A,A,0.6377855,0.074063405,0.2881512
7330,A,A,0.77953994,0.059372492,0.16108757
7331,A,A,0.8702929,0.038793776,0.09091326
7332,B,B,0.10381628,0.85697216,0.039211582
7333,C,C,0.08534552,0.049508896,0.86514556
7334,A,A,0.8351953,0.10168744,0.063117325
7335,B,B,0.068858504,0.8944855,0.036655977
7336,B,B,0.18541522,0.44992843,0.36465636
7337,A,A,0.66089445,0.029463038,0.3096425
7338,C,A,0.5988028,0.11566231,0.28553492
7339,B,A,0.6675867,0.2560819,0.07633137
7340,B,B,0.214189,0.7218849,0.06392609
7341,C,C,0.07469332,0.014419795,0.9108869
7342,A,A,0.8396715,0.033833113,0.12649545
7343,B,B,0.065061316,0.6858214,0.2491173
7344,C,C,0.048418123,0.038005017,0.91357684
7345,B,A,0.80838436,0.071120426,0.12049513
7346,A,A,0.6732272,0.09754416,0.22922865
7347,C,C,0.083318874,0.036516577,0.88016456
7348,C,C,0.06449799,0.11558119,0.8199208
7349,A,A,0.800363,0.08299505,0.11664194
7350,A,B,0.21787833,0.74148464,0.04063702
7351,B,B,0.10374537,0.8355074,0.06074722
7352,C,C,0.22438765,0.036940873,0.7386715
7353,C,C,0.23817831,0.1765185,0.5853032
7354,B,B,0.10314592,0.8456709,0.051183198
7355,B,B,0.18653955,0.61175025,0.20171024
7356,A,A,0.7923008,0.098598965,0.109100156
7357,B,B,0.037570618,0.8852391,0.07719024
7358,A,A,0.77690625,0.07838928,0.14470448
7359,C,C,0.03952057,0.065920725,0.8945587
7360,C,C,0.044337396,0.06273977,0.8929228
7361,A,A,0.6395094,0.07147972,0.28901085
7362,A,B,0.3034366,0.4210674,0.27549604
7363,B,B,0.09373409,0.6626628,0.24360314
7364,C,C,0.4056904,0.02240974,0.57189983
7365,A,A,0.8156333,0.04441799,0.13994876
7366,A,A,0.87917686,0.050165232,0.07065791
7367,A,A,0.9258866,0.017484805,0.056628585
7368,A,A,0.82357717,0.062773585,0.11364924
7369,A,A,0.7875423,0.11555626,0.096901506
7370,C,C,0.10465046,0.18315847,0.71219105
7371,B,B,0.3370423,0.6129532,0.05000449
7372,A,A,0.71872336,0.17141843,0.109858155
7373,C,C,0.072117984,0.023405874,0.9044761
7374,A,A,0.8429821,0.05898696,0.098030895
7375,A,A,0.9213452,0.022164162,0.05649067
7376,A,B,0.35843992,0.59823895,0.0433211
7377,B,B,0.09687626,0.83618957,0.06693418
7378,C,C,0.03246213,0.021315198,0.9462226
7379,A,A,0.84844434,0.045304045,0.106251605
7380,C,C,0.17809734,0.09340043,0.7285023
7381,A,A,0.82377726,0.06542888,0.11079385
7382,A,A,0.67249274,0.20526803,0.122239195
7383,B,B,0.35833585,0.36813778,0.27352634
7384,A,A,0.8493085,0.09491273,0.05577873
7385,A,A,0.50205916,0.34343392,0.154507
7386,A,A,0.49781826,0.08977166,0.41241014
7387,C,C,0.11208506,0.06459388,0.8233211
7388,C,C,0.047916587,0.06686006,0.8852233
7389,C,C,0.1326444,0.02430523,0.8430504
7390,B,C,0.090737306,0.3341191,0.5751436
7391,B,B,0.027070124,0.90609074,0.06683916
7392,B,C,0.29777583,0.2484384,0.45378575
7393,B,B,0.032768834,0.91565794,0.051573146
7394,A,A,0.86314815,0.05932186,0.07752991
7395,B,B,0.031897265,0.9002917,0.06781107
7396,C,C,0.27159002,0.071708806,0.6567012
7397,C,C,0.025780268,0.09587392,0.8783458
7398,A,A,0.3831573,0.35977948,0.25706324
7399,A,A,0.78793585,0.03371235,0.17835176
7400,A,C,0.31825468,0.04361532,0.63813
7401,B,B,0.050866954,0.78422815,0.1649048
7402,C,C,0.24581675,0.053474646,0.7007087
7403,C,C,0.083165474,0.06480117,0.85203344
7404,A,A,0.56971073,0.047829695,0.38245958
7405,A,A,0.86013937,0.017859694,0.122000895
7406,B,C,0.16615897,0.21426657,0.6195744
7407,A,A,0.73711693,0.21178283,0.051100295
7408,B,B,0.08423152,0.55459243,0.36117607
7409,A,A,0.56696165,0.054255687,0.37878272
7410,C,C,0.038842514,0.11245388,0.8487036
7411,A,A,0.8889074,0.053634666,0.057457972
7412,C,C,0.10609821,0.08715875,0.8067431
7413,B,C,0.065772526,0.06889927,0.86532825
7414,C,C,0.083773255,0.0762394,0.8399874
7415,C,A,0.5539026,0.08094306,0.3651544
7416,A,A,0.87909627,0.01835602,0.10254771
7417,A,A,0.95293105,0.014007192,0.033061687
7418,C,C,0.13871701,0.26437548,0.59690756
7419,A,A,0.56996,0.20199661,0.22804335
7420,A,A,0.8553358,0.030358704,0.11430548
7421,A,A,0.68446964,0.04660289,0.26892745
7422,A,A,0.5177754,0.40082538,0.08139914
7423,A,C,0.28188306,0.08101285,0.6371041
7424,A,C,0.383552,0.0699092,0.5465388
7425,B,A,0.433478,0.3970619,0.16946007
7426,A,A,0.9533615,0.014152376,0.032486193
7427,B,B,0.11604995,0.46496776,0.41898227
7428,B,B,0.035219543,0.6466129,0.3181676
7429,A,A,0.48708326,0.1811728,0.33174402
7430,C,C,0.09553416,0.032097947,0.8723679
7431,B,B,0.30552778,0.38689077,0.3075815
7432,B,B,0.034589063,0.94096404,0.024446862
7433,A,A,0.55923545,0.34612286,0.0946417
7434,C,C,0.3969298,0.09249633,0.5105739
7435,A,A,0.48758623,0.46390292,0.048510794
7436,B,B,0.022925852,0.94740117,0.029673051
7437,C,C,0.08172362,0.12855896,0.7897174
7438,B,B,0.17793041,0.61961406,0.20245554
7439,B,B,0.043652628,0.7772095,0.17913787
7440,A,A,0.90549296,0.021006955,0.073500134
7441,C,C,0.101574734,0.053194765,0.84523046
7442,A,A,0.91311556,0.03802493,0.048859544
7443,B,B,0.049293395,0.82106024,0.12964635
7444,C,C,0.26626098,0.09823445,0.63550454
7445,A,A,0.8065678,0.08513693,0.10829527
7446,B,B,0.077635564,0.8060778,0.1162866
7447,A,B,0.16546479,0.7481924,0.08634279
7448,A,A,0.7007729,0.08173838,0.21748875
7449,C,C,0.14942485,0.22235782,0.6282173
7450,B,B,0.14577334,0.7773305,0.07689608
7451,B,B,0.381513,0.5458598,0.07262717
7452,B,C,0.35433108,0.116458714,0.5292102
7453,C,A,0.73378605,0.07240116,0.19381279
7454,A,A,0.88747275,0.03475075,0.07777643
7455,C,C,0.043252613,0.045702126,0.9110453
7456,B,B,0.05323681,0.9018717,0.04489157
7457,A,A,0.87688506,0.02248539,0.10062951
7458,B,B,0.26887318,0.6514199,0.07970699
7459,C,C,0.09271676,0.08263424,0.824649
7460,A,A,0.91002524,0.018885229,0.071089506
7461,C,C,0.14337523,0.14627042,0.7103544
7462,C,C,0.26342168,0.06376554,0.67281276
7463,B,B,0.06768565,0.85342216,0.07889219
7464,B,B,0.058309875,0.77040756,0.17128257
7465,A,A,0.84682345,0.030292338,0.122884154
7466,A,A,0.79108375,0.06057907,0.14833716
7467,B,B,0.1062903,0.6797874,0.21392225
7468,A,A,0.6749858,0.041199576,0.2838146
7469,B,B,0.09064349,0.72690797,0.18244858
7470,C,B,0.01886242,0.5450991,0.4360385
7471,A,A,0.9184834,0.027156156,0.05436045
7472,B,B,0.03246664,0.92171305,0.045820363
7473,C,C,0.022674305,0.062201526,0.9151241
7474,A,A,0.73393875,0.08552713,0.18053412
7475,A,A,0.68365425,0.13496645,0.18137929
7476,C,C,0.10673726,0.20044704,0.69281566
7477,B,B,0.24445786,0.7010842,0.054457843
7478,A,A,0.7070657,0.034610208,0.25832406
7479,A,A,0.87324965,0.01442853,0.11232186
7480,C,C,0.06342659,0.052478515,0.8840949
7481,C,C,0.17870897,0.07687172,0.7444193
7482,B,A,0.66842914,0.25265735,0.078913555
7483,C,C,0.047468476,0.051774606,0.90075696
7484,C,C,0.14923199,0.088281214,0.76248676
7485,C,C,0.08390212,0.05475572,0.8613422
7486,A,A,0.77150786,0.07518005,0.15331207
7487,C,C,0.21229029,0.07456119,0.71314853
7488,A,A,0.77930224,0.12239115,0.09830656
7489,B,B,0.06709041,0.79326445,0.1396452
7490,A,A,0.6260633,0.037500862,0.33643585
7491,C,C,0.100423805,0.06257519,0.83700097
7492,A,A,0.7826073,0.059670195,0.15772246
7493,A,B,0.10783278,0.7718491,0.120318115
7494,A,A,0.5763275,0.066588834,0.35708374
7495,C,C,0.058463268,0.30355108,0.63798565
7496,B,B,0.15683757,0.6583335,0.18482889
7497,A,A,0.7247656,0.05564997,0.21958445
7498,B,B,0.081645355,0.8747471,0.043607492
7499,B,B,0.08098888,0.67661387,0.24239725
7500,B,B,0.10547489,0.785424,0.1091011
7501,C,C,0.05470381,0.03577703,0.90951914
7502,C,A,0.648522,0.21839781,0.13308008
7503,A,A,0.9650644,0.0142704,0.020665249
7504,A,A,0.8797157,0.08100605,0.039278314
7505,C,B,0.124318525,0.45923457,0.41644695
7506,C,C,0.13767059,0.084695525,0.77763397
7507,C,C,0.036940414,0.05826576,0.90479386
7508,C,C,0.06461169,0.17194045,0.7634479
7509,A,A,0.9151081,0.043173693,0.04171825
7510,B,B,0.17442341,0.6657866,0.15978992
7511,A,A,0.5114289,0.07007835,0.4184927
7512,B,B,0.11861935,0.8388756,0.04250502
7513,A,C,0.23313427,0.19523054,0.5716352
7514,A,C,0.41150606,0.11172408,0.47676978
7515,C,C,0.1333006,0.09652224,0.7701772
7516,A,A,0.9187838,0.032146025,0.04907026
7517,C,C,0.031235402,0.06403725,0.9047274
7518,C,C,0.091879845,0.052613188,0.855507
7519,A,A,0.8578026,0.030209918,0.111987434
7520,A,C,0.45366392,0.08511349,0.46122262
7521,C,C,0.06453477,0.03240439,0.90306085
7522,C,C,0.06866904,0.03800064,0.8933303
7523,A,A,0.8246373,0.046602838,0.12875986
7524,A,A,0.720309,0.2245261,0.05516489
7525,C,C,0.059788916,0.19013812,0.750073
7526,A,A,0.6386911,0.16088086,0.20042805
7527,A,A,0.95842737,0.01728046,0.024292154
7528,A,A,0.54768544,0.10580736,0.3465072
7529,A,A,0.79417145,0.0675378,0.13829075
7530,B,B,0.20349626,0.6757318,0.12077194
7531,C,C,0.21129404,0.030255733,0.7584502
7532,C,C,0.028064245,0.28697252,0.6849632
7533,A,A,0.56468517,0.20115134,0.23416355
7534,C,C,0.034907203,0.04552975,0.91956306
7535,B,B,0.20882872,0.7260537,0.06511755
7536,C,A,0.7166628,0.049994044,0.23334312
7537,A,B,0.3290948,0.5859592,0.08494609
7538,B,B,0.034557775,0.5642376,0.40120465
7539,B,B,0.11377703,0.73239607,0.15382694
7540,B,B,0.037726607,0.92649037,0.035782997
7541,C,C,0.050004642,0.0330847,0.9169106
7542,A,A,0.8420909,0.017853232,0.1400558
7543,C,C,0.1641765,0.038856816,0.7969667
7544,A,A,0.92760056,0.027256032,0.04514334
7545,C,C,0.17612708,0.061932415,0.7619405
7546,A,A,0.58438456,0.18626949,0.22934593
7547,C,C,0.18434572,0.11475334,0.7009009
7548,A,B,0.338932,0.34897092,0.31209713
7549,C,C,0.08003045,0.03492302,0.8850465
7550,B,B,0.03478471,0.95043296,0.0147823375
7551,C,A,0.5204784,0.03832457,0.44119704
7552,A,A,0.5069606,0.15027103,0.34276843
7553,A,A,0.9674491,0.013229263,0.019321658
7554,B,C,0.040320996,0.22863579,0.73104316
7555,A,A,0.7736514,0.041478775,0.18486986
7556,A,A,0.926248,0.020439874,0.053312045
7557,C,C,0.022696646,0.03246246,0.94484085
7558,A,C,0.42208079,0.05489581,0.5230233
7559,C,C,0.16821934,0.0718926,0.75988805
7560,B,B,0.024486935,0.9059999,0.06951312
7561,C,C,0.17710356,0.079939485,0.74295694
7562,B,B,0.099306405,0.8513767,0.04931686
7563,B,B,0.23901013,0.51086646,0.25012335
7564,B,B,0.10376166,0.8646189,0.031619385
7565,B,B,0.032572098,0.8630434,0.10438452
7566,B,B,0.08371635,0.8697617,0.046521977
7567,A,A,0.45392635,0.113425404,0.43264818
7568,A,A,0.70059675,0.04924662,0.25015658
7569,C,C,0.0778659,0.090772666,0.8313614
7570,C,C,0.14754358,0.061479148,0.79097724
7571,C,C,0.084124,0.04416551,0.87171054
7572,A,A,0.84882015,0.0601672,0.09101262
7573,B,C,0.28576285,0.12011358,0.5941236
7574,A,A,0.8944488,0.039967563,0.065583624
7575,C,C,0.024293236,0.15617976,0.81952703
7576,A,B,0.27180967,0.5001379,0.22805244
7577,A,A,0.7638726,0.16779931,0.06832805
7578,B,B,0.038552202,0.93294865,0.028499153
7579,A,B,0.4070709,0.513306,0.07962309
7580,C,C,0.038162053,0.19336183,0.76847607
7581,A,A,0.73373175,0.04780714,0.21846117
7582,A,A,0.89956313,0.031554475,0.0688824
7583,B,C,0.03562192,0.33793575,0.6264424
7584,B,B,0.012098679,0.9606791,0.027222244
7585,C,C,0.29910415,0.07313645,0.6277594
7586,C,C,0.3774501,0.076382495,0.5461674
7587,A,A,0.80703557,0.026688147,0.16627622
7588,A,A,0.7707857,0.06252415,0.16669016
7589,C,C,0.07094131,0.054265104,0.8747935
7590,A,C,0.29643998,0.034380402,0.6691797
7591,A,A,0.967666,0.01108156,0.021252543
7592,A,A,0.7190194,0.07661107,0.20436956
7593,A,A,0.5313814,0.06112843,0.40749013
7594,B,B,0.12746881,0.624954,0.24757724
7595,A,A,0.67857975,0.20304655,0.11837369
7596,B,B,0.122020274,0.7511948,0.1267849
7597,C,C,0.079298384,0.09065395,0.83004767
7598,B,B,0.089758955,0.8504198,0.059821267
7599,C,C,0.3807723,0.12148394,0.49774382
7600,C,C,0.073748246,0.07667888,0.8495729
7601,A,A,0.70199776,0.10185579,0.19614643
7602,A,A,0.91145205,0.04299905,0.045548875
7603,C,C,0.13699952,0.06380244,0.79919803
7604,C,C,0.04646176,0.22215132,0.73138684
7605,C,C,0.12987302,0.114819124,0.7553078
7606,C,C,0.2163064,0.028791772,0.7549018
7607,B,B,0.019393932,0.9165052,0.06410089
7608,B,B,0.114715934,0.79249203,0.09279201
7609,B,B,0.023970982,0.96587867,0.010150283
7610,A,A,0.9604099,0.016562756,0.023027282
7611,B,B,0.039150182,0.92909664,0.03175329
7612,A,C,0.3983104,0.15359499,0.4480946
7613,B,B,0.1144473,0.87189734,0.01365542
7614,C,C,0.12116478,0.06492035,0.8139149
7615,B,B,0.048763208,0.8682874,0.08294935
7616,A,A,0.6359277,0.067520805,0.2965515
7617,A,A,0.86828923,0.025749287,0.10596155
7618,A,A,0.7857518,0.029837871,0.1844103
7619,C,C,0.037082173,0.24532422,0.71759367
7620,B,C,0.07743674,0.45395634,0.46860695
7621,B,C,0.09771509,0.27462932,0.62765557
7622,C,C,0.21643177,0.097962104,0.6856062
7623,B,C,0.13748981,0.24528962,0.6172205
7624,A,A,0.7865619,0.05086876,0.1625694
7625,C,C,0.3552716,0.08603521,0.5586932
7626,C,C,0.12737851,0.053266484,0.819355
7627,B,B,0.13380818,0.76774883,0.098443
7628,B,B,0.23578969,0.62485164,0.13935861
7629,B,B,0.10397691,0.83418703,0.061836034
7630,C,C,0.02128151,0.039640214,0.9390783
7631,B,B,0.056540813,0.8729232,0.07053602
7632,A,C,0.3406031,0.07781294,0.581584
7633,A,A,0.64851665,0.056051265,0.29543215
7634,C,C,0.10884117,0.06286911,0.82828975
7635,B,B,0.058758423,0.80161947,0.1396221
7636,B,C,0.06578967,0.13735506,0.7968553
7637,C,C,0.072558545,0.03155789,0.8958836
7638,B,A,0.51687974,0.4267561,0.0563642
7639,A,C,0.26408863,0.10470273,0.6312086
7640,A,A,0.9443688,0.023569921,0.032061327
7641,B,B,0.17424265,0.6708392,0.15491812
7642,B,B,0.03895374,0.60937506,0.35167125
7643,B,C,0.079896525,0.33821484,0.5818887
7644,B,B,0.26020363,0.6019572,0.13783921
7645,C,C,0.034869228,0.11323741,0.8518933
7646,A,B,0.34648883,0.47688043,0.17663072
7647,B,B,0.040816177,0.8445013,0.114682436
7648,C,C,0.016435703,0.067939,0.9156253
7649,B,B,0.04506199,0.9174858,0.0374522
7650,A,A,0.92103714,0.010039056,0.06892383
7651,A,A,0.7261734,0.056913406,0.21691316
7652,B,B,0.097698085,0.8906418,0.011660143
7653,B,B,0.094210714,0.8526033,0.05318594
7654,A,A,0.5206016,0.040319297,0.43907908
7655,C,C,0.023971308,0.033389162,0.9426396
7656,B,B,0.06327736,0.90619457,0.03052806
7657,A,A,0.7126053,0.045194462,0.24220021
7658,C,C,0.17020807,0.11317808,0.71661377
7659,C,C,0.2418135,0.09867358,0.659513
7660,A,A,0.90912724,0.04143183,0.049440835
7661,B,B,0.025347319,0.922349,0.052303683
7662,A,A,0.96467197,0.013471939,0.02185617
7663,C,C,0.04916254,0.14403589,0.80680156
7664,B,B,0.1525721,0.43174478,0.41568306
7665,B,B,0.06889584,0.6003915,0.3307126
7666,B,B,0.124292105,0.8194717,0.05623626
7667,A,A,0.69093084,0.041038904,0.2680303
7668,C,C,0.065313734,0.03194352,0.90274274
7669,C,C,0.046209827,0.07921836,0.87457186
7670,B,B,0.09835363,0.79405195,0.10759438
7671,A,A,0.9395076,0.012987405,0.047505025
7672,A,A,0.653403,0.06857852,0.27801856
7673,C,C,0.14508589,0.07545059,0.77946347
7674,B,C,0.19613038,0.28044492,0.5234247
7675,C,C,0.024925161,0.047605064,0.9274698
7676,C,C,0.22048306,0.03811646,0.74140054
7677,A,B,0.20073429,0.42673117,0.3725346
7678,B,B,0.09304666,0.7285652,0.17838809
7679,A,A,0.8352747,0.042494483,0.1222308
7680,A,A,0.89642656,0.02454539,0.07902808
7681,C,A,0.7057855,0.08539948,0.208815
7682,C,A,0.6588853,0.07702323,0.26409152
7683,A,A,0.86961555,0.03393442,0.09645004
7684,C,C,0.09754399,0.17941543,0.72304064
7685,B,B,0.05905273,0.8968716,0.04407567
7686,C,B,0.2053448,0.49191508,0.3027402
7687,A,A,0.5841208,0.14591713,0.26996207
7688,B,C,0.26398885,0.3360553,0.39995587
7689,B,A,0.55217326,0.18054262,0.2672841
7690,A,A,0.6416206,0.104325466,0.2540539
7691,C,C,0.07262175,0.07294135,0.85443693
7692,C,C,0.077389985,0.13479574,0.7878143
7693,A,A,0.8941034,0.015455441,0.09044116
7694,C,C,0.30795008,0.25034845,0.44170147
7695,A,A,0.8362372,0.045868054,0.117894694
7696,B,B,0.18407772,0.7246663,0.09125596
7697,B,A,0.52717334,0.39418864,0.078638114
7698,B,B,0.30838796,0.5653091,0.12630284
7699,A,A,0.735361,0.034000564,0.23063858
7700,B,B,0.16936539,0.74079806,0.08983665
7701,A,A,0.8478584,0.021156615,0.13098496
7702,B,B,0.016681444,0.9676492,0.015669355
7703,C,C,0.07334988,0.03081993,0.8958302
7704,A,A,0.8449156,0.03542616,0.11965825
7705,B,B,0.021121833,0.91866297,0.060215276
7706,B,B,0.056405246,0.635262,0.30833274
7707,A,A,0.9076422,0.026519524,0.065838195
7708,A,A,0.7530781,0.06750246,0.17941946
7709,A,A,0.914048,0.027067881,0.058884103
7710,B,B,0.045948576,0.8692031,0.08484834
7711,B,B,0.32715157,0.41905954,0.2537889
7712,A,A,0.5232772,0.07086753,0.40585524
7713,C,C,0.1604001,0.04509491,0.794505
7714,A,A,0.5028485,0.06493488,0.43221658
7715,C,C,0.051415045,0.08507418,0.8635107
7716,B,B,0.12461818,0.81468153,0.060700223
7717,A,A,0.8962413,0.048329826,0.055428892
7718,A,A,0.902582,0.014544529,0.08287344
7719,C,C,0.043134946,0.08544282,0.8714222
7720,A,A,0.86779743,0.053951256,0.07825125
7721,B,B,0.0508092,0.89830244,0.050888292
7722,A,B,0.20528765,0.68112236,0.11359003
7723,A,A,0.7752464,0.033929706,0.19082391
7724,A,A,0.8819663,0.06574691,0.0522868
7725,C,C,0.07916976,0.1974613,0.72336894
7726,A,A,0.95760214,0.023529846,0.018867996
7727,C,C,0.11642048,0.06724707,0.81633246
7728,C,C,0.060006425,0.16634448,0.77364916
7729,B,B,0.022598913,0.8888919,0.08850919
7730,B,B,0.07524965,0.8204601,0.104290225
7731,A,A,0.5927874,0.112411916,0.29480076
7732,B,B,0.11091966,0.60309374,0.28598663
7733,A,A,0.48777783,0.34786493,0.16435717
7734,A,B,0.12518308,0.7417871,0.13302985
7735,A,A,0.8111203,0.045552116,0.14332762
7736,B,A,0.5614481,0.2563411,0.18221083
7737,A,A,0.6728288,0.08941987,0.23775128
7738,A,A,0.87761444,0.01951894,0.102866635
7739,C,C,0.129014,0.08183364,0.7891524
7740,C,C,0.36505267,0.037383754,0.5975636
7741,A,A,0.6944475,0.18014608,0.12540643
7742,B,A,0.7690406,0.1619644,0.06899497
7743,B,B,0.27585837,0.389294,0.33484766
7744,B,B,0.021659812,0.9236665,0.054673757
7745,B,B,0.18450361,0.652288,0.16320838
7746,B,B,0.066757225,0.80617344,0.12706928
7747,B,B,0.028885037,0.8727981,0.09831689
7748,B,C,0.05294107,0.2722585,0.6748004
7749,B,B,0.020219333,0.9648738,0.014906821
7750,A,A,0.836472,0.0652981,0.09822985
7751,A,A,0.8347676,0.05536568,0.10986665
7752,A,A,0.86769015,0.021290466,0.11101932
7753,C,C,0.06394298,0.020680796,0.9153763
7754,B,B,0.17250104,0.65692544,0.17057349
7755,A,A,0.5097755,0.24181895,0.24840556
7756,B,A,0.6319193,0.25593647,0.11214421
7757,A,A,0.836896,0.03878412,0.12431981
7758,C,C,0.20714554,0.112266816,0.6805877
7759,B,B,0.34231904,0.5944129,0.06326807
7760,C,C,0.08574369,0.04769146,0.86656487
7761,C,C,0.092144206,0.051516384,0.8563394
7762,B,B,0.36166424,0.5381552,0.100180514
7763,C,C,0.40904212,0.04425241,0.54670554
7764,C,C,0.06118332,0.11336457,0.82545215
7765,A,A,0.7909677,0.027240105,0.1817922
7766,B,B,0.05302209,0.61375654,0.33322144
7767,B,B,0.06568005,0.83340126,0.10091869
7768,B,B,0.049422964,0.7230378,0.22753921
7769,B,B,0.052038997,0.9125472,0.035413776
7770,A,A,0.58095455,0.051793568,0.3672519
7771,A,A,0.56791794,0.32662225,0.105459854
7772,A,A,0.7387876,0.03460735,0.22660513
7773,C,C,0.10958793,0.053899866,0.8365122
7774,A,B,0.34927964,0.5605885,0.09013185
7775,C,C,0.46321723,0.061375704,0.47540712
7776,A,A,0.931977,0.017767621,0.050255425
7777,C,C,0.14976925,0.061882216,0.78834856
7778,A,A,0.93986374,0.027784253,0.032351993
7779,C,A,0.53944486,0.06262875,0.39792642
7780,B,B,0.08062307,0.7913844,0.12799253
7781,C,C,0.26057374,0.044836,0.6945902
7782,C,C,0.13689785,0.049582947,0.8135192
7783,A,A,0.7901475,0.024425846,0.18542667
7784,B,B,0.15701161,0.8106837,0.03230469
7785,A,A,0.8551559,0.04194189,0.10290217
7786,A,A,0.68686986,0.10637033,0.20675983
7787,A,A,0.8305674,0.017918913,0.15151371
7788,A,A,0.75468946,0.20737247,0.03793805
7789,C,C,0.10975431,0.045866486,0.84437925
7790,C,C,0.075690344,0.12941626,0.79489344
7791,B,B,0.036900356,0.66544217,0.29765752
7792,A,A,0.6046819,0.06890297,0.32641515
7793,B,B,0.03554537,0.9038713,0.06058334
7794,C,C,0.14331451,0.026871115,0.8298143
7795,A,C,0.3533464,0.07511819,0.57153547
7796,C,C,0.17272031,0.050712094,0.7765676
7797,C,C,0.02778342,0.11773507,0.8544815
7798,A,A,0.931504,0.013420829,0.055075113
7799,A,A,0.87826705,0.06969364,0.05203936
7800,C,C,0.41454393,0.0791318,0.50632423
7801,B,B,0.39179,0.4359607,0.17224927
7802,A,A,0.73100656,0.0354533,0.23354009
7803,C,C,0.047033302,0.11462938,0.83833736
7804,C,C,0.31273946,0.06978865,0.61747193
7805,C,C,0.14424595,0.043001905,0.8127521
7806,C,C,0.12798645,0.04736743,0.8246461
7807,B,B,0.20661405,0.73395824,0.05942766
7808,A,A,0.8712158,0.034580667,0.094203494
7809,A,B,0.05854578,0.92494285,0.016511422
7810,B,B,0.047986683,0.89630544,0.055707883
7811,A,A,0.810763,0.08397509,0.10526191
7812,C,C,0.026671752,0.055167172,0.9181611
7813,A,A,0.9554726,0.01683224,0.027695188
7814,A,A,0.59533364,0.27181578,0.13285056
7815,B,B,0.19103721,0.5256982,0.28326458
7816,C,C,0.041733094,0.07260885,0.8856581
7817,A,A,0.699962,0.040036667,0.2600013
7818,A,A,0.58148366,0.17931402,0.23920235
7819,A,A,0.888407,0.026690578,0.084902406
7820,B,B,0.079323076,0.54776657,0.3729103
7821,C,C,0.079209045,0.0150389355,0.90575206
7822,A,A,0.9265215,0.01406803,0.059410438
7823,C,C,0.06587505,0.15537125,0.7787537
7824,C,C,0.13992994,0.078332625,0.78173745
7825,A,B,0.30979753,0.6229431,0.06725928
7826,A,C,0.22401124,0.042930186,0.7330585
7827,C,C,0.055912655,0.12060554,0.8234818
7828,C,C,0.19959708,0.047932778,0.75247014
7829,C,C,0.045064993,0.07573867,0.8791963
7830,C,C,0.39055353,0.050842762,0.5586037
7831,B,B,0.16689494,0.72799957,0.105105534
7832,B,B,0.16456659,0.7871646,0.048268836
7833,C,C,0.21698286,0.13043343,0.6525838
7834,A,A,0.76551163,0.08091323,0.1535752
7835,B,B,0.014687197,0.9417873,0.043525442
7836,A,A,0.791223,0.06095304,0.14782396
7837,A,A,0.8739483,0.045006115,0.081045635
7838,A,A,0.9055878,0.040305056,0.054107253
7839,B,A,0.5026532,0.4088149,0.08853191
7840,A,A,0.89407074,0.033045053,0.07288419
7841,C,C,0.124324165,0.06453893,0.81113696
7842,A,A,0.76044613,0.08287398,0.1566799
7843,C,C,0.1262993,0.28778377,0.5859169
7844,A,A,0.9459079,0.023936586,0.030155564
7845,C,C,0.14231785,0.115578555,0.74210364
7846,A,A,0.792123,0.06588767,0.14198937
7847,B,B,0.29575256,0.59243983,0.11180763
7848,B,B,0.025812501,0.878094,0.09609348
7849,A,A,0.46654552,0.08517948,0.44827494
7850,C,C,0.037658483,0.056653287,0.9056883
7851,B,B,0.20869239,0.75046605,0.040841643
7852,B,B,0.07579916,0.86009026,0.06411067
7853,B,B,0.01775377,0.9291175,0.05312874
7854,C,C,0.439356,0.08472845,0.47591552
7855,A,A,0.7166864,0.24772999,0.035583593
7856,A,B,0.16108882,0.7642027,0.074708536
7857,C,C,0.070347786,0.17269991,0.75695235
7858,A,A,0.8715731,0.02442369,0.10400322
7859,A,A,0.74114835,0.077792585,0.18105914
7860,B,B,0.026797261,0.95683676,0.016365957
7861,A,A,0.876943,0.02738761,0.095669374
7862,C,A,0.5344708,0.03953093,0.42599833
7863,A,A,0.5801693,0.05792574,0.36190498
7864,A,A,0.8819979,0.06315792,0.054844156
7865,A,A,0.7756132,0.04661263,0.17777419
7866,C,C,0.1944924,0.04246632,0.76304126
7867,C,C,0.11996993,0.079881735,0.80014837
7868,A,A,0.9112622,0.018030567,0.0707072
7869,A,A,0.79213387,0.17734016,0.030526029
7870,B,A,0.49969202,0.29126292,0.209045
7871,C,C,0.032398976,0.023261877,0.94433916
7872,C,C,0.13380516,0.06101456,0.80518025
7873,C,A,0.4569413,0.14472708,0.3983316
7874,C,C,0.14756107,0.29264086,0.559798
7875,C,A,0.5107048,0.0636842,0.425611
7876,A,A,0.4688588,0.08342318,0.447718
7877,A,A,0.9048658,0.028595839,0.06653844
7878,A,A,0.7802768,0.035584994,0.18413821
7879,B,B,0.38663515,0.43181044,0.1815544
7880,B,B,0.04487193,0.89755803,0.057570014
7881,B,C,0.23900238,0.34515655,0.415841
7882,B,B,0.02309081,0.8347141,0.14219506
7883,C,C,0.1895457,0.121553406,0.6889009
7884,A,A,0.8962416,0.0443528,0.059405524
7885,A,A,0.78961325,0.11368553,0.096701205
7886,C,C,0.08594964,0.02008763,0.8939627
7887,C,C,0.19154312,0.041406296,0.7670506
7888,C,C,0.36896366,0.08607507,0.5449612
7889,C,C,0.06931995,0.04796721,0.88271284
7890,A,C,0.38833353,0.049239628,0.56242687
7891,A,A,0.5309114,0.05581099,0.41327763
7892,C,A,0.6279731,0.121194415,0.2508325
7893,A,A,0.7417082,0.038595818,0.21969593
7894,C,C,0.4543128,0.050925277,0.49476197
7895,C,C,0.047156047,0.14558572,0.80725825
7896,B,B,0.049052328,0.7647203,0.18622732
7897,A,A,0.8172398,0.043971937,0.13878816
7898,A,A,0.9301898,0.016185507,0.05362468
7899,A,A,0.80239993,0.10573475,0.09186532
7900,C,C,0.061230067,0.048188113,0.8905818
7901,C,C,0.42825043,0.07672842,0.4950211
7902,C,C,0.33915544,0.078750655,0.58209395
7903,C,C,0.019836722,0.086244434,0.8939189
7904,C,A,0.5515348,0.07248978,0.3759754
7905,B,B,0.12029624,0.4825463,0.39715746
7906,C,C,0.051859803,0.11025146,0.83788866
7907,B,C,0.043881446,0.21990073,0.7362179
7908,B,B,0.0335792,0.9079771,0.058443684
7909,B,B,0.15052089,0.80675995,0.04271907
7910,C,C,0.08118538,0.26997262,0.648842
7911,B,B,0.047089133,0.92975444,0.023156354
7912,A,A,0.9493813,0.008658273,0.041960392
7913,A,C,0.21292481,0.12108903,0.6659861
7914,B,B,0.1468389,0.5444257,0.30873534
7915,C,C,0.38364828,0.059836015,0.55651575
7916,C,B,0.13505816,0.75209534,0.11284647
7917,A,A,0.6240929,0.07379964,0.30210748
7918,B,B,0.021467773,0.8398429,0.13868926
7919,B,A,0.49143755,0.3888603,0.11970215
7920,B,B,0.049892507,0.6696626,0.28044495
7921,A,A,0.63844866,0.049804416,0.31174693
7922,A,A,0.4345109,0.26107067,0.30441839
7923,B,B,0.21562278,0.7385182,0.045859024
7924,A,C,0.33399534,0.03221888,0.6337858
7925,A,B,0.13990766,0.81763816,0.042454183
7926,A,A,0.91387784,0.019500889,0.06662133
7927,C,C,0.09168317,0.092929624,0.8153872
7928,B,B,0.013471906,0.8435675,0.14296061
7929,A,A,0.91320026,0.034166187,0.0526336
7930,A,A,0.5022452,0.07474014,0.42301467
7931,B,A,0.52132326,0.2656682,0.21300852
7932,A,A,0.7890317,0.07102413,0.13994406
7933,B,B,0.011390979,0.86514705,0.1234619
7934,C,C,0.44921258,0.047939498,0.5028479
7935,C,C,0.044516962,0.3159888,0.63949424
7936,B,B,0.043549016,0.9155259,0.04092502
7937,B,A,0.5063907,0.22650672,0.26710254
7938,C,C,0.087246075,0.081318386,0.83143556
7939,B,C,0.063067265,0.33655745,0.6003753
7940,A,A,0.9512877,0.018193241,0.030519048
7941,B,B,0.23373255,0.52739376,0.23887372
7942,A,A,0.49532652,0.04606447,0.45860904
7943,C,C,0.08384556,0.14177401,0.7743804
7944,C,C,0.041745473,0.08884942,0.8694051
7945,B,B,0.022199089,0.9510968,0.026704215
7946,A,A,0.69616,0.059871305,0.24396864
7947,A,A,0.8866406,0.07541058,0.03794876
7948,C,C,0.01890232,0.02241475,0.95868295
7949,C,C,0.2033894,0.045147803,0.7514628
7950,A,A,0.8542146,0.03461163,0.11117379
7951,A,A,0.82464355,0.030127227,0.14522925
7952,B,B,0.055456046,0.6932206,0.25132334
7953,A,C,0.43649867,0.100197695,0.4633036
7954,B,C,0.049075197,0.102429375,0.8484955
7955,B,B,0.22866012,0.6785062,0.09283378
7956,C,C,0.26103792,0.19781579,0.54114634
7957,B,B,0.12084156,0.627609,0.25154942
7958,B,B,0.022529833,0.84048295,0.13698715
7959,C,C,0.06920541,0.2969591,0.63383543
7960,A,A,0.8421213,0.095478505,0.062400173
7961,C,C,0.3099697,0.067855924,0.6221744
7962,B,B,0.02070511,0.8604903,0.11880448
7963,B,B,0.0677125,0.91094536,0.021342179
7964,A,A,0.4859199,0.104024544,0.41005555
7965,A,A,0.93047076,0.015285943,0.054243203
7966,C,C,0.11971277,0.031584587,0.84870267
7967,C,C,0.13568893,0.11659907,0.747712
7968,B,C,0.113873996,0.089897744,0.7962282
7969,B,B,0.039249454,0.8816334,0.079117075
7970,B,C,0.15833151,0.14074217,0.70092636
7971,C,C,0.04967862,0.0388858,0.9114356
7972,A,A,0.8706437,0.025255315,0.10410106
7973,B,B,0.1751508,0.44428033,0.3805689
7974,C,C,0.33136275,0.06523392,0.60340333
7975,B,B,0.09304446,0.8000008,0.10695481
7976,C,C,0.035440568,0.028981483,0.9355779
7977,B,C,0.46140397,0.07161646,0.46697956
7978,A,A,0.7623557,0.16629116,0.07135313
7979,C,C,0.043409776,0.05403587,0.90255433
7980,A,A,0.65176797,0.055695657,0.2925364
7981,A,A,0.69267946,0.14457121,0.16274932
7982,B,B,0.13130301,0.7449098,0.12378713
7983,C,B,0.12496178,0.44898003,0.42605823
7984,C,C,0.33067247,0.08767245,0.58165514
7985,B,B,0.08832585,0.85465497,0.057019122
7986,B,C,0.10589927,0.08413013,0.8099706
7987,C,C,0.09946089,0.049562983,0.85097617
7988,B,B,0.11237836,0.6494307,0.2381909
7989,A,A,0.8254627,0.012709632,0.1618277
7990,B,B,0.02837538,0.9195583,0.05206637
7991,A,A,0.93603235,0.034348954,0.029618682
7992,C,C,0.20279053,0.07358567,0.7236239
7993,B,B,0.05901881,0.90527105,0.035710182
7994,A,A,0.85457593,0.070214495,0.075209536
7995,C,C,0.1272054,0.03589628,0.83689827
7996,A,A,0.8171165,0.13627777,0.04660567
7997,C,C,0.18005928,0.036147542,0.78379315
7998,B,B,0.28970647,0.4127996,0.297494
7999,A,A,0.7782413,0.099570476,0.12218833
8000,B,B,0.014152413,0.94333005,0.042517513
8001,A,C,0.10205104,0.042960647,0.8549883
8002,C,C,0.0942218,0.062998265,0.84278
8003,B,B,0.056331445,0.66594744,0.27772117
8004,B,B,0.08848252,0.70388037,0.20763713
8005,A,A,0.61888635,0.097414106,0.2836995
8006,B,B,0.049363885,0.8747534,0.07588267
8007,C,C,0.047606293,0.40554932,0.54684436
8008,C,C,0.35853863,0.049597804,0.5918635
8009,A,A,0.5949564,0.079235576,0.325808
8010,C,C,0.18914866,0.09991299,0.7109384
8011,B,B,0.11749029,0.50641704,0.37609264
8012,B,B,0.020673878,0.94088554,0.038440585
8013,B,B,0.04227978,0.570679,0.38704127
8014,C,C,0.3466196,0.061138496,0.5922419
8015,B,C,0.054135706,0.2770346,0.6688297
8016,C,C,0.0313083,0.06359233,0.9050994
8017,C,C,0.038603242,0.042389084,0.91900766
8018,C,C,0.05103453,0.07313427,0.8758312
8019,A,A,0.7174332,0.0656873,0.21687949
8020,A,A,0.9044235,0.024074376,0.07150216
8021,A,A,0.6191291,0.039968073,0.34090275
8022,A,A,0.89899164,0.0401479,0.0608605
8023,A,A,0.78819174,0.10835552,0.103452735
8024,A,A,0.8700186,0.036818992,0.09316242
8025,B,B,0.0448492,0.6148992,0.3402516
8026,B,B,0.094420575,0.74431944,0.16126001
8027,B,B,0.108054504,0.46968752,0.4222579
8028,C,C,0.044970565,0.059073314,0.89595616
8029,C,C,0.04292978,0.06474101,0.89232916
8030,C,B,0.034084767,0.5961862,0.3697291
8031,B,B,0.02249113,0.8897656,0.08774325
8032,C,C,0.1898664,0.092907675,0.7172259
8033,C,C,0.091678776,0.05057062,0.8577506
8034,A,A,0.77214855,0.029888654,0.19796273
8035,B,B,0.13178873,0.7006345,0.16757682
8036,A,A,0.9262001,0.022123817,0.051676027
8037,A,A,0.6572228,0.040132765,0.3026445
8038,C,C,0.3124389,0.07258703,0.6149741
8039,C,C,0.05701013,0.03569539,0.9072945
8040,B,B,0.0151939085,0.74162346,0.2431827
8041,C,C,0.24403343,0.08810939,0.66785717
8042,B,C,0.13518196,0.105153084,0.75966495
8043,B,B,0.06401726,0.8784291,0.05755371
8044,C,C,0.25710517,0.046015695,0.69687915
8045,B,B,0.12795733,0.8173086,0.054734074
8046,A,A,0.68429434,0.0451804,0.2705253
8047,A,A,0.9373409,0.022051273,0.04060781
8048,B,B,0.01786488,0.848573,0.13356207
8049,A,A,0.7062075,0.06327295,0.23051955
8050,A,B,0.25386363,0.6904162,0.055720165
8051,A,A,0.94885075,0.012442398,0.038706906
8052,A,A,0.7324013,0.064342126,0.20325653
8053,C,C,0.06388616,0.1212736,0.8148402
8054,C,C,0.021637315,0.032971177,0.9453915
8055,B,B,0.04165795,0.92596096,0.032381132
8056,B,B,0.04661342,0.7353003,0.21808632
8057,B,C,0.07331436,0.40535912,0.5213266
8058,C,C,0.023584789,0.020869484,0.9555457
8059,A,A,0.83698547,0.12257259,0.040442005
8060,A,A,0.76011735,0.052878827,0.18700387
8061,C,C,0.12167231,0.16570917,0.7126186
8062,B,B,0.03411704,0.93976,0.026122998
8063,A,A,0.82041085,0.09525454,0.084334664
8064,C,C,0.19485745,0.06895238,0.73619026
8065,C,A,0.5426522,0.05350405,0.4038438
8066,A,A,0.93594265,0.019319482,0.044737894
8067,C,C,0.043275148,0.0388898,0.917835
8068,C,C,0.23694983,0.08206103,0.68098915
8069,C,C,0.03268028,0.10061619,0.86670345
8070,C,C,0.29733345,0.21051918,0.49214733
8071,B,B,0.43300375,0.4703311,0.096665256
8072,A,A,0.86889774,0.031573717,0.09952864
8073,B,B,0.30614582,0.6590451,0.034809124
8074,A,A,0.940882,0.018567279,0.04055069
8075,A,A,0.66651076,0.06745651,0.26603273
8076,B,B,0.05905866,0.79539335,0.14554796
8077,C,C,0.059250157,0.12264259,0.81810725
8078,C,C,0.29827556,0.07380464,0.62791973
8079,C,C,0.07736458,0.19580245,0.7268329
8080,A,C,0.3407682,0.06203367,0.5971981
8081,C,C,0.072075516,0.07026504,0.8576594
8082,A,A,0.73168564,0.073294096,0.1950203
8083,C,C,0.035800617,0.027004685,0.93719476
8084,B,B,0.11495245,0.64102364,0.24402384
8085,C,C,0.299823,0.04607038,0.65410656
8086,B,A,0.5471329,0.29326686,0.15960023
8087,A,A,0.8924113,0.021458734,0.08612997
8088,C,C,0.113296196,0.07054242,0.8161614
8089,C,C,0.04658995,0.28903466,0.6643754
8090,A,C,0.16699168,0.34533468,0.4876737
8091,A,A,0.8186707,0.032486502,0.14884286
8092,B,C,0.17993566,0.2758452,0.54421914
8093,B,B,0.1735729,0.6137659,0.21266118
8094,C,C,0.32550612,0.27211276,0.40238115
8095,B,B,0.10166824,0.69059426,0.20773748
8096,A,A,0.59321725,0.08493469,0.32184812
8097,C,C,0.21017501,0.07892993,0.710895
8098,A,A,0.80967087,0.049709443,0.14061974
8099,A,A,0.7005698,0.0324216,0.26700854
8100,B,B,0.3305575,0.3903403,0.2791022
8101,A,A,0.6294906,0.07056071,0.2999487
8102,A,A,0.7538259,0.07822087,0.1679532
8103,A,B,0.16847032,0.7703578,0.061171897
8104,A,A,0.71434534,0.10631965,0.17933501
8105,A,A,0.8501911,0.046242133,0.10356668
8106,C,C,0.12662262,0.041160285,0.83221704
8107,A,A,0.64677984,0.046016566,0.30720356
8108,C,C,0.041376796,0.023045672,0.9355775
8109,B,B,0.059386548,0.9019707,0.038642827
8110,B,B,0.11066672,0.82618606,0.06314726
8111,C,C,0.100747235,0.044465557,0.8547872
8112,A,A,0.6889824,0.023921644,0.28709587
8113,C,C,0.11289103,0.08127588,0.8058331
8114,C,C,0.09746466,0.07735092,0.82518435
8115,B,B,0.04696192,0.88920766,0.06383048
8116,C,C,0.03956798,0.2821708,0.67826116
8117,C,C,0.37252784,0.11283394,0.51463825
8118,B,B,0.047118492,0.7071015,0.24577995
8119,B,B,0.05519234,0.8044404,0.14036725
8120,A,A,0.9134355,0.018182615,0.068381794
8121,B,B,0.029180672,0.92067945,0.05013982
8122,B,B,0.02253032,0.9589016,0.018568195
8123,C,C,0.06740412,0.15730892,0.775287
8124,A,A,0.8066306,0.029329894,0.1640396
8125,C,C,0.18213929,0.11568065,0.70218
8126,C,C,0.23753284,0.11704797,0.6454191
8127,C,C,0.051356778,0.07800882,0.87063444
8128,A,B,0.09472474,0.8751941,0.030081253
8129,A,A,0.7129456,0.066939086,0.22011536
8130,A,A,0.9424152,0.026693536,0.030891312
8131,B,B,0.011550849,0.9458025,0.042646598
8132,A,A,0.91391844,0.048589524,0.037492044
8133,A,A,0.6997742,0.03571761,0.26450813
8134,B,B,0.021813776,0.96040684,0.017779384
8135,B,B,0.10083082,0.5960331,0.30313608
8136,C,C,0.024124535,0.019609528,0.956266
8137,A,A,0.79519475,0.051563125,0.15324213
8138,C,C,0.030209756,0.078423314,0.89136696
8139,A,A,0.94224316,0.015898071,0.041858852
8140,C,C,0.11888839,0.048244216,0.8328674
8141,B,B,0.023852166,0.8843507,0.09179709
8142,A,A,0.8536265,0.045748163,0.10062541
8143,B,B,0.051733647,0.915995,0.032271255
8144,B,B,0.029587198,0.9465556,0.023857199
8145,B,A,0.45975968,0.14195669,0.39828366
8146,B,B,0.06389128,0.9084153,0.027693445
8147,C,C,0.23747842,0.105132215,0.6573894
8148,C,C,0.1818808,0.057140015,0.7609792
8149,C,C,0.045130998,0.04846564,0.90640336
8150,C,A,0.745844,0.07750788,0.1766481
8151,C,C,0.1346058,0.38132614,0.48406813
8152,B,B,0.21779476,0.6236827,0.15852255
8153,A,A,0.7414192,0.03312687,0.2254539
8154,C,C,0.23149012,0.027474254,0.74103564
8155,A,A,0.94703835,0.023399327,0.029562276
8156,B,A,0.5934059,0.30291522,0.10367887
8157,C,C,0.023418209,0.03243849,0.94414324
8158,C,C,0.026420668,0.012685247,0.96089405
8159,C,C,0.06896665,0.04034711,0.8906863
8160,B,B,0.029646145,0.53629696,0.43405685
8161,A,C,0.39823747,0.04972935,0.55203325
8162,A,A,0.59792185,0.09723766,0.3048405
8163,A,A,0.90106624,0.040477913,0.058455814
8164,B,B,0.059734367,0.8145736,0.12569204
8165,B,B,0.11051573,0.7564875,0.13299683
8166,A,A,0.73656774,0.05249361,0.21093863
8167,A,A,0.9818965,0.0073640444,0.010739502
8168,A,A,0.65097874,0.051549602,0.29747164
8169,B,B,0.23921858,0.706459,0.05432242
8170,C,C,0.104310915,0.25047538,0.6452137
8171,C,C,0.17649977,0.035015482,0.78848475
8172,B,B,0.05776513,0.5237742,0.41846067
8173,B,B,0.036290076,0.9383787,0.025331216
8174,A,A,0.6353338,0.07494634,0.28971988
8175,A,A,0.62147635,0.15355515,0.22496852
8176,A,A,0.7769095,0.029691204,0.19339931
8177,A,A,0.92105633,0.025201198,0.05374251
8178,B,B,0.1288001,0.53865784,0.33254206
8179,B,B,0.066216044,0.6437635,0.29002044
8180,B,B,0.044266973,0.49977705,0.45595592
8181,B,B,0.07518592,0.7480614,0.17675264
8182,C,C,0.21985836,0.0689168,0.7112248
8183,A,A,0.71234393,0.027661378,0.2599947
8184,B,B,0.020868689,0.9172692,0.061862167
8185,A,A,0.53254014,0.077964716,0.38949516
8186,A,C,0.4323021,0.05214748,0.5155504
8187,A,B,0.36994672,0.4136238,0.21642941
8188,A,A,0.5188606,0.07031208,0.4108274
8189,B,B,0.025383525,0.89140445,0.083212025
8190,B,A,0.474479,0.28976765,0.23575339
8191,B,A,0.605026,0.31591985,0.07905419
8192,C,C,0.077172734,0.034530755,0.8882964
8193,B,B,0.03852523,0.95086294,0.010611917
8194,A,B,0.2066517,0.5976509,0.19569746
8195,B,B,0.15543716,0.6331562,0.21140662
8196,B,B,0.037655514,0.80673283,0.1556117
8197,C,C,0.08091208,0.05870558,0.8603823
8198,C,C,0.3171939,0.120550536,0.5622556
8199,A,A,0.94519514,0.021720286,0.033084463
8200,B,B,0.020350246,0.88701993,0.09262973
8201,A,A,0.80002785,0.030018501,0.16995367
8202,B,C,0.1922973,0.11065787,0.6970448
8203,B,B,0.098831266,0.8388477,0.062321015
8204,B,C,0.07086995,0.42703778,0.5020923
8205,B,B,0.21769086,0.7361203,0.046188895
8206,A,A,0.94917667,0.024347348,0.02647602
8207,C,C,0.03670516,0.058369156,0.9049257
8208,C,C,0.024659876,0.122262515,0.8530776
8209,B,B,0.12943268,0.81300116,0.05756615
8210,A,A,0.7148168,0.24548683,0.039696347
8211,C,C,0.104083344,0.03676539,0.8591513
8212,C,C,0.061205015,0.047395945,0.8913991
8213,B,B,0.17818417,0.67842925,0.1433866
8214,A,A,0.7373154,0.05066238,0.21202213
8215,B,B,0.042390924,0.80431604,0.15329294
8216,A,A,0.93227774,0.039295636,0.02842658
8217,A,A,0.8799184,0.03089249,0.089189164
8218,C,C,0.046749137,0.056792323,0.8964585
8219,C,C,0.28264746,0.03841706,0.6789355
8220,B,B,0.082955234,0.88910264,0.027942043
8221,C,C,0.04010328,0.12638386,0.8335129
8222,B,C,0.17521474,0.37352577,0.45125955
8223,A,A,0.9422781,0.021069886,0.036652017
8224,A,A,0.93255216,0.016115837,0.051331963
8225,B,B,0.016952781,0.830526,0.15252121
8226,C,C,0.2560338,0.17342877,0.57053745
8227,C,C,0.06876087,0.08311307,0.84812605
8228,A,A,0.6909961,0.07642235,0.2325815
8229,B,B,0.049607974,0.9064623,0.043929737
8230,A,A,0.51821107,0.16039494,0.321394
8231,C,A,0.5270495,0.09342935,0.37952113
8232,C,C,0.31259814,0.13956779,0.54783404
8233,A,A,0.8507051,0.037352305,0.11194255
8234,C,A,0.5333196,0.030984854,0.4356956
8235,A,B,0.34148598,0.6006829,0.057831135
8236,A,A,0.7895686,0.06458879,0.14584263
8237,B,B,0.019256897,0.9535357,0.0272074
8238,B,B,0.07190047,0.54781497,0.38028455
8239,A,A,0.60731107,0.1529561,0.23973289
8240,B,B,0.10223359,0.8560142,0.041752204
8241,A,A,0.7531541,0.117344044,0.12950191
8242,B,B,0.038633544,0.5159104,0.44545615
8243,A,A,0.72350115,0.13599353,0.14050536
8244,C,A,0.52969086,0.19904025,0.27126887
8245,B,B,0.04279376,0.888189,0.06901715
8246,B,B,0.16735373,0.6974294,0.13521685
8247,C,C,0.35857162,0.16347657,0.47795177
8248,C,C,0.09007791,0.06410575,0.8458164
8249,A,A,0.91013217,0.05741848,0.03244938
8250,C,B,0.06493784,0.61367625,0.32138583
8251,A,A,0.7987151,0.04862828,0.15265653
8252,C,C,0.09816301,0.100731224,0.8011058
8253,B,B,0.17701949,0.4218706,0.40110993
8254,C,C,0.15598518,0.10753357,0.73648125
8255,C,C,0.07226307,0.10529992,0.822437
8256,B,B,0.019699665,0.96214694,0.018153392
8257,C,C,0.32239467,0.12170476,0.5559005
8258,A,A,0.715534,0.03671674,0.24774937
8259,A,C,0.44149944,0.08385807,0.47464252
8260,A,A,0.90606743,0.02594149,0.06799105
8261,B,B,0.019049667,0.91540664,0.06554371
8262,C,C,0.2281688,0.13042492,0.6414063
8263,C,C,0.23127419,0.06998864,0.69873714
8264,C,A,0.4930876,0.10882767,0.39808476
8265,C,C,0.12597083,0.042190608,0.8318386
8266,B,B,0.03724249,0.8395415,0.12321604
8267,C,C,0.03873319,0.041186895,0.92007995
8268,A,A,0.8278176,0.048676696,0.1235057
8269,A,A,0.71521336,0.094038665,0.190748
8270,C,C,0.09539696,0.031651903,0.8729511
8271,A,A,0.8229079,0.017274538,0.1598176
8272,A,A,0.8989804,0.026389826,0.07462983
8273,B,C,0.27726963,0.20031148,0.5224189
8274,C,C,0.25155848,0.088879585,0.65956193
8275,B,B,0.06546385,0.7901403,0.14439584
8276,A,A,0.7923379,0.071962915,0.13569918
8277,B,B,0.03372919,0.9426575,0.023613343
8278,C,C,0.06286771,0.07851243,0.85861987
8279,C,C,0.11029641,0.025958769,0.8637448
8280,C,C,0.069070876,0.045166273,0.8857628
8281,A,A,0.9390774,0.031204784,0.029717786
8282,A,A,0.62421113,0.09026688,0.28552195
8283,A,A,0.6306711,0.04886183,0.3204671
8284,C,C,0.08224442,0.03271593,0.8850397
8285,A,A,0.68187225,0.057829842,0.26029786
8286,C,C,0.18225428,0.12352067,0.694225
8287,A,B,0.3124532,0.658794,0.028752869
8288,B,A,0.68835884,0.11121701,0.2004241
8289,B,B,0.043359872,0.89811105,0.058529112
8290,A,A,0.93484217,0.016024835,0.049133103
8291,B,B,0.15270813,0.4815358,0.3657561
8292,B,B,0.1619941,0.7058452,0.13216066
8293,B,A,0.4472187,0.17356609,0.37921524
8294,C,C,0.025711771,0.026113646,0.9481746
8295,A,A,0.76780564,0.024237687,0.2079567
8296,C,C,0.1436588,0.051796045,0.80454516
8297,B,B,0.09310885,0.58137214,0.325519
8298,C,C,0.10931899,0.17231666,0.71836436
8299,B,B,0.039164424,0.5806133,0.38022226
8300,A,A,0.6818606,0.09813289,0.22000653
8301,A,A,0.732071,0.047101565,0.22082752
8302,B,B,0.08738975,0.8073918,0.10521841
8303,C,C,0.01851455,0.032820653,0.9486648
8304,C,C,0.19394363,0.0405714,0.7654849
8305,C,C,0.062378816,0.05686265,0.88075846
8306,B,B,0.061309125,0.9015372,0.03715368
8307,C,C,0.15798692,0.07522905,0.766784
8308,B,B,0.028945852,0.89708906,0.07396512
8309,B,B,0.1662377,0.804308,0.029454388
8310,B,B,0.046139408,0.6586821,0.29517847
8311,B,B,0.15502355,0.79793954,0.04703701
8312,B,B,0.10011408,0.74040073,0.1594851
8313,B,B,0.17271899,0.54266196,0.28461903
8314,C,B,0.04323781,0.9409796,0.015782641
8315,A,C,0.23824777,0.14036533,0.6213869
8316,C,C,0.1047401,0.16368657,0.73157334
8317,B,B,0.097640894,0.83049846,0.07186071
8318,B,C,0.08085088,0.35688198,0.5622672
8319,B,B,0.024941651,0.91172934,0.063329056
8320,C,C,0.27621233,0.09563112,0.6281565
8321,C,C,0.08014361,0.07787901,0.84197736
8322,A,A,0.6341023,0.04185969,0.3240381
8323,B,B,0.05925337,0.90335023,0.037396345
8324,C,A,0.6092487,0.056996755,0.3337545
8325,C,C,0.2598003,0.09098118,0.64921856
8326,C,C,0.2217491,0.06430208,0.7139487
8327,B,C,0.22256698,0.19412544,0.5833076
8328,A,C,0.39014918,0.044300985,0.56554985
8329,C,B,0.22179851,0.6419347,0.13626677
8330,B,B,0.047372494,0.7534602,0.19916728
8331,B,B,0.046341382,0.894772,0.0588866
8332,B,B,0.046412658,0.59100944,0.36257797
8333,B,B,0.16383319,0.7856344,0.05053248
8334,C,C,0.031660117,0.025197657,0.94314224
8335,B,B,0.3688771,0.4501142,0.18100868
8336,A,A,0.70761806,0.07753042,0.2148515
8337,B,B,0.026464967,0.90912557,0.06440952
8338,A,A,0.90974635,0.027680613,0.06257305
8339,C,A,0.52059233,0.19689743,0.2825103
8340,C,C,0.030559046,0.23368855,0.7357524
8341,C,A,0.631493,0.054817073,0.31369
8342,C,C,0.0882435,0.015993102,0.89576346
8343,B,B,0.20030504,0.6868014,0.11289357
8344,C,C,0.06616179,0.043881387,0.8899568
8345,A,A,0.56980526,0.04262287,0.3875718
8346,B,B,0.027571026,0.9469523,0.02547668
8347,C,C,0.16712749,0.1582603,0.67461216
8348,A,A,0.66850066,0.07498836,0.25651103
8349,C,C,0.04509436,0.06751687,0.8873888
8350,A,A,0.5397855,0.051179342,0.40903512
8351,A,A,0.95474714,0.022096988,0.023155859
8352,B,B,0.14595366,0.8092509,0.044795495
8353,B,B,0.14414996,0.8088541,0.046995923
8354,A,A,0.8511409,0.03355604,0.11530312
8355,B,B,0.13700475,0.8418276,0.02116773
8356,C,C,0.34150505,0.04465071,0.6138443
8357,A,A,0.6979376,0.045837477,0.25622487
8358,A,A,0.85918236,0.040079474,0.100738145
8359,C,B,0.1535636,0.6153837,0.23105264
8360,B,B,0.030300789,0.8324282,0.13727102
8361,C,C,0.27865627,0.053981617,0.6673621
8362,B,B,0.14405096,0.736632,0.119317025
8363,C,A,0.46122748,0.23334654,0.305426
8364,B,B,0.06183616,0.8935282,0.044635706
8365,A,A,0.8753428,0.063833,0.0608242
8366,C,C,0.059322946,0.078717075,0.86195993
8367,A,A,0.89243597,0.012183771,0.09538031
8368,B,C,0.119723186,0.12232018,0.7579567
8369,C,A,0.40148413,0.21178538,0.38673046
8370,A,A,0.5769664,0.05340068,0.3696329
8371,B,B,0.3311478,0.5266842,0.14216793
8372,C,C,0.24881423,0.060231023,0.69095474
8373,C,C,0.05448005,0.029295033,0.9162249
8374,B,C,0.20165862,0.32094178,0.4773996
8375,A,A,0.825393,0.019981079,0.15462595
8376,C,C,0.25640213,0.07956487,0.664033
8377,B,B,0.04257963,0.86909467,0.08832565
8378,A,A,0.82278574,0.093423106,0.08379122
8379,A,C,0.39212868,0.07063517,0.5372362
8380,B,B,0.08205985,0.7665937,0.15134639
8381,C,C,0.3579363,0.10078083,0.5412829
8382,C,C,0.41228414,0.03300994,0.55470586
8383,C,C,0.46640027,0.054115314,0.4794845
8384,C,C,0.0945887,0.058408633,0.8470027
8385,A,C,0.3241219,0.11401204,0.5618661
8386,B,B,0.011082912,0.9813271,0.0075899777
8387,B,B,0.14276266,0.64447814,0.2127592
8388,A,A,0.82270706,0.12227571,0.055017237
8389,A,A,0.6719219,0.13546047,0.1926176
8390,B,A,0.6823274,0.2028342,0.11483841
8391,C,C,0.2686621,0.3029263,0.42841157
8392,C,C,0.063715994,0.123764314,0.8125197
8393,C,A,0.5012602,0.17459705,0.32414272
8394,B,C,0.04316225,0.18432045,0.7725173
8395,A,A,0.8168749,0.026026726,0.15709835
8396,B,B,0.113211475,0.6058559,0.28093266
8397,C,C,0.033618722,0.14400995,0.82237136
8398,B,B,0.04178979,0.9295013,0.028709002
8399,C,C,0.09371636,0.033251826,0.8730318
8400,A,A,0.9223796,0.048587147,0.02903325
8401,C,C,0.10765763,0.034547806,0.8577946
8402,B,B,0.06920866,0.6456296,0.2851617
8403,A,A,0.6464798,0.04438193,0.3091383
8404,B,B,0.09387676,0.76082826,0.14529495
8405,A,A,0.78805673,0.01779109,0.19415222
8406,B,B,0.11474562,0.80542874,0.07982569
8407,C,C,0.035827365,0.10097833,0.8631942
8408,B,C,0.055659197,0.41598225,0.5283586
8409,C,C,0.22814816,0.13846686,0.63338494
8410,B,B,0.10030815,0.67650896,0.22318283
8411,C,C,0.40319312,0.01734943,0.5794574
8412,C,C,0.13265462,0.045213666,0.82213175
8413,B,B,0.01221369,0.9751437,0.012642659
8414,B,B,0.07853293,0.76234156,0.15912549
8415,B,C,0.35951027,0.2720864,0.36840326
8416,A,A,0.8827382,0.04813893,0.069122925
8417,A,A,0.70565057,0.10840274,0.1859467
8418,A,A,0.787213,0.13816693,0.07462009
8419,C,C,0.1284943,0.10105412,0.77045155
8420,A,A,0.86689013,0.019686826,0.11342307
8421,B,B,0.04737004,0.84890085,0.10372907
8422,A,A,0.59304297,0.07225188,0.3347052
8423,B,B,0.2105961,0.69726,0.092143886
8424,C,C,0.030784218,0.08926724,0.8799486
8425,C,C,0.086041756,0.046232305,0.86772597
8426,A,A,0.5212954,0.27109402,0.20761059
8427,B,C,0.05011911,0.23700745,0.7128734
8428,B,C,0.18628329,0.22370374,0.5900129
8429,A,A,0.5563488,0.053183045,0.39046812
8430,C,C,0.41658896,0.044987734,0.5384233
8431,B,B,0.025485408,0.9240892,0.050425388
8432,B,B,0.034847803,0.9354596,0.029692601
8433,A,A,0.7575401,0.054736078,0.18772386
8434,B,B,0.08013944,0.8878023,0.03205831
8435,A,A,0.86882675,0.057966873,0.07320641
8436,A,A,0.7488102,0.052833732,0.1983561
8437,A,A,0.57339317,0.076154135,0.3504527
8438,A,A,0.52139944,0.046284005,0.43231657
8439,B,B,0.0414771,0.8757955,0.0827274
8440,C,C,0.07451182,0.06142126,0.8640669
8441,B,B,0.024024555,0.9023554,0.07362003
8442,C,C,0.07869504,0.08609029,0.8352147
8443,C,C,0.04854844,0.12579624,0.82565534
8444,A,C,0.46487,0.041498266,0.49363175
8445,C,C,0.023337128,0.053446252,0.9232166
8446,B,B,0.057867378,0.55788034,0.38425228
8447,C,C,0.11026343,0.088279195,0.8014574
8448,A,C,0.33955163,0.06749774,0.5929506
8449,B,B,0.23040572,0.5815436,0.18805063
8450,C,A,0.7310172,0.03027461,0.23870821
8451,B,B,0.2303964,0.48383197,0.28577164
8452,B,B,0.08159606,0.6459799,0.272424
8453,A,A,0.6683502,0.13399547,0.1976543
8454,C,C,0.13641545,0.11749543,0.7460891
8455,B,B,0.018637529,0.95830566,0.023056807
8456,A,A,0.5725697,0.21871579,0.20871453
8457,A,A,0.9259734,0.021883165,0.052143373
8458,B,B,0.04659109,0.53417724,0.41923162
8459,A,C,0.17928447,0.04149068,0.7792249
8460,C,C,0.22719228,0.0440908,0.7287169
8461,B,B,0.12671335,0.74907786,0.124208756
8462,A,C,0.34085312,0.08303743,0.57610947
8463,B,B,0.062120836,0.80116683,0.13671225
8464,C,C,0.09652532,0.11516703,0.78830767
8465,B,B,0.048263274,0.8978762,0.05386057
8466,B,C,0.15158074,0.41053137,0.43788785
8467,B,B,0.30485094,0.5980147,0.09713435
8468,A,A,0.689526,0.09675679,0.2137172
8469,C,C,0.10214216,0.055572964,0.84228486
8470,C,C,0.055836037,0.052725896,0.89143807
8471,B,B,0.11484265,0.79270285,0.09245446
8472,B,B,0.22519094,0.45480564,0.3200034
8473,A,B,0.45940986,0.48765698,0.052933186
8474,A,C,0.39297295,0.086701095,0.5203259
8475,A,A,0.90267164,0.054611374,0.042716987
8476,B,C,0.08220776,0.3372369,0.5805553
8477,A,A,0.9475387,0.014839048,0.03762225
8478,A,C,0.43261668,0.119697645,0.44768563
8479,B,B,0.053012203,0.88393474,0.063053004
8480,C,C,0.11706066,0.21125904,0.6716804
8481,C,C,0.09354167,0.06616393,0.8402944
8482,B,B,0.06309193,0.8585924,0.07831571
8483,B,B,0.029538272,0.8022618,0.1681999
8484,B,C,0.18100832,0.21955702,0.5994346
8485,B,B,0.027669664,0.92094713,0.051383194
8486,C,C,0.14825585,0.085001715,0.76674247
8487,A,A,0.72236365,0.041168205,0.23646815
8488,B,C,0.099747576,0.115110174,0.7851423
8489,A,A,0.67043984,0.065474704,0.26408547
8490,B,B,0.008049365,0.9842131,0.0077375523
8491,B,B,0.059055854,0.8599787,0.080965415
8492,A,A,0.8106235,0.047964573,0.14141183
8493,A,A,0.50649005,0.077505045,0.41600493
8494,B,B,0.10058905,0.5956758,0.30373508
8495,A,A,0.93432605,0.015801622,0.049872342
8496,B,B,0.06657179,0.8500898,0.08333845
8497,C,C,0.036370277,0.06547762,0.8981521
8498,C,C,0.2499619,0.050512265,0.6995259
8499,B,B,0.15151367,0.54625714,0.30222917
8500,B,B,0.042995263,0.7163616,0.24064316
8501,B,B,0.07252187,0.86907095,0.058407206
8502,B,A,0.5300203,0.15399572,0.31598395
8503,C,C,0.058672313,0.20588665,0.735441
8504,A,A,0.908627,0.04562763,0.045745432
8505,A,A,0.6767683,0.079839244,0.24339242
8506,B,B,0.01984312,0.882242,0.09791487
8507,C,C,0.30933985,0.08386249,0.60679764
8508,A,A,0.89061844,0.05252367,0.056857858
8509,C,C,0.051234055,0.04727908,0.9014868
8510,B,B,0.048363607,0.75684226,0.19479418
8511,C,B,0.13798405,0.48064935,0.38136652
8512,C,C,0.30497396,0.1810302,0.5139958
8513,B,B,0.037771817,0.82871485,0.1335133
8514,B,B,0.09716863,0.7549088,0.14792249
8515,A,C,0.30822963,0.11142072,0.5803496
8516,C,A,0.48930445,0.11305919,0.39763644
8517,A,A,0.833923,0.03143077,0.13464618
8518,B,B,0.045756355,0.90791637,0.046327274
8519,A,A,0.58761954,0.064817056,0.3475634
8520,C,C,0.065402575,0.10693221,0.8276652
8521,A,A,0.72777325,0.07184515,0.2003816
8522,C,C,0.3398862,0.08998027,0.5701335
8523,A,C,0.3048245,0.12670982,0.5684657
8524,B,B,0.059819996,0.88087195,0.059308074
8525,A,A,0.53535324,0.33224127,0.13240561
8526,B,B,0.07754817,0.66917866,0.25327316
8527,A,A,0.74338996,0.05941986,0.1971902
8528,C,A,0.79095054,0.050809916,0.1582395
8529,B,B,0.34232014,0.56784207,0.08983779
8530,B,B,0.29927924,0.50479054,0.19593017
8531,A,A,0.7654299,0.036423076,0.19814703
8532,B,B,0.048574205,0.5890505,0.36237532
8533,B,B,0.05575518,0.57420516,0.3700396
8534,B,B,0.04335423,0.9352206,0.021425113
8535,B,B,0.37950355,0.39499724,0.2254992
8536,B,B,0.18467589,0.7712921,0.04403211
8537,C,C,0.036381133,0.12142403,0.84219486
8538,C,C,0.07917224,0.033250485,0.88757724
8539,A,A,0.8207069,0.025546324,0.15374672
8540,C,C,0.06632861,0.069812715,0.8638587
8541,B,C,0.11281681,0.108067155,0.779116
8542,B,C,0.044594903,0.22393754,0.7314676
8543,C,C,0.12132529,0.07758933,0.80108535
8544,A,A,0.8731255,0.05398282,0.07289173
8545,C,C,0.29623634,0.13244106,0.57132256
8546,B,B,0.18872716,0.56752443,0.24374846
8547,A,A,0.8368875,0.03514608,0.12796634
8548,C,C,0.47685543,0.030547535,0.492597
8549,C,C,0.07095581,0.04964312,0.8794011
8550,C,C,0.031845994,0.12807089,0.8400831
8551,A,A,0.76364064,0.096159846,0.14019947
8552,A,A,0.84155416,0.041054636,0.11739122
8553,A,A,0.6345034,0.15024579,0.21525082
8554,B,A,0.5484834,0.37470207,0.076814614
8555,A,A,0.92913985,0.03571083,0.03514939
8556,A,A,0.88319284,0.0321034,0.084703706
8557,A,A,0.7996791,0.02418718,0.17613372
8558,B,B,0.025060806,0.90941507,0.06552415
8559,C,C,0.41788584,0.047028143,0.53508604
8560,B,B,0.09987245,0.8481313,0.05199625
8561,C,C,0.07468374,0.069670424,0.85564584
8562,B,A,0.44416642,0.34996873,0.20586477
8563,B,B,0.04802238,0.93503284,0.016944695
8564,A,A,0.44317776,0.32045642,0.23636577
8565,C,C,0.06636206,0.092147164,0.8414908
8566,C,C,0.07894143,0.049378168,0.87168044
8567,A,A,0.7609347,0.07987288,0.15919249
8568,C,C,0.06353537,0.04586638,0.89059824
8569,B,B,0.024365246,0.7086703,0.2669644
8570,A,C,0.455951,0.07549464,0.4685543
8571,A,A,0.7316835,0.06363828,0.20467828
8572,C,C,0.05558704,0.03952071,0.9048922
8573,C,C,0.048779164,0.036320265,0.91490054
8574,B,B,0.14255139,0.69514686,0.16230176
8575,B,B,0.15119344,0.8287712,0.020035343
8576,A,C,0.40764007,0.08175585,0.5106041
8577,B,B,0.034925777,0.7544527,0.21062149
8578,B,B,0.03715597,0.92925936,0.03358476
8579,B,B,0.026797831,0.89443785,0.07876435
8580,B,B,0.29762897,0.5760111,0.12635994
8581,B,B,0.10476589,0.72784054,0.16739358
8582,B,B,0.05252486,0.48107633,0.46639875
8583,B,C,0.050567713,0.19898212,0.7504502
8584,A,A,0.9410542,0.021154998,0.037790794
8585,A,A,0.944903,0.021822978,0.033273954
8586,B,B,0.17759232,0.5168102,0.3055975
8587,A,C,0.2694359,0.22285704,0.507707
8588,B,B,0.04739234,0.91539526,0.03721237
8589,A,A,0.6758841,0.048609864,0.27550602
8590,A,A,0.6729385,0.027847016,0.29921445
8591,C,C,0.032921404,0.06751952,0.8995591
8592,B,A,0.527418,0.31581053,0.1567715
8593,A,A,0.79951537,0.12885864,0.071626
8594,B,C,0.06443579,0.2909808,0.6445834
8595,B,B,0.08191045,0.6120026,0.3060869
8596,A,A,0.830389,0.03554752,0.13406345
8597,C,C,0.031992376,0.20473427,0.76327336
8598,C,A,0.44469225,0.1438122,0.4114955
8599,C,C,0.044573255,0.06454796,0.89087874
8600,C,C,0.080644555,0.10244444,0.816911
8601,B,B,0.022473015,0.90094095,0.076586016
8602,C,C,0.01945489,0.039203182,0.941342
8603,A,A,0.58787847,0.09876529,0.31335634
8604,A,A,0.86993223,0.06888746,0.06118024
8605,B,B,0.034157313,0.764783,0.20105967
8606,C,C,0.20615335,0.067323744,0.7265229
8607,B,B,0.28678027,0.61968976,0.09352993
8608,A,A,0.6644791,0.20210281,0.13341811
8609,B,B,0.043539833,0.92903423,0.027425922
8610,B,B,0.020542888,0.9149113,0.0645458
8611,A,A,0.8671886,0.026645645,0.10616586
8612,B,A,0.62246203,0.29146102,0.08607698
8613,A,A,0.65542203,0.29109916,0.053478733
8614,C,C,0.13790654,0.0780692,0.78402424
8615,A,A,0.803822,0.061815172,0.13436289
8616,B,B,0.05491562,0.9215782,0.02350615
8617,A,A,0.8662319,0.06259135,0.0711767
8618,C,C,0.08464448,0.0839931,0.8313624
8619,A,A,0.8062524,0.12058689,0.07316067
8620,C,C,0.16681926,0.08600378,0.74717695
8621,C,C,0.31952435,0.11999363,0.560482
8622,B,C,0.025758578,0.2724445,0.7017969
8623,A,A,0.9662429,0.008632507,0.025124485
8624,A,A,0.7318505,0.028207246,0.23994224
8625,B,B,0.03709751,0.8875314,0.075371034
8626,A,C,0.34805477,0.2403395,0.41160575
8627,A,A,0.8619239,0.04722935,0.09084676
8628,C,C,0.2743337,0.08207287,0.64359343
8629,B,B,0.14930907,0.73890764,0.11178333
8630,A,A,0.79287374,0.04580734,0.16131891
8631,B,B,0.02924908,0.94057053,0.03018038
8632,A,A,0.8888016,0.044604715,0.066593744
8633,C,C,0.26147377,0.046117503,0.69240874
8634,A,A,0.8798007,0.031622782,0.08857654
8635,B,C,0.1040951,0.35528126,0.54062366
8636,B,A,0.656707,0.24808003,0.09521301
8637,B,B,0.15970321,0.6198512,0.2204457
8638,B,B,0.34226763,0.5250544,0.13267799
8639,B,B,0.45555457,0.48285222,0.061593164
8640,B,B,0.21324944,0.63030565,0.1564449
8641,B,B,0.29079366,0.43648028,0.27272615
8642,C,C,0.07828688,0.00838572,0.9133274
8643,B,B,0.15621598,0.646686,0.19709796
8644,B,B,0.13997966,0.8021264,0.057893965
8645,C,C,0.1879329,0.057354666,0.75471246
8646,C,C,0.28748202,0.10723224,0.60528576
8647,A,A,0.8507248,0.054625373,0.09464973
8648,C,C,0.44719422,0.08555105,0.46725476
8649,A,A,0.6309609,0.18777563,0.18126345
8650,C,C,0.099391624,0.037980624,0.86262774
8651,C,C,0.14421627,0.036071897,0.81971186
8652,A,A,0.93328726,0.025164485,0.0415483
8653,C,C,0.15043792,0.048437975,0.8011241
8654,C,C,0.19017984,0.059952598,0.74986756
8655,A,A,0.8376134,0.033713322,0.12867327
8656,C,C,0.10743385,0.054740284,0.8378259
8657,A,A,0.8557671,0.06262221,0.08161064
8658,B,B,0.10474418,0.6358857,0.25937015
8659,A,A,0.737291,0.06314454,0.19956444
8660,B,B,0.075883545,0.86949116,0.05462529
8661,B,C,0.06967317,0.16592082,0.76440597
8662,C,C,0.25267273,0.06473892,0.68258834
8663,A,A,0.8400052,0.115359165,0.044635605
8664,B,B,0.13030025,0.79710525,0.072594464
8665,A,A,0.92467165,0.02398801,0.051340353
8666,B,B,0.1855205,0.7121065,0.10237288
8667,A,A,0.5366077,0.100613125,0.3627792
8668,A,A,0.79780364,0.0323314,0.16986485
8669,C,C,0.1642639,0.050766986,0.78496915
8670,C,C,0.030206192,0.044029545,0.9257642
8671,B,B,0.04141957,0.7005587,0.2580217
8672,B,B,0.025161855,0.9105169,0.064321145
8673,B,B,0.3294016,0.43654296,0.23405546
8674,B,C,0.050702352,0.26212546,0.68717223
8675,B,B,0.06732671,0.532461,0.40021226
8676,C,C,0.29470903,0.043105863,0.66218513
8677,A,C,0.28801137,0.33350587,0.37848276
8678,C,C,0.18945545,0.060521442,0.7500231
8679,A,A,0.85127217,0.048553105,0.10017475
8680,C,C,0.075614884,0.061694965,0.8626902
8681,C,C,0.18629292,0.14947924,0.66422784
8682,A,A,0.77289224,0.055776987,0.17133082
8683,A,A,0.9663788,0.0131639745,0.020457264
8684,B,B,0.053547736,0.74465114,0.20180115
8685,A,A,0.58499384,0.108293965,0.30671218
8686,A,A,0.7623884,0.046402212,0.19120939
8687,C,C,0.105365895,0.04239564,0.8522385
8688,C,C,0.08041587,0.057469506,0.8621146
8689,A,A,0.8150139,0.11680309,0.06818303
8690,C,C,0.09788835,0.059079915,0.8430317
8691,A,A,0.83783454,0.059009515,0.10315594
8692,A,A,0.7512114,0.095801875,0.15298672
8693,B,C,0.043491293,0.4616276,0.49488106
8694,A,A,0.49179757,0.29387677,0.21432565
8695,C,C,0.389876,0.17342854,0.43669543
8696,C,C,0.028948056,0.033141635,0.9379103
8697,A,A,0.80531037,0.084496066,0.11019358
8698,C,C,0.08525311,0.052980844,0.86176604
8699,B,C,0.29404157,0.21638954,0.4895689
8700,B,B,0.06846749,0.86167806,0.069854476
8701,A,A,0.5958757,0.116772495,0.28735185
8702,B,B,0.19572955,0.46676853,0.33750194
8703,B,B,0.21196887,0.70023984,0.087791264
8704,A,A,0.84855187,0.039511643,0.11193652
8705,A,A,0.7247696,0.057385467,0.21784492
8706,B,B,0.034976143,0.9482609,0.016762976
8707,B,B,0.12586504,0.6742846,0.19985037
8708,B,B,0.44461966,0.4960465,0.0593338
8709,C,C,0.018976705,0.052330032,0.9286933
8710,C,C,0.04483791,0.06061278,0.89454937
8711,C,C,0.11633311,0.053060554,0.83060634
8712,A,A,0.6690827,0.05979852,0.27111885
8713,C,C,0.0985813,0.06260215,0.8388165
8714,B,C,0.20303373,0.17403254,0.62293375
8715,A,A,0.73249394,0.14397672,0.12352938
8716,B,B,0.06575037,0.826991,0.107258655
8717,B,B,0.047788814,0.565399,0.38681224
8718,B,B,0.33189553,0.5780594,0.09004507
8719,C,C,0.17898557,0.073948875,0.74706554
8720,B,B,0.09482524,0.6191068,0.2860679
8721,A,A,0.71626395,0.23114215,0.052593928
8722,B,A,0.54271686,0.28028414,0.17699902
8723,B,B,0.05934288,0.89228255,0.048374478
8724,B,B,0.014042743,0.9448266,0.041130614
8725,B,B,0.15795796,0.80593693,0.036105122
8726,C,C,0.10999077,0.039890714,0.8501185
8727,C,C,0.20523816,0.11541391,0.67934793
8728,C,C,0.05671409,0.10584937,0.8374365
8729,C,C,0.1535328,0.059760373,0.78670686
8730,A,A,0.85951144,0.0759485,0.06454
8731,C,C,0.043106012,0.041970346,0.9149236
8732,A,A,0.7289241,0.061604615,0.20947126
8733,B,C,0.023323547,0.38145792,0.59521854
8734,C,C,0.055879362,0.04033058,0.90379006
8735,A,A,0.8924267,0.06635639,0.041216888
8736,B,B,0.09164814,0.72426885,0.18408297
8737,B,B,0.03770294,0.6834542,0.27884284
8738,A,A,0.7907691,0.1385819,0.07064898
8739,C,C,0.13575166,0.05246755,0.81178075
8740,B,B,0.018778129,0.91756314,0.063658714
8741,A,A,0.96724653,0.008554329,0.024199117
8742,C,C,0.21746866,0.08970316,0.6928281
8743,B,B,0.115002826,0.822627,0.0623702
8744,B,B,0.15130009,0.5894887,0.25921115
8745,B,B,0.030292945,0.9609146,0.008792387
8746,C,C,0.0437909,0.2237629,0.7324462
8747,C,A,0.6582699,0.019315556,0.32241458
8748,B,B,0.026256232,0.9593128,0.014431002
8749,A,A,0.7976345,0.03787537,0.16449012
8750,B,C,0.13107626,0.32172137,0.5472023
8751,C,C,0.045170892,0.31848723,0.6363418
8752,A,A,0.44639915,0.20827213,0.34532875
8753,C,C,0.10445276,0.06519245,0.8303548
8754,C,B,0.19698814,0.49099532,0.3120165
8755,B,B,0.21294703,0.40049753,0.38655552
8756,B,B,0.08046716,0.46045563,0.45907727
8757,A,A,0.8522539,0.06363873,0.0841073
8758,B,C,0.09053562,0.17153755,0.73792684
8759,B,B,0.14924341,0.81919014,0.031566437
8760,B,C,0.039166994,0.39270195,0.568131
8761,B,C,0.0719814,0.08375232,0.8442663
8762,C,A,0.6582128,0.04467818,0.297109
8763,A,A,0.6279206,0.062802844,0.30927658
8764,C,C,0.2625671,0.13117489,0.60625803
8765,C,C,0.091023736,0.094479375,0.81449693
8766,C,C,0.016785022,0.07792562,0.9052894
8767,A,A,0.6922011,0.05999687,0.24780205
8768,A,A,0.5913431,0.138416,0.27024087
8769,C,C,0.18009602,0.13943376,0.6804702
8770,B,B,0.107854,0.733747,0.15839899
8771,A,A,0.853368,0.05449313,0.09213883
8772,B,B,0.037622154,0.9043013,0.058076564
8773,C,C,0.024230793,0.09409231,0.88167685
8774,A,A,0.900118,0.016350407,0.08353157
8775,A,A,0.5242171,0.068076134,0.40770677
8776,B,B,0.17834838,0.7549242,0.066727474
8777,C,C,0.13137108,0.08383165,0.7847972
8778,C,C,0.2099468,0.029651606,0.7604016
8779,A,A,0.92517155,0.025488093,0.049340304
8780,B,B,0.081488915,0.84282774,0.07568331
8781,C,C,0.030330298,0.09245051,0.8772192
8782,A,A,0.72316957,0.07475567,0.20207478
8783,C,C,0.027166659,0.024640905,0.9481924
8784,B,B,0.096547015,0.81438345,0.089069545
8785,A,A,0.7881452,0.054762453,0.15709239
8786,C,C,0.31191596,0.038154587,0.6499294
8787,A,B,0.06722411,0.8778154,0.054960437
8788,A,A,0.5687822,0.14088205,0.29033569
8789,C,C,0.23412906,0.067680754,0.6981902
8790,C,C,0.15669955,0.12486286,0.7184376
8791,C,C,0.17799911,0.088420175,0.73358065
8792,C,C,0.3527145,0.08257649,0.564709
8793,B,B,0.103013106,0.8785259,0.018460982
8794,C,C,0.029263623,0.03100253,0.9397338
8795,B,B,0.07368386,0.63472044,0.2915958
8796,B,B,0.16845536,0.8008521,0.030692508
8797,A,A,0.8024027,0.055308875,0.14228842
8798,A,A,0.8767926,0.08922208,0.033985227
8799,B,B,0.06589279,0.7668989,0.16720843
8800,A,A,0.8810534,0.061108645,0.057837952
8801,A,A,0.5444233,0.048425876,0.40715078
8802,A,A,0.95482016,0.024767352,0.02041248
8803,A,A,0.8817989,0.014540318,0.10366077
8804,B,A,0.43380648,0.4156443,0.15054923
8805,C,C,0.031453468,0.08560918,0.8829374
8806,C,C,0.036893237,0.13602057,0.8270862
8807,A,A,0.7413468,0.09258138,0.16607185
8808,B,B,0.022845868,0.9418885,0.035265602
8809,C,A,0.69420296,0.0643544,0.2414426
8810,A,A,0.9218663,0.0106480215,0.0674857
8811,B,B,0.037784472,0.788887,0.17332853
8812,B,B,0.1112739,0.6637297,0.22499636
8813,A,A,0.61833715,0.2166969,0.16496594
8814,A,A,0.6004539,0.18371843,0.21582761
8815,A,A,0.9450051,0.018344812,0.036650054
8816,A,A,0.8376678,0.076479696,0.08585257
8817,A,A,0.8602703,0.0544857,0.085243955
8818,A,A,0.8257009,0.044939954,0.12935917
8819,A,A,0.79212713,0.05960711,0.1482658
8820,B,C,0.036498718,0.43718356,0.5263177
8821,C,C,0.21745162,0.032857664,0.7496907
8822,A,A,0.6489486,0.14897971,0.20207171
8823,A,A,0.7700466,0.03317423,0.19677919
8824,B,B,0.041126866,0.87765217,0.08122093
8825,C,C,0.31270406,0.07365876,0.61363715
8826,A,C,0.11906209,0.35469526,0.5262427
8827,A,A,0.6390055,0.27633804,0.08465649
8828,C,C,0.04127053,0.11471136,0.8440181
8829,C,C,0.468142,0.028795766,0.50306225
8830,A,A,0.8205863,0.044661522,0.13475212
8831,A,A,0.7861309,0.038300868,0.17556825
8832,C,A,0.50544024,0.04141851,0.45314118
8833,A,A,0.84982836,0.08411018,0.0660615
8834,C,C,0.12890722,0.03747991,0.83361286
8835,A,A,0.9196599,0.032739207,0.047600888
8836,C,C,0.026700849,0.046096493,0.92720264
8837,B,B,0.13732402,0.83343,0.029246002
8838,A,A,0.87839186,0.053778023,0.06783012
8839,A,A,0.6038906,0.16096808,0.23514137
8840,A,B,0.24049178,0.66423935,0.095268816
8841,A,A,0.72573024,0.2108467,0.06342296
8842,A,A,0.7231385,0.07296645,0.20389497
8843,B,B,0.014240397,0.9590751,0.026684593
8844,C,A,0.5881148,0.06760602,0.34427923
8845,C,C,0.35967627,0.05550163,0.5848221
8846,A,A,0.45511684,0.1708456,0.37403765
8847,A,A,0.85731834,0.055928253,0.08675333
8848,A,A,0.9642883,0.01178927,0.0239225
8849,B,B,0.18795313,0.6901513,0.12189556
8850,A,A,0.8992533,0.022508647,0.07823805
8851,B,B,0.32286578,0.5657764,0.1113579
8852,C,C,0.24400349,0.12138604,0.6346105
8853,A,A,0.67214847,0.0357753,0.29207623
8854,B,B,0.11040932,0.8356965,0.053894136
8855,A,A,0.8438808,0.019909898,0.13620926
8856,B,B,0.0660333,0.7979909,0.13597576
8857,B,B,0.24572173,0.5100609,0.24421732
8858,A,A,0.7687552,0.04508567,0.18615913
8859,A,A,0.68534553,0.060983624,0.2536708
8860,B,B,0.034324892,0.9270495,0.03862556
8861,C,C,0.025707908,0.12845564,0.8458365
8862,A,A,0.59187615,0.14670922,0.2614146
8863,B,B,0.061719276,0.7466835,0.1915972
8864,C,C,0.027328044,0.061960742,0.91071117
8865,A,A,0.95557445,0.010775457,0.033650063
8866,B,B,0.39102104,0.57382786,0.035151057
8867,C,C,0.12575693,0.03554161,0.8387014
8868,B,B,0.04270357,0.9214634,0.035833046
8869,C,C,0.074521504,0.028264131,0.89721435
8870,C,C,0.032533094,0.028168172,0.9392987
8871,A,A,0.83142966,0.0387836,0.12978677
8872,C,C,0.19902462,0.09334764,0.7076277
8873,B,B,0.046693575,0.60251564,0.35079074
8874,C,C,0.37285358,0.06845886,0.55868757
8875,A,A,0.95839465,0.02013127,0.021474151
8876,A,A,0.7195609,0.14500514,0.135434
8877,B,B,0.09614267,0.8726621,0.031195251
8878,A,A,0.7435479,0.15576592,0.10068622
8879,B,B,0.05310464,0.8992496,0.04764569
8880,C,C,0.13438258,0.081619896,0.7839976
8881,A,A,0.92211646,0.043125782,0.034757722
8882,C,C,0.20652346,0.08822742,0.70524913
8883,B,B,0.030785464,0.9569494,0.012265123
8884,A,A,0.85817707,0.03140761,0.11041526
8885,C,C,0.07287633,0.091631874,0.8354918
8886,B,B,0.099267855,0.8786978,0.022034356
8887,A,A,0.746381,0.031816572,0.22180243
8888,A,A,0.9298251,0.020200403,0.04997448
8889,A,A,0.8224117,0.033181015,0.14440726
8890,A,A,0.8438023,0.028092835,0.12810488
8891,C,A,0.5295727,0.050827622,0.41959965
8892,A,A,0.71535176,0.07531592,0.20933229
8893,A,A,0.57432145,0.14486615,0.2808124
8894,C,A,0.6420559,0.07034041,0.28760365
8895,A,A,0.84665084,0.03290554,0.12044363
8896,C,C,0.08253623,0.08983658,0.8276272
8897,A,A,0.9154792,0.048849657,0.03567117
8898,B,C,0.28027275,0.1230505,0.59667677
8899,B,B,0.08746049,0.8218196,0.090719834
8900,B,B,0.04449287,0.5824281,0.37307897
8901,A,A,0.91241586,0.04336771,0.04421645
8902,C,C,0.12847115,0.09116093,0.78036785
8903,B,B,0.10774734,0.78355205,0.10870064
8904,A,B,0.46888015,0.49846625,0.03265359
8905,A,A,0.68850267,0.08374739,0.22774988
8906,B,B,0.04894094,0.87809,0.07296904
8907,A,A,0.88154495,0.07168092,0.046774115
8908,B,A,0.5510432,0.30737,0.14158678
8909,C,B,0.103470564,0.5828023,0.3137272
8910,A,A,0.92609036,0.041493427,0.03241624
8911,B,B,0.057596277,0.5578285,0.38457528
8912,B,C,0.037728887,0.27175868,0.6905125
8913,C,B,0.0882109,0.54893774,0.36285132
8914,C,C,0.09439871,0.38092336,0.5246779
8915,A,A,0.707823,0.0789835,0.21319348
8916,B,C,0.14097884,0.16098174,0.69803935
8917,A,A,0.8660056,0.04706642,0.086928055
8918,B,C,0.056497276,0.42986402,0.5136387
8919,A,A,0.95226574,0.024853433,0.022880927
8920,A,A,0.56319517,0.049676992,0.3871279
8921,B,B,0.108337104,0.8444608,0.047202133
8922,B,B,0.022582045,0.9139837,0.063434236
8923,C,C,0.0927295,0.16963631,0.73763424
8924,A,A,0.70936376,0.07218058,0.21845564
8925,C,C,0.08824099,0.32750288,0.5842562
8926,A,A,0.9239726,0.017812856,0.058214538
8927,C,C,0.037822913,0.027328037,0.934849
8928,B,B,0.11598185,0.80579215,0.07822602
8929,B,B,0.024162134,0.85551584,0.120322
8930,B,B,0.16837487,0.7469046,0.08472054
8931,B,B,0.10144112,0.82531595,0.073242955
8932,C,C,0.088849835,0.03613144,0.87501866
8933,A,A,0.88058764,0.043654047,0.07575831
8934,B,B,0.04789523,0.92068756,0.03141727
8935,C,C,0.03911703,0.056128584,0.9047544
8936,A,A,0.8648849,0.052511152,0.08260392
8937,A,A,0.9412813,0.016652554,0.042066094
8938,C,C,0.23177557,0.095129624,0.6730948
8939,C,C,0.25394583,0.07826069,0.66779345
8940,A,A,0.91267663,0.02210101,0.06522235
8941,C,C,0.12003595,0.31746736,0.5624967
8942,C,C,0.08779481,0.0804993,0.83170587
8943,B,B,0.08851853,0.8641827,0.04729876
8944,A,A,0.77580506,0.05421364,0.16998133
8945,C,C,0.08062543,0.029799543,0.889575
8946,B,B,0.11203942,0.7460412,0.14191945
8947,C,C,0.04431082,0.06553781,0.8901513
8948,B,B,0.037281908,0.89672244,0.065995574
8949,A,A,0.8493409,0.04394262,0.10671646
8950,C,C,0.10150475,0.045722116,0.85277313
8951,B,B,0.07672214,0.7383762,0.18490162
8952,C,C,0.02525943,0.1426382,0.83210236
8953,A,A,0.8219931,0.0332719,0.144735
8954,A,A,0.8570561,0.02195194,0.12099197
8955,C,C,0.12907222,0.26723412,0.60369366
8956,A,A,0.9357473,0.027147662,0.03710505
8957,B,B,0.043406412,0.80571854,0.15087503
8958,A,A,0.556371,0.08898861,0.35464036
8959,A,B,0.1852986,0.66024315,0.15445822
8960,B,B,0.05294758,0.898015,0.04903739
8961,B,B,0.0814379,0.7749264,0.1436357
8962,B,B,0.2716511,0.48708397,0.24126495
8963,C,C,0.2897899,0.05301972,0.6571904
8964,A,A,0.9320955,0.012871311,0.055033233
8965,A,A,0.7728647,0.065143816,0.16199154
8966,C,C,0.26460165,0.15209886,0.5832995
8967,C,C,0.03128646,0.0634132,0.9053003
8968,B,B,0.021273132,0.94892234,0.029804528
8969,B,B,0.11053302,0.86908877,0.020378191
8970,B,B,0.022122378,0.6911101,0.28676748
8971,C,C,0.032347873,0.039826926,0.9278252
8972,C,C,0.026543774,0.015534201,0.957922
8973,B,B,0.088632695,0.56605977,0.34530756
8974,B,B,0.04386066,0.75829774,0.19784158
8975,B,B,0.03648244,0.7556274,0.20789026
8976,C,C,0.104834765,0.045722574,0.84944266
8977,C,C,0.20630385,0.022830842,0.7708653
8978,B,C,0.2039555,0.08458032,0.71146417
8979,B,B,0.016561216,0.9297534,0.05368538
8980,A,C,0.27800876,0.04624962,0.6757416
8981,A,A,0.92321634,0.021657052,0.05512658
8982,A,A,0.8733295,0.021990858,0.104679644
8983,C,C,0.35946944,0.055919092,0.5846115
8984,A,A,0.71881694,0.20192313,0.07925991
8985,A,A,0.45528358,0.30541953,0.23929693
8986,C,C,0.145221,0.0942024,0.7605766
8987,B,B,0.10299024,0.7769445,0.120065294
8988,A,A,0.8988049,0.06564537,0.035549708
8989,B,B,0.058023762,0.8806867,0.061289497
8990,B,B,0.21254623,0.6986765,0.088777296
8991,C,C,0.038022272,0.03324121,0.9287365
8992,C,C,0.028959345,0.062446244,0.9085944
8993,C,C,0.053983588,0.065375224,0.8806412
8994,A,C,0.1966081,0.038614266,0.76477766
8995,C,C,0.03775678,0.037348974,0.9248943
8996,C,C,0.03472208,0.027305901,0.937972
8997,B,B,0.34627938,0.5683305,0.085390076
8998,A,A,0.7787662,0.049254473,0.17197928
8999,B,C,0.03925784,0.222455,0.7382872
9000,A,A,0.4620444,0.077698395,0.46025723
9001,C,C,0.11345864,0.019261012,0.86728036
9002,B,B,0.07367061,0.6338297,0.29249972
9003,B,B,0.014440283,0.8661383,0.11942149
9004,B,B,0.31273237,0.39074278,0.29652488
9005,B,B,0.09879001,0.81285685,0.0883531
9006,A,A,0.49828607,0.032272078,0.46944183
9007,C,B,0.1385834,0.53273576,0.3286808
9008,A,C,0.11430362,0.027959416,0.85773695
9009,A,A,0.6004224,0.04676509,0.35281253
9010,B,B,0.12880425,0.5498396,0.32135624
9011,A,A,0.7627765,0.06365692,0.17356652
9012,B,B,0.085606106,0.55966115,0.3547327
9013,B,B,0.061241243,0.88480556,0.05395325
9014,B,B,0.046204876,0.83232355,0.12147149
9015,C,C,0.12558311,0.07269918,0.8017177
9016,B,B,0.35691738,0.51499414,0.12808849
9017,C,C,0.046723533,0.11873882,0.8345376
9018,C,A,0.697214,0.071987055,0.23079894
9019,C,B,0.20241815,0.4648363,0.33274552
9020,A,A,0.47717887,0.050925538,0.47189555
9021,A,A,0.573612,0.3430704,0.08331767
9022,B,B,0.018674469,0.8764443,0.104881234
9023,A,A,0.9377863,0.017868154,0.044345513
9024,A,A,0.86310774,0.02792548,0.10896678
9025,A,A,0.7468943,0.06158935,0.19151631
9026,C,C,0.06990192,0.030215291,0.89988273
9027,B,B,0.1562951,0.6500977,0.19360721
9028,B,B,0.09969176,0.8348638,0.06544449
9029,A,C,0.39147878,0.0633796,0.54514164
9030,C,C,0.034106947,0.029237984,0.9366551
9031,B,B,0.03769334,0.8981735,0.06413321
9032,B,B,0.028103223,0.9538908,0.018006034
9033,B,B,0.21972518,0.5744625,0.20581232
9034,C,C,0.10176444,0.07711136,0.8211242
9035,B,C,0.12863618,0.30726328,0.5641006
9036,A,A,0.8832841,0.0465922,0.0701238
9037,C,C,0.065727085,0.0622518,0.87202114
9038,A,A,0.47752744,0.049372103,0.4731004
9039,A,A,0.5425367,0.07465549,0.38280785
9040,B,B,0.16355342,0.58661526,0.24983132
9041,A,A,0.83729386,0.070539095,0.092167
9042,B,B,0.1725813,0.7203404,0.10707827
9043,A,A,0.96682537,0.0101601435,0.023014463
9044,A,A,0.80663604,0.04949224,0.14387174
9045,A,A,0.8740435,0.0588362,0.06712033
9046,A,A,0.879095,0.04550758,0.07539738
9047,B,B,0.25774837,0.6661292,0.076122485
9048,A,A,0.8155287,0.022615,0.16185637
9049,C,A,0.5927423,0.047664013,0.35959363
9050,B,B,0.03678934,0.67865634,0.28455427
9051,B,B,0.06116488,0.76844573,0.1703894
9052,C,C,0.1071485,0.033688918,0.8591626
9053,B,B,0.05849508,0.7767515,0.16475333
9054,C,C,0.094972484,0.12681228,0.7782153
9055,B,B,0.06664882,0.85619754,0.07715363
9056,C,C,0.057113376,0.06909081,0.87379587
9057,C,C,0.05712154,0.07297924,0.8698992
9058,A,A,0.9186057,0.03194091,0.04945339
9059,A,A,0.7512166,0.027995545,0.22078782
9060,C,C,0.2899589,0.046284042,0.663757
9061,C,C,0.057752952,0.02565631,0.9165907
9062,C,C,0.13331649,0.15104736,0.71563613
9063,A,A,0.91800296,0.033143423,0.048853613
9064,C,A,0.84183824,0.014008836,0.14415294
9065,B,B,0.038912658,0.8931997,0.067887634
9066,C,C,0.04291247,0.03946123,0.91762626
9067,A,A,0.8453394,0.03311375,0.12154685
9068,C,C,0.035742138,0.17309257,0.79116523
9069,C,C,0.09050052,0.12155766,0.7879418
9070,C,C,0.167837,0.03118235,0.8009807
9071,C,C,0.17688398,0.019196877,0.8039191
9072,C,C,0.09011209,0.12221415,0.78767383
9073,A,A,0.903942,0.042965543,0.053092442
9074,C,C,0.19472086,0.3200966,0.48518252
9075,B,B,0.03904767,0.9184503,0.042502053
9076,A,A,0.90833074,0.033059515,0.058609758
9077,A,A,0.59832937,0.09703816,0.3046324
9078,C,C,0.053003535,0.11692206,0.8300745
9079,C,C,0.041017175,0.050219316,0.9087635
9080,A,A,0.46782357,0.07474548,0.45743087
9081,C,C,0.19382957,0.060738385,0.7454321
9082,B,B,0.09281731,0.87855893,0.028623754
9083,C,C,0.06435922,0.06736662,0.8682742
9084,C,C,0.22490905,0.09071877,0.6843722
9085,C,C,0.041197535,0.043674808,0.91512764
9086,A,A,0.57112205,0.14953072,0.2793472
9087,B,B,0.059757873,0.8820234,0.05821871
9088,A,A,0.87893414,0.059773784,0.061292116
9089,B,B,0.14088689,0.8234399,0.035673212
9090,B,B,0.2135995,0.4415261,0.3448744
9091,C,C,0.04095215,0.049334943,0.90971285
9092,A,A,0.9108462,0.046977807,0.042175982
9093,B,A,0.67376816,0.19097166,0.13526025
9094,B,A,0.6588783,0.11781502,0.22330669
9095,C,C,0.29826653,0.08080545,0.62092805
9096,B,B,0.039240986,0.8840512,0.07670778
9097,B,B,0.1288151,0.75227696,0.1189079
9098,C,C,0.035346095,0.041021943,0.9236319
9099,A,A,0.59104085,0.040371593,0.36858752
9100,A,A,0.8534538,0.039848067,0.1066981
9101,B,B,0.15315707,0.70663875,0.14020422
9102,C,C,0.053205185,0.03365571,0.9131391
9103,B,C,0.03128069,0.46428156,0.50443774
9104,B,B,0.392096,0.5559983,0.051905688
9105,B,B,0.06662526,0.83595234,0.09742233
9106,C,C,0.035375,0.10937064,0.8552543
9107,B,B,0.05738135,0.6875339,0.25508475
9108,A,A,0.8219897,0.1495126,0.028497709
9109,B,B,0.07263913,0.87520885,0.052152008
9110,B,C,0.32149056,0.26300776,0.41550165
9111,C,C,0.22511667,0.17060041,0.6042829
9112,C,C,0.08613316,0.048188157,0.86567867
9113,C,C,0.12776387,0.060850825,0.81138533
9114,B,B,0.09835462,0.8409278,0.060717493
9115,B,B,0.061031103,0.8649252,0.074043736
9116,A,C,0.152976,0.033853687,0.8131703
9117,C,C,0.055719197,0.25205976,0.69222105
9118,B,B,0.017992834,0.9648282,0.017179005
9119,B,A,0.7703349,0.16391,0.065755054
9120,B,B,0.1894604,0.7462588,0.064280845
9121,A,A,0.8432849,0.032172866,0.124542154
9122,C,C,0.0838135,0.3087871,0.6073994
9123,C,C,0.034307554,0.024509635,0.9411828
9124,A,A,0.86281836,0.023592759,0.11358893
9125,A,A,0.73934263,0.054188166,0.20646916
9126,A,A,0.8877638,0.022265783,0.089970395
9127,C,C,0.09951252,0.0887736,0.81171393
9128,B,A,0.6602757,0.26880655,0.07091776
9129,B,B,0.021350777,0.96035534,0.01829382
9130,C,C,0.031997614,0.12667714,0.8413252
9131,C,C,0.0612788,0.035436574,0.9032846
9132,A,B,0.14808574,0.78420985,0.067704424
9133,A,A,0.94705194,0.02738276,0.025565268
9134,B,A,0.837387,0.11042609,0.05218698
9135,A,A,0.9570349,0.015732286,0.027232734
9136,B,B,0.105922304,0.8302365,0.06384122
9137,A,A,0.83797556,0.044416904,0.11760752
9138,C,C,0.077153176,0.09381093,0.8290359
9139,C,C,0.14770418,0.06318278,0.78911304
9140,C,C,0.057942603,0.13649574,0.8055616
9141,C,C,0.028669883,0.20438045,0.7669496
9142,C,C,0.25135332,0.048992023,0.69965464
9143,C,C,0.063605756,0.07340839,0.8629859
9144,B,B,0.083305046,0.63140446,0.28529048
9145,A,A,0.89511293,0.020670174,0.08421692
9146,B,B,0.23131865,0.60938317,0.15929818
9147,C,C,0.26609418,0.05665727,0.6772486
9148,B,B,0.02795452,0.91991943,0.052126102
9149,C,C,0.03409823,0.073575005,0.8923268
9150,B,B,0.047093183,0.50083905,0.4520678
9151,A,A,0.9035642,0.051209792,0.045225963
9152,A,A,0.9239372,0.026625572,0.049437147
9153,B,B,0.045144208,0.90832454,0.0465313
9154,A,A,0.5709352,0.13156927,0.29749554
9155,C,C,0.43167296,0.07214344,0.49618366
9156,B,B,0.040842764,0.92272526,0.036431942
9157,B,B,0.04514049,0.6393293,0.3155302
9158,A,A,0.9456008,0.022231858,0.032167345
9159,C,C,0.14892404,0.1038425,0.74723345
9160,C,A,0.56995153,0.061963428,0.3680851
9161,A,A,0.73255914,0.05822946,0.20921142
9162,A,B,0.20750554,0.66434085,0.12815364
9163,C,C,0.058810465,0.08285914,0.85833037
9164,A,A,0.8648194,0.05339677,0.08178385
9165,A,A,0.85110825,0.04561506,0.1032767
9166,C,C,0.112881735,0.041962877,0.84515536
9167,A,A,0.93793243,0.018208362,0.04385915
9168,A,A,0.62812436,0.12072721,0.25114843
9169,B,B,0.017940318,0.96405613,0.018003553
9170,C,C,0.117052756,0.10628522,0.776662
9171,C,C,0.19668895,0.055959944,0.7473511
9172,B,B,0.034668367,0.95305675,0.012274916
9173,A,A,0.7243193,0.22175284,0.05392793
9174,C,C,0.036192488,0.03815444,0.9256531
9175,B,B,0.3982906,0.5450043,0.056705132
9176,B,B,0.017851595,0.9360657,0.046082716
9177,B,B,0.25170392,0.40034086,0.34795514
9178,C,A,0.74152994,0.06290427,0.19556579
9179,B,B,0.048997745,0.8995102,0.05149208
9180,C,C,0.050107803,0.43347734,0.5164148
9181,C,C,0.030382976,0.05960553,0.91001153
9182,A,A,0.8501402,0.064845264,0.08501451
9183,A,A,0.8342592,0.051312514,0.11442833
9184,A,A,0.91162795,0.026651582,0.06172052
9185,A,C,0.4577229,0.055522572,0.4867546
9186,A,A,0.91891253,0.018641371,0.062446173
9187,B,B,0.070225894,0.80941164,0.12036243
9188,B,B,0.12892827,0.83500665,0.03606508
9189,A,A,0.83844495,0.042594567,0.118960544
9190,A,A,0.46535406,0.081946276,0.4526996
9191,B,B,0.06423545,0.88377887,0.051985677
9192,C,A,0.6130696,0.052451976,0.3344785
9193,C,C,0.34452796,0.06932955,0.5861424
9194,B,B,0.05031211,0.92442256,0.025265269
9195,C,C,0.11111434,0.30685803,0.5820276
9196,B,B,0.048412077,0.8104913,0.14109667
9197,B,B,0.10740518,0.84467626,0.04791865
9198,B,C,0.22633615,0.1793679,0.594296
9199,C,C,0.2135809,0.120184444,0.6662346
9200,C,A,0.5233015,0.069505766,0.40719268
9201,A,A,0.82936513,0.081878155,0.08875669
9202,B,B,0.03522027,0.93658406,0.028195651
9203,A,C,0.21983092,0.057028063,0.723141
9204,C,C,0.07750019,0.053398255,0.8691015
9205,C,C,0.15192512,0.17864284,0.66943204
9206,A,A,0.8056896,0.06273379,0.13157667
9207,B,B,0.055188324,0.8994976,0.045314047
9208,A,A,0.7852915,0.061706636,0.1530018
9209,C,C,0.22358413,0.020012878,0.75640297
9210,C,C,0.05029719,0.079865634,0.86983716
9211,A,A,0.48297504,0.42460868,0.09241623
9212,A,A,0.93752354,0.026517006,0.035959486
9213,A,A,0.7101736,0.041746482,0.24807991
9214,B,B,0.09950401,0.7374944,0.16300161
9215,C,C,0.31265804,0.15611675,0.53122514
9216,B,B,0.16140865,0.7941276,0.044463772
9217,B,B,0.068798035,0.80931187,0.12189015
9218,C,C,0.1373036,0.08687824,0.7758181
9219,C,C,0.052153308,0.12470721,0.8231395
9220,A,A,0.8515354,0.103550196,0.04491446
9221,A,A,0.6485284,0.21407689,0.13739474
9222,B,B,0.071933106,0.8807681,0.047298785
9223,A,A,0.63560736,0.17242543,0.19196719
9224,B,B,0.05633918,0.83000106,0.11365979
9225,B,B,0.011255745,0.97557384,0.013170454
9226,C,C,0.06871074,0.054806273,0.87648296
9227,A,C,0.45382625,0.040719472,0.50545424
9228,C,C,0.06580346,0.06487319,0.8693234
9229,C,C,0.20585273,0.08527488,0.7088723
9230,C,C,0.07407437,0.08416848,0.8417571
9231,C,A,0.74889547,0.054768447,0.19633609
9232,B,B,0.08592785,0.8665431,0.04752908
9233,C,A,0.44385436,0.13344002,0.4227056
9234,B,B,0.07134569,0.8725761,0.05607817
9235,A,A,0.6526404,0.10809196,0.23926772
9236,A,A,0.91436344,0.013673828,0.0719628
9237,C,C,0.1436062,0.070364594,0.7860293
9238,A,A,0.777261,0.16618037,0.05655855
9239,A,A,0.5869022,0.088356346,0.32474145
9240,B,B,0.054586966,0.9177061,0.027706906
9241,B,B,0.02263627,0.9540879,0.023275832
9242,B,B,0.019858284,0.84696966,0.133172
9243,C,C,0.36473066,0.031755574,0.60351384
9244,C,C,0.23268284,0.071349405,0.69596773
9245,B,B,0.026161084,0.758544,0.21529482
9246,A,A,0.83274364,0.042455412,0.124800965
9247,A,C,0.26118752,0.111673675,0.6271388
9248,C,C,0.038554855,0.048158012,0.9132871
9249,A,B,0.44640946,0.4554659,0.09812463
9250,B,B,0.01548689,0.84422934,0.14028375
9251,A,A,0.5823987,0.07692089,0.34068036
9252,C,C,0.061554365,0.040303312,0.89814234
9253,B,B,0.049199756,0.92578334,0.025016844
9254,C,C,0.11122563,0.055177167,0.83359724
9255,A,A,0.6679115,0.23438779,0.09770072
9256,B,B,0.2568662,0.698988,0.044145834
9257,A,A,0.90407926,0.024809537,0.07111123
9258,B,B,0.018383121,0.89138657,0.0902303
9259,C,B,0.084899634,0.52202976,0.39307058
9260,A,A,0.68040323,0.04473084,0.2748659
9261,C,C,0.3126083,0.18971092,0.49768075
9262,A,A,0.473509,0.089478746,0.43701226
9263,A,A,0.60110605,0.16932257,0.22957136
9264,B,B,0.1586747,0.7255039,0.11582134
9265,B,B,0.04882519,0.89055103,0.0606238
9266,C,C,0.040684797,0.16405752,0.7952577
9267,A,A,0.5468774,0.027974015,0.42514864
9268,A,A,0.5442441,0.11553743,0.34021842
9269,A,A,0.7667783,0.11275604,0.120465696
9270,C,A,0.46850064,0.06832772,0.46317163
9271,C,C,0.13228565,0.05870248,0.8090118
9272,A,A,0.91627973,0.017788978,0.065931335
9273,C,C,0.072613776,0.06255592,0.86483026
9274,A,A,0.7344171,0.04186656,0.22371642
9275,C,C,0.032869358,0.079613134,0.8875175
9276,A,B,0.20512575,0.76077974,0.034094453
9277,A,A,0.53641194,0.056661658,0.40692642
9278,B,B,0.06900782,0.6232244,0.3077678
9279,C,C,0.10259322,0.0255229,0.8718839
9280,B,B,0.042770166,0.8971725,0.060057364
9281,A,A,0.88213557,0.035726015,0.08213847
9282,C,C,0.19002756,0.09285115,0.7171213
9283,B,B,0.006799875,0.9130867,0.080113456
9284,C,C,0.17259996,0.07444278,0.7529573
9285,C,C,0.040496983,0.03858144,0.92092156
9286,A,C,0.2646851,0.050059766,0.6852551
9287,A,A,0.931393,0.019721737,0.04888523
9288,B,B,0.02069019,0.9283867,0.05092306
9289,C,C,0.059849594,0.06559404,0.87455636
9290,B,B,0.05587142,0.48266107,0.4614675
9291,B,B,0.06365088,0.64013857,0.2962106
9292,B,A,0.36120957,0.2903005,0.34849
9293,B,B,0.044216532,0.92145747,0.034325924
9294,C,C,0.2294497,0.036433265,0.73411703
9295,C,C,0.15813076,0.063317984,0.7785513
9296,C,C,0.110603474,0.11007279,0.77932376
9297,C,C,0.05132399,0.10123425,0.84744173
9298,A,A,0.80055,0.08954865,0.10990141
9299,C,C,0.06970683,0.065407045,0.8648861
9300,A,A,0.830067,0.07698248,0.09295059
9301,A,A,0.5473575,0.0746974,0.37794507
9302,A,C,0.33092946,0.2515449,0.41752565
9303,B,B,0.05217961,0.92063034,0.027189966
9304,A,A,0.48248646,0.40126336,0.11625024
9305,B,B,0.14809038,0.8101039,0.041805696
9306,A,A,0.8753316,0.025116492,0.099551916
9307,C,C,0.0624011,0.029507361,0.90809155
9308,C,C,0.43331718,0.12295603,0.44372675
9309,C,C,0.06602097,0.018752158,0.9152269
9310,B,B,0.12901002,0.80176353,0.06922647
9311,B,B,0.033843435,0.5474601,0.41869652
9312,B,B,0.27437082,0.50501555,0.2206137
9313,A,A,0.8318081,0.1043133,0.06387854
9314,C,C,0.38866416,0.051500455,0.5598354
9315,A,C,0.29320833,0.06728546,0.6395062
9316,B,B,0.07182762,0.5292683,0.39890397
9317,A,A,0.781125,0.03144364,0.18743132
9318,A,A,0.8672573,0.0516767,0.0810659
9319,C,A,0.6497597,0.043936104,0.3063043
9320,A,A,0.49396986,0.0559316,0.45009845
9321,A,A,0.9382057,0.019359976,0.042434275
9322,B,A,0.44890887,0.44753093,0.10356021
9323,B,B,0.07516613,0.77782995,0.14700398
9324,A,A,0.6024399,0.10714758,0.29041246
9325,B,B,0.05035313,0.61838454,0.33126232
9326,A,A,0.9413856,0.0246724,0.03394196
9327,A,A,0.8721805,0.033712827,0.0941066
9328,B,B,0.19735867,0.635293,0.16734828
9329,C,C,0.047244906,0.04224063,0.9105145
9330,B,B,0.2757365,0.57773536,0.14652814
9331,A,A,0.9007765,0.034964006,0.064259514
9332,B,B,0.055935394,0.78743035,0.15663429
9333,A,A,0.789529,0.038981427,0.1714895
9334,B,B,0.013385575,0.97011507,0.016499441
9335,C,C,0.13236637,0.2181839,0.64944977
9336,A,A,0.76891124,0.16025515,0.07083361
9337,C,C,0.03330166,0.09406549,0.8726329
9338,A,A,0.86958444,0.07396576,0.05644989
9339,B,B,0.05219512,0.87174225,0.07606263
9340,B,B,0.15444325,0.4255909,0.4199658
9341,B,B,0.059474777,0.89914316,0.041382086
9342,A,A,0.8077952,0.073259264,0.11894547
9343,A,A,0.50230014,0.0644829,0.43321693
9344,B,B,0.044999227,0.774861,0.18013978
9345,A,A,0.598982,0.08908731,0.31193072
9346,B,B,0.02384642,0.9413332,0.034820426
9347,B,B,0.022624398,0.86924475,0.1081308
9348,A,A,0.8183216,0.06832007,0.113358356
9349,A,A,0.6958247,0.035600662,0.2685746
9350,A,C,0.32100594,0.13396303,0.545031
9351,C,C,0.047430564,0.020159803,0.93240964
9352,A,A,0.9683159,0.01316212,0.01852192
9353,A,C,0.27459982,0.13555571,0.58984447
9354,A,A,0.8828019,0.026968973,0.09022914
9355,C,A,0.51141816,0.088917136,0.39966473
9356,B,B,0.24100587,0.6162719,0.14272231
9357,A,A,0.674021,0.07612491,0.24985409
9358,C,C,0.087158136,0.0713552,0.84148663
9359,A,A,0.9000844,0.023224618,0.076691054
9360,B,B,0.082182616,0.8504204,0.067397006
9361,A,A,0.65052724,0.060337488,0.2891353
9362,B,B,0.02587105,0.74454606,0.22958297
9363,C,C,0.032236774,0.077477016,0.8902862
9364,A,A,0.95208037,0.015282715,0.03263692
9365,B,B,0.17427993,0.574031,0.25168902
9366,B,B,0.0422293,0.94547564,0.012295006
9367,C,C,0.043597277,0.1087861,0.8476166
9368,B,B,0.060141586,0.87135214,0.06850624
9369,A,B,0.28842276,0.65839046,0.053186752
9370,A,C,0.33174923,0.066237554,0.6020132
9371,C,C,0.13365868,0.03823345,0.82810783
9372,B,B,0.12599716,0.8180336,0.055969235
9373,C,C,0.07910038,0.24743553,0.67346406
9374,C,C,0.031592112,0.075766,0.89264196
9375,A,A,0.85945773,0.057304107,0.08323821
9376,B,B,0.06617342,0.7469427,0.18688384
9377,C,C,0.20671701,0.055671953,0.737611
9378,A,A,0.6298617,0.045514304,0.32462403
9379,B,A,0.60419524,0.34782237,0.047982343
9380,A,A,0.84200054,0.06918707,0.08881241
9381,B,C,0.21794069,0.34987527,0.432184
9382,A,A,0.9029717,0.025903517,0.07112478
9383,B,B,0.18979049,0.56850475,0.24170475
9384,C,C,0.04478737,0.06139452,0.8938181
9385,C,B,0.3901911,0.46544912,0.14435978
9386,C,A,0.64513344,0.04765901,0.30720752
9387,A,A,0.5988948,0.26952055,0.13158466
9388,C,C,0.3045271,0.07469588,0.620777
9389,A,C,0.13594452,0.060207576,0.8038479
9390,C,C,0.034266077,0.09239589,0.873338
9391,A,A,0.9561542,0.007253526,0.036592275
9392,B,B,0.024524821,0.92661804,0.048857193
9393,C,C,0.11320585,0.044866707,0.8419274
9394,C,A,0.62401104,0.031302307,0.34468663
9395,B,A,0.52257586,0.2820924,0.19533174
9396,B,B,0.021569876,0.9609983,0.01743176
9397,A,A,0.94952434,0.011604904,0.038870707
9398,C,C,0.033382274,0.33193514,0.63468254
9399,B,B,0.10210629,0.8843181,0.0135756
9400,B,B,0.074082114,0.8391772,0.08674073
9401,A,A,0.85124886,0.041499257,0.10725192
9402,B,B,0.015199746,0.8552741,0.12952608
9403,C,C,0.05516516,0.042031057,0.9028038
9404,C,C,0.2396728,0.0580362,0.70229095
9405,B,B,0.056090992,0.9267174,0.017191663
9406,C,C,0.3495809,0.049424306,0.60099477
9407,C,C,0.27197477,0.06973785,0.65828735
9408,B,B,0.014905654,0.8527865,0.13230796
9409,B,B,0.25696144,0.6291761,0.11386249
9410,A,A,0.5376738,0.14592288,0.31640333
9411,B,B,0.38259816,0.58035326,0.037048608
9412,C,C,0.3758103,0.05450756,0.5696821
9413,A,C,0.26119688,0.036158066,0.70264506
9414,A,A,0.7955925,0.08245365,0.12195382
9415,A,A,0.58068895,0.13236243,0.2869486
9416,A,A,0.74444103,0.031302407,0.22425653
9417,C,C,0.07426751,0.047241256,0.8784912
9418,C,C,0.10679994,0.06345312,0.82974696
9419,C,C,0.15369415,0.11934376,0.7269621
9420,A,A,0.6190334,0.06771923,0.31324738
9421,C,C,0.042240936,0.11988176,0.8378773
9422,A,C,0.33001316,0.10553616,0.5644507
9423,C,C,0.20423369,0.095652595,0.7001137
9424,B,B,0.289154,0.46673867,0.2441073
9425,C,C,0.3047351,0.036109243,0.65915567
9426,B,B,0.04409327,0.92704535,0.028861405
9427,C,C,0.059686616,0.04372644,0.8965869
9428,C,C,0.051402505,0.06462542,0.883972
9429,A,A,0.8922176,0.072473474,0.035308994
9430,B,B,0.104030654,0.8609595,0.035009906
9431,B,B,0.028079772,0.8191955,0.1527248
9432,C,C,0.33415553,0.045236606,0.62060785
9433,A,A,0.7187016,0.141869,0.13942942
9434,B,B,0.3795842,0.5140787,0.106337234
9435,A,A,0.91329914,0.0313797,0.05532118
9436,C,C,0.071632005,0.05953214,0.8688358
9437,A,A,0.45237654,0.29029506,0.25732836
9438,B,B,0.011657261,0.9285249,0.059817746
9439,A,A,0.7448484,0.038299534,0.21685208
9440,C,C,0.086722076,0.071960084,0.8413179
9441,A,A,0.8900478,0.030713249,0.079238944
9442,A,A,0.84211624,0.09662106,0.061262686
9443,B,B,0.038637456,0.94244,0.018922638
9444,C,A,0.53315145,0.10213626,0.36471233
9445,A,A,0.91280085,0.04601692,0.041182157
9446,B,B,0.052907124,0.8128193,0.13427356
9447,B,B,0.062963635,0.9089082,0.02812816
9448,B,B,0.065140426,0.54342467,0.3914349
9449,B,B,0.022649411,0.6393067,0.33804396
9450,A,A,0.7821966,0.09552837,0.12227502
9451,A,A,0.9092662,0.038476717,0.05225707
9452,C,C,0.27628064,0.071370386,0.65234894
9453,A,A,0.9058156,0.0554385,0.03874585
9454,B,B,0.03681328,0.5401526,0.4230341
9455,C,C,0.41943932,0.056038696,0.524522
9456,B,B,0.07547641,0.65604067,0.26848298
9457,C,C,0.13771175,0.057726778,0.80456144
9458,A,A,0.94644886,0.022492943,0.031058235
9459,B,B,0.10757577,0.70519185,0.18723243
9460,A,A,0.9513054,0.020115376,0.02857926
9461,A,A,0.52794063,0.047926083,0.42413324
9462,C,C,0.022366581,0.08763742,0.889996
9463,A,A,0.643124,0.08078462,0.27609134
9464,B,B,0.30352315,0.48706684,0.20940997
9465,B,B,0.12181454,0.70709866,0.17108679
9466,A,A,0.8497329,0.026894255,0.123372845
9467,A,C,0.37561008,0.17089473,0.45349514
9468,B,B,0.24345402,0.5752816,0.18126433
9469,A,A,0.9429346,0.0162091,0.04085632
9470,C,C,0.04885081,0.017528737,0.93362045
9471,A,A,0.6455268,0.07645206,0.27802113
9472,A,A,0.9089648,0.032781366,0.05825388
9473,C,C,0.11590269,0.037568647,0.84652865
9474,B,B,0.07299719,0.84549516,0.08150764
9475,A,A,0.95474935,0.012342725,0.032907862
9476,A,A,0.76931036,0.03779986,0.19288974
9477,A,A,0.815292,0.09202916,0.09267883
9478,A,C,0.20983951,0.061101485,0.729059
9479,B,B,0.04746203,0.82208693,0.1304511
9480,B,B,0.019329835,0.8766678,0.10400238
9481,B,B,0.070652924,0.8552189,0.074128136
9482,C,C,0.29121664,0.039669167,0.66911423
9483,B,B,0.03462934,0.71114147,0.2542291
9484,A,A,0.8428553,0.05793435,0.09921038
9485,C,C,0.21122009,0.04660147,0.7421785
9486,A,A,0.6393979,0.18469125,0.17591083
9487,C,C,0.23664913,0.060068768,0.70328206
9488,B,B,0.02941132,0.7927403,0.17784847
9489,A,A,0.93508905,0.008398606,0.056512363
9490,C,C,0.19815576,0.14528617,0.65655804
9491,C,C,0.08191743,0.0565348,0.86154777
9492,A,A,0.52157027,0.1134032,0.36502653
9493,C,C,0.049305104,0.046892114,0.9038028
9494,A,A,0.82621014,0.097589076,0.07620087
9495,C,C,0.0826593,0.038689055,0.8786517
9496,C,C,0.036816824,0.025821434,0.9373618
9497,A,A,0.6821322,0.09372857,0.2241392
9498,B,B,0.037483495,0.84300196,0.11951448
9499,A,A,0.78386647,0.080834076,0.13529946
9500,C,C,0.05472391,0.071286805,0.87398934
9501,A,A,0.89255416,0.025754634,0.08169115
9502,C,C,0.15640773,0.061390154,0.7822021
9503,A,A,0.9046568,0.04836979,0.046973433
9504,B,B,0.020185513,0.92532605,0.054488476
9505,C,C,0.07195711,0.07060653,0.8574363
9506,C,C,0.21701436,0.08668311,0.69630253
9507,A,A,0.4363917,0.12816307,0.43544513
9508,A,A,0.96953493,0.014380276,0.016084822
9509,A,A,0.88469815,0.015476958,0.09982489
9510,C,C,0.20320989,0.05713551,0.73965454
9511,B,B,0.0808708,0.8142599,0.10486935
9512,A,A,0.7791449,0.10377013,0.117085
9513,A,A,0.7092631,0.11367567,0.1770612
9514,A,A,0.60335904,0.23706445,0.1595765
9515,B,C,0.1715776,0.24167037,0.586752
9516,B,C,0.32229456,0.099642955,0.5780624
9517,A,A,0.91851354,0.020134406,0.061351974
9518,B,B,0.031013899,0.9078352,0.06115089
9519,A,A,0.50900006,0.0486115,0.44238847
9520,B,B,0.023603506,0.7278342,0.24856229
9521,C,C,0.1009745,0.09164216,0.80738336
9522,C,C,0.09689371,0.04510811,0.8579982
9523,A,A,0.8422877,0.04435543,0.113356836
9524,C,C,0.19175519,0.10970461,0.6985402
9525,A,A,0.8683479,0.05316458,0.07848751
9526,A,A,0.6521669,0.051310252,0.29652283
9527,A,A,0.8994536,0.049578905,0.050967522
9528,C,C,0.053163856,0.014788825,0.93204737
9529,C,C,0.034628354,0.15486674,0.810505
9530,A,A,0.8880937,0.030639712,0.08126656
9531,B,B,0.19947034,0.6925065,0.1080232
9532,A,A,0.8753616,0.034903716,0.08973465
9533,A,A,0.8073059,0.10459766,0.08809652
9534,A,A,0.8421166,0.09109998,0.066783436
9535,C,C,0.044961393,0.07747327,0.87756526
9536,C,C,0.31472668,0.04486707,0.6404062
9537,C,C,0.2308425,0.07597277,0.69318473
9538,C,C,0.042477246,0.05024746,0.9072754
9539,C,C,0.37867758,0.032614283,0.5887081
9540,C,C,0.04163572,0.0497615,0.9086028
9541,A,A,0.8851923,0.033565216,0.08124248
9542,A,A,0.9132537,0.027115565,0.059630614
9543,B,C,0.21533112,0.22779705,0.55687183
9544,C,C,0.06418232,0.061911624,0.8739061
9545,C,C,0.38939798,0.11671989,0.49388215
9546,C,C,0.070182875,0.066912904,0.86290425
9547,C,C,0.2042912,0.03052918,0.76517963
9548,C,C,0.12966369,0.0541017,0.8162346
9549,A,B,0.017922364,0.91668427,0.06539338
9550,C,C,0.39125112,0.13172518,0.47702366
9551,C,C,0.26158595,0.07825313,0.6601609
9552,A,C,0.26755014,0.087448366,0.6450015
9553,B,B,0.034547538,0.586777,0.37867555
9554,A,C,0.26147914,0.31845847,0.4200624
9555,B,B,0.13263446,0.5773543,0.29001126
9556,A,A,0.818424,0.10558908,0.0759869
9557,A,A,0.6799563,0.23539335,0.08465034
9558,C,C,0.25332287,0.06569142,0.6809857
9559,A,C,0.30934748,0.23554516,0.45510742
9560,B,B,0.12511978,0.59529245,0.2795878
9561,C,C,0.11766694,0.045319702,0.83701336
9562,A,A,0.8601174,0.028671946,0.111210614
9563,B,B,0.017772041,0.96670836,0.015519549
9564,B,A,0.65724856,0.21481411,0.12793733
9565,C,C,0.16751748,0.05400102,0.7784815
9566,C,B,0.039676927,0.634811,0.32551217
9567,A,A,0.8643381,0.07966068,0.0560012
9568,B,B,0.02859014,0.93409705,0.037312873
9569,A,A,0.60736525,0.12075818,0.2718766
9570,B,B,0.024310498,0.9214685,0.054220963
9571,A,A,0.6453447,0.09216295,0.26249236
9572,C,C,0.28192648,0.07772868,0.6403448
9573,B,B,0.064097576,0.88897836,0.046924047
9574,B,B,0.1015069,0.8507074,0.047785677
9575,B,B,0.103806496,0.871073,0.025120549
9576,A,A,0.51999015,0.0914389,0.38857096
9577,C,C,0.3866585,0.060495,0.5528465
9578,A,A,0.8539288,0.06103493,0.085036285
9579,C,C,0.08799625,0.048581477,0.8634222
9580,A,A,0.9611173,0.01349963,0.025383119
9581,A,A,0.5626516,0.11343513,0.3239133
9582,C,A,0.8256348,0.022530477,0.15183468
9583,C,C,0.4665269,0.026734471,0.50673854
9584,B,B,0.17709117,0.65478116,0.16812763
9585,C,C,0.07868136,0.0620035,0.85931516
9586,B,B,0.01384769,0.9545262,0.031626146
9587,C,B,0.22310743,0.65435296,0.12253964
9588,A,B,0.22301635,0.6166697,0.16031392
9589,C,C,0.2050924,0.1480852,0.6468224
9590,B,A,0.6229743,0.049185324,0.32784033
9591,A,A,0.9070847,0.023630487,0.06928474
9592,A,A,0.89478713,0.04837367,0.056839205
9593,A,A,0.9188908,0.016533054,0.064576246
9594,C,C,0.057650797,0.05395347,0.8883957
9595,A,A,0.617558,0.04698355,0.33545837
9596,A,A,0.7835077,0.022289595,0.19420266
9597,A,A,0.8147283,0.03641394,0.14885779
9598,A,A,0.45397922,0.43942788,0.10659296
9599,A,A,0.92135316,0.014679928,0.0639669
9600,B,B,0.2983419,0.60985273,0.091805324
9601,C,C,0.08603065,0.26354048,0.65042883
9602,A,A,0.8066467,0.08443787,0.108915426
9603,C,C,0.05626975,0.04104359,0.9026867
9604,A,A,0.8740929,0.025371289,0.100535944
9605,B,B,0.0603842,0.7661956,0.17342024
9606,C,C,0.20556109,0.048519287,0.74591964
9607,C,C,0.2016728,0.2281156,0.57021165
9608,B,B,0.1388828,0.804218,0.05689914
9609,A,A,0.753628,0.02176634,0.22460571
9610,B,B,0.06583339,0.6935266,0.24064001
9611,C,C,0.4286942,0.04528417,0.5260217
9612,C,C,0.09228021,0.056222133,0.85149765
9613,B,B,0.06350546,0.9021002,0.034394357
9614,A,A,0.8260379,0.035083447,0.1388786
9615,B,B,0.0331905,0.9078236,0.058985908
9616,B,A,0.55342877,0.31519723,0.13137403
9617,A,A,0.7586565,0.036196746,0.20514682
9618,B,B,0.28494874,0.6342786,0.08077267
9619,C,A,0.54429907,0.041774448,0.4139265
9620,B,B,0.020036504,0.9265307,0.053432804
9621,B,A,0.5832959,0.04768808,0.36901602
9622,B,B,0.0705522,0.8383801,0.09106767
9623,B,C,0.03935751,0.35043737,0.6102052
9624,A,A,0.9353059,0.01037809,0.054316025
9625,B,B,0.025167925,0.94714653,0.027685564
9626,B,C,0.1071617,0.44471967,0.4481186
9627,C,C,0.06703655,0.1680352,0.7649283
9628,C,C,0.2539611,0.054267164,0.69177175
9629,C,C,0.0797738,0.037828635,0.8823976
9630,A,A,0.9530496,0.012439667,0.034510724
9631,B,B,0.133805,0.6219937,0.24420133
9632,C,C,0.057027604,0.22962561,0.7133468
9633,C,C,0.09409622,0.04348122,0.8624225
9634,C,C,0.16077344,0.09925812,0.7399685
9635,A,A,0.94708097,0.021772921,0.031146094
9636,C,A,0.6242426,0.07676345,0.29899392
9637,C,C,0.23211421,0.0816044,0.6862814
9638,C,A,0.50070477,0.02386652,0.47542873
9639,B,B,0.30115685,0.56078506,0.1380581
9640,C,C,0.19846717,0.030840699,0.77069217
9641,A,C,0.24733867,0.25761876,0.49504262
9642,C,C,0.37002644,0.029295944,0.60067767
9643,B,B,0.048184864,0.8142569,0.13755833
9644,A,A,0.874756,0.06364127,0.061602756
9645,B,B,0.30422685,0.5662587,0.12951443
9646,C,C,0.3626084,0.2036115,0.4337801
9647,B,A,0.788097,0.13026491,0.08163806
9648,A,A,0.7099564,0.069719896,0.22032367
9649,A,A,0.8903774,0.022549862,0.087072805
9650,A,A,0.910403,0.03987887,0.04971812
9651,A,A,0.5905109,0.05232552,0.35716358
9652,B,C,0.2477519,0.36403283,0.38821524
9653,C,C,0.14653322,0.07373671,0.77973014
9654,A,B,0.23277289,0.70346045,0.06376677
9655,C,C,0.39851335,0.08741298,0.51407367
9656,C,C,0.037928026,0.118567295,0.8435046
9657,C,C,0.13445845,0.066403,0.7991385
9658,C,C,0.1083323,0.16655421,0.7251136
9659,C,C,0.41888696,0.073963866,0.50714916
9660,A,A,0.84967744,0.042892847,0.1074297
9661,A,A,0.94017446,0.03323991,0.026585618
9662,C,C,0.07110393,0.16679901,0.76209706
9663,C,C,0.3505506,0.031691,0.6177584
9664,B,B,0.017990964,0.92944,0.052569054
9665,A,A,0.8407254,0.04914907,0.11012542
9666,A,A,0.8953374,0.015676182,0.08898631
9667,B,B,0.064042024,0.7661845,0.16977343
9668,C,C,0.11650778,0.047902342,0.8355899
9669,B,B,0.014634946,0.91198623,0.07337882
9670,C,C,0.37778592,0.04466015,0.577554
9671,C,C,0.29080376,0.10107325,0.60812294
9672,C,C,0.23634596,0.06638921,0.6972648
9673,A,A,0.81430054,0.023506131,0.16219334
9674,B,B,0.048685372,0.9199318,0.03138277
9675,A,C,0.41017917,0.109987274,0.47983357
9676,B,B,0.01772702,0.8722375,0.110035434
9677,B,B,0.21505487,0.5218303,0.26311475
9678,C,A,0.5182515,0.050900996,0.4308476
9679,A,A,0.80258536,0.042785734,0.15462887
9680,B,B,0.042798396,0.6839582,0.27324343
9681,B,B,0.013330637,0.8862145,0.1004549
9682,B,B,0.10829091,0.81863797,0.07307115
9683,B,B,0.22483571,0.6700816,0.105082616
9684,C,C,0.10491375,0.023058996,0.87202734
9685,A,A,0.5933747,0.35623777,0.050387476
9686,A,A,0.8174926,0.053944737,0.12856261
9687,A,A,0.50364727,0.18592195,0.31043082
9688,C,C,0.16805562,0.11852683,0.7134176
9689,C,C,0.16217493,0.038359247,0.79946584
9690,A,A,0.52653146,0.20015988,0.27330863
9691,B,B,0.051511053,0.5211719,0.42731696
9692,B,B,0.06491579,0.76422596,0.17085828
9693,A,A,0.8438837,0.061568778,0.094547585
9694,C,C,0.2904959,0.03662753,0.67287654
9695,A,B,0.07008359,0.8748235,0.05509285
9696,A,A,0.8376918,0.030119926,0.1321882
9697,B,B,0.016464187,0.92006624,0.063469686
9698,A,A,0.9050008,0.02695471,0.068044506
9699,A,A,0.89948964,0.029543122,0.07096726
9700,A,A,0.78274846,0.04960494,0.16764665
9701,C,C,0.21687195,0.094832405,0.6882957
9702,A,A,0.8671674,0.09123507,0.041597567
9703,A,A,0.8805707,0.051556606,0.06787277
9704,A,A,0.8452073,0.035897464,0.11889523
9705,C,C,0.13442206,0.09318356,0.7723944
9706,C,C,0.22047874,0.07009948,0.70942175
9707,A,A,0.8512743,0.039064582,0.10966115
9708,B,B,0.03463012,0.86252785,0.10284204
9709,C,C,0.11278779,0.20192423,0.68528795
9710,A,A,0.8679319,0.07510644,0.056961603
9711,C,C,0.06152956,0.05077019,0.8877003
9712,B,B,0.045600284,0.9030769,0.05132286
9713,B,B,0.02495236,0.9340178,0.041029856
9714,A,A,0.77899915,0.05325139,0.16774943
9715,C,C,0.43042207,0.10982876,0.45974922
9716,B,B,0.24675873,0.71008825,0.04315292
9717,B,B,0.12057371,0.6217042,0.25772202
9718,C,C,0.058874402,0.07137989,0.8697456
9719,B,B,0.1775167,0.78954226,0.032941006
9720,C,C,0.06653515,0.06149807,0.8719668
9721,B,B,0.06283902,0.82806754,0.10909346
9722,C,B,0.04064392,0.65694374,0.30241236
9723,B,B,0.1744932,0.5576128,0.26789403
9724,B,B,0.05702473,0.91907036,0.023904994
9725,B,B,0.049267445,0.86552656,0.08520594
9726,B,B,0.0585054,0.65876037,0.2827342
9727,A,C,0.44012818,0.08392766,0.4759442
9728,B,B,0.19403201,0.63244075,0.17352723
9729,C,A,0.46414143,0.078877434,0.45698118
9730,A,A,0.6722188,0.10025518,0.22752607
9731,C,C,0.27921864,0.06220823,0.6585731
9732,C,C,0.041862786,0.029876713,0.92826045
9733,B,B,0.10942734,0.8208358,0.069736816
9734,B,B,0.046734918,0.9216226,0.031642538
9735,C,C,0.124615505,0.09523037,0.7801541
9736,A,A,0.6391397,0.20107499,0.1597852
9737,A,A,0.7849398,0.11193168,0.10312846
9738,C,C,0.048890036,0.07467419,0.8764358
9739,C,C,0.07374164,0.05329008,0.87296826
9740,A,A,0.848618,0.048568923,0.10281315
9741,A,B,0.13893682,0.71504915,0.14601403
9742,B,B,0.048973303,0.7465244,0.20450236
9743,A,A,0.7139496,0.12371254,0.16233785
9744,A,A,0.7393512,0.071606286,0.1890425
9745,C,C,0.13974611,0.049785934,0.810468
9746,B,B,0.031523157,0.8972694,0.07120744
9747,C,C,0.16948101,0.09567557,0.73484343
9748,A,A,0.90674114,0.040483307,0.05277557
9749,A,C,0.33943692,0.1105604,0.5500027
9750,B,B,0.02539233,0.6955419,0.27906573
9751,A,A,0.7225855,0.066477455,0.21093704
9752,C,C,0.058727253,0.06195907,0.8793137
9753,A,A,0.8713857,0.055878136,0.07273612
9754,C,C,0.2444615,0.03916163,0.71637684
9755,B,B,0.20058377,0.6588682,0.14054799
9756,C,A,0.5131691,0.043126795,0.44370413
9757,C,C,0.021929687,0.047121014,0.9309493
9758,A,A,0.6929342,0.12936112,0.17770468
9759,C,C,0.35168937,0.057424664,0.59088594
9760,B,B,0.15755221,0.77168834,0.07075945
9761,C,C,0.107031055,0.045576777,0.8473922
9762,C,C,0.35669526,0.031105852,0.6121989
9763,B,C,0.06670452,0.39006326,0.54323226
9764,B,B,0.08754271,0.56845737,0.34399995
9765,A,A,0.746804,0.07308305,0.18011296
9766,C,C,0.06905059,0.07082205,0.8601274
9767,A,A,0.7277283,0.15364628,0.11862543
9768,C,C,0.029222822,0.033947263,0.93682986
9769,C,C,0.023009937,0.04875391,0.9282362
9770,A,A,0.7948858,0.05800603,0.14710811
9771,A,A,0.9046943,0.040496647,0.054808952
9772,C,A,0.78624415,0.108103335,0.105652444
9773,A,A,0.92039835,0.036283817,0.04331779
9774,A,A,0.71264607,0.06479734,0.22255658
9775,A,A,0.70688784,0.09488921,0.19822302
9776,B,B,0.028245142,0.94075596,0.030998854
9777,A,A,0.94911253,0.025138205,0.025749236
9778,B,B,0.2072131,0.7342742,0.058512665
9779,B,C,0.1674033,0.18081252,0.6517841
9780,A,A,0.93024385,0.023915667,0.045840483
9781,A,A,0.75819963,0.0620383,0.17976205
9782,C,C,0.028440807,0.1111279,0.8604313
9783,A,A,0.7579738,0.09764176,0.14438443
9784,C,C,0.03403068,0.043168686,0.9228006
9785,A,C,0.27096707,0.06617776,0.6628552
9786,A,A,0.7976419,0.037522092,0.16483608
9787,C,C,0.063276075,0.10705322,0.8296707
9788,C,C,0.2624976,0.064197056,0.6733054
9789,A,A,0.5328397,0.10666361,0.3604966
9790,A,A,0.8807718,0.019973695,0.09925449
9791,B,B,0.35928753,0.36176094,0.2789515
9792,B,B,0.10554387,0.75646925,0.13798684
9793,C,C,0.057143245,0.070443705,0.8724131
9794,C,C,0.09334061,0.12646234,0.7801971
9795,C,B,0.19094448,0.40557182,0.40348375
9796,A,A,0.5265793,0.4329309,0.04048974
9797,C,C,0.15180053,0.027928585,0.8202709
9798,B,B,0.3453732,0.5980151,0.056611698
9799,A,A,0.7482475,0.039091315,0.2126612
9800,C,C,0.2181309,0.22565004,0.55621904
9801,A,A,0.88141924,0.0415753,0.077005476
9802,C,C,0.018967228,0.1120178,0.8690149
9803,C,C,0.06323164,0.07657277,0.8601955
9804,A,A,0.7160975,0.042037282,0.24186522
9805,C,C,0.15574439,0.071060345,0.77319527
9806,B,B,0.116062604,0.72117317,0.16276412
9807,A,A,0.8691484,0.029418966,0.10143264
9808,C,C,0.14697516,0.042025384,0.81099945
9809,A,A,0.43743697,0.14650626,0.41605672
9810,C,C,0.23815742,0.20378967,0.5580529
9811,C,C,0.13356465,0.03752828,0.82890713
9812,B,B,0.23979849,0.51673186,0.2434697
9813,A,A,0.7771769,0.017150404,0.20567276
9814,C,C,0.049005046,0.06399837,0.8869966
9815,C,C,0.07880752,0.07345895,0.8477335
9816,A,A,0.8549017,0.06861785,0.0764805
9817,A,A,0.93102896,0.025967779,0.043003235
9818,B,B,0.051754177,0.7597172,0.18852854
9819,C,C,0.12725389,0.10561373,0.7671324
9820,A,A,0.48657086,0.078538224,0.4348909
9821,B,B,0.08613557,0.8598655,0.053998902
9822,B,B,0.23446412,0.6967719,0.068763934
9823,A,A,0.86177284,0.01602968,0.122197434
9824,B,B,0.06385843,0.91707504,0.019066537
9825,C,C,0.05674696,0.043653224,0.8995998
9826,C,C,0.1656751,0.24078369,0.5935412
9827,B,B,0.06947927,0.8573471,0.07317353
9828,B,B,0.094187364,0.8406008,0.0652119
9829,C,A,0.48494485,0.04392115,0.471134
9830,C,C,0.06419147,0.31363356,0.622175
9831,A,A,0.702381,0.06803426,0.22958471
9832,A,A,0.69923365,0.12780465,0.17296177
9833,C,C,0.11506111,0.027754022,0.8571848
9834,B,B,0.13893019,0.614431,0.24663882
9835,C,C,0.08251637,0.0381748,0.8793088
9836,B,B,0.16261955,0.69043756,0.14694293
9837,C,C,0.049244247,0.08293003,0.8678257
9838,B,B,0.12797205,0.70203125,0.16999663
9839,A,C,0.28017348,0.0506872,0.6691393
9840,B,B,0.023940068,0.80153483,0.17452511
9841,B,B,0.034370814,0.77514297,0.19048627
9842,C,C,0.34565237,0.068221465,0.5861262
9843,A,A,0.72320735,0.0679764,0.20881623
9844,B,B,0.085833415,0.8834781,0.030688424
9845,A,A,0.9235534,0.02457824,0.051868368
9846,C,C,0.087156914,0.06675568,0.8460874
9847,A,A,0.8314133,0.035804383,0.13278234
9848,A,A,0.5424611,0.32040516,0.13713378
9849,A,A,0.6273413,0.06378558,0.3088732
9850,C,A,0.5210406,0.062042277,0.41691712
9851,B,B,0.048210822,0.9373275,0.014461578
9852,C,C,0.07248984,0.068409756,0.85910034
9853,C,C,0.069612265,0.03993604,0.8904517
9854,A,A,0.7543718,0.07406058,0.17156762
9855,B,B,0.03152218,0.9235528,0.04492507
9856,A,C,0.22611105,0.078757554,0.6951314
9857,C,C,0.052806377,0.017119512,0.9300741
9858,C,C,0.13655964,0.06938495,0.7940554
9859,A,A,0.9542786,0.017586254,0.028135208
9860,C,C,0.28850242,0.046139922,0.66535765
9861,C,C,0.07507711,0.10575223,0.81917065
9862,A,A,0.5697791,0.07696036,0.35326058
9863,B,B,0.069283664,0.8770283,0.053688023
9864,A,C,0.41571745,0.030648096,0.5536345
9865,B,B,0.06589232,0.88457716,0.049530532
9866,B,B,0.17169249,0.66417277,0.16413468
9867,C,C,0.100583665,0.03135163,0.86806464
9868,A,A,0.7030933,0.07983512,0.21707164
9869,A,A,0.45888847,0.334739,0.20637253
9870,B,B,0.1657869,0.75963855,0.07457458
9871,B,C,0.09857723,0.12342494,0.77799785
9872,C,C,0.103169546,0.132363,0.7644674
9873,C,C,0.05463697,0.10168406,0.84367895
9874,C,C,0.30808955,0.11547052,0.5764399
9875,C,C,0.027977321,0.075801484,0.8962212
9876,C,C,0.035617635,0.040789496,0.92359287
9877,C,C,0.18951,0.09201964,0.71847034
9878,B,B,0.19369635,0.5417471,0.26455662
9879,C,C,0.17977887,0.051472764,0.76874834
9880,B,B,0.040721517,0.950697,0.008581455
9881,C,C,0.028457882,0.08192172,0.8896204
9882,C,C,0.16374664,0.34859616,0.48765725
9883,B,C,0.05802628,0.3088599,0.63311374
9884,B,B,0.056797523,0.6224023,0.3208001
9885,B,B,0.20009343,0.7193734,0.0805332
9886,B,B,0.011338263,0.9713246,0.017337097
9887,B,B,0.024847932,0.9016412,0.07351093
9888,B,B,0.14138092,0.76730233,0.0913167
9889,C,A,0.5938965,0.10082288,0.3052805
9890,B,B,0.13006887,0.8179161,0.052015066
9891,B,B,0.078098066,0.7168664,0.20503557
9892,B,B,0.020202193,0.919358,0.060439773
9893,C,C,0.03401854,0.056013282,0.9099682
9894,C,C,0.12008942,0.054149054,0.8257615
9895,C,C,0.05566986,0.03517269,0.9091574
9896,B,B,0.04948028,0.80403674,0.14648287
9897,B,C,0.08613056,0.44950527,0.46436417
9898,A,C,0.09340419,0.10478626,0.8018096
9899,C,C,0.02561046,0.046287443,0.9281021
9900,B,C,0.06220217,0.3260054,0.6117924
9901,A,A,0.7653854,0.06701762,0.16759692
9902,C,A,0.81147295,0.016806198,0.17172083
9903,B,B,0.26471356,0.6155433,0.119743116
9904,C,C,0.28855047,0.041165844,0.67028373
9905,B,B,0.1017334,0.83336204,0.064904526
9906,A,A,0.6799519,0.035784535,0.28426355
9907,C,C,0.10409837,0.11798473,0.7779169
9908,A,A,0.8839004,0.027758518,0.088341035
9909,B,B,0.0426642,0.9029829,0.05435292
9910,A,A,0.8954924,0.010205624,0.09430201
9911,A,A,0.69716376,0.09949384,0.20334238
9912,A,A,0.7784335,0.080504425,0.1410621
9913,A,A,0.8516883,0.033988852,0.11432285
9914,A,A,0.71293277,0.058436047,0.2286312
9915,C,C,0.21986732,0.06869967,0.71143305
9916,C,C,0.15991227,0.03226554,0.80782217
9917,A,A,0.6719255,0.2270516,0.10102298
9918,C,C,0.079606876,0.18760113,0.73279196
9919,A,A,0.7769143,0.03183239,0.19125332
9920,B,B,0.14395195,0.7607566,0.09529144
9921,A,A,0.568195,0.07317596,0.35862908
9922,A,A,0.5614347,0.08122625,0.35733902
9923,C,C,0.023943294,0.05228184,0.92377484
9924,C,C,0.23435894,0.0842883,0.68135273
9925,C,C,0.22237487,0.14085028,0.63677484
9926,A,A,0.7362851,0.09490879,0.16880618
9927,A,A,0.6474548,0.05886031,0.29368496
9928,C,C,0.14620396,0.07901324,0.77478284
9929,B,B,0.047232594,0.82625383,0.12651357
9930,B,B,0.04675733,0.7344188,0.21882382
9931,A,A,0.85810727,0.07669931,0.065193415
9932,B,B,0.20301881,0.7619834,0.03499779
9933,A,A,0.8952193,0.033545922,0.07123482
9934,B,B,0.3321506,0.45089242,0.21695696
9935,C,C,0.027552499,0.091549546,0.88089794
9936,A,A,0.9479614,0.01975186,0.032286752
9937,C,C,0.07555692,0.2896558,0.63478726
9938,B,B,0.055743564,0.57904357,0.3652129
9939,A,A,0.7711368,0.13561675,0.09324649
9940,B,A,0.47341436,0.4287643,0.09782131
9941,A,A,0.8250972,0.07993494,0.09496779
9942,B,C,0.03764181,0.31457496,0.6477833
9943,C,C,0.03069985,0.40775907,0.5615411
9944,C,C,0.43467098,0.038160816,0.5271682
9945,C,C,0.23461291,0.05562594,0.7097612
9946,C,C,0.13643014,0.047346715,0.8162232
9947,C,A,0.4752328,0.0700632,0.454704
9948,B,B,0.35484794,0.3901205,0.25503156
9949,A,A,0.8382565,0.018269196,0.14347425
9950,C,C,0.076296695,0.06882644,0.85487694
9951,C,C,0.19696505,0.020611351,0.78242356
9952,A,A,0.81121737,0.012015742,0.17676692
9953,C,C,0.16285819,0.18104355,0.65609825
9954,A,C,0.380938,0.10137098,0.517691
9955,A,A,0.6622044,0.07541171,0.26238394
9956,C,B,0.04131357,0.7143856,0.2443008
9957,A,A,0.697004,0.044995945,0.25800002
9958,C,A,0.6692241,0.067898065,0.2628779
9959,B,B,0.043519724,0.8048087,0.1516715
9960,B,B,0.052841313,0.8744824,0.07267632
9961,A,A,0.9116746,0.03199392,0.056331463
9962,B,B,0.018964507,0.79150087,0.18953457
9963,A,A,0.7386316,0.14234093,0.11902752
9964,B,B,0.08675705,0.794029,0.119214
9965,A,B,0.30697015,0.44601107,0.24701889
9966,B,B,0.13321611,0.78326714,0.0835167
9967,C,C,0.090437464,0.081362195,0.8282004
9968,C,C,0.32576564,0.1553014,0.518933
9969,C,C,0.042592328,0.026232542,0.93117505
9970,C,C,0.019884378,0.041241355,0.9388743
9971,B,B,0.0767502,0.839643,0.08360679
9972,A,A,0.82103425,0.0324588,0.14650692
9973,B,B,0.02720542,0.8664607,0.10633392
9974,B,B,0.04267044,0.92589504,0.031434573
9975,C,C,0.18776312,0.11002606,0.7022108
9976,B,C,0.056874152,0.41407868,0.52904713
9977,C,C,0.18371537,0.06645121,0.74983346
9978,B,B,0.016991977,0.829152,0.15385602
9979,A,A,0.8817819,0.07353324,0.044684805
9980,C,C,0.055850673,0.079069406,0.8650799
9981,C,C,0.035261106,0.02866589,0.936073
9982,C,C,0.088788375,0.23439255,0.6768191
9983,A,C,0.3838608,0.053896945,0.5622423
9984,B,B,0.0919049,0.8548366,0.05325857
9985,A,A,0.83014065,0.06530094,0.10455842
9986,B,B,0.12272156,0.5282387,0.34903967
9987,A,A,0.928399,0.028333817,0.043267123
9988,C,C,0.09560814,0.06468793,0.8397039
9989,C,C,0.07573961,0.044977337,0.879283
9990,C,C,0.06961311,0.11322282,0.817164
9991,C,C,0.36281276,0.1293769,0.50781035
9992,C,C,0.18801786,0.057600677,0.7543815
9993,A,A,0.70688224,0.07133844,0.2217793
9994,B,B,0.35977253,0.6042095,0.036018007
9995,A,A,0.94274455,0.019252416,0.03800305
9996,B,B,0.025496855,0.88513327,0.08936997
9997,B,B,0.44373578,0.4640658,0.09219846
9998,A,A,0.89569247,0.012543811,0.09176372
9999,B,A,0.55105597,0.17071226,0.27823186
10000,B,B,0.04091117,0.9073034,0.05178548
10001,B,B,0.056701344,0.57299954,0.37029907
10002,B,B,0.19561967,0.741754,0.06262633
10003,C,C,0.2517198,0.17696562,0.5713145
10004,A,A,0.5347694,0.11684401,0.3483866
10005,B,B,0.072433636,0.86558753,0.06197878
10006,C,C,0.22264858,0.03840902,0.7389424
10007,C,C,0.051712777,0.04331811,0.90496916
10008,C,C,0.067708015,0.04129418,0.8909978
10009,B,B,0.016510133,0.69538635,0.28810346
10010,A,A,0.59029925,0.06481962,0.34488112
10011,A,A,0.931338,0.019171847,0.049490128
10012,C,C,0.050625175,0.06475248,0.88462234
10013,B,C,0.18629734,0.38756716,0.42613548
10014,C,C,0.05452945,0.16073637,0.78473413
10015,C,C,0.09515609,0.33236223,0.57248163
10016,C,C,0.02477132,0.34938595,0.6258427
10017,A,A,0.65994364,0.03066713,0.3093892
10018,C,C,0.02332962,0.06910825,0.9075622
10019,A,A,0.8623946,0.043842226,0.09376322
10020,A,A,0.7218732,0.046371102,0.23175563
10021,A,A,0.6883848,0.21905507,0.092560105
10022,A,A,0.6011127,0.35952863,0.039358664
10023,A,A,0.88601816,0.029249907,0.084731944
10024,A,C,0.062386874,0.13278742,0.80482566
10025,B,B,0.029372875,0.82903254,0.14159457
10026,C,C,0.27636212,0.19342153,0.53021634
10027,B,B,0.11795359,0.65091175,0.23113464
10028,B,B,0.014531872,0.96041846,0.025049694
10029,A,A,0.617694,0.1298905,0.25241545
10030,B,A,0.6363023,0.24826728,0.11543041
10031,A,A,0.6848958,0.083725534,0.23137869
10032,C,A,0.5725477,0.037587386,0.3898649
10033,C,C,0.12057105,0.062947236,0.8164817
10034,B,B,0.029768512,0.9527509,0.017480548
10035,C,C,0.42889604,0.027727917,0.543376
10036,A,C,0.07337203,0.057888124,0.8687398
10037,C,C,0.069476515,0.09959495,0.8309285
10038,A,A,0.64456934,0.12131257,0.23411807
10039,A,A,0.71759886,0.068765,0.21363612
10040,A,A,0.7979053,0.03932056,0.16277412
10041,C,C,0.07345368,0.19950432,0.727042
10042,A,A,0.937668,0.023416888,0.038915105
10043,A,A,0.6273741,0.1064453,0.26618057
10044,C,C,0.20252253,0.16760518,0.62987226
10045,C,C,0.22783408,0.087191634,0.68497425
10046,A,A,0.76716256,0.06609616,0.16674137
10047,C,C,0.042437583,0.031361114,0.9262013
10048,A,A,0.59647113,0.015604891,0.38792402
10049,B,B,0.045437936,0.88364315,0.07091889
10050,B,B,0.18368936,0.61603636,0.20027429
10051,A,A,0.89323497,0.020346366,0.08641869
10052,B,B,0.16775586,0.7744408,0.057803396
10053,B,B,0.01664624,0.80579567,0.1775581
10054,B,B,0.06009695,0.9217836,0.018119428
10055,C,C,0.05145976,0.15575391,0.79278636
10056,B,B,0.1959138,0.4245095,0.37957668
10057,B,B,0.025463868,0.9397457,0.03479048
10058,C,C,0.18571627,0.0878287,0.72645503
10059,B,B,0.017058665,0.9680696,0.014871731
10060,B,B,0.08523465,0.8816227,0.033142682
10061,C,C,0.04402626,0.011790799,0.9441829
10062,C,C,0.111340635,0.14503519,0.7436242
10063,A,A,0.69263214,0.076508015,0.23085986
10064,C,C,0.10062056,0.058498055,0.84088147
10065,C,C,0.035394177,0.06797264,0.8966332
10066,B,B,0.19896391,0.607127,0.193909
10067,A,A,0.7641752,0.033918623,0.20190622
10068,A,A,0.85331607,0.07553961,0.07114432
10069,C,C,0.17445181,0.079528436,0.7460198
10070,C,C,0.05040769,0.06413024,0.88546205
10071,B,B,0.04226327,0.6279151,0.32982162
10072,B,B,0.13502891,0.8381307,0.026840445
10073,C,C,0.115375675,0.14618689,0.7384374
10074,A,A,0.8809085,0.08900439,0.030087177
10075,C,C,0.03944044,0.12812652,0.832433
10076,A,A,0.43497348,0.41964987,0.14537668
10077,A,A,0.9205152,0.0321591,0.04732569
10078,C,C,0.3282771,0.20938966,0.4623332
10079,A,A,0.56203073,0.052088812,0.38588044
10080,A,A,0.52654445,0.2017623,0.27169326
10081,B,B,0.2191963,0.72162914,0.059174623
10082,C,C,0.041359484,0.03502356,0.92361695
10083,C,C,0.084800825,0.19695643,0.7182427
10084,B,B,0.22623421,0.71734554,0.05642028
10085,C,C,0.022726685,0.11890045,0.8583729
10086,B,B,0.3419663,0.6037198,0.054313846
10087,A,A,0.7957433,0.044063166,0.16019355
10088,B,C,0.08051111,0.43829176,0.48119715
10089,A,A,0.81255364,0.10170303,0.08574325
10090,B,B,0.15487924,0.78158194,0.06353877
10091,C,C,0.11230778,0.03705284,0.85063946
10092,A,A,0.6971447,0.032874975,0.26998043
10093,C,C,0.051306453,0.039784253,0.90890926
10094,B,A,0.6350283,0.3223073,0.04266441
10095,B,B,0.04691701,0.8738879,0.079195134
10096,B,B,0.02195259,0.8185579,0.15948942
10097,B,B,0.043101676,0.840013,0.116885245
10098,C,C,0.043728378,0.035951994,0.9203197
10099,A,A,0.7397654,0.07215426,0.18808039
10100,B,C,0.21599588,0.16567375,0.61833036
10101,B,B,0.04996494,0.59767705,0.35235798
10102,A,A,0.81445676,0.039553996,0.1459892
10103,A,A,0.67916447,0.060251985,0.2605836
10104,B,B,0.1416106,0.79245377,0.06593564
10105,C,C,0.22890393,0.03440948,0.73668665
10106,A,A,0.8815851,0.045466665,0.072948165
10107,A,A,0.80257756,0.14509006,0.052332334
10108,A,A,0.80380285,0.14505643,0.051140722
10109,A,A,0.94476455,0.026022447,0.029212965
10110,A,A,0.84137726,0.035291526,0.123331144
10111,B,B,0.06564033,0.61907655,0.31528315
10112,C,C,0.069067225,0.05574216,0.8751907
10113,B,B,0.10000981,0.82841456,0.0715756
10114,A,A,0.76790094,0.025184883,0.20691413
10115,B,B,0.0583644,0.69476444,0.24687114
10116,C,C,0.10830596,0.21596326,0.67573076
10117,A,A,0.94419205,0.031451397,0.024356537
10118,A,A,0.83488905,0.0578828,0.10722804
10119,C,A,0.73358667,0.17773488,0.08867853
10120,C,C,0.028940594,0.067383006,0.90367633
10121,A,A,0.8776976,0.04126599,0.08103646
10122,B,C,0.29832485,0.29987937,0.40179577
10123,A,C,0.06315981,0.15154657,0.78529364
10124,A,A,0.7914587,0.113281764,0.095259465
10125,A,A,0.94484425,0.02450051,0.030655181
10126,A,A,0.8759479,0.031900693,0.092151485
10127,A,A,0.86521417,0.065983854,0.06880189
10128,B,A,0.49201488,0.08182411,0.42616093
10129,B,B,0.05804702,0.7141366,0.2278163
10130,C,C,0.12874055,0.03270381,0.83855563
10131,C,C,0.035075195,0.0666272,0.89829755
10132,C,C,0.05224182,0.047412302,0.90034586
10133,A,C,0.13961719,0.2652996,0.5950832
10134,A,A,0.8132579,0.08742787,0.09931421
10135,C,C,0.05538805,0.10084609,0.84376585
10136,C,A,0.43913874,0.21501109,0.34585023
10137,C,C,0.22762711,0.11234514,0.66002774
10138,B,B,0.09131205,0.87991035,0.028777521
10139,C,C,0.023070151,0.014193229,0.9627366
10140,A,C,0.08745679,0.1634711,0.7490721
10141,B,B,0.2694726,0.64877546,0.08175193
10142,A,A,0.93202,0.013106232,0.054873746
10143,B,B,0.04641742,0.579224,0.3743586
10144,C,C,0.0266744,0.052312974,0.92101264
10145,A,A,0.6628326,0.24497902,0.092188336
10146,A,A,0.91348815,0.027758757,0.05875318
10147,C,C,0.032910276,0.035893366,0.9311964
10148,B,B,0.18721922,0.74106926,0.07171151
10149,C,C,0.051750287,0.122063585,0.8261861
10150,B,B,0.03794681,0.94906306,0.01299016
10151,C,C,0.07212793,0.042965755,0.8849063
10152,B,B,0.012057852,0.97842616,0.009516026
10153,B,B,0.04283124,0.8961676,0.061001252
10154,B,B,0.090364724,0.754458,0.15517731
10155,C,C,0.030418605,0.36295122,0.60663027
10156,A,A,0.94955635,0.0149103515,0.03553327
10157,B,B,0.03389842,0.90671384,0.059387762
10158,C,C,0.04094168,0.04186915,0.91718924
10159,B,B,0.083683595,0.6763952,0.2399212
10160,C,C,0.31575337,0.06952983,0.61471677
10161,C,C,0.468005,0.054923173,0.47707185
10162,C,C,0.172862,0.34759066,0.47954732
10163,C,C,0.43649602,0.049070712,0.51443326
10164,A,A,0.74413925,0.086991556,0.16886923
10165,A,A,0.79338694,0.015464641,0.19114845
10166,A,B,0.43737692,0.50266314,0.059959967
10167,B,B,0.02651085,0.8181566,0.15533255
10168,A,A,0.87256926,0.024043892,0.10338686
10169,A,A,0.8129142,0.063564666,0.12352111
10170,A,A,0.82796735,0.041363657,0.13066897
10171,A,A,0.8818193,0.08680511,0.031375535
10172,C,C,0.037454993,0.045501698,0.9170433
10173,A,A,0.78897345,0.037208945,0.17381762
10174,C,C,0.47006407,0.036899116,0.4930368
10175,A,C,0.15901013,0.06336367,0.77762616
10176,C,A,0.6384352,0.026887348,0.3346775
10177,A,A,0.91984504,0.038487848,0.041667067
10178,C,C,0.20778568,0.12491779,0.6672965
10179,A,A,0.47436365,0.41306603,0.11257031
10180,B,B,0.062780306,0.89379656,0.043423105
10181,B,B,0.088255614,0.59441876,0.31732562
10182,C,B,0.04876424,0.5749685,0.37626728
10183,C,B,0.22305384,0.5373706,0.23957552
10184,A,A,0.9309835,0.03264242,0.03637405
10185,B,B,0.035257503,0.7989555,0.16578698
10186,A,C,0.33212346,0.0733995,0.594477
10187,B,B,0.12920323,0.64744276,0.22335401
10188,C,C,0.15046136,0.06909614,0.7804425
10189,B,B,0.0617748,0.7342526,0.20397267
10190,B,A,0.5185174,0.09773521,0.38374743
10191,C,C,0.40823966,0.043255907,0.5485044
10192,C,A,0.49216777,0.1061121,0.4017201
10193,B,B,0.25756758,0.51900786,0.22342452
10194,C,C,0.051046345,0.08678468,0.862169
10195,B,B,0.033871103,0.94582033,0.020308679
10196,C,C,0.15402299,0.07598501,0.769992
10197,C,C,0.058636006,0.040221304,0.90114266
10198,A,A,0.47462568,0.14377044,0.381604
10199,A,A,0.69757414,0.042958286,0.25946757
10200,B,B,0.07881973,0.82839257,0.09278764
10201,B,B,0.011170906,0.9712822,0.01754691
10202,A,A,0.55600107,0.055001415,0.38899755
10203,A,A,0.818366,0.060569268,0.12106475
10204,B,B,0.024429243,0.8889408,0.086629964
10205,A,A,0.9189497,0.03723666,0.043813612
10206,A,A,0.63501143,0.1702185,0.19477011
10207,B,B,0.07290581,0.876011,0.051083114
10208,A,A,0.657632,0.05406459,0.28830346
10209,A,A,0.786638,0.04855093,0.16481102
10210,C,C,0.16227904,0.11411959,0.7236014
10211,B,B,0.03879006,0.9073439,0.053866055
10212,B,B,0.07087265,0.6148002,0.3143271
10213,C,C,0.10292459,0.12633406,0.77074134
10214,A,A,0.495799,0.07251749,0.43168348
10215,A,A,0.9391856,0.0241415,0.036672875
10216,B,B,0.092668466,0.86392635,0.043405194
10217,B,B,0.09341479,0.8691236,0.03746164
10218,B,B,0.035481833,0.7374226,0.22709565
10219,C,C,0.14094411,0.051732983,0.8073229
10220,C,C,0.046482567,0.059267715,0.89424974
10221,A,A,0.90595216,0.014987409,0.07906043
10222,A,A,0.878715,0.036558293,0.084726706
10223,B,B,0.079545744,0.5242281,0.3962262
10224,A,A,0.88688564,0.03333178,0.07978247
10225,C,C,0.15597099,0.049407456,0.7946215
10226,A,B,0.4375169,0.44192332,0.120559804
10227,A,A,0.8316187,0.06853648,0.09984479
10228,C,C,0.14449322,0.06539248,0.7901143
10229,B,B,0.031254098,0.7514586,0.2172873
10230,C,C,0.06010692,0.035664648,0.90422845
10231,C,C,0.02904103,0.030037867,0.9409211
10232,C,C,0.029722331,0.058498073,0.9117795
10233,B,B,0.34416378,0.37091756,0.28491858
10234,B,B,0.04810667,0.76330584,0.18858749
10235,B,B,0.07563273,0.87710404,0.04726321
10236,C,C,0.053325813,0.06360734,0.88306683
10237,B,B,0.0511614,0.9159563,0.032882314
10238,C,C,0.03594268,0.086575896,0.8774814
10239,B,B,0.09372526,0.8005155,0.105759285
10240,A,A,0.84549916,0.043046117,0.1114548
10241,B,B,0.06988055,0.5611945,0.36892498
10242,A,A,0.7700283,0.045169346,0.18480243
10243,B,B,0.11289658,0.66980195,0.21730146
10244,A,A,0.95473313,0.01757979,0.027687065
10245,C,C,0.03609656,0.023530493,0.94037294
10246,C,A,0.7429004,0.03550485,0.22159478
10247,C,C,0.12647067,0.24453601,0.62899333
10248,A,A,0.8054394,0.031171536,0.16338906
10249,B,B,0.032087732,0.91267115,0.055241097
10250,B,A,0.38091773,0.2951141,0.32396823
10251,C,C,0.28222334,0.10238037,0.6153963
10252,B,C,0.19395961,0.31691766,0.48912278
10253,C,A,0.5384238,0.08294496,0.37863123
10254,C,C,0.020691674,0.18796268,0.79134566
10255,C,C,0.035761468,0.02643462,0.93780386
10256,A,A,0.839634,0.03547375,0.12489222
10257,C,C,0.08783146,0.035734277,0.87643427
10258,C,C,0.06621723,0.053750884,0.8800319
10259,B,B,0.055660754,0.66738975,0.27694944
10260,B,B,0.104083225,0.84544855,0.050468225
10261,A,A,0.82344764,0.026547149,0.15000513
10262,B,B,0.15900338,0.68543077,0.15556593
10263,B,B,0.20893052,0.7406397,0.050429817
10264,B,B,0.017930893,0.6456171,0.33645198
10265,B,B,0.032803543,0.9357961,0.031400353
10266,C,C,0.16661265,0.06296577,0.7704216
10267,A,A,0.6671998,0.0817464,0.2510538
10268,A,B,0.29413,0.4801724,0.2256976
10269,B,B,0.1276392,0.61064756,0.26171315
10270,A,A,0.81337994,0.09666592,0.08995412
10271,A,A,0.70336086,0.18034568,0.11629346
10272,B,B,0.12914671,0.742623,0.1282303
10273,B,B,0.029198525,0.9260765,0.044724938
10274,B,C,0.08133422,0.28507417,0.63359165
10275,C,C,0.09682868,0.045085635,0.8580857
10276,A,A,0.569332,0.08201163,0.34865636
10277,A,A,0.8414659,0.04629901,0.11223507
10278,B,B,0.02908343,0.9136174,0.057299223
10279,A,A,0.89992434,0.018018983,0.082056634
10280,A,C,0.2884939,0.16528969,0.5462165
10281,B,B,0.02246769,0.9603403,0.017192004
10282,B,B,0.12341761,0.788963,0.08761938
10283,B,B,0.053184994,0.92808175,0.018733235
10284,B,B,0.017037818,0.93261254,0.050349683
10285,A,A,0.66076535,0.05034814,0.28888652
10286,A,A,0.7794212,0.1091302,0.111448586
10287,C,C,0.10298031,0.1650304,0.7319893
10288,B,B,0.020043466,0.9511779,0.028778607
10289,A,A,0.91987026,0.023197476,0.056932174
10290,B,B,0.03508395,0.8175795,0.14733653
10291,A,A,0.94454384,0.019784557,0.035671577
10292,A,A,0.7308228,0.2133172,0.05585995
10293,A,A,0.9442966,0.022321686,0.033381604
10294,B,B,0.038014807,0.62407243,0.33791277
10295,B,B,0.051627815,0.9029325,0.045439735
10296,C,C,0.032731216,0.040957846,0.92631096
10297,A,A,0.77276504,0.055437997,0.17179696
10298,A,C,0.26268312,0.13161556,0.60570127
10299,B,A,0.73152065,0.2036843,0.06479506
10300,B,B,0.07615414,0.8978561,0.025989695
10301,C,C,0.019692896,0.052199632,0.92810744
10302,B,A,0.65388185,0.23506062,0.11105758
10303,B,B,0.19277388,0.7715346,0.035691597
10304,A,A,0.5890662,0.16677871,0.2441551
10305,B,B,0.059502274,0.8998398,0.040657945
10306,C,C,0.13046317,0.40071204,0.46882483
10307,B,B,0.058444805,0.7975963,0.1439589
10308,C,A,0.6027051,0.056185473,0.34110942
10309,C,C,0.09211251,0.35990268,0.5479848
10310,A,A,0.7704066,0.05708921,0.17250419
10311,C,C,0.041522533,0.065067045,0.8934105
10312,B,B,0.045663737,0.5860703,0.36826602
10313,C,C,0.17759688,0.11445287,0.70795023
10314,A,A,0.8624976,0.03425373,0.10324866
10315,B,B,0.02940981,0.92942214,0.041168068
10316,A,A,0.8018272,0.0623728,0.13579996
10317,A,A,0.9039647,0.033100355,0.06293486
10318,B,B,0.16863203,0.7331959,0.09817211
10319,C,C,0.026991915,0.05298925,0.9200188
10320,A,A,0.78336364,0.067271225,0.14936519
10321,A,A,0.75165784,0.07408193,0.17426027
10322,A,A,0.89110833,0.06517004,0.043721583
10323,C,C,0.016946478,0.06340392,0.9196496
10324,C,A,0.6250612,0.14589423,0.22904456
10325,A,A,0.86425155,0.048440173,0.08730824
10326,A,A,0.67643553,0.052279636,0.27128488
10327,A,A,0.9330818,0.019627504,0.04729058
10328,A,A,0.72583646,0.13176352,0.14240003
10329,B,B,0.11227918,0.6950669,0.19265392
10330,C,C,0.17189275,0.11336766,0.7147396
10331,C,C,0.05443336,0.026815303,0.91875136
10332,A,A,0.86522514,0.03496521,0.09980957
10333,B,B,0.100553796,0.72662413,0.17282215
10334,A,A,0.92662036,0.012289253,0.061090432
10335,C,C,0.039485335,0.24147475,0.7190399
10336,C,C,0.049656846,0.07217737,0.8781657
10337,C,C,0.21157385,0.04788732,0.74053884
10338,A,A,0.55521953,0.22294065,0.22183976
10339,C,C,0.12690948,0.051815823,0.8212747
10340,A,A,0.93488383,0.019786894,0.045329187
10341,C,C,0.23425293,0.05011172,0.7156354
10342,B,B,0.03372551,0.7729656,0.19330887
10343,C,C,0.08245312,0.06737474,0.85017216
10344,B,C,0.106348164,0.12528333,0.76836854
10345,B,B,0.057160933,0.873243,0.06959614
10346,B,B,0.2503641,0.5580736,0.19156238
10347,C,C,0.16211328,0.16857317,0.6693135
10348,B,C,0.08057071,0.35356858,0.5658606
10349,A,A,0.9366931,0.023608983,0.03969797
10350,C,C,0.20052578,0.03027243,0.7692018
10351,C,C,0.120555975,0.057327747,0.82211626
10352,B,B,0.18929128,0.50106996,0.3096387
10353,C,C,0.2058944,0.08339337,0.71071225
10354,A,B,0.19683166,0.5621037,0.24106471
10355,A,A,0.8687818,0.04552488,0.08569332
10356,C,C,0.25815845,0.044359345,0.6974823
10357,C,C,0.17606014,0.048632085,0.77530783
10358,A,A,0.8208951,0.101738036,0.07736688
10359,B,B,0.029094808,0.8421518,0.12875338
10360,A,A,0.7020235,0.18638434,0.11159215
10361,A,A,0.7246675,0.047967233,0.22736531
10362,A,A,0.54899603,0.061105598,0.38989833
10363,A,A,0.82921165,0.026437271,0.14435104
10364,C,C,0.25192192,0.08007537,0.66800267
10365,B,B,0.053541448,0.921026,0.02543256
10366,A,A,0.9008266,0.061516333,0.03765706
10367,B,B,0.12555096,0.68908495,0.18536413
10368,A,A,0.521418,0.08733374,0.39124832
10369,C,C,0.050814178,0.22157526,0.7276106
10370,C,C,0.08277383,0.117748976,0.7994772
10371,B,C,0.10806157,0.3987524,0.49318603
10372,C,C,0.21480933,0.06082051,0.7243702
10373,B,B,0.16964154,0.7809857,0.049372867
10374,C,C,0.12083765,0.05098148,0.82818085
10375,B,B,0.15112875,0.52384835,0.3250229
10376,A,A,0.91782475,0.017221797,0.06495355
10377,C,C,0.052541282,0.2192085,0.7282502
10378,A,A,0.888196,0.017583676,0.09422035
10379,A,A,0.7306265,0.1962767,0.07309677
10380,A,A,0.83406377,0.10156464,0.06437159
10381,A,A,0.9487453,0.010968974,0.040285695
10382,A,A,0.7937777,0.0893602,0.116862096
10383,B,B,0.0511557,0.86045223,0.08839214
10384,B,B,0.23754553,0.6973048,0.06514964
10385,A,C,0.2822268,0.12907584,0.5886973
10386,B,B,0.06396965,0.87243634,0.06359396
10387,C,A,0.4588941,0.10791186,0.43319407
10388,B,B,0.04054472,0.71433455,0.24512072
10389,B,B,0.06782535,0.6900404,0.24213423
10390,B,B,0.056971304,0.8849474,0.058081284
10391,C,C,0.045601964,0.0325017,0.9218964
10392,A,A,0.855069,0.050460257,0.094470754
10393,C,C,0.2629567,0.13234589,0.60469735
10394,C,C,0.026812484,0.041816983,0.93137056
10395,C,C,0.2641306,0.080268204,0.65560126
10396,C,C,0.06870935,0.07550565,0.85578495
10397,A,A,0.6894712,0.07321042,0.2373184
10398,C,C,0.047489703,0.031356066,0.92115426
10399,B,B,0.065689124,0.900031,0.034279868
10400,B,C,0.026852187,0.39832613,0.5748217
10401,A,A,0.9001837,0.01525556,0.0845608
10402,C,C,0.12593536,0.040525883,0.8335387
10403,A,A,0.90508515,0.026927136,0.067987695
10404,A,A,0.57769454,0.3545016,0.067803785
10405,B,C,0.34449148,0.09697509,0.55853343
10406,A,A,0.92273986,0.009040501,0.06821965
10407,A,A,0.92832446,0.0144069735,0.057268575
10408,A,A,0.95745915,0.01354247,0.028998379
10409,B,B,0.07721817,0.8117651,0.11101685
10410,B,B,0.042342257,0.87928855,0.07836912
10411,C,C,0.036298618,0.0747743,0.88892704
10412,B,B,0.19702446,0.61030287,0.19267261
10413,A,A,0.9002075,0.02192821,0.07786428
10414,B,A,0.5708891,0.3304121,0.0986988
10415,B,B,0.26527494,0.64368033,0.09104468
10416,A,A,0.9584582,0.0072556953,0.034286205
10417,A,C,0.106930204,0.036059007,0.85701084
10418,B,B,0.056593362,0.8811132,0.06229353
10419,B,B,0.07179307,0.8214668,0.10674014
10420,A,A,0.8820727,0.029223092,0.08870424
10421,B,B,0.012186258,0.93608093,0.051732816
10422,A,A,0.6303406,0.2930777,0.07658174
10423,A,A,0.4965882,0.1176383,0.3857735
10424,B,B,0.15655775,0.7007847,0.14265758
10425,A,A,0.6352585,0.16569537,0.19904621
10426,C,C,0.15288799,0.10067449,0.7464375
10427,A,A,0.8240998,0.03618289,0.13971734
10428,A,A,0.9204356,0.026915697,0.052648623
10429,B,B,0.0813388,0.8925837,0.026077438
10430,C,C,0.34631047,0.09452263,0.5591669
10431,C,B,0.30252928,0.44319084,0.25427988
10432,B,B,0.15643595,0.77916896,0.06439508
10433,B,B,0.09248234,0.86654633,0.04097128
10434,C,C,0.087006666,0.04841967,0.86457366
10435,C,B,0.08139522,0.48701555,0.4315893
10436,C,A,0.5490194,0.04290626,0.40807432
10437,C,C,0.14017561,0.0296811,0.8301433
10438,B,B,0.150827,0.736407,0.11276592
10439,B,B,0.04018255,0.8810229,0.07879462
10440,C,C,0.33853644,0.087349914,0.5741136
10441,C,C,0.22350064,0.06482784,0.7116716
10442,A,A,0.78167534,0.14826727,0.07005747
10443,B,B,0.03840928,0.8852881,0.07630252
10444,A,B,0.17771928,0.5238673,0.29841337
10445,C,C,0.050131686,0.08160314,0.8682651
10446,C,C,0.05795807,0.11078473,0.8312572
10447,C,C,0.27824295,0.13021946,0.59153754
10448,C,C,0.03875006,0.37335926,0.5878907
10449,C,C,0.4065424,0.044736825,0.5487208
10450,B,B,0.26976836,0.61268663,0.117545046
10451,B,B,0.062224116,0.9021177,0.03565814
10452,B,B,0.012791499,0.8446066,0.1426019
10453,A,A,0.7726403,0.07776675,0.149593
10454,B,B,0.16823325,0.5646857,0.26708102
10455,A,A,0.73238415,0.073760875,0.19385499
10456,A,A,0.8877066,0.032926515,0.07936695
10457,B,B,0.13042834,0.6375457,0.232026
10458,C,C,0.16738243,0.085871965,0.7467455
10459,C,A,0.77529126,0.07889861,0.14581019
10460,B,B,0.05278617,0.8800343,0.06717947
10461,A,A,0.7372105,0.093241476,0.16954799
10462,C,C,0.0927421,0.083302565,0.8239553
10463,C,C,0.24249803,0.057515867,0.6999861
10464,B,B,0.10446401,0.79009634,0.10543957
10465,C,C,0.07152299,0.11148334,0.81699365
10466,A,C,0.24663708,0.26389566,0.48946723
10467,C,C,0.09666645,0.075673416,0.82766014
10468,A,A,0.77742416,0.022414682,0.2001612
10469,B,B,0.01930803,0.9084608,0.07223113
10470,C,C,0.061823446,0.06428125,0.8738953
10471,B,B,0.04988356,0.71012855,0.23998785
10472,C,C,0.08565125,0.059654843,0.8546939
10473,A,A,0.87899166,0.07573419,0.04527415
10474,C,C,0.08422548,0.078249805,0.8375247
10475,B,B,0.11744854,0.8183104,0.0642411
10476,A,C,0.2430301,0.19981954,0.5571503
10477,C,C,0.07807304,0.069091804,0.8528352
10478,A,A,0.92639154,0.021092014,0.052516494
10479,A,A,0.85271263,0.015738172,0.13154924
10480,A,C,0.16963264,0.11850715,0.71186024
10481,B,B,0.043780413,0.4962292,0.4599904
10482,C,C,0.06060593,0.103338666,0.8360554
10483,C,C,0.04556238,0.056431904,0.8980057
10484,B,B,0.26423848,0.58905476,0.14670675
10485,A,A,0.5071263,0.102011435,0.3908623
10486,B,B,0.02190938,0.926652,0.051438596
10487,B,B,0.16151153,0.73252946,0.10595899
10488,C,C,0.05157213,0.10837543,0.8400525
10489,A,A,0.78456205,0.15722504,0.058212917
10490,C,C,0.06139912,0.1857439,0.75285697
10491,A,A,0.71315074,0.07009724,0.21675202
10492,C,C,0.37886876,0.09362844,0.5275028
10493,A,A,0.54591113,0.108267404,0.34582147
10494,A,A,0.53751415,0.24348901,0.21899678
10495,A,A,0.9004378,0.047508348,0.052053846
10496,A,A,0.7144259,0.10512269,0.18045135
10497,C,C,0.08921374,0.04192464,0.8688616
10498,C,C,0.14813818,0.059356246,0.79250556
10499,B,B,0.062918775,0.845609,0.091472164
10500,C,C,0.29708982,0.06907297,0.6338373
10501,C,C,0.056100808,0.05973875,0.8841604
10502,A,A,0.64272,0.1973728,0.15990722
10503,A,B,0.24357432,0.70484227,0.05158338
10504,B,C,0.038943566,0.4727278,0.4883287
10505,B,B,0.03217671,0.92643154,0.04139173
10506,B,B,0.26793095,0.45334083,0.2787282
10507,A,A,0.71123207,0.08096883,0.20779908
10508,C,C,0.16246638,0.10854682,0.72898674
10509,A,A,0.7837459,0.042040262,0.17421384
10510,B,B,0.15264033,0.8084474,0.038912285
10511,C,C,0.14126506,0.04576833,0.8129666
10512,C,C,0.11567972,0.07319122,0.81112903
10513,A,A,0.89982456,0.022266999,0.07790848
10514,C,C,0.20351566,0.06770046,0.72878385
10515,B,B,0.06940849,0.90679324,0.023798233
10516,C,C,0.09092532,0.05094996,0.85812473
10517,C,C,0.06984599,0.4195159,0.5106381
10518,A,A,0.71766657,0.07008062,0.21225286
10519,A,C,0.32417664,0.1277446,0.5480788
10520,B,A,0.64393866,0.1895088,0.16655251
10521,C,C,0.039291378,0.20134,0.75936866
10522,B,B,0.052503824,0.7265016,0.22099455
10523,B,B,0.07699,0.6400567,0.28295323
10524,B,B,0.06866714,0.7185149,0.2128179
10525,C,C,0.024108961,0.03948121,0.9364098
10526,A,A,0.65844,0.05717225,0.28438774
10527,A,A,0.64206064,0.11605932,0.24188015
10528,C,C,0.24324456,0.087801024,0.66895443
10529,B,C,0.06565061,0.31185877,0.6224906
10530,A,A,0.87661153,0.02998861,0.09339979
10531,C,C,0.020677878,0.023534961,0.9557871
10532,A,A,0.78960717,0.06414657,0.1462462
10533,A,C,0.12500556,0.28017548,0.59481895
10534,C,A,0.52045196,0.045269363,0.4342787
10535,A,A,0.8053013,0.023727434,0.17097126
10536,B,B,0.044347297,0.8331097,0.12254304
10537,A,A,0.934616,0.021317663,0.044066317
10538,C,C,0.10729042,0.057884663,0.8348249
10539,C,C,0.11082563,0.027630981,0.8615434
10540,C,C,0.087922655,0.12640086,0.7856765
10541,A,A,0.7724187,0.087785065,0.13979624
10542,A,A,0.8650848,0.055534326,0.079380825
10543,B,B,0.24543379,0.5442301,0.21033615
10544,A,A,0.694935,0.067282416,0.23778252
10545,B,B,0.053914536,0.819941,0.12614444
10546,C,C,0.3662777,0.044368505,0.5893538
10547,C,C,0.0640307,0.2078338,0.72813547
10548,A,A,0.8107063,0.04524085,0.1440528
10549,B,B,0.063859016,0.90044165,0.035699416
10550,B,B,0.0433796,0.8052969,0.15132354
10551,B,B,0.3155446,0.49509847,0.18935686
10552,C,C,0.16111761,0.0658291,0.77305335
10553,B,B,0.10728963,0.4873763,0.40533403
10554,C,C,0.052358415,0.07293607,0.87470555
10555,C,C,0.1999103,0.054881636,0.7452081
10556,A,A,0.9368268,0.030759221,0.032413922
10557,C,C,0.43662006,0.05821317,0.5051668
10558,C,C,0.14852677,0.032305866,0.8191674
10559,B,B,0.29203257,0.35787702,0.3500904
10560,C,C,0.04736086,0.039679773,0.91295934
10561,B,B,0.058846865,0.8396742,0.101478904
10562,C,A,0.63382393,0.048820447,0.31735563
10563,A,A,0.47945812,0.051416937,0.4691249
10564,A,A,0.9118345,0.017465783,0.07069974
10565,B,C,0.14886916,0.37496835,0.4761625
10566,C,C,0.17016006,0.088268615,0.7415713
10567,B,C,0.07163955,0.32927862,0.5990819
10568,A,A,0.6619909,0.26426414,0.07374497
10569,A,A,0.82133275,0.11124799,0.067419305
10570,A,C,0.076580375,0.16300847,0.76041114
10571,B,B,0.03965334,0.914639,0.045707684
10572,C,C,0.26746464,0.07926396,0.6532714
10573,A,A,0.8782463,0.02135358,0.10040014
10574,A,A,0.71368784,0.14892322,0.13738897
10575,C,C,0.061553802,0.13361749,0.8048287
10576,A,A,0.8580016,0.045979153,0.09601929
10577,C,C,0.2079342,0.13623747,0.6558283
10578,C,C,0.033495788,0.05207233,0.9144319
10579,C,C,0.06821824,0.030582443,0.9011993
10580,A,A,0.6034834,0.065279916,0.33123672
10581,B,B,0.23193514,0.6356875,0.13237742
10582,C,C,0.18437125,0.09537507,0.72025365
10583,C,C,0.11749644,0.0684612,0.8140423
10584,A,A,0.8663661,0.03850334,0.0951306
10585,C,C,0.11918586,0.06163562,0.8191786
10586,B,B,0.19138625,0.42745253,0.3811612
10587,C,C,0.024382146,0.029052349,0.94656545
10588,C,C,0.05675774,0.054760844,0.88848144
10589,C,C,0.24548629,0.032563206,0.7219505
10590,B,C,0.061046768,0.41936263,0.51959056
10591,A,A,0.9075661,0.028442001,0.0639919
10592,B,C,0.23775586,0.33862618,0.423618
10593,C,C,0.27013487,0.047750555,0.68211454
10594,A,A,0.83710575,0.07549019,0.08740408
10595,B,B,0.0364429,0.9384779,0.025079168
10596,C,C,0.044119276,0.28180236,0.6740783
10597,C,C,0.028995728,0.048203267,0.922801
10598,C,C,0.04890504,0.06494307,0.8861519
10599,B,B,0.015631545,0.8835252,0.100843295
10600,B,B,0.11046189,0.77252287,0.11701524
10601,A,A,0.8577613,0.057479307,0.08475935
10602,B,B,0.025010973,0.93569994,0.039289083
10603,B,B,0.16071042,0.640298,0.19899161
10604,A,A,0.74172723,0.12928052,0.12899221
10605,B,B,0.09687861,0.80966204,0.09345935
10606,C,C,0.18641208,0.08031123,0.7332767
10607,A,A,0.9108607,0.022471959,0.06666742
10608,A,A,0.70031756,0.045338165,0.25434428
10609,B,B,0.20250596,0.4357714,0.36172268
10610,C,C,0.101321355,0.07596915,0.82270956
10611,C,C,0.22063944,0.25106087,0.5282997
10612,C,C,0.24880333,0.07004588,0.68115073
10613,C,C,0.09070406,0.3971092,0.51218677
10614,C,C,0.13059804,0.09717188,0.7722301
10615,B,B,0.015612173,0.9011834,0.08320442
10616,C,C,0.1200917,0.042245455,0.8376629
10617,B,B,0.2376629,0.5984869,0.16385013
10618,B,B,0.039877918,0.76028913,0.19983295
10619,B,B,0.056622483,0.89642894,0.046948623
10620,B,A,0.43737602,0.2786093,0.28401464
10621,C,C,0.31972462,0.040258404,0.640017
10622,C,C,0.22693004,0.068311445,0.7047585
10623,C,B,0.07955659,0.8246127,0.09583082
10624,B,B,0.30451432,0.47207114,0.22341454
10625,B,B,0.031372216,0.8440803,0.124547504
10626,A,A,0.7049561,0.11175631,0.18328747
10627,C,C,0.030827573,0.056400284,0.9127722
10628,C,B,0.04813085,0.7523039,0.19956522
10629,C,C,0.027518408,0.02859398,0.94388765
10630,B,B,0.030090775,0.8651824,0.104726814
10631,C,C,0.031240443,0.16254215,0.8062174
10632,B,C,0.036463615,0.414412,0.5491244
10633,C,C,0.09037383,0.070030026,0.8395961
10634,B,B,0.18818042,0.5418742,0.2699454
10635,B,B,0.042251956,0.9166079,0.041140165
10636,B,B,0.02521989,0.92808,0.04670015
10637,C,C,0.07263008,0.034757122,0.89261276
10638,C,C,0.038987372,0.060774192,0.90023845
10639,C,C,0.08753587,0.1038611,0.80860305
10640,C,C,0.046912454,0.071655065,0.8814325
10641,C,C,0.05851971,0.042935576,0.8985447
10642,B,B,0.03555589,0.7652196,0.19922444
10643,B,B,0.1051723,0.60795194,0.28687587
10644,B,B,0.18310697,0.56903917,0.24785385
10645,A,A,0.64328665,0.1528779,0.20383549
10646,A,A,0.770941,0.051948536,0.17711037
10647,C,A,0.87708926,0.04340116,0.07950957
10648,C,C,0.1277462,0.12167162,0.7505822
10649,C,C,0.22927424,0.035892982,0.73483276
10650,B,B,0.23965612,0.7102123,0.05013165
10651,C,C,0.13345945,0.039727777,0.8268128
10652,A,A,0.8066194,0.050426777,0.14295381
10653,C,C,0.056942448,0.093217105,0.8498404
10654,C,C,0.118488304,0.060351774,0.82115996
10655,A,A,0.76282877,0.09840296,0.13876833
10656,B,B,0.040176515,0.8692152,0.090608336
10657,A,A,0.6961685,0.08252604,0.22130555
10658,C,A,0.575019,0.12770022,0.2972808
10659,B,C,0.0869373,0.41505843,0.4980042
10660,B,B,0.035093386,0.9334673,0.031439256
10661,C,C,0.046240438,0.09500666,0.85875297
10662,B,B,0.036281444,0.8732945,0.09042408
10663,B,B,0.05055176,0.8936678,0.055780366
10664,B,B,0.036335915,0.94788086,0.015783172
10665,C,C,0.03301506,0.11906595,0.84791905
10666,A,A,0.67057633,0.05848483,0.27093887
10667,B,B,0.017362116,0.9739972,0.008640715
10668,B,B,0.15939869,0.52701545,0.31358588
10669,C,C,0.23064752,0.077434786,0.69191766
10670,C,C,0.22280484,0.08316405,0.69403106
10671,C,C,0.1348607,0.20708524,0.65805405
10672,C,C,0.075827576,0.022599492,0.90157294
10673,A,A,0.6400456,0.065852985,0.2941014
10674,C,C,0.10325798,0.14568248,0.75105953
10675,A,A,0.7601719,0.10536011,0.13446794
10676,A,C,0.3453242,0.08269655,0.5719792
10677,B,B,0.03509101,0.8894441,0.0754648
10678,A,A,0.8285021,0.04436176,0.12713617
10679,C,C,0.041122824,0.2689557,0.68992144
10680,C,C,0.021296255,0.068400145,0.9103036
10681,A,A,0.7192383,0.15862387,0.122137845
10682,A,A,0.6225253,0.100295976,0.27717876
10683,A,A,0.9411753,0.016316747,0.042507906
10684,B,B,0.07344693,0.7053222,0.2212309
10685,A,A,0.6437057,0.032482527,0.32381177
10686,A,A,0.81975526,0.024581155,0.15566352
10687,C,C,0.08159005,0.07418162,0.8442283
10688,A,A,0.9510837,0.010913633,0.038002636
10689,C,C,0.013928699,0.027279653,0.9587916
10690,C,C,0.103087574,0.08479459,0.8121178
10691,C,C,0.07626435,0.039179835,0.8845558
10692,A,A,0.8667164,0.060770486,0.072513096
10693,C,C,0.09566083,0.07993755,0.8244016
10694,C,C,0.038896963,0.03224756,0.9288555
10695,C,A,0.611522,0.07196974,0.31650826
10696,A,A,0.89088947,0.026135013,0.08297552
10697,C,C,0.14641023,0.052943632,0.8006461
10698,B,B,0.062056188,0.6508226,0.28712118
10699,A,A,0.9704964,0.014118619,0.015384967
10700,C,C,0.036539048,0.19055681,0.7729041
10701,A,A,0.8128279,0.060933605,0.1262385
10702,A,A,0.66295457,0.033884108,0.30316135
10703,A,A,0.7840819,0.076977514,0.13894059
10704,B,B,0.054872725,0.700595,0.24453226
10705,B,B,0.099254504,0.48243785,0.4183076
10706,B,C,0.21729161,0.38240257,0.40030578
10707,B,B,0.01929464,0.96257883,0.018126562
10708,C,C,0.06044573,0.04195175,0.8976025
10709,A,A,0.66952205,0.03308237,0.29739556
10710,B,B,0.19736582,0.58496547,0.21766879
10711,C,A,0.8050368,0.04411511,0.1508481
10712,A,A,0.88904727,0.056191005,0.05476175
10713,B,C,0.07419801,0.38074005,0.5450619
10714,A,A,0.94891983,0.017419815,0.033660356
10715,A,A,0.6750921,0.13309757,0.19181034
10716,A,A,0.7559017,0.11695841,0.1271399
10717,A,A,0.75518656,0.031423576,0.21338984
10718,A,A,0.87189645,0.04117208,0.086931445
10719,C,C,0.12384213,0.085293345,0.7908645
10720,C,C,0.21192236,0.041399665,0.74667794
10721,B,C,0.061147247,0.09375723,0.8450956
10722,B,B,0.08591568,0.7169243,0.19716002
10723,C,C,0.108586274,0.045097757,0.846316
10724,C,C,0.37115285,0.14767425,0.48117292
10725,C,C,0.33657768,0.06989023,0.5935321
10726,A,C,0.16024928,0.18314655,0.6566042
10727,C,C,0.07840259,0.0643909,0.85720646
10728,B,B,0.072431944,0.86539644,0.062171515
10729,A,A,0.68216825,0.06290703,0.25492474
10730,A,A,0.84448457,0.034008708,0.121506736
10731,B,B,0.09826611,0.7301875,0.17154634
10732,A,A,0.9527601,0.025341658,0.021898266
10733,B,B,0.18440999,0.40847751,0.40711248
10734,C,C,0.12590726,0.040081836,0.83401084
10735,A,A,0.90568984,0.045270395,0.04903973
10736,B,B,0.035209075,0.92365676,0.041134223
10737,A,A,0.8472973,0.052094445,0.1006082
10738,C,C,0.07602551,0.036131904,0.88784254
10739,A,A,0.93950224,0.036088996,0.024408756
10740,B,B,0.086047255,0.772452,0.14150064
10741,C,C,0.16193311,0.07312452,0.76494235
10742,A,A,0.95338523,0.011672611,0.034942094
10743,A,C,0.14615846,0.04802941,0.8058122
10744,C,C,0.021299317,0.028598307,0.9501024
10745,B,C,0.05254347,0.40085578,0.5466008
10746,B,B,0.4436954,0.49830204,0.05800265
10747,B,B,0.13736594,0.612147,0.2504871
10748,B,C,0.13052903,0.30479416,0.56467676
10749,C,C,0.1690475,0.042513564,0.788439
10750,C,C,0.04906827,0.23942901,0.71150273
10751,C,C,0.061910875,0.08722319,0.8508659
10752,A,A,0.88034385,0.03162315,0.088033
10753,C,C,0.19012573,0.032700818,0.77717346
10754,C,C,0.046626117,0.08054944,0.87282443
10755,A,A,0.9178988,0.016474644,0.06562658
10756,C,C,0.053976145,0.046758123,0.89926577
10757,B,B,0.14073996,0.82115877,0.038101267
10758,B,B,0.039607402,0.7531804,0.20721227
10759,C,B,0.19628964,0.41370976,0.39000058
10760,B,B,0.1322528,0.7414674,0.12627977
10761,B,B,0.041354496,0.82077086,0.13787459
10762,A,A,0.7799566,0.0825535,0.13748997
10763,B,B,0.021165688,0.97190285,0.0069314274
10764,A,A,0.6764584,0.11044451,0.2130971
10765,A,A,0.6180578,0.077146456,0.30479574
10766,C,C,0.33860818,0.14076558,0.5206262
10767,C,C,0.3587871,0.042678226,0.59853476
10768,A,A,0.80895466,0.060498692,0.13054664
10769,B,B,0.059730373,0.67724967,0.26301995
10770,A,A,0.4735999,0.1312862,0.39511395
10771,B,B,0.06715733,0.796501,0.13634169
10772,B,C,0.07723743,0.20860232,0.7141602
10773,B,B,0.14425066,0.517344,0.33840534
10774,B,B,0.16812669,0.6156149,0.21625838
10775,A,A,0.7725951,0.049412753,0.17799218
10776,C,C,0.2260314,0.042816527,0.73115206
10777,C,C,0.1352741,0.10300945,0.7617164
10778,B,B,0.09422231,0.47943318,0.42634445
10779,B,B,0.15610187,0.73031807,0.11358005
10780,C,B,0.075337395,0.51006526,0.41459733
10781,A,A,0.43647403,0.2991005,0.2644255
10782,A,A,0.45605713,0.091851614,0.4520913
10783,A,A,0.8652188,0.042767353,0.092013784
10784,A,A,0.7031375,0.059089046,0.2377734
10785,B,B,0.08471165,0.7763487,0.13893954
10786,A,C,0.18683356,0.15325907,0.6599074
10787,B,B,0.16154766,0.76483643,0.07361588
10788,A,C,0.2921263,0.040266175,0.66760755
10789,C,C,0.3754759,0.13128611,0.493238
10790,C,C,0.055399437,0.13171662,0.812884
10791,A,A,0.94212854,0.02626794,0.031603545
10792,C,C,0.0584922,0.05250192,0.8890059
10793,B,B,0.08691359,0.8733329,0.039753456
10794,C,C,0.09856759,0.04030929,0.86112314
10795,A,A,0.72259915,0.06400927,0.21339157
10796,A,A,0.9178601,0.030632677,0.05150722
10797,A,A,0.7159024,0.04308924,0.24100842
10798,A,A,0.89632183,0.037627023,0.06605121
10799,B,B,0.09888969,0.69251084,0.20859948
10800,A,A,0.8404282,0.04590059,0.11367119
10801,C,C,0.13685541,0.060304414,0.8028402
10802,B,B,0.032413367,0.8541392,0.11344736
10803,C,A,0.50627774,0.13815427,0.35556805
10804,B,B,0.06688179,0.8204825,0.1126357
10805,A,A,0.9579761,0.016805684,0.025218127
10806,C,C,0.15949917,0.10450456,0.73599625
10807,A,A,0.9696602,0.0073512085,0.022988526
10808,C,C,0.20446804,0.03662341,0.75890857
10809,B,A,0.45866433,0.44177708,0.09955863
10810,A,A,0.82187253,0.105313964,0.07281352
10811,A,A,0.6165982,0.07757835,0.30582345
10812,B,B,0.10955341,0.5014489,0.3889976
10813,A,A,0.7995718,0.06415889,0.13626924
10814,B,B,0.034983512,0.91153634,0.053480227
10815,C,C,0.09187665,0.06410709,0.8440162
10816,C,C,0.04578748,0.09268003,0.86153257
10817,A,A,0.7730882,0.092541546,0.13437016
10818,A,A,0.8851922,0.05045908,0.06434873
10819,C,C,0.14289375,0.053475916,0.8036303
10820,C,C,0.03600485,0.040411767,0.9235834
10821,B,B,0.029708069,0.9428783,0.02741361
10822,A,A,0.8354182,0.048295155,0.11628657
10823,A,B,0.16060008,0.67204404,0.16735594
10824,B,B,0.048544314,0.8044636,0.146992
10825,A,A,0.9379248,0.017172746,0.044902388
10826,B,B,0.14141664,0.5006056,0.35797772
10827,C,A,0.76590455,0.04251562,0.19157986
10828,C,C,0.10662815,0.21708862,0.6762832
10829,C,A,0.6223178,0.039706387,0.33797583
10830,C,A,0.53525054,0.12045202,0.34429747
10831,C,C,0.42459226,0.053959426,0.5214483
10832,A,A,0.7204675,0.018476764,0.26105574
10833,B,B,0.028697792,0.91083646,0.060465824
10834,B,B,0.12609527,0.8229437,0.05096107
10835,C,C,0.030770972,0.066578485,0.9026506
10836,C,C,0.07660263,0.12736443,0.79603297
10837,A,A,0.67157465,0.2753682,0.053057157
10838,C,C,0.053618442,0.036343753,0.91003776
10839,A,A,0.7496332,0.10708367,0.14328317
10840,B,B,0.072372615,0.6869722,0.24065514
10841,B,B,0.09001444,0.7007341,0.20925155
10842,A,A,0.891525,0.022315947,0.08615915
10843,B,B,0.08081064,0.80749816,0.11169117
10844,A,A,0.8961434,0.027540183,0.07631639
10845,C,C,0.1661024,0.21231456,0.6215831
10846,A,A,0.75734407,0.10345934,0.1391966
10847,C,C,0.15667416,0.09364502,0.7496808
10848,C,C,0.03413195,0.07661233,0.8892557
10849,C,C,0.28697106,0.06954963,0.6434793
10850,C,C,0.16264515,0.03633561,0.8010192
10851,C,C,0.17664315,0.053716417,0.76964045
10852,B,B,0.0239517,0.86265194,0.11339638
10853,A,A,0.961347,0.01320062,0.025452469
10854,C,A,0.47789356,0.11087665,0.41122976
10855,A,A,0.913578,0.029918436,0.05650352
10856,C,C,0.08113274,0.046166703,0.8727006
10857,C,B,0.20038664,0.5031686,0.29644483
10858,C,A,0.5066179,0.054400004,0.43898204
10859,B,B,0.039966963,0.91854346,0.041489623
10860,C,B,0.24074645,0.45979735,0.2994562
10861,B,B,0.04350431,0.94006956,0.016426137
10862,C,C,0.022980135,0.14779304,0.82922685
10863,C,C,0.08330368,0.28479362,0.6319027
10864,A,A,0.7949803,0.08434263,0.120677054
10865,A,A,0.7966601,0.02696963,0.17637019
10866,C,C,0.065709576,0.048840795,0.8854496
10867,B,B,0.0422547,0.68769723,0.27004802
10868,C,C,0.10078586,0.070134304,0.8290798
10869,B,B,0.15416685,0.8053824,0.04045085
10870,B,B,0.024286294,0.9617754,0.013938315
10871,A,A,0.85096043,0.02608053,0.122959
10872,C,C,0.06097131,0.06362659,0.8754021
10873,A,A,0.8836155,0.04256856,0.07381596
10874,A,A,0.6596813,0.053028166,0.28729048
10875,C,C,0.25833777,0.0294351,0.7122271
10876,C,C,0.07087643,0.028232211,0.9008914
10877,A,B,0.36668295,0.58732575,0.045991324
10878,C,B,0.21806593,0.47553304,0.30640107
10879,B,B,0.11627765,0.49073797,0.3929844
10880,B,B,0.0069818385,0.98479617,0.008221964
10881,A,A,0.5330996,0.082485944,0.3844144
10882,B,B,0.027180724,0.95247495,0.020344304
10883,A,A,0.86406934,0.08903446,0.046896122
10884,A,A,0.92404205,0.02201995,0.053938027
10885,B,B,0.071731225,0.88693696,0.041331764
10886,B,A,0.58867687,0.09999879,0.31132433
10887,C,C,0.040506776,0.18558648,0.7739068
10888,B,B,0.04735328,0.85559344,0.097053245
10889,C,A,0.6095412,0.079384975,0.31107384
10890,B,B,0.03838197,0.94093263,0.020685392
10891,B,B,0.13765532,0.7915802,0.07076446
10892,C,C,0.13235447,0.1303348,0.7373107
10893,C,C,0.039712813,0.19522305,0.7650641
10894,C,C,0.122742414,0.16360705,0.7136505
10895,C,C,0.11730551,0.06440103,0.8182935
10896,A,C,0.38528496,0.03530849,0.57940656
10897,A,A,0.57412654,0.15131366,0.2745597
10898,A,A,0.9288276,0.027781151,0.043391224
10899,B,B,0.055969995,0.90716547,0.036864553
10900,A,A,0.9266191,0.02464297,0.04873785
10901,A,C,0.38586146,0.117308795,0.49682978
10902,B,B,0.051235877,0.69778526,0.25097886
10903,C,B,0.06636849,0.82677215,0.10685932
10904,C,C,0.033610754,0.13421711,0.83217216
10905,C,C,0.3799672,0.23975937,0.38027343
10906,B,B,0.19503918,0.75431323,0.0506476
10907,B,B,0.22126691,0.7270504,0.051682726
10908,A,C,0.08469795,0.04032617,0.87497586
10909,B,B,0.017145919,0.9633062,0.019547911
10910,A,A,0.9252365,0.017439777,0.05732367
10911,C,C,0.0676943,0.05334274,0.87896293
10912,B,B,0.20378463,0.6176403,0.17857513
10913,C,C,0.08762433,0.0463059,0.8660698
10914,A,A,0.94348454,0.018938089,0.037577342
10915,C,C,0.123608924,0.048593998,0.8277971
10916,A,A,0.8027567,0.07344205,0.12380122
10917,C,A,0.48188367,0.06468149,0.4534348
10918,A,A,0.53666776,0.17002441,0.29330778
10919,C,C,0.07873961,0.11501068,0.8062498
10920,C,C,0.10890161,0.20289151,0.68820685
10921,C,C,0.17999472,0.059290007,0.76071525
10922,B,B,0.080446765,0.83782935,0.08172392
10923,B,C,0.03884853,0.321549,0.6396024
10924,A,C,0.32163063,0.07818819,0.6001812
10925,A,A,0.8598736,0.022055512,0.11807093
10926,C,C,0.083364554,0.09312185,0.8235136
10927,A,A,0.8391088,0.05695982,0.103931315
10928,A,A,0.5235618,0.15697621,0.31946203
10929,B,B,0.0801851,0.8890367,0.030778218
10930,B,B,0.047047354,0.7833304,0.1696222
10931,A,A,0.51549155,0.069508135,0.41500038
10932,A,B,0.28894624,0.57730347,0.13375022
10933,B,B,0.10409889,0.7485909,0.14731017
10934,A,A,0.70203066,0.05335506,0.24461426
10935,C,C,0.028534304,0.09896116,0.8725046
10936,C,C,0.21849813,0.18269499,0.5988069
10937,A,A,0.9289536,0.03326623,0.037780177
10938,B,B,0.05440023,0.91858155,0.027018245
10939,A,A,0.7136753,0.074380435,0.21194425
10940,A,A,0.62582964,0.04247631,0.33169407
10941,B,B,0.05533259,0.91131586,0.0333516
10942,A,A,0.7575524,0.035421383,0.2070262
10943,B,B,0.45796812,0.46737406,0.07465783
10944,C,A,0.56138563,0.22695297,0.21166143
10945,C,C,0.29911786,0.082759686,0.6181224
10946,A,A,0.566838,0.03313135,0.40003067
10947,B,B,0.030007686,0.8564527,0.11353969
10948,A,A,0.88742787,0.02115013,0.09142201
10949,A,B,0.028812718,0.9202984,0.050888874
10950,A,A,0.85780674,0.09020912,0.05198419
10951,C,C,0.04208786,0.18855962,0.7693525
10952,B,B,0.031099819,0.72820514,0.24069507
10953,C,A,0.6245879,0.052020658,0.32339147
10954,B,B,0.011771777,0.92984205,0.05838614
10955,B,B,0.18499932,0.67400354,0.1409972
10956,C,C,0.17147404,0.09650819,0.73201776
10957,C,C,0.063884504,0.057708487,0.87840706
10958,B,B,0.030579004,0.85835624,0.1110648
10959,C,C,0.07055999,0.38936284,0.5400772
10960,A,A,0.5782024,0.042697113,0.37910044
10961,A,A,0.6819101,0.10755918,0.21053065
10962,A,A,0.8195092,0.032980762,0.14751
10963,B,B,0.057121664,0.83617765,0.10670058
10964,C,C,0.13833152,0.046668235,0.8150002
10965,A,A,0.8827112,0.07106715,0.046221677
10966,C,C,0.07287795,0.30507922,0.6220428
10967,C,C,0.13787681,0.0809386,0.78118455
10968,A,A,0.9003208,0.051945493,0.047733575
10969,B,B,0.11023633,0.55777264,0.33199108
10970,C,A,0.8952591,0.0333756,0.071365386
10971,B,B,0.10457976,0.80777836,0.08764187
10972,A,A,0.7902844,0.07976213,0.12995346
10973,C,C,0.08747854,0.048312828,0.86420864
10974,B,C,0.19624087,0.38456053,0.41919857
10975,B,B,0.02327426,0.95706123,0.01966456
10976,B,B,0.100378774,0.5482627,0.3513585
10977,A,A,0.9408261,0.022545204,0.036628608
10978,B,B,0.20928237,0.6295959,0.16112179
10979,C,C,0.07408347,0.13736074,0.7885558
10980,A,C,0.39988062,0.025956048,0.5741633
10981,C,C,0.080412276,0.054018356,0.86556935
10982,A,A,0.6936258,0.09188291,0.21449131
10983,A,A,0.88883775,0.021853255,0.089309044
10984,A,A,0.5330645,0.07040159,0.39653394
10985,B,B,0.34898457,0.553127,0.09788842
10986,C,C,0.051029336,0.18383862,0.76513207
10987,C,C,0.1183472,0.29231232,0.5893405
10988,C,C,0.15764329,0.08974559,0.7526111
10989,A,A,0.8807958,0.07506881,0.04413544
10990,B,B,0.02143777,0.89118475,0.087377496
10991,B,B,0.055540357,0.9160601,0.02839949
10992,B,C,0.035804432,0.46895733,0.4952383
10993,A,A,0.908796,0.030679375,0.060524605
10994,A,A,0.65619683,0.08305106,0.26075205
10995,A,A,0.87817997,0.05986811,0.061951917
10996,A,A,0.60008925,0.16585791,0.23405287
10997,C,C,0.06018262,0.06322201,0.8765953
10998,B,B,0.16317819,0.8073508,0.029471083
10999,B,B,0.1396211,0.46949667,0.39088225
11000,A,A,0.80991083,0.019427689,0.17066143
11001,A,A,0.83176774,0.049589533,0.11864275
11002,C,C,0.3124008,0.053631205,0.63396806
11003,C,C,0.32450506,0.03069033,0.64480466
11004,B,B,0.06777304,0.83254844,0.099678494
11005,B,A,0.8084617,0.1581788,0.03335948
11006,C,C,0.13021156,0.08302964,0.7867588
11007,B,B,0.19789729,0.589248,0.21285467
11008,B,C,0.048742402,0.31731614,0.6339415
11009,A,A,0.94132715,0.02055158,0.038121175
11010,B,C,0.09175533,0.37023428,0.5380104
11011,C,C,0.042174436,0.062426295,0.8953993
11012,A,A,0.75965494,0.102915585,0.13742949
11013,B,B,0.036790624,0.9374875,0.025721904
11014,B,B,0.010275826,0.97328216,0.01644201
11015,B,A,0.76103604,0.15297441,0.08598953
11016,C,C,0.071176216,0.15995558,0.76886827
11017,C,C,0.11496212,0.09668827,0.7883497
11018,B,B,0.034156684,0.73323596,0.23260736
11019,A,A,0.69385636,0.046792857,0.25935075
11020,C,C,0.04219304,0.084900826,0.87290615
11021,A,A,0.80716735,0.05191854,0.14091416
11022,C,C,0.17430042,0.040393513,0.7853061
11023,A,C,0.38701752,0.08256006,0.5304224
11024,B,B,0.120416686,0.8054329,0.07415046
11025,A,A,0.5770348,0.21432942,0.20863587
11026,C,C,0.07704769,0.0706757,0.85227656
11027,B,B,0.031810056,0.52331966,0.4448703
11028,C,C,0.1492869,0.04070584,0.8100073
11029,A,A,0.64941704,0.11253735,0.23804565
11030,C,C,0.10898156,0.11870975,0.7723087
11031,C,C,0.1084212,0.072177835,0.8194009
11032,B,B,0.30159286,0.5017404,0.19666669
11033,C,C,0.06114232,0.16577804,0.77307963
11034,C,B,0.20591603,0.59332716,0.20075679
11035,A,A,0.81149477,0.022850564,0.16565464
11036,A,A,0.87190014,0.09412434,0.03397551
11037,A,A,0.86238194,0.013147333,0.124470845
11038,B,B,0.090522386,0.8566442,0.052833375
11039,C,C,0.28462097,0.08893804,0.62644106
11040,C,C,0.14894116,0.05274689,0.798312
11041,A,A,0.8526255,0.030664628,0.116709836
11042,C,C,0.12018111,0.11103755,0.7687813
11043,B,B,0.09271754,0.47527587,0.43200657
11044,C,C,0.06546961,0.1281119,0.8064185
11045,C,C,0.17952344,0.10877797,0.71169853
11046,A,A,0.74284995,0.039102234,0.21804781
11047,B,B,0.039523788,0.7908192,0.16965696
11048,A,A,0.68488175,0.018904714,0.29621348
11049,A,B,0.06660016,0.71939164,0.21400824
11050,A,A,0.9488615,0.018855846,0.032282677
11051,C,C,0.0849312,0.029990576,0.8850782
11052,C,C,0.19462804,0.0920403,0.7133317
11053,C,C,0.14473054,0.088502854,0.76676667
11054,A,A,0.8899081,0.053472616,0.05661936
11055,C,B,0.08680392,0.78931886,0.123877205
11056,B,B,0.035867166,0.8378403,0.12629256
11057,A,A,0.6401195,0.20758602,0.15229441
11058,A,A,0.86127955,0.012837115,0.12588331
11059,C,C,0.065396346,0.07930089,0.8553028
11060,A,A,0.8587828,0.05583753,0.08537965
11061,C,C,0.018594472,0.060797814,0.92060775
11062,C,C,0.06459161,0.032961,0.9024474
11063,B,B,0.030780468,0.73751956,0.23169993
11064,A,A,0.88876164,0.011549473,0.09968886
11065,B,B,0.12103691,0.82770354,0.051259503
11066,B,C,0.060091726,0.4474115,0.4924968
11067,A,A,0.82724184,0.12399955,0.04875858
11068,A,A,0.73518354,0.11284629,0.15197021
11069,B,B,0.016559692,0.8037246,0.17971575
11070,A,A,0.5479349,0.04394461,0.40812045
11071,B,B,0.057332505,0.7724915,0.17017598
11072,A,A,0.80513453,0.113155216,0.08171019
11073,A,A,0.80848545,0.11728387,0.074230745
11074,A,A,0.66258085,0.17994972,0.15746945
11075,C,C,0.10224843,0.043999016,0.85375255
11076,C,C,0.13760288,0.16610916,0.696288
11077,B,B,0.1699909,0.544058,0.2859511
11078,B,B,0.018923657,0.9047326,0.07634373
11079,B,B,0.022270873,0.8522036,0.12552555
11080,C,C,0.43847072,0.09057735,0.47095197
11081,C,C,0.06960839,0.10450038,0.82589126
11082,A,A,0.88977903,0.06964713,0.040573906
11083,C,C,0.0748108,0.042838313,0.8823509
11084,A,A,0.69398606,0.037380923,0.268633
11085,C,A,0.81933665,0.027905585,0.15275766
11086,A,A,0.94782996,0.015368681,0.036801394
11087,A,A,0.8945175,0.03910665,0.06637594
11088,B,B,0.022711746,0.8778178,0.09947041
11089,C,C,0.36542907,0.06062016,0.5739508
11090,C,C,0.08907399,0.15902199,0.751904
11091,B,B,0.05052135,0.8924123,0.057066265
11092,A,A,0.564037,0.08760458,0.34835836
11093,C,C,0.31414738,0.1351089,0.5507437
11094,B,B,0.1956231,0.695155,0.10922191
11095,B,B,0.03788558,0.8878989,0.07421548
11096,B,B,0.0690863,0.6387807,0.29213303
11097,C,C,0.03120908,0.06044565,0.9083452
11098,B,C,0.042099517,0.13833812,0.8195624
11099,C,C,0.030430393,0.069142066,0.9004275
11100,C,C,0.31737414,0.07937551,0.6032504
11101,A,A,0.59675604,0.09015072,0.31309325
11102,C,C,0.25217754,0.10700341,0.640819
11103,A,A,0.62567633,0.056294583,0.31802914
11104,B,B,0.07859935,0.57575506,0.34564558
11105,B,B,0.12051291,0.6777213,0.20176584
11106,A,A,0.4742617,0.07277659,0.45296168
11107,A,A,0.78388506,0.039021228,0.17709368
11108,B,B,0.16706751,0.8015656,0.031366955
11109,C,C,0.14719231,0.099736944,0.7530708
11110,B,C,0.31086063,0.23352101,0.45561835
11111,B,C,0.05369474,0.37958694,0.56671834
11112,A,A,0.92081314,0.0358622,0.043324564
11113,B,B,0.0129791945,0.93766856,0.04935224
11114,A,A,0.87420136,0.054490764,0.07130789
11115,C,C,0.09991192,0.13174215,0.76834595
11116,A,A,0.85396004,0.035272494,0.11076754
11117,C,A,0.48192337,0.039576612,0.47849998
11118,C,A,0.44232646,0.20569766,0.35197583
11119,C,C,0.080608204,0.10088285,0.818509
11120,B,A,0.7011398,0.076619424,0.22224067
11121,A,A,0.8955494,0.052686676,0.05176392
11122,B,B,0.03948566,0.7873448,0.17316951
11123,B,A,0.40473685,0.25965407,0.33560908
11124,B,B,0.16646147,0.7114211,0.12211744
11125,C,B,0.17174466,0.44000167,0.3882537
11126,B,B,0.11421995,0.74899226,0.13678779
11127,B,B,0.0960595,0.60812986,0.29581067
11128,C,C,0.031165214,0.02029288,0.94854194
11129,B,B,0.02791545,0.7279445,0.24414007
11130,A,A,0.73462826,0.023502208,0.24186948
11131,B,C,0.18971162,0.38252816,0.4277602
11132,C,C,0.36983618,0.1368844,0.49327934
11133,B,B,0.054257978,0.47540072,0.47034132
11134,C,A,0.51382256,0.036860023,0.44931754
11135,C,A,0.74639446,0.033028983,0.22057657
11136,B,B,0.061185665,0.8077447,0.13106965
11137,C,C,0.28261828,0.09029048,0.6270912
11138,B,C,0.28649744,0.2739692,0.43953344
11139,C,C,0.10443329,0.042223334,0.8533434
11140,B,C,0.2482686,0.28774038,0.463991
11141,C,C,0.189237,0.055341695,0.75542134
11142,A,C,0.28865832,0.092190064,0.61915165
11143,A,A,0.6918453,0.2588592,0.049295522
11144,B,B,0.100658014,0.8351379,0.0642041
11145,B,B,0.1763169,0.5974092,0.22627388
11146,C,C,0.11582463,0.07661425,0.8075611
11147,C,C,0.035595175,0.22686867,0.7375362
11148,C,C,0.021977903,0.023712771,0.95430934
11149,B,B,0.023043007,0.9556487,0.021308277
11150,C,C,0.36422977,0.049284786,0.58648545
11151,A,A,0.6796722,0.025587913,0.2947398
11152,B,B,0.10532024,0.8380124,0.056667373
11153,B,C,0.023626544,0.1202951,0.8560783
11154,B,B,0.08925127,0.6144357,0.29631293
11155,A,B,0.44303334,0.49756256,0.059404094
11156,C,C,0.22745702,0.07741202,0.69513094
11157,B,B,0.13161497,0.7986088,0.0697763
11158,C,C,0.08267612,0.09941758,0.81790626
11159,C,C,0.051706985,0.15630095,0.7919921
11160,B,B,0.031498913,0.55929047,0.40921053
11161,B,C,0.11579345,0.2517134,0.6324932
11162,C,C,0.0954555,0.06806405,0.83648044
11163,C,A,0.46110964,0.08818667,0.45070374
11164,C,C,0.086436264,0.1380133,0.7755504
11165,B,B,0.07103526,0.59835434,0.33061042
11166,B,B,0.10282819,0.79534376,0.1018281
11167,A,A,0.6593442,0.2077802,0.13287555
11168,B,C,0.13922597,0.23447102,0.626303
11169,A,A,0.85361147,0.030252013,0.11613659
11170,C,C,0.105576605,0.076026045,0.81839734
11171,C,C,0.19673945,0.03438359,0.768877
11172,B,B,0.037658267,0.8584273,0.10391442
11173,A,A,0.8679577,0.03186067,0.1001816
11174,A,A,0.80972934,0.07953956,0.110731125
11175,B,B,0.13310236,0.73737025,0.12952733
11176,C,C,0.062988065,0.06385508,0.87315685
11177,A,A,0.9430238,0.012303395,0.044672746
11178,B,B,0.11755286,0.6094953,0.27295184
11179,A,A,0.942759,0.026885416,0.030355636
11180,C,C,0.0770127,0.082098894,0.84088844
11181,A,A,0.6470029,0.3268797,0.026117457
11182,A,A,0.87548095,0.05301428,0.07150469
11183,C,C,0.3500311,0.052141335,0.59782755
11184,A,A,0.87708735,0.026081188,0.09683148
11185,B,B,0.118996955,0.6891404,0.19186269
11186,B,B,0.039304394,0.9423488,0.018346863
11187,B,B,0.030420884,0.9386812,0.030897925
11188,C,C,0.04855907,0.046776913,0.9046641
11189,A,A,0.91868645,0.020102382,0.06121113
11190,A,A,0.85739267,0.04217138,0.10043595
11191,B,C,0.04368171,0.3164692,0.6398492
11192,B,B,0.014824688,0.9630983,0.022077113
11193,B,C,0.34529674,0.07450549,0.58019775
11194,A,A,0.77437496,0.025167055,0.20045802
11195,C,C,0.281536,0.058204263,0.6602597
11196,A,A,0.6752813,0.19872276,0.12599593
11197,A,A,0.5710788,0.100889094,0.32803214
11198,B,B,0.12496285,0.80398405,0.07105315
11199,C,C,0.14208445,0.09039666,0.76751894
11200,B,B,0.12968469,0.8141718,0.05614364
11201,C,C,0.04122996,0.17126907,0.7875009
11202,A,A,0.9080462,0.014144233,0.07780956
11203,C,C,0.05625715,0.06827905,0.8754638
11204,A,A,0.87561035,0.06138177,0.06300782
11205,B,B,0.025843976,0.9172476,0.05690843
11206,B,B,0.24950723,0.7281916,0.022301124
11207,B,B,0.056391418,0.8652859,0.07832272
11208,A,A,0.7064226,0.09211388,0.20146357
11209,A,A,0.8801822,0.024615576,0.0952022
11210,A,A,0.896102,0.031837117,0.07206085
11211,C,C,0.10315021,0.044244315,0.85260546
11212,B,B,0.2793028,0.6512873,0.06940983
11213,B,B,0.39194065,0.41145796,0.19660144
11214,B,B,0.023466395,0.8921032,0.084430315
11215,C,A,0.5214773,0.044304244,0.43421844
11216,C,C,0.4296947,0.08875852,0.48154676
11217,A,B,0.090594225,0.60380715,0.30559862
11218,A,A,0.9152057,0.056481734,0.028312605
11219,A,A,0.91567165,0.027209107,0.0571192
11220,B,B,0.1369907,0.7876362,0.07537304
11221,A,A,0.60881513,0.044308033,0.34687683
11222,C,C,0.062967986,0.03830998,0.89872205
11223,C,C,0.04581218,0.06217549,0.89201236
11224,B,B,0.34159887,0.5159076,0.14249352
11225,A,A,0.822656,0.018897418,0.15844664
11226,C,C,0.14021358,0.15536991,0.7044165
11227,B,B,0.06286014,0.7327065,0.20443335
11228,C,C,0.041045148,0.28769663,0.6712582
11229,A,A,0.88762516,0.020321153,0.09205359
11230,A,A,0.8843806,0.040919293,0.07470019
11231,B,B,0.23759674,0.6277926,0.13461068
11232,B,A,0.52382827,0.13117678,0.34499496
11233,B,C,0.18546118,0.15113063,0.66340816
11234,C,C,0.056556202,0.053197894,0.89024585
11235,A,A,0.8032794,0.049819823,0.14690085
11236,B,B,0.21967441,0.66623956,0.11408595
11237,C,C,0.26686412,0.19431101,0.5388248
11238,A,A,0.65241045,0.14322285,0.20436668
11239,C,C,0.15926427,0.056091394,0.78464437
11240,B,B,0.12171202,0.7393575,0.1389305
11241,A,A,0.86803657,0.07001297,0.061950404
11242,C,C,0.08768448,0.096498705,0.8158168
11243,C,C,0.16004866,0.24279937,0.59715194
11244,A,A,0.8123869,0.053934522,0.13367863
11245,A,A,0.8298436,0.124128066,0.046028316
11246,B,B,0.21208845,0.61176306,0.17614852
11247,C,C,0.08815555,0.056080483,0.85576403
11248,C,C,0.18303004,0.29923028,0.51773965
11249,A,B,0.038103547,0.8954159,0.06648057
11250,A,A,0.49097216,0.17713332,0.33189452
11251,C,C,0.05617406,0.09155658,0.8522694
11252,C,C,0.20093276,0.31105322,0.48801404
11253,B,B,0.116083324,0.82508796,0.05882879
11254,B,B,0.22481567,0.6357059,0.13947855
11255,A,A,0.7923458,0.086584516,0.12106967
11256,C,C,0.050670315,0.0629887,0.88634104
11257,A,A,0.7513727,0.063369,0.18525837
11258,C,C,0.17226873,0.106723994,0.7210073
11259,C,C,0.10408868,0.1006841,0.79522717
11260,B,C,0.105903655,0.4293784,0.46471795
11261,A,C,0.2986747,0.04641191,0.65491337
11262,B,B,0.22022663,0.6611418,0.11863164
11263,B,B,0.09471015,0.72397786,0.18131201
11264,C,C,0.036388088,0.041022267,0.92258966
11265,A,A,0.8504019,0.079826705,0.06977134
11266,A,A,0.8307605,0.013910788,0.15532877
11267,C,C,0.026431946,0.06063919,0.91292894
11268,A,A,0.94305986,0.0258909,0.031049225
11269,B,B,0.09177736,0.68294686,0.22527577
11270,C,C,0.22811902,0.08397533,0.68790567
11271,A,A,0.79161006,0.065322734,0.1430672
11272,A,A,0.85989106,0.025671236,0.11443773
11273,A,B,0.25869414,0.6746269,0.066679016
11274,A,B,0.16790119,0.77477777,0.057321012
11275,A,A,0.85244423,0.10432817,0.04322761
11276,C,A,0.782844,0.042945594,0.1742104
11277,A,A,0.57882553,0.17620768,0.24496685
11278,C,C,0.066532485,0.08390097,0.8495665
11279,A,A,0.7603362,0.043268707,0.1963951
11280,B,B,0.055636436,0.8689687,0.07539482
11281,C,C,0.056142762,0.055051845,0.8888053
11282,C,C,0.023965694,0.026538098,0.9494962
11283,C,C,0.0993572,0.10175434,0.79888844
11284,C,C,0.040701482,0.016985208,0.9423133
11285,C,C,0.026923778,0.023123898,0.9499523
11286,B,C,0.15190935,0.23086904,0.6172216
11287,A,A,0.79064804,0.10796149,0.101390496
11288,C,C,0.09100713,0.033729557,0.87526333
11289,B,B,0.013951872,0.9542456,0.031802636
11290,A,A,0.8264371,0.020624198,0.15293872
11291,A,A,0.8219579,0.05684055,0.12120154
11292,C,C,0.032688346,0.028727906,0.93858373
11293,B,B,0.24013585,0.6590993,0.100764915
11294,C,A,0.91017205,0.03220137,0.05762663
11295,C,C,0.3121353,0.102762766,0.5851019
11296,A,A,0.63987184,0.07164347,0.2884847
11297,B,B,0.06923096,0.8961801,0.034588862
11298,A,A,0.97103304,0.0096395975,0.019327382
11299,A,A,0.91137856,0.033099998,0.055521384
11300,A,A,0.8694535,0.063669965,0.06687653
11301,A,A,0.80068034,0.03130193,0.16801772
11302,B,A,0.63347495,0.19093998,0.1755851
11303,C,A,0.6073801,0.10198228,0.29063758
11304,A,A,0.76136404,0.1652494,0.0733865
11305,B,B,0.17140602,0.7597853,0.06880866
11306,B,B,0.07296434,0.85192764,0.07510803
11307,A,A,0.71651477,0.035995465,0.2474898
11308,A,A,0.68677104,0.04343139,0.2697976
11309,C,C,0.21732351,0.108905196,0.6737713
11310,B,B,0.117620856,0.74251235,0.1398668
11311,B,B,0.20295638,0.7421034,0.05494014
11312,C,C,0.055525713,0.03248978,0.91198456
11313,A,A,0.7862166,0.112403676,0.10137975
11314,A,A,0.92078376,0.03130433,0.04791191
11315,B,C,0.12800546,0.3226352,0.5493594
11316,C,C,0.089316174,0.10301378,0.80767006
11317,A,A,0.65340924,0.13433857,0.21225218
11318,C,A,0.478038,0.05323367,0.46872836
11319,C,C,0.16592993,0.11880817,0.7152619
11320,A,A,0.6410049,0.15497367,0.20402144
11321,B,B,0.020436889,0.9284343,0.051128767
11322,A,A,0.82436055,0.13060328,0.045036145
11323,B,B,0.027207159,0.95285386,0.01993894
11324,B,B,0.02297025,0.94496137,0.0320685
11325,C,C,0.07444791,0.09376133,0.83179075
11326,B,B,0.037188593,0.69842124,0.26439026
11327,A,B,0.1290653,0.7835564,0.08737836
11328,A,A,0.9586188,0.01796114,0.023420023
11329,C,C,0.1358519,0.07250582,0.79164225
11330,C,A,0.769047,0.035783507,0.1951695
11331,B,B,0.1781726,0.7311869,0.09064045
11332,A,B,0.12131358,0.79839236,0.08029411
11333,A,A,0.6015427,0.059807885,0.33864942
11334,C,C,0.07944991,0.36684877,0.5537014
11335,A,A,0.8603496,0.048174556,0.09147589
11336,C,C,0.15232016,0.05739415,0.79028565
11337,B,B,0.018666796,0.9485579,0.03277528
11338,B,B,0.017706836,0.9501493,0.03214384
11339,A,A,0.9360887,0.033149928,0.030761398
11340,C,C,0.06897016,0.19522002,0.73580974
11341,B,A,0.7076058,0.10248972,0.18990451
11342,C,B,0.24372803,0.6674748,0.08879714
11343,B,B,0.11040755,0.8464882,0.04310427
11344,B,B,0.015997902,0.96805733,0.01594482
11345,C,C,0.086947724,0.037096474,0.87595576
11346,B,B,0.03804469,0.9233562,0.038599063
11347,C,C,0.28165337,0.08342048,0.6349262
11348,B,B,0.06566457,0.9014416,0.03289393
11349,A,A,0.7214774,0.08019977,0.19832282
11350,C,C,0.12202148,0.23287971,0.6450988
11351,C,C,0.19867587,0.11276632,0.68855786
11352,A,A,0.511237,0.09324611,0.39551684
11353,B,B,0.022866886,0.8795182,0.09761494
11354,A,C,0.3430137,0.20309363,0.4538927
11355,C,C,0.13643618,0.049098015,0.8144658
11356,A,C,0.3241388,0.19616486,0.47969633
11357,B,B,0.03288817,0.9560433,0.01106844
11358,C,C,0.048535373,0.09278934,0.85867524
11359,A,A,0.9151429,0.040114906,0.044742204
11360,B,B,0.25697047,0.5499732,0.19305633
11361,A,C,0.35399354,0.16285567,0.48315072
11362,C,C,0.07145295,0.032401457,0.8961456
11363,A,C,0.4121115,0.04701277,0.5408758
11364,B,B,0.1668818,0.78361666,0.04950149
11365,C,C,0.35128367,0.1129847,0.5357316
11366,C,C,0.08240893,0.0371291,0.88046193
11367,A,A,0.8586258,0.055458333,0.08591586
11368,A,A,0.82648474,0.10407386,0.069441386
11369,C,C,0.40682408,0.060514417,0.5326615
11370,B,B,0.06703518,0.7916997,0.14126506
11371,B,C,0.38391918,0.2269466,0.3891342
11372,A,A,0.75878185,0.05794197,0.18327627
11373,A,A,0.78895766,0.10606352,0.10497893
11374,C,C,0.39807305,0.07874948,0.5231775
11375,A,A,0.85456294,0.038219456,0.10721759
11376,C,C,0.07996466,0.049465813,0.8705695
11377,B,B,0.05190687,0.8190202,0.1290729
11378,C,B,0.08206948,0.84093344,0.07699711
11379,B,B,0.065536916,0.8722509,0.062212206
11380,A,A,0.94629043,0.01471416,0.038995452
11381,A,A,0.9084124,0.030820375,0.060767245
11382,A,A,0.594641,0.08132384,0.3240352
11383,B,B,0.33955434,0.35514823,0.3052975
11384,B,B,0.031673018,0.90315926,0.065167814
11385,A,A,0.35446313,0.2937507,0.35178614
11386,A,A,0.85223013,0.06718475,0.08058504
11387,C,C,0.17858239,0.11647929,0.7049383
11388,B,B,0.10338455,0.71590286,0.18071263
11389,A,A,0.49231023,0.19610877,0.31158093
11390,B,B,0.10866634,0.6024264,0.28890726
11391,C,C,0.054761756,0.033716127,0.91152215
11392,A,A,0.64311934,0.08546091,0.27141982
11393,B,B,0.041039024,0.5209006,0.43806046
11394,B,B,0.370026,0.56785494,0.06211899
11395,A,A,0.5699109,0.27515388,0.1549353
11396,B,B,0.1271284,0.62777156,0.2451
11397,B,B,0.0268486,0.9135621,0.05958931
11398,B,A,0.67085004,0.26852217,0.060627766
11399,A,A,0.7012461,0.1305267,0.16822717
11400,B,C,0.054305717,0.11151117,0.8341831
11401,B,B,0.030445732,0.9348059,0.034748305
11402,C,C,0.26498833,0.05890366,0.67610794
11403,B,B,0.025166543,0.5453835,0.42944995
11404,A,A,0.8289525,0.09698988,0.07405765
11405,A,A,0.93691254,0.016973047,0.046114437
11406,B,B,0.07829555,0.86168945,0.060014997
11407,B,B,0.026315661,0.7988557,0.17482862
11408,A,A,0.7153195,0.08080524,0.20387523
11409,C,C,0.12362062,0.09900218,0.77737725
11410,A,A,0.96204334,0.018275248,0.019681495
11411,B,B,0.038217302,0.8407671,0.121015616
11412,A,C,0.31337073,0.067375764,0.61925346
11413,B,A,0.6113071,0.12218019,0.26651266
11414,B,C,0.26738414,0.35593593,0.3766799
11415,A,C,0.3886493,0.054240767,0.5571099
11416,C,A,0.68912417,0.07103561,0.23984022
11417,C,C,0.25322372,0.026180798,0.72059554
11418,A,A,0.79938006,0.048815142,0.15180479
11419,A,A,0.89583004,0.017785221,0.0863847
11420,A,C,0.15730274,0.11676846,0.7259288
11421,A,A,0.7291139,0.07108336,0.19980283
11422,A,A,0.7994069,0.0498838,0.15070924
11423,A,A,0.5386853,0.12847665,0.33283806
11424,B,B,0.029923096,0.8734763,0.096600495
11425,B,B,0.12399596,0.8156105,0.06039347
11426,B,B,0.13432907,0.7990635,0.06660739
11427,C,C,0.3432973,0.071855076,0.58484757
11428,C,C,0.03860142,0.044793885,0.91660476
11429,B,A,0.51812214,0.20037574,0.28150213
11430,C,A,0.53349566,0.12087258,0.34563175
11431,B,B,0.027531443,0.7272231,0.24524541
11432,B,B,0.25512758,0.66880673,0.07606566
11433,A,A,0.43757716,0.21375212,0.34867072
11434,A,A,0.8629875,0.056842107,0.0801703
11435,A,A,0.7143246,0.2169342,0.06874114
11436,B,B,0.06436701,0.5829424,0.35269058
11437,C,C,0.13894507,0.06523972,0.79581517
11438,B,B,0.33062345,0.5210446,0.14833194
11439,A,A,0.8347987,0.025850667,0.13935058
11440,B,B,0.115720145,0.7882271,0.09605282
11441,A,A,0.96333486,0.016236389,0.020428672
11442,C,C,0.09984621,0.12171713,0.77843666
11443,B,C,0.06309333,0.33313555,0.60377115
11444,A,A,0.40181965,0.21110317,0.38707718
11445,B,B,0.17485182,0.70747894,0.117669225
11446,A,C,0.15189677,0.03950758,0.80859566
11447,C,C,0.1439087,0.097079344,0.759012
11448,C,C,0.061257564,0.09908486,0.83965755
11449,A,A,0.6622749,0.06741931,0.27030578
11450,A,A,0.83299726,0.11894721,0.04805549
11451,B,B,0.14554131,0.57916784,0.2752908
11452,A,A,0.68210846,0.06684309,0.25104845
11453,B,B,0.2899897,0.59064215,0.11936816
11454,A,A,0.5974287,0.054805767,0.3477656
11455,C,B,0.054965463,0.68968767,0.25534683
11456,C,C,0.029054584,0.048400186,0.92254525
11457,C,C,0.05971792,0.21041438,0.72986776
11458,A,A,0.55097735,0.108955,0.34006757
11459,B,B,0.11897888,0.7585516,0.12246956
11460,B,B,0.24746667,0.70365494,0.04887842
11461,B,A,0.48687866,0.28182247,0.23129877
11462,B,B,0.15290198,0.7265834,0.12051463
11463,B,B,0.14167702,0.5903654,0.26795763
11464,B,B,0.16622017,0.7658361,0.06794375
11465,C,C,0.024247581,0.30892208,0.6668303
11466,B,C,0.081387684,0.42919797,0.4894143
11467,C,C,0.201724,0.10161102,0.6966649
11468,C,C,0.09187067,0.052549757,0.8555795
11469,C,C,0.07541693,0.03919577,0.8853873
11470,C,C,0.36428162,0.036083054,0.5996353
11471,B,B,0.12056284,0.74035686,0.13908036
11472,B,A,0.58373976,0.10893434,0.30732596
11473,B,B,0.031540122,0.7049395,0.2635204
11474,C,C,0.042543914,0.06268125,0.89477485
11475,B,C,0.25236586,0.06539949,0.68223464
11476,A,A,0.7171033,0.03002312,0.25287354
11477,A,A,0.955948,0.013320988,0.030731035
11478,B,B,0.10166421,0.69264126,0.20569451
11479,C,C,0.104590975,0.059416022,0.835993
11480,B,B,0.016884325,0.8797968,0.10331897
11481,A,A,0.7243255,0.044795964,0.23087859
11482,B,B,0.039280944,0.55915296,0.4015662
11483,C,C,0.014784566,0.10937586,0.87583965
11484,B,B,0.0226748,0.6968533,0.2804719
11485,B,B,0.028956277,0.84726596,0.123777814
11486,C,C,0.04827414,0.21635935,0.7353665
11487,A,A,0.9400988,0.016827922,0.04307332
11488,B,B,0.16897185,0.5575755,0.2734527
11489,B,B,0.09231206,0.8638848,0.043803167
11490,A,C,0.2569887,0.14089386,0.6021174
11491,C,B,0.30692193,0.381374,0.31170407
11492,B,B,0.07014525,0.62797856,0.30187622
11493,C,C,0.17029245,0.03792149,0.791786
11494,C,C,0.06655558,0.043240286,0.89020413
11495,C,C,0.06559104,0.21184018,0.72256875
11496,C,C,0.16581792,0.14040019,0.6937819
11497,C,C,0.043993615,0.11334246,0.8426639
11498,A,A,0.44768667,0.10545638,0.4468569
11499,C,C,0.23500794,0.10303341,0.6619587
11500,B,B,0.10977965,0.67957824,0.21064204
11501,C,C,0.03563624,0.052934047,0.91142976
11502,A,A,0.88368094,0.044548444,0.07177054
11503,B,B,0.01898902,0.9523761,0.028634869
11504,A,A,0.8895813,0.026562303,0.08385633
11505,A,A,0.8901594,0.05877333,0.05106727
11506,C,C,0.13423426,0.07030416,0.79546154
11507,B,B,0.0557333,0.7169764,0.22729036
11508,C,C,0.23467189,0.027347965,0.7379801
11509,B,B,0.030751774,0.9295894,0.039658837
11510,B,B,0.11990654,0.5098004,0.37029314
11511,C,C,0.13119525,0.1763434,0.6924613
11512,B,B,0.047324594,0.9193252,0.03335018
11513,A,A,0.8875692,0.05605412,0.056376696
11514,C,C,0.03626344,0.100434706,0.8633018
11515,B,A,0.5350902,0.11318632,0.3517234
11516,B,B,0.010620211,0.96163815,0.027741669
11517,B,B,0.15286131,0.5193661,0.3277726
11518,B,B,0.25284973,0.6109163,0.1362339
11519,A,A,0.67675817,0.051221367,0.27202058
11520,B,B,0.07167036,0.7776772,0.1506524
11521,C,A,0.7519351,0.04745371,0.20061108
11522,B,B,0.024010032,0.8415516,0.13443837
11523,A,A,0.92362773,0.027755935,0.048616286
11524,B,B,0.11372964,0.47620034,0.41007
11525,C,C,0.23945045,0.11260175,0.6479478
11526,B,A,0.44666967,0.34279874,0.21053164
11527,C,C,0.0547607,0.07258159,0.8726577
11528,C,C,0.04244096,0.053004935,0.9045541
11529,A,A,0.8472534,0.044056844,0.10868981
11530,A,A,0.6907964,0.07241084,0.23679276
11531,B,B,0.023273287,0.82874167,0.14798497
11532,A,A,0.63775486,0.24592339,0.11632181
11533,B,B,0.031203276,0.8242635,0.14453317
11534,A,C,0.46706977,0.063460164,0.46947002
11535,A,C,0.39641774,0.073697045,0.52988523
11536,B,B,0.116859585,0.7699313,0.11320917
11537,A,A,0.5871997,0.3446582,0.068142116
11538,C,C,0.04834284,0.056649867,0.8950073
11539,A,A,0.47059605,0.22924316,0.3001608
11540,C,A,0.70818293,0.12653363,0.16528347
11541,A,A,0.69063175,0.043817118,0.26555118
11542,C,C,0.14745152,0.07510687,0.7774417
11543,B,B,0.027796203,0.922821,0.04938285
11544,B,B,0.04184155,0.823351,0.13480744
11545,C,C,0.034251995,0.12115538,0.84459263
11546,C,C,0.26101777,0.06448215,0.6745001
11547,C,C,0.020656718,0.035189502,0.9441538
11548,B,B,0.10394137,0.78134966,0.11470894
11549,B,B,0.2676551,0.48560873,0.24673618
11550,C,C,0.26243836,0.03306285,0.70449877
11551,A,A,0.48474374,0.036524065,0.4787322
11552,B,B,0.06501539,0.88309586,0.051888775
11553,C,C,0.17223595,0.042641148,0.78512293
11554,B,C,0.052108683,0.44720757,0.5006837
11555,A,A,0.7913776,0.019529102,0.1890933
11556,B,B,0.14693393,0.571146,0.28192005
11557,B,B,0.06409664,0.88950384,0.046399534
11558,C,C,0.13282381,0.06440571,0.8027705
11559,B,B,0.09672355,0.49350247,0.40977407
11560,B,B,0.00667485,0.9719188,0.021406421
11561,C,C,0.16786763,0.08460998,0.7475224
11562,B,B,0.13281018,0.6631698,0.20401996
11563,C,C,0.21264698,0.06796678,0.7193863
11564,B,B,0.10598789,0.83099073,0.06302131
11565,B,B,0.02734905,0.8697352,0.10291575
11566,A,A,0.9390212,0.022473345,0.038505428
11567,C,A,0.56253827,0.13103358,0.30642816
11568,A,A,0.9064626,0.058003034,0.035534367
11569,B,B,0.08864243,0.56310445,0.3482531
11570,A,A,0.69354266,0.07471579,0.23174152
11571,A,C,0.43401802,0.08685266,0.47912934
11572,A,A,0.6477162,0.08872752,0.26355627
11573,C,C,0.09837687,0.024485366,0.8771378
11574,C,C,0.14698459,0.04851957,0.8044958
11575,A,A,0.64023226,0.06664322,0.29312456
11576,B,B,0.07425463,0.7732546,0.15249085
11577,B,B,0.053407446,0.74937046,0.1972221
11578,A,A,0.87517726,0.030376827,0.09444591
11579,B,B,0.04678493,0.9181065,0.03510853
11580,C,C,0.27394542,0.07212634,0.6539283
11581,A,A,0.90383166,0.024406223,0.07176219
11582,B,B,0.025578426,0.857383,0.11703863
11583,B,B,0.054570533,0.7960415,0.14938802
11584,A,A,0.8495287,0.039436914,0.111034356
11585,A,A,0.86045957,0.064139135,0.07540127
11586,C,B,0.217355,0.39434502,0.3883
11587,A,A,0.51302785,0.40119478,0.08577738
11588,A,A,0.9402811,0.013766912,0.04595198
11589,B,B,0.121627964,0.72421426,0.15415779
11590,B,B,0.1044823,0.8091327,0.08638509
11591,B,B,0.041729067,0.9400885,0.018182509
11592,B,B,0.08439077,0.6327732,0.28283602
11593,A,C,0.23516966,0.07107761,0.6937527
11594,B,B,0.07133084,0.7713135,0.15735571
11595,B,B,0.39448556,0.49061874,0.114895694
11596,C,C,0.19664238,0.06477266,0.7385849
11597,C,C,0.026042428,0.06511572,0.9088418
11598,B,B,0.028926179,0.95690805,0.014165691
11599,A,A,0.7974805,0.048351824,0.15416774
11600,A,A,0.9256803,0.026896078,0.047423612
11601,A,A,0.55276996,0.15658934,0.29064068
11602,C,C,0.12633777,0.06243063,0.81123155
11603,B,B,0.13214289,0.8014012,0.06645587
11604,B,B,0.13265853,0.8317335,0.035607997
11605,C,C,0.07841152,0.06357438,0.85801405
11606,C,A,0.587147,0.06657229,0.34628063
11607,A,A,0.77258414,0.04495236,0.18246356
11608,A,A,0.59896135,0.05477386,0.3462648
11609,B,B,0.13283733,0.65201867,0.21514405
11610,A,B,0.2645167,0.46085417,0.27462906
11611,B,B,0.040593933,0.86807084,0.091335155
11612,A,A,0.69512874,0.054730523,0.25014076
11613,C,C,0.067602135,0.0376632,0.8947347
11614,A,A,0.92484605,0.03207393,0.043080024
11615,B,A,0.48490992,0.058700673,0.45638943
11616,C,C,0.13095953,0.04735462,0.82168585
11617,A,A,0.7397538,0.028869433,0.23137677
11618,C,C,0.04591003,0.059095047,0.89499485
11619,B,B,0.08204228,0.8766297,0.04132796
11620,B,B,0.08229282,0.8394568,0.07825038
11621,C,C,0.1435972,0.09961072,0.75679207
11622,C,C,0.12101842,0.05556005,0.82342154
11623,A,A,0.8900744,0.033014692,0.07691097
11624,C,A,0.6535718,0.023366436,0.32306182
11625,A,A,0.65647984,0.07633253,0.26718765
11626,B,C,0.10337381,0.24867433,0.64795184
11627,C,C,0.10151495,0.08416017,0.81432486
11628,C,C,0.046503447,0.1001133,0.85338324
11629,C,C,0.07891774,0.03590848,0.8851738
11630,B,B,0.0806212,0.8442058,0.075172946
11631,B,B,0.15295796,0.5872612,0.25978082
11632,A,A,0.8384694,0.037363414,0.124167114
11633,B,B,0.2407282,0.45784336,0.3014285
11634,B,B,0.05838665,0.59378463,0.34782878
11635,C,C,0.019882483,0.057339117,0.9227785
11636,A,A,0.7316138,0.059058934,0.20932725
11637,A,A,0.8435729,0.06771413,0.08871294
11638,B,A,0.4760817,0.422513,0.10140534
11639,B,B,0.086503066,0.85434437,0.059152663
11640,B,B,0.14438422,0.5562257,0.29939008
11641,C,C,0.044782687,0.06235314,0.89286417
11642,B,C,0.19089495,0.11949284,0.6896122
11643,C,C,0.2595969,0.039085217,0.7013179
11644,A,A,0.87037534,0.020620648,0.109003976
11645,A,A,0.55192083,0.035587274,0.41249186
11646,A,A,0.9549818,0.011934688,0.033083502
11647,A,A,0.7895831,0.114508405,0.0959086
11648,B,B,0.069558285,0.83630246,0.09413918
11649,B,B,0.031105591,0.9577348,0.011159566
11650,A,A,0.80840147,0.029587626,0.16201094
11651,A,A,0.9159674,0.029028974,0.055003595
11652,B,B,0.102637514,0.7831156,0.11424682
11653,C,C,0.26990402,0.035903662,0.69419235
11654,A,A,0.78485966,0.03844201,0.17669834
11655,C,C,0.032475315,0.025962504,0.9415622
11656,A,A,0.8105899,0.060304828,0.12910524
11657,B,B,0.15922989,0.6303152,0.21045482
11658,A,A,0.7340639,0.17018974,0.09574633
11659,C,C,0.14391068,0.031014971,0.8250743
11660,C,A,0.5813394,0.069395825,0.34926483
11661,B,B,0.018995412,0.9562786,0.024725974
11662,A,A,0.8451244,0.046700563,0.10817504
11663,A,C,0.4501397,0.08228685,0.46757343
11664,B,B,0.29182613,0.5351411,0.17303279
11665,B,C,0.043696757,0.09449407,0.86180925
11666,B,B,0.07475396,0.8774478,0.047798224
11667,A,A,0.8996703,0.0253187,0.075011
11668,A,A,0.75616735,0.13226515,0.11156749
11669,C,C,0.11674339,0.115799315,0.76745737
11670,A,A,0.8044001,0.048295576,0.14730431
11671,B,B,0.1980971,0.43623883,0.3656641
11672,A,A,0.6898533,0.062225204,0.2479215
11673,C,C,0.2821219,0.061041813,0.6568363
11674,B,B,0.09458447,0.6671089,0.23830669
11675,A,A,0.804742,0.053373482,0.14188452
11676,A,A,0.7992981,0.06169166,0.13901025
11677,C,B,0.3998724,0.4209766,0.17915103
11678,B,B,0.2228582,0.70598084,0.071161
11679,A,A,0.6165655,0.062833704,0.32060084
11680,C,C,0.0672614,0.023325238,0.90941334
11681,A,C,0.117858686,0.12589331,0.75624806
11682,C,C,0.4593367,0.08089954,0.45976377
11683,A,A,0.87532073,0.049110666,0.07556866
11684,C,C,0.064355746,0.047239054,0.8884052
11685,B,B,0.19616362,0.59357285,0.21026357
11686,C,C,0.16394044,0.07963005,0.7564295
11687,C,C,0.40376723,0.031691812,0.564541
11688,B,B,0.05375197,0.7385804,0.20766763
11689,C,C,0.31531557,0.18307188,0.5016125
11690,C,C,0.08980464,0.06251186,0.8476835
11691,C,C,0.26668647,0.07283476,0.66047883
11692,C,C,0.080604956,0.22919236,0.6902027
11693,C,C,0.13238084,0.038008913,0.8296102
11694,B,B,0.13841952,0.5688245,0.29275587
11695,C,C,0.117185615,0.034022324,0.8487921
11696,C,C,0.09498908,0.07626664,0.82874423
11697,C,C,0.2882073,0.055221792,0.656571
11698,C,C,0.40858915,0.03963097,0.55177987
11699,B,B,0.020757874,0.87040085,0.10884134
11700,C,C,0.01329485,0.048113506,0.9385916
11701,A,A,0.51392365,0.084879294,0.4011971
11702,B,C,0.040419247,0.19391836,0.76566243
11703,C,C,0.07343398,0.044109408,0.8824566
11704,A,A,0.971299,0.0075264964,0.021174634
11705,A,A,0.863644,0.017778393,0.118577585
11706,C,C,0.35990277,0.12169659,0.5184006
11707,A,A,0.93949425,0.021591237,0.038914464
11708,C,C,0.058844082,0.020111166,0.9210448
11709,A,C,0.41572627,0.08880155,0.4954722
11710,B,B,0.09635271,0.83246285,0.07118452
11711,A,A,0.68718,0.09686677,0.21595326
11712,A,A,0.8749709,0.048524596,0.07650443
11713,C,C,0.035999365,0.044763606,0.9192371
11714,B,B,0.09353746,0.8726282,0.03383437
11715,B,B,0.049125988,0.75280017,0.19807386
11716,B,B,0.0777342,0.8805013,0.041764498
11717,C,C,0.26335126,0.04144518,0.69520354
11718,C,C,0.037432965,0.15310176,0.8094652
11719,A,A,0.87840205,0.033992473,0.0876055
11720,B,A,0.40498546,0.33582827,0.25918624
11721,B,B,0.07694475,0.7942121,0.1288431
11722,B,B,0.041187007,0.73714954,0.22166337
11723,B,B,0.119009525,0.8099834,0.07100715
11724,C,C,0.022241157,0.032315865,0.945443
11725,B,B,0.22493882,0.68107736,0.09398377
11726,C,C,0.30941102,0.07885414,0.61173487
11727,B,B,0.25620684,0.3772863,0.36650684
11728,B,B,0.023255378,0.96394956,0.012795124
11729,B,B,0.1870343,0.7936493,0.01931638
11730,B,B,0.061740708,0.8341879,0.10407132
11731,C,C,0.47064182,0.0527322,0.476626
11732,B,B,0.038504213,0.5167149,0.44478092
11733,A,A,0.67543733,0.09235152,0.23221113
11734,A,A,0.96804595,0.014254092,0.017699903
11735,A,A,0.820598,0.043794367,0.1356077
11736,C,C,0.31865788,0.16482686,0.51651525
11737,B,B,0.033180133,0.82826585,0.13855393
11738,A,A,0.82505983,0.14352857,0.031411618
11739,A,A,0.8676407,0.031836025,0.10052332
11740,C,C,0.049245644,0.053683694,0.89707065
11741,C,C,0.0928207,0.15627351,0.75090575
11742,A,A,0.8364612,0.03871466,0.12482418
11743,C,C,0.10907818,0.046278443,0.8446434
11744,A,C,0.2717104,0.054477792,0.6738118
11745,A,A,0.85297656,0.02261664,0.12440677
11746,A,A,0.76466066,0.05169908,0.18364023
11747,C,C,0.22621669,0.13656706,0.63721627
11748,C,B,0.26311636,0.40169597,0.3351877
11749,A,A,0.85406834,0.030611223,0.11532035
11750,C,C,0.1303913,0.14389527,0.72571343
11751,B,B,0.035787713,0.81749845,0.14671382
11752,B,A,0.51218504,0.35519445,0.13262048
11753,A,A,0.78396565,0.024320941,0.19171332
11754,A,A,0.79574645,0.16884676,0.03540687
11755,A,A,0.62663764,0.04451823,0.32884416
11756,A,A,0.9472724,0.015301073,0.037426475
11757,B,B,0.04624505,0.83940977,0.114345156
11758,C,C,0.08820181,0.08457905,0.8272192
11759,A,A,0.8776078,0.026839998,0.0955522
11760,B,B,0.07164922,0.7685502,0.15980062
11761,B,C,0.09461795,0.19489762,0.7104845
11762,C,C,0.028189635,0.14135844,0.8304519
11763,B,A,0.81677425,0.101430684,0.08179503
11764,B,B,0.08732881,0.5997364,0.3129348
11765,A,A,0.9049892,0.058019217,0.036991622
11766,B,B,0.045639362,0.90273947,0.051621165
11767,C,C,0.04851097,0.0892569,0.86223215
11768,C,B,0.08770318,0.6889936,0.22330324
11769,A,A,0.7637027,0.096897095,0.13940027
11770,C,C,0.19961521,0.07134478,0.72904
11771,A,A,0.8920376,0.057525083,0.050437313
11772,C,C,0.38059142,0.12433857,0.49507
11773,A,A,0.8531606,0.03389928,0.11294007
11774,B,C,0.297311,0.30515823,0.39753073
11775,B,B,0.032829456,0.9535708,0.013599784
11776,C,C,0.22931196,0.09026395,0.68042403
11777,C,C,0.06170747,0.042315327,0.8959772
11778,B,B,0.22782654,0.7027429,0.069430634
11779,A,A,0.82451946,0.033586822,0.14189374
11780,A,A,0.82200736,0.100230925,0.07776177
11781,C,C,0.054134477,0.08290267,0.86296284
11782,B,B,0.04753211,0.9281968,0.024271153
11783,B,C,0.0954077,0.24573226,0.65886
11784,B,B,0.3196145,0.55585766,0.12452791
11785,B,B,0.23188643,0.6400202,0.12809339
11786,B,A,0.5312492,0.29987577,0.16887495
11787,C,C,0.16110313,0.13161288,0.707284
11788,B,B,0.031862065,0.8997541,0.06838384
11789,C,C,0.1151872,0.07988135,0.80493146
11790,C,C,0.09728395,0.044975407,0.85774064
11791,A,A,0.56593615,0.1336544,0.30040938
11792,C,C,0.048138656,0.25407988,0.6977815
11793,A,A,0.80532914,0.02477758,0.16989331
11794,A,A,0.4282403,0.25685862,0.31490108
11795,B,C,0.23808554,0.24931993,0.5125945
11796,C,C,0.0369331,0.1672939,0.79577297
11797,B,A,0.67042094,0.21107782,0.11850125
11798,C,C,0.12991403,0.09655823,0.77352774
11799,A,C,0.28136826,0.26039946,0.4582323
11800,A,A,0.88549244,0.033181693,0.081325844
11801,A,A,0.7983909,0.047095608,0.15451342
11802,B,B,0.42040515,0.5051853,0.0744095
11803,B,B,0.070248015,0.9076566,0.022095272
11804,B,B,0.08017857,0.85366243,0.06615889
11805,B,B,0.13126598,0.82895505,0.03977895
11806,B,B,0.0492004,0.86640906,0.08439055
11807,C,C,0.3028583,0.05607677,0.6410649
11808,C,C,0.23344813,0.19039957,0.57615227
11809,A,A,0.75785416,0.043396913,0.19874895
11810,B,B,0.03893693,0.8668162,0.094246835
11811,B,B,0.15420523,0.635849,0.20994583
11812,B,B,0.061804086,0.70882326,0.22937265
11813,C,C,0.41934565,0.039444245,0.54121006
11814,C,C,0.04164517,0.08682086,0.871534
11815,B,B,0.050336752,0.85363185,0.09603139
11816,B,B,0.07040389,0.8549632,0.07463293
11817,C,C,0.14331134,0.07213187,0.78455675
11818,C,C,0.39781228,0.045850914,0.5563368
11819,C,A,0.6686479,0.022616617,0.30873546
11820,A,A,0.9092036,0.033884212,0.05691211
11821,C,A,0.57971925,0.080213405,0.3400673
11822,A,A,0.89637434,0.028635865,0.074989885
11823,C,A,0.65340716,0.036268484,0.3103244
11824,A,A,0.7543715,0.09266583,0.15296263
11825,C,C,0.025139872,0.06153826,0.91332185
11826,B,B,0.026021285,0.8993835,0.07459525
11827,B,B,0.042192023,0.90645885,0.0513491
11828,C,C,0.03492012,0.093864836,0.87121505
11829,B,B,0.05632229,0.6868036,0.25687408
11830,B,B,0.24119693,0.5400493,0.21875377
11831,B,B,0.06293861,0.89577276,0.04128864
11832,C,C,0.11701393,0.07187859,0.81110746
11833,B,B,0.2846358,0.39629802,0.3190662
11834,A,A,0.621213,0.11981015,0.25897682
11835,B,B,0.07853053,0.58576477,0.33570477
11836,A,A,0.6459702,0.040916525,0.3131133
11837,A,A,0.8524415,0.027158514,0.12040008
11838,C,C,0.051418915,0.13079645,0.81778467
11839,C,C,0.11587625,0.070153765,0.8139699
11840,A,A,0.5883642,0.03420337,0.37743244
11841,A,A,0.50525326,0.0638737,0.43087298
11842,C,C,0.31267574,0.058831017,0.6284933
11843,C,C,0.085148014,0.09944921,0.8154028
11844,B,B,0.15921383,0.66189516,0.17889103
11845,B,B,0.050956126,0.8713487,0.077695236
11846,C,C,0.06912144,0.02657165,0.90430695
11847,B,B,0.18887262,0.49729124,0.31383613
11848,B,B,0.018422304,0.9096601,0.07191762
11849,B,B,0.050669793,0.66765374,0.28167644
11850,C,C,0.057894845,0.12683839,0.8152667
11851,A,A,0.76636165,0.042874403,0.19076388
11852,A,A,0.6489463,0.057098478,0.29395524
11853,A,A,0.926318,0.029633177,0.044048864
11854,C,C,0.13768153,0.09810865,0.7642098
11855,B,A,0.44078904,0.30639443,0.25281647
11856,B,B,0.073997095,0.54461753,0.3813854
11857,B,B,0.02964976,0.9071213,0.06322894
11858,C,C,0.06981111,0.08007819,0.85011077
11859,A,A,0.702224,0.07070412,0.22707193
11860,B,B,0.10162597,0.67996913,0.21840492
11861,B,B,0.05228798,0.92752475,0.020187277
11862,B,B,0.060295165,0.59217495,0.34752992
11863,A,A,0.92764693,0.025449712,0.046903424
11864,A,A,0.8941257,0.030934557,0.07493975
11865,A,C,0.24657963,0.054999553,0.6984208
11866,B,A,0.41544676,0.34781387,0.2367394
11867,B,B,0.09938985,0.5925975,0.30801263
11868,B,B,0.058102824,0.75289017,0.18900709
11869,A,A,0.92937034,0.026025888,0.044603754
11870,A,A,0.9135544,0.012499168,0.07394646
11871,B,B,0.14799406,0.8044207,0.047585174
11872,A,A,0.74627495,0.034071404,0.21965364
11873,C,C,0.10071979,0.1707939,0.72848624
11874,A,A,0.8747216,0.056935668,0.06834274
11875,A,A,0.75127745,0.052427538,0.19629502
11876,C,C,0.024785506,0.043372262,0.93184227
11877,A,A,0.90165806,0.032098535,0.06624344
11878,C,C,0.023976669,0.09558561,0.88043773
11879,B,B,0.34035355,0.58779126,0.07185515
11880,C,C,0.10058144,0.06361758,0.835801
11881,C,C,0.09138352,0.033668328,0.87494814
11882,A,A,0.9450688,0.016417727,0.038513467
11883,B,B,0.13993952,0.78228086,0.077779666
11884,A,A,0.82272065,0.030120354,0.14715894
11885,B,B,0.029530559,0.8104541,0.1600154
11886,B,B,0.046325624,0.6980192,0.25565508
11887,B,B,0.044172708,0.8806056,0.07522174
11888,A,B,0.20200995,0.7121374,0.08585266
11889,C,C,0.051290967,0.3012731,0.64743596
11890,A,A,0.5210605,0.23889537,0.24004403
11891,C,C,0.43336028,0.06912802,0.49751174
11892,B,B,0.042720594,0.48664412,0.47063524
11893,B,B,0.35251847,0.43810222,0.20937933
11894,A,A,0.9314319,0.031073602,0.03749455
11895,C,C,0.079363786,0.04979603,0.87084013
11896,A,A,0.7933572,0.03994967,0.1666932
11897,C,C,0.08038527,0.06785448,0.8517602
11898,A,A,0.60578203,0.074398994,0.31981894
11899,C,C,0.1013757,0.034663666,0.86396056
11900,B,B,0.09670607,0.65786517,0.24542874
11901,A,C,0.29951158,0.03560192,0.66488653
11902,C,C,0.093475826,0.112145215,0.79437894
11903,A,A,0.5901394,0.067571305,0.34228924
11904,C,C,0.0829828,0.056972604,0.86004454
11905,B,C,0.390599,0.19540283,0.41399816
11906,A,A,0.501097,0.059189986,0.43971294
11907,A,A,0.89758646,0.03956613,0.06284734
11908,A,A,0.9453722,0.01604728,0.03858048
11909,A,A,0.8323694,0.052715544,0.11491498
11910,A,A,0.8412302,0.073694766,0.08507507
11911,A,A,0.84756744,0.032125544,0.12030708
11912,B,B,0.04361365,0.8063407,0.1500457
11913,B,B,0.07222544,0.80059034,0.12718421
11914,B,A,0.6078516,0.26284975,0.12929857
11915,A,A,0.67332035,0.05095512,0.27572453
11916,B,B,0.06514834,0.8741553,0.060696483
11917,B,B,0.06629418,0.86211854,0.07158737
11918,A,B,0.46225005,0.46379632,0.073953606
11919,B,B,0.1789552,0.74326044,0.07778439
11920,C,C,0.13291827,0.39920205,0.4678797
11921,B,C,0.059634358,0.2151521,0.7252135
11922,B,B,0.13720313,0.8084346,0.054362237
11923,A,A,0.8662721,0.068538964,0.06518894
11924,B,B,0.023942381,0.94946223,0.026595332
11925,A,A,0.90842855,0.035648115,0.055923283
11926,A,A,0.9497469,0.024555512,0.025697539
11927,B,B,0.14673594,0.79822576,0.05503826
11928,C,C,0.1023113,0.026867073,0.8708216
11929,C,C,0.18560791,0.054976113,0.759416
11930,C,C,0.07120507,0.10414501,0.82464993
11931,C,C,0.101622164,0.17981878,0.7185591
11932,A,A,0.9054432,0.03609807,0.058458675
11933,B,B,0.10578456,0.743461,0.1507544
11934,C,C,0.15827452,0.06573133,0.7759942
11935,B,B,0.40165725,0.46782514,0.13051762
11936,B,B,0.0848312,0.5867841,0.32838476
11937,C,C,0.10663267,0.12199389,0.7713735
11938,C,C,0.12182645,0.13514884,0.7430247
11939,A,A,0.848941,0.026969738,0.12408923
11940,A,A,0.95955247,0.020026458,0.020421147
11941,B,B,0.20881745,0.5290537,0.26212886
11942,B,B,0.10093687,0.5373094,0.3617536
11943,A,A,0.66362053,0.1809378,0.15544167
11944,C,C,0.33719572,0.07394706,0.58885723
11945,B,B,0.055147257,0.7697941,0.17505866
11946,A,A,0.71775675,0.12733188,0.15491144
11947,B,B,0.10008472,0.8416855,0.05822978
11948,B,B,0.124114595,0.70042735,0.17545804
11949,A,A,0.7799489,0.015359166,0.2046919
11950,C,C,0.032906245,0.38837728,0.5787165
11951,C,C,0.048845008,0.10774453,0.8434105
11952,A,A,0.79004604,0.030654237,0.17929967
11953,A,A,0.862112,0.049737435,0.088150635
11954,B,B,0.10383285,0.55221444,0.3439527
11955,A,A,0.57539016,0.056626283,0.36798355
11956,A,A,0.78071475,0.15501593,0.06426931
11957,A,A,0.8009215,0.12010931,0.07896926
11958,B,B,0.08309346,0.8614349,0.0554716
11959,C,C,0.05074863,0.09671342,0.8525379
11960,B,B,0.07111156,0.5622463,0.36664218
11961,C,C,0.047129843,0.030472469,0.9223977
11962,C,C,0.09258057,0.071237765,0.8361817
11963,B,B,0.15640886,0.6263185,0.21727264
11964,A,A,0.88319594,0.026442967,0.09036106
11965,C,C,0.13197273,0.04077671,0.8272505
11966,C,C,0.032143306,0.0838601,0.8839966
11967,B,B,0.08051801,0.7227243,0.19675764
11968,A,A,0.8624461,0.03340124,0.10415266
11969,C,C,0.3875706,0.047528937,0.56490046
11970,C,C,0.076366015,0.01989971,0.90373427
11971,B,B,0.04405549,0.88344353,0.072501004
11972,C,C,0.04873911,0.06434112,0.8869198
11973,B,B,0.2079704,0.52962106,0.26240844
11974,B,A,0.3635454,0.33052775,0.30592683
11975,B,B,0.07656761,0.88003165,0.04340077
11976,B,B,0.05411691,0.91455835,0.03132471
11977,B,C,0.05654833,0.2703025,0.67314917
11978,A,A,0.6218633,0.07328502,0.30485165
11979,B,B,0.12684783,0.69228154,0.18087062
11980,B,B,0.032590006,0.8439141,0.1234959
11981,C,C,0.13697201,0.15242437,0.71060365
11982,B,B,0.049507137,0.73491746,0.21557543
11983,A,A,0.89096665,0.04596455,0.06306877
11984,C,C,0.03629399,0.0771479,0.88655806
11985,C,C,0.055889025,0.047253057,0.8968579
11986,C,C,0.031546813,0.044208057,0.9242452
11987,C,C,0.07144701,0.045894574,0.8826584
11988,C,C,0.029550534,0.026528068,0.94392145
11989,C,C,0.07390069,0.04355974,0.88253963
11990,B,B,0.07085218,0.74091136,0.18823649
11991,B,B,0.14698839,0.44803745,0.4049741
11992,C,C,0.019424135,0.068442956,0.9121329
11993,B,B,0.029718954,0.7040144,0.2662666
11994,A,A,0.8614332,0.061655216,0.07691164
11995,C,C,0.44397217,0.06619706,0.48983085
11996,B,B,0.050652426,0.91424716,0.03510041
11997,B,B,0.028158383,0.94176763,0.030074
11998,C,C,0.112749025,0.046387568,0.8408634
11999,C,A,0.63801557,0.03628326,0.3257012
12000,C,C,0.022603163,0.055188704,0.92220813
12001,C,A,0.5776905,0.073799744,0.3485097
12002,C,A,0.5249042,0.22592297,0.24917287
12003,B,B,0.07454777,0.86156315,0.06388914
12004,C,C,0.054894272,0.05766457,0.8874412
12005,A,B,0.20104513,0.72788537,0.071069546
12006,A,A,0.73758924,0.09203767,0.1703731
12007,A,A,0.80713165,0.094338454,0.098529875
12008,B,B,0.047066674,0.9136412,0.03929211
12009,C,C,0.3301939,0.024785345,0.6450207
12010,A,A,0.54040736,0.01918857,0.44040406
12011,C,C,0.06758541,0.06967164,0.862743
12012,A,A,0.78707135,0.054643713,0.15828495
12013,B,B,0.20592044,0.7428641,0.0512155
12014,C,C,0.15267998,0.18310934,0.66421074
12015,C,C,0.11062951,0.10561223,0.7837582
12016,B,C,0.13777855,0.11477759,0.74744385
12017,B,B,0.08819304,0.80918926,0.10261774
12018,C,C,0.14719902,0.10615734,0.7466436
12019,C,A,0.5109194,0.049304627,0.43977594
12020,B,B,0.021538716,0.94833004,0.030131249
12021,C,C,0.076829724,0.049711116,0.8734592
12022,B,B,0.087998174,0.7399166,0.17208517
12023,A,A,0.85907906,0.018904123,0.12201684
12024,B,B,0.03401236,0.9131287,0.052859034
12025,B,B,0.13093983,0.7989075,0.07015263
12026,A,A,0.6822388,0.05407682,0.2636843
12027,C,C,0.06407899,0.06286349,0.8730575
12028,A,C,0.27619672,0.17801958,0.5457837
12029,C,C,0.07846784,0.06697357,0.8545586
12030,C,C,0.08629444,0.07547566,0.83822984
12031,B,B,0.06898067,0.5757308,0.35528848
12032,A,A,0.84407943,0.030615753,0.12530482
12033,B,A,0.43596223,0.35918242,0.20485538
12034,C,C,0.24264552,0.083604954,0.67374957
12035,B,B,0.3678615,0.4994429,0.13269559
12036,B,B,0.021530552,0.8975159,0.08095353
12037,B,B,0.027977351,0.9260679,0.045954846
12038,C,C,0.32967493,0.0352048,0.63512033
12039,C,C,0.12100236,0.37042668,0.5085709
12040,B,B,0.2496647,0.60747886,0.14285648
12041,A,A,0.89151806,0.047701538,0.060780376
12042,B,B,0.071448244,0.80953306,0.11901867
12043,C,C,0.07107802,0.119944446,0.8089775
12044,C,C,0.07446803,0.18637337,0.73915863
12045,A,A,0.63415015,0.0624009,0.30344895
12046,C,C,0.14867568,0.020414062,0.8309103
12047,B,B,0.24495322,0.67219085,0.082856
12048,B,B,0.01817605,0.9291484,0.052675568
12049,B,B,0.04597765,0.49123663,0.46278566
12050,A,A,0.85815215,0.055951502,0.08589631
12051,B,B,0.12844732,0.5662471,0.30530557
12052,B,B,0.02756255,0.63629234,0.33614507
12053,A,A,0.63610405,0.06127252,0.30262342
12054,C,C,0.25041884,0.10988757,0.6396936
12055,B,B,0.029099692,0.71089214,0.2600082
12056,A,A,0.79862726,0.05601303,0.14535975
12057,A,A,0.8919139,0.034681115,0.07340496
12058,A,A,0.7305747,0.09441342,0.17501189
12059,C,C,0.04548636,0.04589491,0.90861875
12060,C,C,0.048679143,0.111298844,0.840022
12061,A,A,0.6765167,0.053090606,0.27039275
12062,A,B,0.061288156,0.8924376,0.046274185
12063,B,B,0.022601888,0.8627759,0.11462223
12064,B,B,0.02740664,0.8477952,0.12479817
12065,B,B,0.037470657,0.903883,0.05864626
12066,C,C,0.03304621,0.12279835,0.84415543
12067,C,C,0.2063985,0.121617846,0.67198366
12068,A,A,0.61977726,0.08414219,0.29608062
12069,A,A,0.756408,0.08252872,0.16106331
12070,C,C,0.42249367,0.08441888,0.49308747
12071,B,B,0.06609576,0.50539804,0.42850614
12072,A,A,0.94822896,0.018206332,0.03356475
12073,A,A,0.7902449,0.062435146,0.14731993
12074,B,C,0.028387992,0.11949495,0.8521171
12075,A,C,0.36474052,0.055306233,0.57995325
12076,A,A,0.5411332,0.23226319,0.22660355
12077,A,A,0.7711829,0.08602422,0.14279285
12078,A,A,0.8842236,0.05627061,0.059505835
12079,C,C,0.07090186,0.06249711,0.86660105
12080,A,A,0.68320906,0.25471237,0.062078584
12081,B,B,0.20380418,0.64474165,0.15145417
12082,C,C,0.13608064,0.13305089,0.73086846
12083,C,C,0.28105682,0.09255917,0.6263841
12084,B,B,0.051598173,0.87078446,0.07761736
12085,B,B,0.0489803,0.7767786,0.17424119
12086,B,B,0.08996067,0.6092603,0.30077896
12087,A,A,0.8606149,0.040509857,0.09887523
12088,C,A,0.5622448,0.035310518,0.40244472
12089,A,A,0.51273996,0.30742186,0.17983821
12090,C,C,0.18839331,0.07413808,0.7374686
12091,C,C,0.20148627,0.03844825,0.76006544
12092,A,A,0.8770673,0.0561402,0.06679249
12093,C,B,0.22618964,0.52353036,0.2502799
12094,B,B,0.047099076,0.9180574,0.034843475
12095,A,A,0.8016992,0.030899541,0.16740125
12096,C,C,0.08039397,0.050132032,0.86947405
12097,C,C,0.035781793,0.102658756,0.86155945
12098,B,C,0.121902145,0.15849438,0.7196035
12099,A,A,0.8271474,0.040648848,0.1322037
12100,A,A,0.8817603,0.06192612,0.056313615
12101,A,A,0.8523908,0.10596766,0.04164163
12102,B,B,0.053201586,0.9039945,0.042803872
12103,A,A,0.69336045,0.074794725,0.23184481
12104,B,B,0.09089714,0.4757545,0.43334836
12105,C,C,0.27052358,0.11469059,0.61478585
12106,C,C,0.06182727,0.11227228,0.82590044
12107,A,A,0.5671015,0.2297194,0.20317906
12108,C,C,0.19988099,0.06901852,0.73110056
12109,C,C,0.052947473,0.11420996,0.8328425
12110,A,A,0.5435595,0.30826092,0.14817959
12111,A,A,0.80003303,0.01915321,0.18081371
12112,C,C,0.026297882,0.028214509,0.9454876
12113,B,B,0.052561462,0.7906745,0.15676412
12114,A,A,0.8850601,0.028878056,0.08606194
12115,A,C,0.32956636,0.028908009,0.6415256
12116,B,B,0.25782463,0.58065134,0.16152407
12117,C,C,0.03934888,0.3210028,0.6396483
12118,C,C,0.03390601,0.058763176,0.9073308
12119,B,B,0.099729106,0.8599003,0.040370572
12120,A,A,0.4522679,0.116417706,0.43131438
12121,B,B,0.022268232,0.8177499,0.15998186
12122,C,C,0.053842764,0.09009859,0.85605866
12123,B,C,0.25460485,0.23083743,0.5145577
12124,C,C,0.079728596,0.24293791,0.6773335
12125,C,A,0.48142776,0.13040924,0.388163
12126,C,C,0.11631047,0.0840543,0.79963523
12127,C,C,0.040665712,0.056116596,0.9032177
12128,B,B,0.18296844,0.73482233,0.0822093
12129,B,B,0.07462422,0.8810803,0.044295453
12130,B,C,0.12623043,0.40364653,0.47012302
12131,A,A,0.7836639,0.1207502,0.09558582
12132,B,B,0.024618827,0.7204017,0.25497952
12133,B,B,0.052452385,0.7278703,0.21967733
12134,B,B,0.142673,0.7980349,0.059292026
12135,B,B,0.42219707,0.53158534,0.046217572
12136,C,C,0.15301603,0.14571522,0.7012688
12137,C,C,0.18022887,0.08105177,0.7387194
12138,C,C,0.07437343,0.03240794,0.8932186
12139,B,B,0.12529276,0.58416617,0.29054108
12140,C,C,0.05338721,0.045156997,0.9014558
12141,C,B,0.07862774,0.8240329,0.09733938
12142,A,A,0.9188844,0.023902288,0.05721329
12143,B,B,0.11619975,0.68904734,0.19475302
12144,C,C,0.4370775,0.091723464,0.47119895
12145,B,B,0.0145274345,0.9769867,0.008485778
12146,B,B,0.20067394,0.6390106,0.16031548
12147,C,B,0.087629735,0.53802407,0.37434614
12148,C,C,0.056789808,0.06315454,0.88005567
12149,A,A,0.7514453,0.061355192,0.18719953
12150,A,A,0.9350514,0.031542752,0.033405766
12151,B,B,0.05967315,0.883638,0.05668886
12152,B,B,0.042978257,0.8505951,0.106426574
12153,A,A,0.76711625,0.05872181,0.17416191
12154,A,A,0.6792259,0.056394555,0.2643795
12155,B,B,0.16698012,0.75255054,0.08046935
12156,A,A,0.52325135,0.100322604,0.37642598
12157,B,B,0.029282564,0.8756534,0.09506406
12158,C,B,0.34386757,0.43691555,0.21921688
12159,A,A,0.9174148,0.042607576,0.03997763
12160,A,A,0.872629,0.1002593,0.027111594
12161,C,C,0.051511437,0.04965803,0.8988305
12162,A,A,0.6091261,0.12473291,0.26614103
12163,B,B,0.021938886,0.86582965,0.11223154
12164,B,A,0.48099503,0.08483106,0.4341739
12165,B,A,0.61687565,0.27828607,0.104838334
12166,B,B,0.10969502,0.7056041,0.18470094
12167,A,C,0.24680136,0.049928807,0.70326984
12168,B,B,0.1204342,0.82671005,0.052855752
12169,B,B,0.06736999,0.9208819,0.011748087
12170,B,C,0.21632992,0.37198272,0.41168737
12171,B,B,0.034452576,0.90313417,0.062413245
12172,B,B,0.07225057,0.6465126,0.2812368
12173,C,C,0.09557414,0.035468586,0.8689573
12174,B,B,0.10477102,0.6011641,0.2940649
12175,B,B,0.06002602,0.61571497,0.32425895
12176,A,A,0.82181317,0.03405244,0.14413442
12177,B,B,0.025936801,0.95865345,0.015409733
12178,C,C,0.044955574,0.07887143,0.87617296
12179,C,C,0.192076,0.042557497,0.7653665
12180,C,C,0.07823306,0.03951039,0.8822565
12181,C,A,0.6212315,0.057925146,0.3208434
12182,B,C,0.10145627,0.4116718,0.48687202
12183,C,C,0.06872429,0.041020967,0.89025474
12184,A,A,0.7361515,0.06801009,0.19583833
12185,C,B,0.046107274,0.5290985,0.42479423
12186,B,B,0.019352376,0.92455953,0.056088068
12187,C,C,0.13860285,0.0648773,0.7965199
12188,B,B,0.063096926,0.8653137,0.071589425
12189,B,B,0.02578191,0.95096946,0.023248713
12190,C,C,0.074133225,0.04310257,0.8827642
12191,B,B,0.095833674,0.8918982,0.01226815
12192,B,B,0.06887061,0.557683,0.3734464
12193,C,C,0.13260874,0.020536838,0.84685445
12194,A,A,0.91276807,0.05460125,0.032630652
12195,B,B,0.036392227,0.93655616,0.027051687
12196,A,A,0.7466192,0.040971678,0.21240908
12197,B,B,0.051560044,0.70043224,0.24800773
12198,B,B,0.16042528,0.782454,0.057120647
12199,B,B,0.03076584,0.9440919,0.02514218
12200,C,C,0.050690945,0.114066176,0.83524287
12201,A,A,0.866534,0.028425168,0.105040826
12202,B,B,0.0736228,0.54809076,0.37828636
12203,C,C,0.08225772,0.054912966,0.8628293
12204,C,C,0.055799663,0.07087927,0.8733211
12205,A,A,0.8364353,0.026697937,0.1368667
12206,A,B,0.18422411,0.6693106,0.14646523
12207,C,C,0.03699781,0.13481921,0.82818294
12208,B,B,0.19676849,0.58719367,0.2160378
12209,B,B,0.06439006,0.8510345,0.0845754
12210,C,C,0.038138285,0.15573405,0.80612767
12211,B,A,0.43586114,0.4132943,0.15084459
12212,C,C,0.10148756,0.26691532,0.6315971
12213,B,A,0.6054834,0.29597262,0.09854399
12214,B,B,0.022272121,0.95956355,0.018164376
12215,A,A,0.5660934,0.03787108,0.39603555
12216,C,C,0.10689968,0.05573327,0.8373671
12217,B,B,0.041367415,0.90172654,0.056906063
12218,A,A,0.88453466,0.05775373,0.057711612
12219,B,B,0.039265413,0.9268286,0.033906028
12220,A,A,0.91057813,0.014866742,0.074555226
12221,A,A,0.79217386,0.020115854,0.18771026
12222,C,C,0.118361846,0.036285907,0.84535223
12223,A,A,0.59836954,0.047594592,0.35403585
12224,B,A,0.5149628,0.36430898,0.1207282
12225,A,A,0.9648752,0.015813973,0.019310882
12226,B,B,0.0718692,0.63387436,0.29425648
12227,A,A,0.91041774,0.03352298,0.056059342
12228,A,A,0.8862361,0.08413852,0.029625388
12229,A,A,0.69568264,0.15812308,0.14619432
12230,A,C,0.37303168,0.09184312,0.53512514
12231,A,A,0.90815777,0.043255504,0.04858672
12232,B,B,0.1982849,0.69628906,0.105426036
12233,B,B,0.0738627,0.8391668,0.086970426
12234,C,C,0.10584364,0.10897407,0.7851823
12235,A,A,0.95046854,0.016910153,0.032621287
12236,B,B,0.06854007,0.8221973,0.10926254
12237,B,B,0.21640746,0.5157008,0.26789165
12238,A,A,0.6554309,0.08459469,0.2599744
12239,B,B,0.0274191,0.927528,0.045052867
12240,C,C,0.17226526,0.05693103,0.7708037
12241,C,C,0.04375833,0.14101891,0.81522274
12242,C,C,0.11222147,0.03063968,0.8571389
12243,C,C,0.029047528,0.06619581,0.90475667
12244,C,C,0.0564188,0.09055352,0.8530277
12245,B,C,0.07631775,0.3189836,0.60469866
12246,A,A,0.80664897,0.04607895,0.14727208
12247,A,A,0.7123673,0.24704063,0.040592086
12248,C,C,0.023770355,0.041882318,0.9343474
12249,A,A,0.940002,0.030284312,0.029713675
12250,A,A,0.94325083,0.025596786,0.031152328
12251,B,B,0.096509576,0.7980282,0.10546222
12252,C,C,0.17158772,0.026502289,0.80191
12253,C,C,0.29429868,0.17938142,0.5263199
12254,B,B,0.111642264,0.85645515,0.03190254
12255,A,A,0.8968127,0.028358998,0.07482844
12256,B,B,0.12415828,0.50372696,0.3721148
12257,A,A,0.76455826,0.11697368,0.11846809
12258,B,B,0.35200384,0.42226362,0.2257325
12259,A,A,0.9099455,0.031542532,0.058512058
12260,A,A,0.4481388,0.25831127,0.29354987
12261,B,C,0.054901138,0.3273292,0.61776966
12262,C,B,0.062983744,0.82174265,0.115273565
12263,C,C,0.03663969,0.11814555,0.8452148
12264,A,C,0.17907545,0.07850168,0.7424229
12265,A,A,0.80490524,0.025964538,0.16913019
12266,A,A,0.68396336,0.063438684,0.25259796
12267,B,B,0.21589337,0.4347103,0.34939638
12268,C,C,0.12158976,0.043075483,0.8353348
12269,A,A,0.75355506,0.046003267,0.20044173
12270,C,C,0.0155014545,0.04277492,0.9417237
12271,C,C,0.18107857,0.33337602,0.48554537
12272,C,C,0.03825933,0.07632591,0.8854148
12273,C,C,0.22152664,0.117246345,0.661227
12274,B,B,0.04689892,0.82512,0.12798116
12275,C,C,0.034725826,0.059299637,0.90597457
12276,B,B,0.030813958,0.6499411,0.319245
12277,A,A,0.8560693,0.023071142,0.120859444
12278,C,C,0.26481098,0.038479105,0.69670993
12279,A,A,0.7657508,0.071441256,0.16280791
12280,A,A,0.83709186,0.027320283,0.13558787
12281,B,B,0.03420318,0.5065982,0.45919862
12282,C,C,0.021671088,0.044584103,0.9337448
12283,C,C,0.17852207,0.08130804,0.7401699
12284,A,A,0.9387221,0.026287157,0.03499087
12285,A,A,0.91046506,0.046580855,0.042954087
12286,C,C,0.0366634,0.05891406,0.9044226
12287,C,C,0.053696055,0.054974534,0.89132947
12288,A,A,0.852268,0.06749357,0.08023844
12289,C,C,0.14311992,0.13325052,0.7236296
12290,C,C,0.11700045,0.1471139,0.7358857
12291,A,A,0.63750404,0.25366783,0.10882808
12292,B,B,0.030136764,0.77960473,0.19025846
12293,A,A,0.7562349,0.0684332,0.17533195
12294,B,B,0.033123225,0.74761397,0.2192628
12295,C,C,0.17246798,0.2506425,0.5768896
12296,B,B,0.10832028,0.620951,0.2707288
12297,B,B,0.03909883,0.55450785,0.40639332
12298,A,A,0.9607276,0.013797669,0.025474716
12299,C,A,0.72304815,0.058931906,0.21801989
12300,A,A,0.8288375,0.035367273,0.1357952
12301,B,B,0.022106664,0.9043183,0.07357505
12302,C,C,0.04665763,0.053368397,0.899974
12303,C,C,0.07801997,0.30415538,0.6178246
12304,A,A,0.9167049,0.031714845,0.05158029
12305,C,C,0.13452087,0.4092312,0.45624793
12306,A,A,0.8421532,0.08078493,0.07706185
12307,C,C,0.054987278,0.07993151,0.86508125
12308,C,C,0.14085135,0.15294467,0.706204
12309,A,C,0.30133727,0.055438083,0.6432246
12310,A,A,0.9337684,0.017161999,0.049069606
12311,B,B,0.039397962,0.922813,0.037789036
12312,C,C,0.18730275,0.06106252,0.7516348
12313,B,B,0.04312971,0.6664639,0.29040638
12314,A,B,0.1172018,0.75163347,0.13116473
12315,C,C,0.024004085,0.05719298,0.9188029
12316,A,A,0.4992825,0.4310258,0.069691755
12317,C,C,0.21491314,0.05380932,0.7312776
12318,B,B,0.021275232,0.82494783,0.15377697
12319,C,C,0.058667127,0.07400401,0.8673289
12320,B,B,0.3639969,0.5669112,0.06909195
12321,B,B,0.011277949,0.95641315,0.03230885
12322,C,A,0.78573227,0.033659317,0.18060847
12323,B,B,0.03500883,0.71056503,0.25442618
12324,C,C,0.08176803,0.033447813,0.8847841
12325,B,B,0.096583724,0.8586039,0.044812392
12326,B,B,0.09070506,0.8592411,0.050053876
12327,B,B,0.12800919,0.49925473,0.3727361
12328,B,B,0.16083297,0.69639325,0.14277382
12329,A,A,0.72942185,0.07378691,0.19679125
12330,A,A,0.81668985,0.06702197,0.11628821
12331,C,C,0.106568635,0.03955145,0.85387987
12332,B,A,0.6560035,0.13973634,0.20426014
12333,C,C,0.16827227,0.078994475,0.7527333
12334,C,C,0.09881144,0.08175083,0.81943774
12335,C,A,0.48003682,0.09620052,0.42376262
12336,C,C,0.4206309,0.048127573,0.5312415
12337,C,C,0.02919963,0.23583277,0.7349676
12338,A,A,0.9128522,0.013551196,0.073596574
12339,B,C,0.1679463,0.3862683,0.4457854
12340,B,B,0.035518885,0.9294945,0.03498664
12341,C,C,0.048143394,0.099142894,0.8527137
12342,B,B,0.038839184,0.9364746,0.024686152
12343,B,B,0.13207428,0.7840379,0.08388779
12344,A,A,0.6240513,0.0890541,0.2868947
12345,A,A,0.8413108,0.030549392,0.12813984
12346,A,A,0.91793454,0.03815905,0.04390643
12347,B,B,0.017002286,0.97129637,0.011701426
12348,A,A,0.7481753,0.045264415,0.20656028
12349,C,C,0.13241632,0.03051916,0.83706456
12350,B,B,0.046466596,0.71044147,0.24309193
12351,A,B,0.4646674,0.4672182,0.06811445
12352,B,C,0.14913458,0.4223834,0.42848203
12353,C,C,0.018141754,0.046783414,0.93507487
12354,A,A,0.894171,0.04214494,0.06368404
12355,A,C,0.08504622,0.032455575,0.8824982
12356,C,C,0.39923993,0.11344861,0.48731142
12357,C,C,0.23105511,0.1136558,0.6552892
12358,A,A,0.6881175,0.10570427,0.20617822
12359,A,A,0.779807,0.14863063,0.071562484
12360,B,A,0.755196,0.18856426,0.056239724
12361,C,C,0.105915315,0.11746262,0.776622
12362,B,B,0.042793497,0.93070304,0.026503483
12363,B,B,0.09232158,0.7084169,0.1992615
12364,B,B,0.05201494,0.92602986,0.021955214
12365,B,B,0.09994441,0.8693457,0.030709898
12366,A,A,0.86059886,0.03255431,0.106846854
12367,B,B,0.040493615,0.86003727,0.099469066
12368,C,C,0.057784397,0.032701984,0.90951365
12369,A,A,0.90368783,0.012910394,0.0834017
12370,B,C,0.12579252,0.41469935,0.45950815
12371,A,A,0.8169877,0.028683532,0.15432881
12372,A,A,0.59289265,0.089186035,0.31792134
12373,C,C,0.1302806,0.08705714,0.7826622
12374,A,A,0.66159165,0.13558432,0.20282407
12375,C,C,0.18230447,0.059864502,0.7578311
12376,B,B,0.061772544,0.50239336,0.4358341
12377,C,C,0.05820185,0.04596028,0.8958379
12378,B,B,0.16486183,0.74702835,0.08810972
12379,C,C,0.03601395,0.040621977,0.9233641
12380,C,C,0.04736306,0.05341181,0.8992252
12381,B,C,0.058214664,0.3233681,0.61841726
12382,C,C,0.035473723,0.06061335,0.9039129
12383,A,A,0.8228108,0.016289065,0.16090018
12384,A,A,0.9060696,0.020623466,0.07330696
12385,A,A,0.8006572,0.051884502,0.14745826
12386,B,B,0.15871227,0.4936601,0.3476276
12387,B,B,0.06746842,0.9053136,0.027218008
12388,C,C,0.09702747,0.08238038,0.8205921
12389,A,A,0.8340568,0.0346432,0.1313
12390,B,B,0.09028492,0.84557986,0.06413522
12391,B,C,0.06929651,0.33923113,0.5914723
12392,B,B,0.3091462,0.5768448,0.11400902
12393,A,A,0.9330618,0.025234086,0.04170412
12394,C,C,0.05188551,0.029117864,0.9189966
12395,C,C,0.21181127,0.077855684,0.710333
12396,A,C,0.29770887,0.12572426,0.5765669
12397,C,C,0.13531125,0.075813755,0.788875
12398,B,B,0.19029611,0.75791353,0.05179033
12399,A,A,0.9548349,0.0159182,0.029246911
12400,B,B,0.03061628,0.75431,0.21507369
12401,B,B,0.093663916,0.8567344,0.049601622
12402,A,A,0.76592827,0.050062604,0.18400912
12403,A,A,0.59469754,0.0715682,0.3337343
12404,A,A,0.63511944,0.08434663,0.2805339
12405,B,C,0.16248281,0.30315125,0.5343659
12406,B,C,0.086563535,0.3642432,0.54919326
12407,C,A,0.69525,0.032761544,0.27198845
12408,B,B,0.019689621,0.9542619,0.026048534
12409,B,B,0.10764539,0.77495,0.117404506
12410,B,B,0.09562184,0.8719052,0.032472905
12411,A,A,0.5412327,0.40067002,0.05809731
12412,C,C,0.23787932,0.060625963,0.7014947
12413,C,C,0.2110068,0.105147615,0.6838456
12414,C,C,0.053863723,0.058878224,0.88725805
12415,B,B,0.01465609,0.9584998,0.026844144
12416,B,B,0.0846141,0.8996346,0.01575121
12417,C,A,0.8226637,0.0938663,0.08347005
12418,B,B,0.010721014,0.9477481,0.041530766
12419,B,C,0.40664703,0.12299804,0.47035497
12420,C,C,0.31146917,0.0898684,0.59866244
12421,B,B,0.07995371,0.888412,0.031634342
12422,C,C,0.13367854,0.031455263,0.8348662
12423,A,A,0.7474168,0.18910854,0.06347461
12424,B,B,0.04582106,0.8310419,0.1231371
12425,B,B,0.15361314,0.7317456,0.114641234
12426,A,C,0.28281555,0.06546991,0.65171456
12427,B,B,0.026098562,0.7147717,0.2591298
12428,C,C,0.13763218,0.06169929,0.8006686
12429,A,C,0.26349318,0.031902537,0.70460427
12430,A,A,0.5779315,0.070240684,0.3518278
12431,C,C,0.046499107,0.04121985,0.9122811
12432,A,A,0.86827123,0.064975075,0.066753685
12433,B,B,0.13594292,0.81433547,0.04972161
12434,C,C,0.075993806,0.05001139,0.87399477
12435,A,A,0.8622413,0.04581692,0.09194169
12436,C,C,0.24595152,0.12864621,0.6254023
12437,B,B,0.18982774,0.71254367,0.097628586
12438,B,B,0.016735476,0.82691526,0.15634927
12439,C,C,0.03801951,0.041799374,0.92018104
12440,C,C,0.06911802,0.064707994,0.86617404
12441,B,B,0.2724019,0.6006539,0.12694426
12442,B,B,0.053151105,0.6153259,0.33152297
12443,A,C,0.13057019,0.045402158,0.82402766
12444,B,B,0.035449095,0.89635104,0.0681998
12445,C,C,0.082437724,0.08918618,0.82837605
12446,C,C,0.4151225,0.06600628,0.51887125
12447,A,A,0.805573,0.10811725,0.0863097
12448,C,C,0.20799465,0.32245195,0.46955344
12449,A,A,0.8452474,0.039581858,0.11517068
12450,C,C,0.14294729,0.051201,0.80585176
12451,B,B,0.10552623,0.8460162,0.04845757
12452,C,C,0.09418141,0.07668676,0.82913184
12453,A,A,0.79162014,0.061692193,0.14668769
12454,A,A,0.7210685,0.03614643,0.2427851
12455,C,C,0.11061276,0.06066891,0.82871836
12456,A,A,0.8628876,0.05204682,0.08506549
12457,C,C,0.07397426,0.12116628,0.80485946
12458,B,A,0.4262091,0.37410313,0.19968781
12459,A,A,0.6977085,0.051255222,0.2510362
12460,B,B,0.039525256,0.857605,0.10286979
12461,B,B,0.2338546,0.6700929,0.09605256
12462,A,A,0.7966164,0.08912797,0.11425565
12463,A,A,0.9149724,0.038402252,0.046625312
12464,B,B,0.09008053,0.50526273,0.40465677
12465,C,C,0.12072327,0.06608464,0.81319207
12466,A,A,0.585887,0.16655585,0.24755712
12467,B,B,0.034533232,0.84619766,0.11926906
12468,C,C,0.091440566,0.02303603,0.8855234
12469,C,A,0.47871608,0.063503794,0.45778006
12470,A,A,0.6320439,0.20233572,0.16562042
12471,C,C,0.096275546,0.07462562,0.8290988
12472,A,A,0.82817435,0.030385671,0.14143987
12473,C,C,0.07224903,0.049043074,0.87870795
12474,A,A,0.8195488,0.019759776,0.1606914
12475,A,A,0.79162186,0.16750169,0.040876426
12476,A,B,0.45216197,0.49262577,0.055212233
12477,B,B,0.062691,0.8762799,0.06102913
12478,B,B,0.35225537,0.5847529,0.062991746
12479,C,C,0.21007822,0.06126363,0.7286582
12480,A,C,0.239093,0.24139051,0.51951647
12481,C,C,0.013568864,0.052062813,0.93436825
12482,A,C,0.21732594,0.025932487,0.75674164
12483,B,B,0.13561495,0.7118711,0.15251395
12484,C,C,0.15634446,0.06611427,0.7775413
12485,C,C,0.29877317,0.06657012,0.6346567
12486,B,B,0.0749936,0.7924415,0.13256489
12487,A,A,0.8340447,0.04749886,0.1184565
12488,B,B,0.029471193,0.9321644,0.03836442
12489,C,C,0.043512296,0.07315395,0.88333374
12490,C,B,0.02275599,0.8941233,0.08312071
12491,A,C,0.21751411,0.14521684,0.6372691
12492,A,A,0.7167115,0.21739185,0.06589659
12493,B,C,0.25552627,0.16603628,0.5784375
12494,A,A,0.77820545,0.08815757,0.13363703
12495,C,C,0.08543331,0.050222196,0.8643444
12496,B,B,0.18927199,0.6687139,0.14201398
12497,C,C,0.2605724,0.29272118,0.4467064
12498,A,A,0.4697232,0.12133667,0.40894008
12499,C,C,0.042087145,0.13864703,0.81926584
12500,C,C,0.19750176,0.25262693,0.5498713
12501,C,C,0.08312481,0.110086106,0.8067891
12502,B,B,0.031101547,0.91459924,0.054299235
12503,C,A,0.507106,0.06068329,0.43221077
12504,C,A,0.54152405,0.19130437,0.26717165
12505,A,A,0.66353977,0.12441007,0.21205014
12506,B,C,0.10755476,0.25303915,0.6394061
12507,B,C,0.1723593,0.33308756,0.49455312
12508,B,B,0.12622513,0.6930954,0.18067959
12509,A,A,0.9672695,0.013580082,0.019150332
12510,B,B,0.037493482,0.92097807,0.041528482
12511,A,A,0.7635483,0.19084239,0.04560929
12512,A,A,0.65509313,0.09793869,0.24696817
12513,C,C,0.15722308,0.055217024,0.7875599
12514,A,A,0.8587673,0.03689971,0.10433294
12515,B,B,0.1437779,0.6635531,0.19266894
12516,C,C,0.38828954,0.04654804,0.5651624
12517,B,B,0.0467949,0.9231126,0.03009247
12518,C,C,0.25817057,0.06276349,0.679066
12519,A,A,0.78663886,0.08358759,0.12977366
12520,A,B,0.13632157,0.8271462,0.036532328
12521,A,A,0.89113563,0.038168952,0.07069546
12522,B,B,0.19538137,0.58302605,0.22159259
12523,B,B,0.020847782,0.8813289,0.09782334
12524,A,A,0.7856291,0.18287191,0.031499032
12525,B,B,0.16765237,0.74141514,0.09093252
12526,A,A,0.71029234,0.19912523,0.09058244
12527,C,C,0.061433002,0.048161037,0.89040595
12528,C,A,0.52634716,0.09935124,0.37430158
12529,C,C,0.24847838,0.14639783,0.6051238
12530,A,B,0.20691553,0.7283543,0.06473016
12531,C,C,0.4094867,0.065854214,0.52465904
12532,C,C,0.029138675,0.08112739,0.8897339
12533,A,A,0.851905,0.04806935,0.10002572
12534,A,A,0.8991726,0.03995067,0.060876638
12535,C,C,0.050954785,0.117563486,0.83148175
12536,B,B,0.06067429,0.916887,0.02243866
12537,B,B,0.10340411,0.76881534,0.12778056
12538,A,A,0.6803659,0.11664191,0.2029921
12539,B,B,0.030022582,0.9166351,0.053342376
12540,A,A,0.5731483,0.10301514,0.32383654
12541,C,C,0.21961251,0.032475915,0.7479115
12542,C,C,0.09932085,0.04516525,0.8555139
12543,A,A,0.84820557,0.04964481,0.10214962
12544,C,C,0.15969862,0.14709276,0.6932086
12545,A,A,0.8797364,0.025880154,0.09438334
12546,A,A,0.92544466,0.016147645,0.058407724
12547,B,A,0.5084785,0.34332043,0.14820099
12548,C,C,0.055599537,0.016750075,0.9276504
12549,B,B,0.035847194,0.6982577,0.26589513
12550,A,A,0.6409886,0.06551956,0.2934919
12551,C,C,0.023848105,0.037641365,0.93851054
12552,A,A,0.8711641,0.04479147,0.08404445
12553,C,A,0.5098976,0.044337906,0.4457645
12554,B,B,0.06450158,0.70165724,0.23384109
12555,C,C,0.05936881,0.06331489,0.8773163
12556,A,A,0.9269352,0.044280853,0.028784012
12557,B,B,0.038364187,0.79822636,0.16340941
12558,C,C,0.021324515,0.1245519,0.85412353
12559,C,C,0.28805834,0.088841826,0.6230998
12560,C,C,0.055191047,0.08797829,0.85683066
12561,A,A,0.9289798,0.036438096,0.03458206
12562,C,C,0.24487993,0.32329652,0.43182355
12563,B,B,0.07118693,0.8319417,0.09687134
12564,C,C,0.27282092,0.038380038,0.688799
12565,C,C,0.09785368,0.096030116,0.8061162
12566,C,C,0.42461187,0.08255424,0.49283385
12567,C,C,0.018230338,0.0416418,0.9401279
12568,B,C,0.07006826,0.1983584,0.7315733
12569,A,A,0.8571557,0.026678352,0.11616604
12570,B,C,0.11415008,0.21933891,0.66651106
12571,A,A,0.76536685,0.08054308,0.15409005
12572,B,A,0.45093212,0.4318642,0.11720368
12573,C,C,0.118738994,0.1404755,0.74078554
12574,C,C,0.02245283,0.02309416,0.954453
12575,C,C,0.036145166,0.03512111,0.9287337
12576,A,A,0.9120526,0.008980889,0.07896648
12577,A,A,0.83650464,0.105170205,0.05832517
12578,A,A,0.8975645,0.053498738,0.048936844
12579,B,B,0.2694917,0.51722205,0.2132862
12580,C,C,0.069953956,0.06907606,0.86097
12581,B,B,0.17358415,0.7710955,0.055320323
12582,C,C,0.13813356,0.05037179,0.8114947
12583,A,A,0.7641843,0.047806635,0.18800902
12584,C,A,0.82147926,0.086550504,0.09197021
12585,C,C,0.02594144,0.05275287,0.92130566
12586,A,B,0.05163541,0.8340415,0.114323124
12587,A,A,0.5247724,0.12444528,0.35078233
12588,C,C,0.30307797,0.07065674,0.6262653
12589,B,B,0.33343118,0.60548115,0.061087657
12590,C,C,0.37348002,0.09018297,0.53633696
12591,A,A,0.70341885,0.032455064,0.26412612
12592,A,A,0.81267875,0.027176466,0.16014485
12593,B,B,0.17796972,0.7465788,0.07545152
12594,A,A,0.62817055,0.05522563,0.3166038
12595,A,B,0.3422885,0.57635045,0.08136111
12596,B,C,0.23406084,0.18528545,0.58065367
12597,C,C,0.061072208,0.092561185,0.84636664
12598,A,A,0.73708206,0.060369503,0.20254846
12599,C,C,0.06523544,0.03544681,0.8993177
12600,B,B,0.03658295,0.8512233,0.11219384
12601,C,C,0.041161176,0.045068536,0.9137703
12602,C,C,0.22285077,0.030159254,0.74698997
12603,A,A,0.74048114,0.029972058,0.22954682
12604,B,A,0.41414198,0.26139143,0.3244666
12605,C,C,0.20134334,0.04881277,0.7498439
12606,C,C,0.4168522,0.1325635,0.45058423
12607,B,B,0.1533268,0.4794365,0.36723676
12608,A,A,0.9063694,0.03465461,0.058976077
12609,B,B,0.33511302,0.6040848,0.060802255
12610,C,C,0.17717263,0.061384916,0.7614424
12611,C,C,0.21980888,0.028485414,0.7517057
12612,C,C,0.1843393,0.086383365,0.7292774
12613,A,A,0.8671577,0.023085825,0.10975645
12614,A,A,0.8962161,0.021892345,0.081891485
12615,B,B,0.21244232,0.5759762,0.21158142
12616,A,A,0.69042313,0.07246355,0.23711324
12617,B,B,0.16131979,0.73101306,0.10766716
12618,A,A,0.5232698,0.41021353,0.06651672
12619,B,B,0.050926495,0.7372231,0.21185042
12620,A,B,0.14248411,0.5165114,0.3410044
12621,A,A,0.7607895,0.04153901,0.19767152
12622,C,C,0.05279491,0.04923503,0.89797
12623,C,C,0.18423212,0.044750586,0.7710173
12624,C,C,0.03790972,0.01798422,0.94410604
12625,A,A,0.78090596,0.088340424,0.1307536
12626,B,B,0.06526815,0.85252887,0.08220291
12627,B,B,0.044248477,0.6868417,0.26890978
12628,A,A,0.8019398,0.05199353,0.14606665
12629,C,B,0.054506104,0.6264649,0.31902903
12630,B,B,0.0167161,0.97287273,0.0104111
12631,B,B,0.046684362,0.7963702,0.15694545
12632,B,B,0.05764183,0.57325244,0.36910564
12633,A,C,0.2911283,0.07722638,0.6316454
12634,A,A,0.61944526,0.08714458,0.2934102
12635,C,C,0.102265835,0.025906175,0.8718279
12636,B,B,0.18416727,0.62078965,0.19504313
12637,B,B,0.031539325,0.9583827,0.010077922
12638,B,B,0.034526054,0.68445,0.28102392
12639,B,A,0.42672205,0.27836776,0.29491025
12640,C,C,0.117818944,0.081516154,0.8006649
12641,C,A,0.7775999,0.04454222,0.17785795
12642,C,C,0.1474844,0.052803792,0.7997119
12643,A,A,0.89132065,0.060024522,0.048654847
12644,B,B,0.09180675,0.86890036,0.03929298
12645,C,C,0.06082919,0.044141296,0.89502954
12646,C,C,0.15775438,0.064869754,0.7773758
12647,A,A,0.8860064,0.047429707,0.06656381
12648,C,A,0.81342137,0.09224557,0.09433308
12649,A,A,0.9135071,0.051493507,0.034999356
12650,C,C,0.02193632,0.068296924,0.90976673
12651,B,B,0.027762901,0.8956314,0.07660572
12652,A,A,0.925345,0.032492854,0.042162146
12653,A,A,0.79804957,0.07314471,0.12880571
12654,C,C,0.02524242,0.07371343,0.9010442
12655,B,B,0.0526334,0.85479736,0.09256922
12656,C,C,0.38623258,0.07164787,0.5421195
12657,C,C,0.08749426,0.056852687,0.85565305
12658,B,A,0.61252445,0.33854923,0.04892633
12659,B,B,0.43315247,0.447766,0.11908153
12660,B,B,0.13950469,0.6980217,0.16247357
12661,C,C,0.1964645,0.0980598,0.70547575
12662,C,A,0.6801411,0.05325539,0.2666035
12663,A,A,0.8426771,0.028350914,0.12897198
12664,B,A,0.57887775,0.37875134,0.04237091
12665,B,B,0.053105287,0.90158683,0.04530792
12666,A,A,0.85987294,0.0771988,0.06292824
12667,C,A,0.48202795,0.061964102,0.45600793
12668,A,A,0.59893775,0.089118764,0.31194356
12669,C,B,0.05102865,0.6478625,0.3011088
12670,C,C,0.35906753,0.12081636,0.5201161
12671,A,A,0.7820248,0.083556175,0.13441902
12672,C,C,0.12896082,0.104094654,0.7669446
12673,B,B,0.06914817,0.8308706,0.09998127
12674,A,A,0.58508766,0.037729617,0.37718272
12675,A,A,0.67369616,0.041851953,0.28445184
12676,C,C,0.10098795,0.035551164,0.8634609
12677,C,A,0.48680538,0.14014784,0.37304682
12678,A,A,0.6468747,0.049318578,0.30380675
12679,C,C,0.09918345,0.24428734,0.6565292
12680,C,C,0.03315031,0.05966756,0.90718216
12681,A,C,0.4388367,0.09884403,0.46231925
12682,C,C,0.24997959,0.10974884,0.6402716
12683,C,C,0.1608497,0.091617495,0.7475328
12684,B,B,0.09092666,0.88947034,0.019602949
12685,B,B,0.02422669,0.8445519,0.13122143
12686,C,C,0.050889008,0.18680215,0.76230884
12687,B,A,0.5209472,0.11472898,0.36432377
12688,B,B,0.017475773,0.9085964,0.073927864
12689,B,C,0.097897016,0.13661702,0.765486
12690,C,A,0.460905,0.12515882,0.41393617
12691,A,A,0.72304827,0.057354946,0.2195968
12692,A,B,0.3112609,0.6097716,0.07896749
12693,A,C,0.20047393,0.067852736,0.73167336
12694,A,A,0.5659264,0.08381581,0.35025778
12695,C,C,0.05397693,0.08143289,0.8645901
12696,C,C,0.4668092,0.06141595,0.47177485
12697,A,A,0.7691488,0.024589147,0.20626199
12698,C,C,0.050719596,0.1069596,0.8423208
12699,C,C,0.265405,0.15772298,0.576872
12700,A,A,0.64282674,0.05911282,0.29806045
12701,A,C,0.03966191,0.04695984,0.91337824
12702,C,C,0.08979411,0.058781933,0.851424
12703,A,A,0.9596824,0.009439195,0.030878427
12704,C,C,0.30544806,0.062564164,0.63198775
12705,A,A,0.95835435,0.013362241,0.028283292
12706,A,B,0.16893293,0.71972084,0.11134617
12707,B,C,0.06751231,0.42500755,0.50748014
12708,C,C,0.11799561,0.10514533,0.77685905
12709,C,C,0.18131422,0.11075042,0.7079354
12710,B,B,0.102305576,0.7258356,0.17185879
12711,C,C,0.034697775,0.022477437,0.9428248
12712,B,B,0.05765977,0.55340844,0.38893187
12713,C,C,0.042063426,0.042199913,0.9157366
12714,C,C,0.03912185,0.096960574,0.8639176
12715,B,C,0.39466313,0.053056933,0.55227995
12716,C,C,0.14425413,0.04530498,0.8104409
12717,B,B,0.02367612,0.9512457,0.025078177
12718,A,C,0.38271856,0.049877048,0.56740445
12719,B,B,0.046543304,0.619153,0.33430374
12720,B,C,0.12875459,0.37684652,0.49439886
12721,C,A,0.8140779,0.0864177,0.09950439
12722,C,C,0.10835343,0.037228826,0.8544177
12723,B,A,0.471855,0.2612715,0.26687357
12724,B,B,0.19487052,0.72428536,0.08084411
12725,B,B,0.042869043,0.9331768,0.023954192
12726,B,B,0.09059579,0.8763944,0.033009864
12727,B,B,0.06997237,0.86987406,0.060153563
12728,B,C,0.19951335,0.11531916,0.68516743
12729,C,C,0.07672904,0.14184631,0.7814246
12730,A,A,0.8439285,0.104264416,0.051807143
12731,B,B,0.31535047,0.5262861,0.15836342
12732,C,C,0.11910375,0.03900367,0.8418926
12733,C,A,0.57478166,0.050368935,0.37484944
12734,A,A,0.93014896,0.029589446,0.040261656
12735,B,A,0.66322535,0.18109697,0.15567769
12736,C,C,0.054413166,0.17990826,0.76567864
12737,B,B,0.026709141,0.89414144,0.0791494
12738,C,C,0.09723892,0.024669226,0.8780918
12739,B,B,0.21743172,0.7336306,0.048937723
12740,C,C,0.038161922,0.06560004,0.896238
12741,B,B,0.33471674,0.40928912,0.25599414
12742,B,B,0.12691998,0.7060454,0.16703461
12743,B,B,0.111773714,0.8399143,0.048312012
12744,C,C,0.09263976,0.13469747,0.77266276
12745,C,C,0.30645645,0.055345632,0.63819796
12746,A,C,0.4308199,0.051341288,0.5178388
12747,A,C,0.2713168,0.057300344,0.6713828
12748,B,C,0.21357815,0.35548744,0.43093437
12749,C,C,0.25562525,0.093592614,0.65078217
12750,B,C,0.0999778,0.29656193,0.60346025
12751,C,C,0.09092874,0.19669718,0.7123741
12752,A,A,0.6835107,0.033071462,0.2834179
12753,B,B,0.033467777,0.8668736,0.09965857
12754,B,A,0.53652436,0.39072183,0.07275379
12755,C,C,0.26605305,0.09305655,0.6408904
12756,B,B,0.14764541,0.60208863,0.2502659
12757,B,B,0.012608235,0.9724602,0.014931525
12758,B,A,0.39373845,0.35485837,0.25140315
12759,B,B,0.05660758,0.8765487,0.0668437
12760,C,B,0.29683837,0.41868946,0.2844722
12761,B,B,0.026332248,0.7619507,0.21171708
12762,A,A,0.7005482,0.21964666,0.079805195
12763,C,C,0.26437387,0.09069441,0.64493173
12764,A,A,0.5019648,0.11314432,0.38489085
12765,A,C,0.4295735,0.10662944,0.4637971
12766,A,A,0.5110557,0.2631805,0.22576384
12767,A,A,0.700434,0.09225416,0.20731173
12768,B,B,0.042439155,0.527348,0.43021283
12769,C,C,0.16460933,0.042704068,0.7926866
12770,B,B,0.054868955,0.55351204,0.39161906
12771,B,B,0.10879681,0.76960325,0.121599875
12772,C,C,0.11659121,0.055118307,0.82829046
12773,B,B,0.043796297,0.8979799,0.058223817
12774,B,B,0.10762354,0.8773178,0.015058652
12775,C,C,0.1836571,0.03139138,0.78495157
12776,C,C,0.06708155,0.105907455,0.827011
12777,C,C,0.1101761,0.031274546,0.8585494
12778,C,C,0.20944859,0.03935551,0.75119585
12779,C,C,0.2482479,0.05108476,0.7006673
12780,B,B,0.0123950625,0.903063,0.08454204
12781,C,C,0.046247426,0.05071544,0.90303713
12782,C,B,0.030048344,0.91872996,0.051221754
12783,A,A,0.78569067,0.0526635,0.16164583
12784,C,C,0.15170501,0.12524858,0.7230464
12785,C,C,0.059574965,0.042095985,0.898329
12786,C,C,0.02754638,0.043061662,0.9293919
12787,C,C,0.052720096,0.07704577,0.87023413
12788,B,C,0.10800241,0.4418495,0.4501481
12789,A,A,0.8405857,0.06599997,0.09341444
12790,B,C,0.37101966,0.13286716,0.49611318
12791,A,A,0.48114863,0.046729613,0.4721217
12792,B,B,0.041074518,0.9128494,0.046076074
12793,C,C,0.29489604,0.06366102,0.6414429
12794,B,B,0.07777416,0.5206081,0.40161768
12795,B,B,0.024300793,0.95045507,0.025244115
12796,C,C,0.027906785,0.036882672,0.9352106
12797,B,B,0.135829,0.6874389,0.17673211
12798,C,C,0.1945934,0.08910003,0.7163066
12799,B,C,0.03461744,0.33951274,0.62586987
12800,C,C,0.20861442,0.040034704,0.7513509
12801,C,C,0.17829892,0.15888396,0.6628171
12802,C,C,0.041240584,0.04040995,0.91834944
12803,B,B,0.24609745,0.5914481,0.1624545
12804,A,A,0.8287358,0.0282219,0.14304227
12805,B,B,0.3875241,0.43358532,0.17889054
12806,C,C,0.0256404,0.017570643,0.95678896
12807,B,B,0.3156835,0.46130252,0.22301406
12808,C,C,0.16420661,0.07827705,0.7575163
12809,C,C,0.17091076,0.08800156,0.7410877
12810,A,A,0.52383095,0.038623013,0.43754604
12811,B,B,0.015399566,0.8940125,0.090587854
12812,B,B,0.02319262,0.9580524,0.01875507
12813,C,C,0.08538184,0.05076068,0.86385745
12814,C,C,0.34928307,0.17118534,0.47953165
12815,A,C,0.11792443,0.041167725,0.84090793
12816,B,B,0.09926312,0.7409554,0.15978143
12817,C,C,0.05042538,0.16629288,0.7832818
12818,A,A,0.8515827,0.041707285,0.10671005
12819,A,A,0.6493794,0.08447582,0.26614484
12820,C,C,0.020788178,0.049339015,0.9298729
12821,B,B,0.09143502,0.80998546,0.09857954
12822,C,C,0.099752925,0.060476024,0.83977103
12823,B,B,0.078627795,0.82141954,0.09995271
12824,A,A,0.78381306,0.024289524,0.1918974
12825,C,C,0.11781069,0.051464405,0.83072495
12826,A,A,0.87677145,0.03384666,0.08938189
12827,C,A,0.47998106,0.11386184,0.40615717
12828,A,B,0.17083967,0.7093633,0.11979705
12829,A,A,0.8295322,0.090216435,0.08025129
12830,C,C,0.1283352,0.048192855,0.823472
12831,B,C,0.058178656,0.18325463,0.7585667
12832,A,A,0.87482697,0.027121525,0.09805154
12833,A,A,0.84032804,0.11691379,0.042758297
12834,A,A,0.8927138,0.05179512,0.055491053
12835,C,C,0.2758428,0.09866215,0.6254951
12836,C,C,0.17492639,0.16217132,0.6629023
12837,C,C,0.06794967,0.12472859,0.8073217
12838,B,B,0.089858636,0.84342116,0.066720106
12839,C,A,0.49682525,0.08478328,0.41839147
12840,A,C,0.27507424,0.0982621,0.6266637
12841,A,A,0.86183006,0.082728304,0.05544172
12842,C,C,0.042014617,0.039291106,0.9186942
12843,C,C,0.22803651,0.06073162,0.71123195
12844,C,C,0.35222676,0.034616414,0.6131569
12845,C,C,0.16048129,0.07087976,0.76863897
12846,A,A,0.9258789,0.017314577,0.056806516
12847,A,A,0.9247913,0.021647817,0.053560875
12848,A,A,0.88620055,0.053707175,0.060092274
12849,B,B,0.050065026,0.8556842,0.0942507
12850,C,C,0.15365165,0.082228266,0.7641201
12851,B,B,0.10900808,0.68440455,0.20658733
12852,A,A,0.8758493,0.059390765,0.06475993
12853,B,B,0.16019791,0.6333627,0.20643942
12854,A,A,0.9523437,0.006702306,0.04095405
12855,A,A,0.48007947,0.049788296,0.47013223
12856,A,A,0.88827264,0.05057068,0.06115661
12857,A,A,0.866342,0.04965012,0.08400785
12858,A,A,0.8646115,0.08981353,0.045574944
12859,B,A,0.55925924,0.33630678,0.104433924
12860,B,B,0.080815054,0.7243852,0.19479977
12861,B,B,0.041461993,0.8810136,0.07752442
12862,C,C,0.030619206,0.05356688,0.9158139
12863,A,C,0.37937945,0.095007636,0.52561295
12864,A,A,0.9079353,0.03579682,0.056267925
12865,B,B,0.033372067,0.95265347,0.013974556
12866,C,C,0.055936154,0.03672331,0.9073405
12867,A,A,0.7736826,0.16072725,0.06559011
12868,C,A,0.4518829,0.112465516,0.43565148
12869,B,B,0.15076031,0.63838524,0.21085446
12870,C,C,0.056210935,0.26932746,0.6744616
12871,A,A,0.7500287,0.033897437,0.21607378
12872,A,A,0.8318991,0.05004409,0.11805679
12873,C,B,0.2554485,0.4364951,0.30805638
12874,C,C,0.02722541,0.05148347,0.9212911
12875,C,C,0.046689678,0.106555834,0.8467545
12876,B,B,0.057504326,0.6192161,0.32327956
12877,B,B,0.06970878,0.831112,0.099179216
12878,B,B,0.022509474,0.94632465,0.031165833
12879,C,A,0.6723253,0.060533214,0.26714143
12880,A,A,0.9635235,0.010785539,0.025690932
12881,B,B,0.023654696,0.81989586,0.15644945
12882,A,A,0.9285388,0.032871276,0.03858986
12883,A,A,0.6410736,0.07092832,0.28799808
12884,B,C,0.30633172,0.21690126,0.47676706
12885,A,A,0.7250083,0.022156633,0.25283507
12886,A,A,0.9086603,0.03545944,0.055880256
12887,C,C,0.050288722,0.06582939,0.88388187
12888,A,A,0.85667765,0.034808747,0.108513676
12889,B,B,0.0874426,0.8239944,0.08856309
12890,A,A,0.869195,0.04924791,0.08155704
12891,C,A,0.5180666,0.08736594,0.39456746
12892,A,A,0.7976308,0.035808712,0.16656046
12893,B,B,0.035008363,0.48596582,0.47902575
12894,C,C,0.04404565,0.15610613,0.7998482
12895,C,C,0.038759537,0.24933943,0.711901
12896,C,C,0.027217457,0.029236265,0.9435463
12897,A,A,0.5644789,0.06284127,0.3726798
12898,A,C,0.21393247,0.09293831,0.6931292
12899,C,C,0.09151384,0.04645998,0.8620262
12900,C,C,0.068562046,0.029505122,0.9019329
12901,B,B,0.089793175,0.5510711,0.35913575
12902,B,B,0.032570027,0.7573621,0.21006784
12903,B,B,0.064488456,0.77021253,0.16529904
12904,A,A,0.88335216,0.021947892,0.09469994
12905,C,C,0.044075742,0.06544934,0.89047486
12906,C,C,0.19356023,0.07948803,0.72695166
12907,B,B,0.018478556,0.952882,0.028639533
12908,C,C,0.053348895,0.06497213,0.881679
12909,A,A,0.8197098,0.04269127,0.13759893
12910,A,C,0.25254378,0.17024234,0.5772139
12911,B,B,0.030312842,0.94815767,0.02152946
12912,C,C,0.09142361,0.14080164,0.76777476
12913,A,C,0.47842696,0.038379896,0.48319316
12914,B,B,0.02958537,0.9118628,0.05855182
12915,B,C,0.122267015,0.18810816,0.68962485
12916,C,C,0.07277758,0.029271152,0.8979513
12917,B,B,0.2902116,0.6652905,0.044497866
12918,C,C,0.22425461,0.05662625,0.71911913
12919,C,C,0.06359862,0.025305808,0.91109556
12920,C,C,0.090263866,0.17789221,0.731844
12921,A,A,0.7436687,0.19453044,0.06180088
12922,C,C,0.29722577,0.04519217,0.65758204
12923,B,B,0.27276468,0.63610286,0.091132455
12924,A,A,0.9260975,0.039332632,0.034569815
12925,A,A,0.71880716,0.10039133,0.1808015
12926,A,A,0.8177606,0.08786484,0.094374485
12927,B,B,0.13487674,0.81844527,0.046677954
12928,A,A,0.81409585,0.048609924,0.13729432
12929,C,C,0.04086516,0.053587377,0.9055475
12930,C,C,0.31653368,0.056516245,0.62695
12931,B,B,0.3771226,0.565287,0.057590425
12932,A,C,0.37433198,0.032267775,0.5934002
12933,A,A,0.44375876,0.3696907,0.18655051
12934,C,C,0.0801446,0.031305786,0.88854957
12935,C,C,0.03667065,0.031189114,0.9321403
12936,A,A,0.80245566,0.14743647,0.05010792
12937,A,A,0.88766855,0.019629963,0.09270157
12938,B,B,0.023153307,0.94562614,0.03122056
12939,B,B,0.050756518,0.89884055,0.050402954
12940,A,A,0.9243414,0.023307713,0.052350864
12941,C,C,0.031851623,0.03328805,0.9348603
12942,C,C,0.05419324,0.032463487,0.9133433
12943,B,B,0.3042062,0.6521543,0.043639395
12944,C,C,0.12029499,0.053814963,0.82589
12945,C,C,0.029625513,0.29025823,0.6801163
12946,A,A,0.51323134,0.088079005,0.3986897
12947,C,C,0.13795829,0.10503614,0.7570056
12948,A,A,0.7634243,0.1425445,0.0940313
12949,A,A,0.88372207,0.04359182,0.07268614
12950,C,C,0.2397856,0.053288177,0.70692617
12951,A,A,0.74166363,0.034360535,0.22397584
12952,A,A,0.90856737,0.03577398,0.055658605
12953,B,B,0.16008113,0.7704939,0.069424964
12954,C,C,0.07079297,0.07660941,0.8525976
12955,C,A,0.83937526,0.046004135,0.114620626
12956,A,A,0.84590626,0.03813818,0.11595555
12957,B,C,0.24871148,0.3075032,0.44378534
12958,C,C,0.34441575,0.07568235,0.5799019
12959,C,A,0.49133888,0.15477222,0.35388884
12960,C,A,0.86341345,0.03610693,0.100479595
12961,A,A,0.83943564,0.030137528,0.13042687
12962,A,A,0.8889563,0.031275686,0.07976802
12963,C,C,0.27967405,0.065125585,0.65520036
12964,B,B,0.13968107,0.76404893,0.09626989
12965,B,B,0.021410942,0.78975993,0.18882912
12966,C,C,0.06706319,0.06616892,0.8667679
12967,A,A,0.8630512,0.08086515,0.056083675
12968,C,C,0.057437487,0.085044645,0.85751784
12969,C,C,0.031155339,0.027843548,0.9410011
12970,A,A,0.8740088,0.023310395,0.102680735
12971,C,C,0.36936724,0.07139927,0.55923355
12972,B,C,0.113859326,0.33375093,0.55238974
12973,B,B,0.18050814,0.77135754,0.04813433
12974,C,C,0.2472269,0.07459532,0.6781778
12975,C,C,0.052971303,0.12875405,0.8182746
12976,B,B,0.011924259,0.9457628,0.042312954
12977,A,A,0.4765877,0.4559354,0.06747691
12978,C,C,0.11907202,0.2567248,0.6242032
12979,A,A,0.8324257,0.023543812,0.14403051
12980,C,C,0.050681796,0.05158963,0.89772856
12981,A,A,0.63746786,0.05610402,0.3064281
12982,B,C,0.04576506,0.21238576,0.7418492
12983,C,C,0.14585373,0.07009382,0.7840525
12984,C,C,0.09262598,0.09768377,0.80969024
12985,B,A,0.6153171,0.11781298,0.26686993
12986,B,B,0.09349735,0.72219586,0.18430677
12987,B,B,0.08513754,0.8733395,0.041523024
12988,B,B,0.18543713,0.77263206,0.041930787
12989,A,A,0.5724254,0.16271974,0.26485485
12990,A,B,0.2319936,0.38751167,0.38049468
12991,A,C,0.26416337,0.08812027,0.64771634
12992,B,B,0.079702556,0.81654805,0.10374941
12993,B,B,0.016119163,0.9748013,0.009079507
12994,A,A,0.89058644,0.01786542,0.09154813
12995,C,C,0.02246091,0.013183566,0.9643556
12996,A,A,0.81357574,0.035137188,0.15128706
12997,A,A,0.90143585,0.034931768,0.06363238
12998,C,C,0.16067676,0.061090764,0.77823246
12999,C,A,0.52512825,0.099550426,0.37532127
13000,B,B,0.20660642,0.7135292,0.07986432
13001,C,C,0.10994163,0.019314332,0.87074405
13002,B,B,0.1254008,0.696373,0.1782262
13003,B,B,0.037466682,0.95460767,0.007925735
13004,C,C,0.22553317,0.023847444,0.75061935
13005,C,C,0.13236384,0.060314864,0.8073213
13006,C,C,0.056119878,0.03684274,0.9070374
13007,A,A,0.8764531,0.06327396,0.06027296
13008,A,B,0.13414225,0.82551163,0.040346146
13009,B,B,0.08564133,0.7893563,0.12500237
13010,B,B,0.05018809,0.84843683,0.10137504
13011,B,B,0.14333953,0.6692374,0.18742317
13012,B,B,0.28548688,0.6532635,0.061249644
13013,A,A,0.8665641,0.024207838,0.10922809
13014,C,C,0.29363284,0.08049603,0.6258711
13015,C,C,0.080476694,0.09279473,0.8267286
13016,B,A,0.37695536,0.3233437,0.29970098
13017,A,A,0.87088335,0.038226698,0.09088995
13018,A,A,0.9027751,0.043977965,0.05324697
13019,A,A,0.7957947,0.0689683,0.13523701
13020,B,B,0.04614369,0.8480813,0.10577501
13021,B,B,0.039400753,0.88056505,0.080034204
13022,C,B,0.0955533,0.5932597,0.31118697
13023,A,A,0.8156572,0.07366772,0.11067507
13024,B,B,0.12703496,0.49080497,0.38216
13025,B,B,0.15212159,0.6853414,0.16253698
13026,B,B,0.15228234,0.7274743,0.120243385
13027,C,C,0.055460017,0.14553195,0.799008
13028,A,A,0.8910913,0.041186377,0.06772225
13029,A,A,0.85399705,0.034250207,0.1117527
13030,C,C,0.18580471,0.09046563,0.72372967
13031,A,A,0.6423257,0.23923849,0.118435815
13032,C,C,0.24175692,0.07105362,0.6871895
13033,B,B,0.030927321,0.9008477,0.06822504
13034,B,B,0.073119804,0.84147865,0.085401624
13035,B,B,0.065295324,0.8673653,0.067339376
13036,B,B,0.31544945,0.57555753,0.10899304
13037,A,C,0.28019914,0.1741224,0.54567856
13038,C,C,0.3857478,0.07372772,0.5405245
13039,B,B,0.036891103,0.90316117,0.05994774
13040,A,A,0.8135544,0.077216715,0.10922897
13041,A,B,0.05547956,0.53240496,0.41211542
13042,B,B,0.15734906,0.79896694,0.04368393
13043,B,A,0.36059093,0.3384582,0.30095088
13044,B,B,0.025833348,0.8141543,0.16001229
13045,C,C,0.14708538,0.06828105,0.7846336
13046,A,A,0.85928416,0.070552945,0.0701629
13047,B,B,0.03428794,0.9104978,0.055214263
13048,B,C,0.23640631,0.10268116,0.6609125
13049,B,B,0.034029838,0.7443756,0.22159459
13050,C,C,0.082097,0.04757831,0.8703247
13051,B,B,0.017345285,0.9315466,0.051108036
13052,A,A,0.66280454,0.2541034,0.08309207
13053,C,C,0.20234954,0.03468759,0.76296294
13054,A,A,0.8091868,0.030810788,0.16000243
13055,A,A,0.8703181,0.037679788,0.09200207
13056,A,C,0.31081852,0.07648127,0.61270016
13057,C,C,0.35029384,0.056361116,0.593345
13058,B,B,0.44271603,0.48489407,0.072389975
13059,B,C,0.06834151,0.23827413,0.69338435
13060,B,B,0.04078224,0.90220684,0.057011
13061,A,C,0.4153396,0.06254296,0.52211744
13062,A,A,0.52936757,0.054894682,0.41573778
13063,B,B,0.02013072,0.9701717,0.009697507
13064,A,A,0.8832269,0.017559996,0.09921318
13065,B,B,0.26713693,0.673638,0.05922502
13066,C,C,0.19643746,0.06656469,0.73699784
13067,A,C,0.09785808,0.07683793,0.82530403
13068,C,C,0.35108322,0.060071204,0.58884555
13069,A,A,0.8644866,0.04683643,0.08867691
13070,C,C,0.04105572,0.044284906,0.9146594
13071,C,A,0.5586459,0.033798754,0.40755528
13072,B,B,0.084667355,0.83840436,0.07692835
13073,C,C,0.18702587,0.06021198,0.75276214
13074,A,A,0.78448576,0.02208463,0.19342965
13075,B,B,0.088443875,0.8690588,0.04249736
13076,A,A,0.9130316,0.027095614,0.05987279
13077,C,C,0.01445329,0.041269943,0.94427675
13078,B,B,0.045046736,0.59946334,0.35548988
13079,C,C,0.043876287,0.035674825,0.92044896
13080,A,C,0.20348717,0.26821914,0.52829367
13081,A,C,0.43561366,0.046890493,0.5174958
13082,C,C,0.09530887,0.046273,0.85841817
13083,C,A,0.8110257,0.074686795,0.11428756
13084,B,B,0.04684512,0.71206886,0.24108604
13085,C,C,0.4195411,0.07191239,0.5085465
13086,B,B,0.030113144,0.865131,0.104755856
13087,A,A,0.50708365,0.38178688,0.111129455
13088,A,A,0.72814506,0.036293883,0.23556107
13089,C,A,0.48611468,0.03803431,0.475851
13090,A,A,0.8884727,0.022249395,0.089277975
13091,B,A,0.6461178,0.20961857,0.14426361
13092,A,A,0.7156153,0.059493333,0.2248914
13093,A,A,0.7410458,0.061953608,0.19700064
13094,A,A,0.8065861,0.050111894,0.14330207
13095,B,B,0.26140186,0.5441927,0.19440548
13096,C,C,0.24677098,0.21612695,0.53710204
13097,B,B,0.19415557,0.6280368,0.17780761
13098,C,C,0.01914763,0.016486317,0.9643661
13099,A,A,0.6925651,0.060545072,0.2468898
13100,A,A,0.85331684,0.10316706,0.043516114
13101,A,A,0.8081216,0.14244413,0.04943424
13102,C,C,0.15656842,0.08293501,0.76049656
13103,C,C,0.14193669,0.33667177,0.5213915
13104,A,A,0.7358262,0.111355975,0.15281777
13105,A,A,0.780037,0.046954725,0.17300823
13106,B,B,0.05716719,0.73817766,0.20465511
13107,C,C,0.056935206,0.11826124,0.82480353
13108,B,B,0.030902285,0.86570215,0.10339549
13109,A,A,0.64888495,0.06007535,0.2910397
13110,A,A,0.8971127,0.028660526,0.07422672
13111,B,B,0.06883259,0.7171013,0.2140661
13112,A,A,0.83513063,0.03770836,0.12716107
13113,A,C,0.37566116,0.08681143,0.5375274
13114,C,C,0.0670287,0.11233191,0.82063943
13115,B,C,0.10595685,0.36790493,0.52613825
13116,A,A,0.5257504,0.081646845,0.39260277
13117,B,B,0.05845965,0.8057006,0.13583972
13118,B,C,0.29370013,0.15551503,0.5507848
13119,B,B,0.04439892,0.66309774,0.2925033
13120,B,B,0.098136745,0.7594736,0.1423896
13121,A,A,0.93693715,0.022244086,0.04081878
13122,A,A,0.89146245,0.0623352,0.04620247
13123,C,C,0.072701715,0.075453624,0.8518447
13124,C,C,0.07620966,0.017724633,0.9060657
13125,A,A,0.8437929,0.021117074,0.13509005
13126,C,C,0.04646371,0.047132954,0.90640336
13127,A,A,0.81346726,0.04146122,0.14507149
13128,A,A,0.940967,0.022468675,0.03656427
13129,A,C,0.27806792,0.06836688,0.65356517
13130,A,A,0.47057936,0.0776611,0.4517595
13131,B,B,0.17916027,0.6980907,0.12274903
13132,B,B,0.16771454,0.75754243,0.07474314
13133,C,A,0.6471954,0.04413426,0.30867028
13134,A,A,0.9117433,0.028837606,0.059419114
13135,C,C,0.08620637,0.016873352,0.89692026
13136,C,C,0.037172876,0.12462331,0.8382038
13137,C,C,0.39822045,0.05928795,0.5424916
13138,C,C,0.031956147,0.03489502,0.93314886
13139,C,C,0.017040603,0.019124469,0.96383494
13140,B,B,0.024668863,0.8849978,0.09033341
13141,C,C,0.17439407,0.13251549,0.69309044
13142,B,B,0.22502035,0.61553866,0.15944095
13143,A,A,0.7515625,0.21571265,0.032724943
13144,A,A,0.8262439,0.03545018,0.13830599
13145,A,B,0.11755112,0.8368723,0.045576617
13146,C,C,0.28954297,0.092783146,0.6176739
13147,C,C,0.07770264,0.11586152,0.80643576
13148,A,A,0.8496237,0.09790731,0.052469052
13149,C,C,0.019469764,0.24529335,0.7352369
13150,C,C,0.16467209,0.10051248,0.7348154
13151,A,A,0.5830598,0.08963585,0.32730442
13152,A,C,0.24406382,0.040339924,0.7155962
13153,C,C,0.058173373,0.053610418,0.8882162
13154,A,A,0.6825468,0.07512774,0.24232544
13155,C,C,0.06470476,0.034962147,0.9003331
13156,A,A,0.59273267,0.05840207,0.3488653
13157,C,C,0.14801691,0.082449995,0.7695331
13158,A,A,0.82007945,0.0150350295,0.1648855
13159,A,A,0.89395696,0.056007724,0.050035253
13160,B,B,0.22781508,0.47699583,0.29518908
13161,C,C,0.057377066,0.04011584,0.90250707
13162,B,C,0.124424525,0.19161808,0.6839574
13163,B,B,0.06857381,0.90385365,0.027572492
13164,C,C,0.3221131,0.06573549,0.6121515
13165,B,B,0.074031465,0.76601124,0.15995736
13166,A,A,0.5359996,0.069245584,0.3947548
13167,A,B,0.42777154,0.5305673,0.041661166
13168,B,B,0.042813987,0.84303534,0.114150666
13169,B,B,0.022119071,0.92791444,0.049966488
13170,B,B,0.076736525,0.48977542,0.433488
13171,A,A,0.6467643,0.049923286,0.30331248
13172,C,C,0.070889495,0.08542386,0.8436866
13173,A,A,0.9483576,0.021644233,0.029998217
13174,A,A,0.9420084,0.033965673,0.024025947
13175,B,B,0.041275542,0.9304559,0.028268596
13176,B,B,0.04146816,0.9023619,0.056169897
13177,C,A,0.4908245,0.059099425,0.45007604
13178,A,A,0.7927891,0.05244838,0.15476249
13179,B,B,0.10192042,0.54282737,0.35525215
13180,C,C,0.36629614,0.14533609,0.4883677
13181,B,B,0.034207713,0.54961413,0.4161781
13182,A,C,0.093080305,0.09263796,0.8142817
13183,B,B,0.07915198,0.8533342,0.067513816
13184,C,C,0.021538794,0.033580948,0.94488025
13185,A,A,0.8491383,0.027224684,0.123636976
13186,A,B,0.22368972,0.70912194,0.06718834
13187,B,B,0.060831048,0.89594084,0.04322815
13188,B,B,0.20300959,0.43009838,0.36689204
13189,A,B,0.20806795,0.7381518,0.0537802
13190,C,C,0.03393298,0.026716389,0.93935066
13191,A,B,0.14420399,0.5729282,0.28286788
13192,B,B,0.034592733,0.9436465,0.021760749
13193,C,C,0.05592717,0.046432056,0.89764076
13194,A,A,0.9568731,0.017522566,0.025604272
13195,A,A,0.7884643,0.051285412,0.16025032
13196,B,B,0.3709238,0.5637199,0.06535624
13197,C,C,0.21579787,0.10336797,0.6808342
13198,A,A,0.81429553,0.01834469,0.1673598
13199,C,C,0.19224991,0.10456137,0.7031887
13200,A,A,0.8666244,0.09598379,0.037391786
13201,B,B,0.05872378,0.89803207,0.043244142
13202,B,B,0.042327557,0.5145087,0.4431637
13203,A,A,0.78736264,0.049718305,0.16291901
13204,A,B,0.1087256,0.5531938,0.33808064
13205,A,A,0.9346344,0.0348978,0.030467778
13206,A,A,0.84071046,0.05492126,0.1043683
13207,C,C,0.104176104,0.034682244,0.8611416
13208,A,A,0.5836932,0.10776872,0.308538
13209,C,C,0.26525325,0.09999232,0.6347545
13210,C,C,0.12978373,0.044259273,0.82595706
13211,B,B,0.21831493,0.671606,0.110079095
13212,B,B,0.30358702,0.62465394,0.07175898
13213,A,A,0.9017341,0.041247502,0.05701837
13214,B,B,0.13994409,0.84042275,0.019633148
13215,B,B,0.056872338,0.66071844,0.28240922
13216,B,B,0.13003539,0.8161497,0.05381493
13217,A,C,0.3145587,0.041483104,0.6439581
13218,B,B,0.17369959,0.76666224,0.059638187
13219,A,A,0.9425468,0.022652911,0.03480021
13220,A,A,0.8452178,0.06582717,0.08895497
13221,A,A,0.90110683,0.029861901,0.06903125
13222,A,A,0.8369137,0.057863716,0.10522261
13223,A,A,0.8621893,0.06542336,0.072387345
13224,B,C,0.05474348,0.3280459,0.6172106
13225,C,C,0.14732681,0.043193147,0.8094801
13226,C,C,0.21209423,0.12608133,0.66182446
13227,A,A,0.59403574,0.08839079,0.31757346
13228,C,C,0.066696286,0.046156187,0.88714755
13229,C,C,0.44027418,0.072958745,0.48676702
13230,C,C,0.42808798,0.064446166,0.50746584
13231,B,B,0.3115811,0.64763355,0.040785305
13232,B,B,0.08096735,0.73639715,0.1826355
13233,B,B,0.03442466,0.8031672,0.16240816
13234,A,A,0.8937565,0.03473924,0.0715043
13235,B,C,0.052812345,0.22173318,0.72545445
13236,C,B,0.27454212,0.526674,0.19878392
13237,C,A,0.539568,0.092289284,0.36814266
13238,A,A,0.7633796,0.041779894,0.19484052
13239,A,A,0.8912693,0.02830852,0.08042216
13240,A,C,0.39297965,0.0697902,0.53723013
13241,C,C,0.14737421,0.11497146,0.7376543
13242,B,B,0.029324075,0.92427754,0.046398424
13243,B,B,0.012913703,0.95418894,0.032897297
13244,B,B,0.14779316,0.4865184,0.3656884
13245,B,B,0.02158476,0.7383597,0.2400555
13246,B,B,0.13146959,0.7812017,0.08732868
13247,A,B,0.15893427,0.68497133,0.15609442
13248,B,B,0.10727918,0.56452227,0.32819852
13249,B,B,0.047322255,0.7882052,0.16447249
13250,C,C,0.44184554,0.07857563,0.47957885
13251,C,C,0.05731228,0.22806138,0.7146263
13252,A,C,0.45679817,0.05835589,0.48484597
13253,C,C,0.14977747,0.068324246,0.78189826
13254,B,B,0.088151604,0.63885486,0.27299345
13255,A,A,0.7329382,0.032378387,0.23468341
13256,C,C,0.03908824,0.23712441,0.72378737
13257,C,A,0.740449,0.026841264,0.23270975
13258,C,C,0.078858115,0.03860082,0.8825411
13259,A,A,0.9034484,0.041017078,0.055534456
13260,B,B,0.08189522,0.7013678,0.21673696
13261,C,C,0.032353256,0.036262143,0.9313846
13262,C,C,0.09096662,0.10058966,0.8084437
13263,C,C,0.19271135,0.040703118,0.7665855
13264,B,C,0.18457136,0.2645902,0.5508385
13265,C,C,0.4213089,0.035866845,0.54282427
13266,B,B,0.013172571,0.9761234,0.01070417
13267,C,C,0.36252406,0.14253034,0.49494565
13268,B,C,0.34993583,0.2051747,0.44488958
13269,C,C,0.05372472,0.025963416,0.9203119
13270,B,B,0.027605778,0.8489655,0.12342866
13271,A,C,0.33783245,0.103348814,0.55881876
13272,A,A,0.5234638,0.073600285,0.4029359
13273,C,C,0.073848225,0.0915536,0.8345982
13274,B,A,0.6640461,0.27436444,0.06158945
13275,A,A,0.7046419,0.04660379,0.24875431
13276,A,C,0.42531314,0.067846954,0.5068399
13277,A,A,0.90098757,0.012615188,0.08639725
13278,B,B,0.07684737,0.79891396,0.12423868
13279,C,C,0.27340537,0.079607084,0.6469875
13280,A,A,0.92240363,0.02315983,0.054436527
13281,A,A,0.39211604,0.3582836,0.2496004
13282,B,B,0.09037776,0.74172497,0.16789727
13283,B,B,0.2615948,0.5541094,0.18429586
13284,C,C,0.42945322,0.040891826,0.5296549
13285,C,C,0.043921597,0.1314312,0.8246472
13286,C,C,0.045471247,0.055860896,0.8986679
13287,A,A,0.7509972,0.039311234,0.20969157
13288,B,C,0.07851877,0.3546971,0.56678414
13289,B,B,0.05098088,0.9316177,0.017401332
13290,C,C,0.08561418,0.07255254,0.8418333
13291,C,B,0.23527111,0.41052336,0.35420555
13292,C,A,0.77381104,0.07115835,0.15503058
13293,A,A,0.906156,0.023154927,0.07068905
13294,C,C,0.060942728,0.032564383,0.9064929
13295,A,A,0.68735904,0.04184261,0.2707984
13296,A,B,0.120176554,0.80349815,0.076325364
13297,C,C,0.2700768,0.12954873,0.60037446
13298,A,B,0.29667652,0.53752685,0.16579662
13299,C,C,0.32758838,0.25462392,0.4177877
13300,A,A,0.9634021,0.011095365,0.025502525
13301,A,A,0.9267951,0.028194947,0.04500994
13302,A,A,0.75807273,0.049950726,0.1919765
13303,C,C,0.09292767,0.23711881,0.6699535
13304,B,B,0.082666166,0.8893788,0.02795511
13305,B,C,0.10620228,0.27248856,0.62130916
13306,A,A,0.96199244,0.015839517,0.02216803
13307,B,B,0.034501746,0.87111163,0.09438664
13308,A,A,0.8555411,0.025227807,0.11923113
13309,A,A,0.74017596,0.03467598,0.22514811
13310,B,B,0.04270828,0.85285294,0.10443871
13311,C,C,0.068633586,0.0373619,0.8940045
13312,C,C,0.04606255,0.11040304,0.8435344
13313,B,A,0.59029835,0.31944352,0.09025806
13314,B,B,0.05143506,0.9089518,0.039613165
13315,A,A,0.7726476,0.07957791,0.14777444
13316,B,B,0.08165953,0.5683654,0.3499751
13317,C,C,0.06585339,0.054645788,0.87950087
13318,C,A,0.51301515,0.08298312,0.40400177
13319,C,C,0.055197395,0.08426679,0.8605358
13320,A,C,0.3534919,0.071990214,0.5745179
13321,A,A,0.8646923,0.03422735,0.10108035
13322,A,A,0.9022699,0.017641611,0.08008849
13323,B,B,0.030724067,0.7560333,0.21324264
13324,B,B,0.10965372,0.8444938,0.045852456
13325,A,A,0.92495626,0.030714074,0.04432958
13326,C,C,0.12143368,0.09742664,0.7811397
13327,B,B,0.0657518,0.8806723,0.053575896
13328,C,C,0.03668165,0.16539101,0.7979274
13329,A,C,0.103810996,0.32209757,0.5740915
13330,A,A,0.92726916,0.032619677,0.04011121
13331,C,C,0.09564076,0.084821835,0.8195374
13332,A,A,0.609576,0.34349304,0.046931
13333,B,B,0.18502663,0.7823324,0.032640867
13334,A,A,0.87233883,0.060401503,0.06725966
13335,B,B,0.19855544,0.72378516,0.07765944
13336,C,C,0.13831604,0.24554577,0.61613816
13337,C,C,0.17090696,0.1426487,0.68644434
13338,B,B,0.046008334,0.9112562,0.042735487
13339,B,B,0.023375874,0.90943015,0.06719397
13340,B,A,0.4484447,0.10861186,0.44294345
13341,B,A,0.4378488,0.31611112,0.24604005
13342,C,C,0.079622164,0.13228787,0.78809
13343,C,C,0.08233461,0.026975945,0.8906895
13344,A,A,0.8716414,0.02509667,0.10326198
13345,B,B,0.38122228,0.42175058,0.19702718
13346,C,C,0.21600538,0.17360148,0.61039317
13347,C,C,0.3544735,0.061328962,0.58419746
13348,B,B,0.06956386,0.791991,0.13844515
13349,B,B,0.035953414,0.86209106,0.10195554
13350,C,C,0.15719748,0.054620087,0.7881825
13351,C,C,0.076540716,0.10461498,0.8188443
13352,A,A,0.8180182,0.045586724,0.13639519
13353,C,C,0.02690296,0.45445758,0.5186395
13354,C,C,0.02570587,0.066843316,0.90745085
13355,B,B,0.006848038,0.9847643,0.008387769
13356,B,B,0.059424717,0.6098077,0.3307676
13357,A,A,0.9375327,0.020170817,0.042296425
13358,A,A,0.8799233,0.039411344,0.080665275
13359,C,C,0.35635266,0.045981213,0.5976661
13360,B,B,0.043640614,0.84432095,0.112038456
13361,A,A,0.7549856,0.075169295,0.1698451
13362,B,B,0.24936615,0.7013532,0.049280636
13363,C,C,0.22059913,0.32296318,0.45643774
13364,B,B,0.11579591,0.836044,0.04816013
13365,A,A,0.8041323,0.025138145,0.1707296
13366,C,C,0.07485166,0.029605947,0.8955424
13367,C,A,0.7056607,0.088397905,0.20594145
13368,B,B,0.08003186,0.887625,0.032343168
13369,A,A,0.59628385,0.16181475,0.2419014
13370,C,C,0.095534556,0.05929931,0.8451661
13371,C,C,0.15672575,0.1862963,0.6569779
13372,A,A,0.6056628,0.04251043,0.35182676
13373,C,C,0.18904257,0.06586749,0.74508995
13374,A,A,0.7064881,0.05912129,0.23439062
13375,A,A,0.85190654,0.01890708,0.1291864
13376,C,C,0.21398127,0.09328544,0.6927333
13377,A,A,0.9101992,0.03384441,0.05595635
13378,B,A,0.8242784,0.049684245,0.12603733
13379,C,C,0.02707594,0.054006916,0.9189171
13380,C,C,0.1513903,0.20889279,0.63971686
13381,A,A,0.9069284,0.05204937,0.041022237
13382,B,B,0.021496676,0.8612249,0.117278345
13383,B,B,0.148126,0.7155056,0.13636836
13384,A,A,0.9450691,0.025404783,0.0295261
13385,B,B,0.088059165,0.8632495,0.048691332
13386,C,C,0.1756999,0.074747756,0.74955237
13387,C,A,0.7164556,0.032257,0.25128737
13388,B,B,0.25169814,0.58988065,0.15842126
13389,A,A,0.77119094,0.11528579,0.113523215
13390,C,C,0.3279399,0.141669,0.53039116
13391,B,B,0.06825186,0.60806704,0.32368103
13392,B,B,0.15952295,0.62144566,0.21903136
13393,A,A,0.81048954,0.08247489,0.107035644
13394,B,C,0.06335318,0.26652795,0.67011887
13395,C,C,0.02124239,0.115356,0.8634016
13396,C,A,0.6979441,0.07185542,0.23020057
13397,A,A,0.93025595,0.029194271,0.040549863
13398,B,B,0.07502252,0.83021575,0.09476173
13399,A,A,0.808572,0.07496816,0.11645989
13400,A,A,0.92112356,0.027822679,0.05105376
13401,B,B,0.010077764,0.95838195,0.031540226
13402,C,C,0.21749003,0.19959576,0.5829142
13403,B,B,0.33118346,0.4044544,0.26436204
13404,B,B,0.09455586,0.83303034,0.072413735
13405,A,A,0.9362669,0.023571597,0.040161453
13406,A,A,0.96207976,0.011603248,0.026316913
13407,A,A,0.9575385,0.012717544,0.029743927
13408,B,B,0.19583285,0.68677855,0.1173886
13409,B,B,0.034559768,0.9324651,0.03297515
13410,C,C,0.13245648,0.12827775,0.73926574
13411,A,A,0.9553824,0.014298136,0.030319497
13412,C,A,0.52794033,0.059477534,0.41258216
13413,A,A,0.90071297,0.018750962,0.0805361
13414,A,A,0.9402646,0.022475272,0.037260104
13415,C,B,0.048961107,0.77855265,0.1724863
13416,B,B,0.07270203,0.74282193,0.18447603
13417,A,A,0.8457387,0.07532274,0.07893855
13418,A,A,0.9239474,0.028788574,0.047264017
13419,C,C,0.10507317,0.034741566,0.8601853
13420,A,A,0.76811695,0.056458887,0.17542417
13421,C,C,0.038788762,0.47814706,0.48306414
13422,A,A,0.87193733,0.04268326,0.0853794
13423,B,B,0.20780379,0.6377687,0.1544275
13424,C,C,0.050201353,0.23132814,0.7184705
13425,B,B,0.32762071,0.62372535,0.04865394
13426,C,C,0.083347104,0.077311106,0.8393418
13427,B,B,0.05551256,0.88288933,0.06159813
13428,A,A,0.8154391,0.030701505,0.15385942
13429,B,B,0.08549303,0.84409505,0.07041189
13430,A,A,0.79710495,0.019520901,0.18337415
13431,B,B,0.04631758,0.7318756,0.2218068
13432,B,C,0.33662108,0.30016142,0.3632175
13433,A,A,0.7159418,0.06851196,0.21554627
13434,B,B,0.15398431,0.5979027,0.24811299
13435,A,A,0.5114091,0.089006156,0.39958477
13436,C,C,0.1149319,0.07424011,0.810828
13437,C,C,0.031220108,0.21196234,0.7568175
13438,B,B,0.011546152,0.9327243,0.05572958
13439,A,A,0.8152126,0.02276199,0.16202535
13440,B,B,0.075871766,0.64524156,0.2788867
13441,B,B,0.078103006,0.7775212,0.14437582
13442,A,A,0.89159924,0.036085755,0.072314955
13443,C,C,0.16486582,0.10594615,0.729188
13444,C,C,0.08639677,0.07014251,0.8434607
13445,A,A,0.63835514,0.033249088,0.32839587
13446,B,B,0.068879314,0.5821993,0.34892145
13447,B,B,0.19256796,0.5247922,0.28263983
13448,B,C,0.25440973,0.092806794,0.6527836
13449,C,C,0.048173588,0.06372148,0.888105
13450,B,C,0.084925756,0.40111566,0.5139586
13451,B,C,0.26185325,0.3615345,0.37661225
13452,C,B,0.057451922,0.53347164,0.40907648
13453,A,A,0.8109155,0.03867527,0.15040915
13454,C,C,0.04639345,0.19185731,0.7617492
13455,A,A,0.8529269,0.025653295,0.12141983
13456,B,B,0.051866658,0.92406607,0.024067244
13457,C,C,0.13444263,0.069858916,0.79569846
13458,A,A,0.86056864,0.082757905,0.056673463
13459,A,A,0.76714313,0.067793295,0.16506356
13460,C,C,0.044014256,0.06903099,0.8869548
13461,C,C,0.019225946,0.045133397,0.9356407
13462,C,C,0.18821214,0.0977996,0.71398824
13463,C,C,0.13842621,0.26119405,0.6003797
13464,A,A,0.8919481,0.03420132,0.07385062
13465,C,C,0.08427862,0.15876201,0.7569594
13466,C,C,0.15121505,0.11304668,0.7357383
13467,B,A,0.59373665,0.34104404,0.06521935
13468,A,A,0.9115507,0.04270307,0.04574621
13469,A,A,0.49611706,0.054244787,0.44963816
13470,A,A,0.8074878,0.028347982,0.16416423
13471,B,A,0.62151825,0.21882153,0.15966016
13472,A,A,0.7005775,0.07420837,0.22521408
13473,B,B,0.03890893,0.94051117,0.020579858
13474,B,B,0.02756843,0.876802,0.09562955
13475,C,C,0.06760053,0.096937865,0.8354616
13476,B,B,0.12963808,0.6548853,0.21547662
13477,B,B,0.099733084,0.5812471,0.31901982
13478,C,C,0.23700458,0.061344363,0.7016511
13479,C,C,0.061628103,0.05828883,0.8800831
13480,A,A,0.7709409,0.113992736,0.11506632
13481,A,A,0.8543281,0.024089037,0.12158291
13482,C,C,0.16235928,0.07984745,0.7577933
13483,C,C,0.041202966,0.036509834,0.9222872
13484,C,C,0.06702332,0.063015915,0.8699608
13485,A,A,0.70174724,0.16246058,0.13579212
13486,A,A,0.8078095,0.025934795,0.16625573
13487,A,A,0.9428297,0.02580321,0.031367052
13488,A,A,0.72217584,0.052432742,0.22539143
13489,B,B,0.018640893,0.8498654,0.13149372
13490,B,B,0.09224438,0.69491196,0.21284369
13491,C,C,0.21332592,0.08123004,0.70544404
13492,C,C,0.07332663,0.31503424,0.6116392
13493,A,A,0.9294025,0.030034212,0.04056336
13494,C,C,0.17248349,0.0908655,0.736651
13495,A,A,0.72312,0.049281724,0.22759834
13496,C,C,0.10186551,0.053507313,0.84462726
13497,A,A,0.8395081,0.051031657,0.10946024
13498,A,A,0.9380862,0.029588792,0.03232496
13499,C,C,0.07608524,0.28172088,0.64219385
13500,C,C,0.074871436,0.06130178,0.86382675
13501,C,C,0.13723077,0.064042486,0.7987268
13502,C,A,0.6865188,0.08066083,0.23282039
13503,C,C,0.08127541,0.30289534,0.6158292
13504,B,B,0.08350397,0.8495459,0.066950135
13505,B,B,0.03571383,0.7248167,0.23946953
13506,B,B,0.14305666,0.6042142,0.2527291
13507,B,A,0.49549755,0.45714876,0.04735372
13508,B,B,0.010757178,0.9551756,0.03406724
13509,A,A,0.7179625,0.06802399,0.21401347
13510,C,C,0.06926725,0.05037732,0.88035536
13511,A,A,0.876986,0.062121086,0.06089289
13512,A,B,0.4212628,0.5151602,0.063576944
13513,A,A,0.8786525,0.07681044,0.04453709
13514,B,C,0.2985196,0.23579943,0.46568096
13515,B,B,0.1924695,0.78542876,0.022101747
13516,B,B,0.17152841,0.7195215,0.108950004
13517,C,C,0.023295078,0.067018844,0.909686
13518,C,C,0.27346915,0.06516588,0.661365
13519,B,C,0.10183817,0.21702701,0.6811348
13520,A,A,0.7036228,0.052606568,0.24377063
13521,A,A,0.8347073,0.044789366,0.12050339
13522,A,A,0.76611274,0.029413326,0.20447396
13523,A,A,0.8002015,0.025301244,0.17449725
13524,B,B,0.03457683,0.8971344,0.06828872
13525,A,A,0.6945177,0.051449776,0.25403255
13526,C,C,0.038896173,0.06694854,0.89415526
13527,A,A,0.9162067,0.03704538,0.04674791
13528,C,C,0.093606174,0.055152815,0.851241
13529,B,B,0.12415384,0.8586495,0.017196588
13530,B,C,0.060167026,0.21614112,0.7236919
13531,A,A,0.7181667,0.07962913,0.20220411
13532,C,C,0.25341707,0.046872593,0.6997103
13533,C,C,0.17876378,0.12374671,0.69748944
13534,A,A,0.73820573,0.05334062,0.20845363
13535,B,C,0.031348586,0.28594172,0.68270975
13536,C,C,0.021452563,0.031103853,0.9474436
13537,B,B,0.060929134,0.68370706,0.25536376
13538,A,A,0.8330492,0.08804666,0.07890412
13539,A,A,0.84609693,0.03587743,0.11802562
13540,A,A,0.9155135,0.051185276,0.03330118
13541,B,B,0.242854,0.53698367,0.22016233
13542,C,C,0.19481693,0.065951504,0.7392316
13543,A,A,0.5181611,0.039858997,0.44197986
13544,C,C,0.11365577,0.031019658,0.8553246
13545,C,C,0.02409714,0.028600622,0.9473023
13546,C,A,0.50425065,0.10239822,0.39335117
13547,C,C,0.02861655,0.16260263,0.8087808
13548,C,C,0.23989245,0.28178057,0.478327
13549,A,A,0.5989323,0.1094407,0.2916269
13550,A,A,0.8078859,0.062222034,0.12989202
13551,A,A,0.8862786,0.0562725,0.05744888
13552,A,A,0.76603514,0.060724832,0.17324007
13553,B,B,0.32139638,0.5951454,0.08345827
13554,B,B,0.23289126,0.58473766,0.18237102
13555,B,B,0.021654217,0.9560309,0.02231493
13556,B,B,0.032109052,0.83858347,0.12930745
13557,B,A,0.65123606,0.18971874,0.15904522
13558,B,B,0.060723018,0.6693228,0.26995417
13559,A,A,0.9164946,0.016854206,0.06665127
13560,C,C,0.094161235,0.06567805,0.84016067
13561,A,C,0.10208243,0.12001253,0.7779051
13562,A,A,0.69034815,0.040434778,0.26921707
13563,B,C,0.36016044,0.2427135,0.39712614
13564,B,B,0.07011329,0.80622554,0.12366124
13565,A,A,0.52145946,0.11311842,0.36542207
13566,C,C,0.12318367,0.09454303,0.78227335
13567,A,A,0.90418327,0.018918008,0.07689868
13568,A,A,0.81577104,0.034059275,0.15016964
13569,B,B,0.04241477,0.6671975,0.29038766
13570,B,B,0.02695554,0.7392699,0.23377454
13571,C,C,0.10078795,0.07313451,0.8260776
13572,C,C,0.1066612,0.2260703,0.6672685
13573,C,C,0.26333228,0.1223498,0.6143179
13574,C,C,0.18775842,0.08459653,0.72764504
13575,C,C,0.12375879,0.09811859,0.7781226
13576,C,C,0.123318374,0.038315173,0.8383664
13577,B,B,0.21168198,0.70728314,0.081034906
13578,A,A,0.84557813,0.050556727,0.1038651
13579,B,B,0.07050143,0.6885041,0.24099442
13580,A,A,0.6702103,0.03438102,0.29540873
13581,B,B,0.069716424,0.8023481,0.12793547
13582,A,A,0.67215914,0.047734898,0.28010592
13583,A,A,0.9340736,0.032411005,0.033515263
13584,A,A,0.9099953,0.035566214,0.05443846
13585,A,A,0.87197846,0.031181827,0.0968398
13586,A,A,0.7668913,0.08757647,0.14553227
13587,C,C,0.11958754,0.09662466,0.7837878
13588,C,B,0.048063274,0.89018416,0.061752554
13589,C,C,0.14103453,0.3646706,0.49429488
13590,C,C,0.0656207,0.048172466,0.88620687
13591,C,C,0.25272828,0.10749388,0.63977784
13592,C,C,0.12387352,0.091377094,0.78474945
13593,A,A,0.88286924,0.037822433,0.07930824
13594,C,C,0.13189656,0.2118357,0.65626776
13595,C,C,0.031240443,0.16254215,0.8062174
13596,B,A,0.43656877,0.42384642,0.1395848
13597,C,C,0.21047084,0.06085593,0.72867316
13598,A,A,0.5050821,0.4663167,0.028601225
13599,C,A,0.4858707,0.088460475,0.42566884
13600,A,C,0.31628966,0.089313835,0.5943965
13601,C,C,0.44138223,0.07574041,0.48287734
13602,A,A,0.68104064,0.14908838,0.16987091
13603,B,B,0.14671093,0.69506305,0.15822598
13604,B,B,0.03403203,0.8914644,0.0745035
13605,C,A,0.6442783,0.044252332,0.3114694
13606,C,C,0.41919363,0.102393754,0.4784126
13607,B,B,0.04554093,0.71961606,0.23484308
13608,C,C,0.23820947,0.06838323,0.6934073
13609,C,C,0.019151814,0.019207863,0.96164036
13610,A,A,0.927839,0.01690535,0.05525564
13611,C,C,0.046205863,0.022411164,0.931383
13612,B,B,0.065212324,0.91570145,0.019086212
13613,A,A,0.90606713,0.016151052,0.07778179
13614,A,A,0.9397812,0.017449144,0.042769704
13615,A,A,0.8147315,0.100768425,0.084500074
13616,A,A,0.7931861,0.0955237,0.11129024
13617,B,C,0.1141976,0.4344033,0.45139906
13618,B,B,0.06609593,0.7955312,0.13837288
13619,A,A,0.5573019,0.36042535,0.08227274
13620,A,B,0.43475738,0.47016647,0.0950761
13621,B,B,0.026933154,0.94250435,0.030562544
13622,C,C,0.16026525,0.040838897,0.7988959
13623,B,B,0.207768,0.69050306,0.10172895
13624,A,A,0.5859086,0.25328165,0.16080981
13625,A,A,0.6108931,0.06247618,0.3266307
13626,B,C,0.15136397,0.38506442,0.4635717
13627,B,B,0.25297385,0.63766676,0.10935929
13628,C,C,0.23211491,0.07379406,0.694091
13629,A,A,0.790763,0.036493164,0.17274384
13630,B,B,0.0725915,0.7536412,0.17376742
13631,B,B,0.07129979,0.82915413,0.099546045
13632,B,B,0.073307835,0.91218853,0.014503598
13633,C,C,0.0787495,0.035104606,0.8861459
13634,C,C,0.049597092,0.05565132,0.89475155
13635,B,B,0.15285307,0.7951486,0.051998228
13636,A,A,0.9388351,0.011633012,0.04953193
13637,A,A,0.96331805,0.008462295,0.028219653
13638,A,A,0.8602218,0.03404808,0.10573011
13639,A,A,0.65476596,0.11557027,0.22966373
13640,A,A,0.85788125,0.039114606,0.1030042
13641,C,C,0.18325157,0.054970097,0.7617783
13642,A,A,0.92021304,0.027987948,0.05179901
13643,B,B,0.2880037,0.61304027,0.09895603
13644,B,B,0.17284957,0.6450415,0.182109
13645,B,A,0.47558168,0.15128013,0.37313816
13646,C,C,0.13984126,0.11154089,0.7486178
13647,C,C,0.065190874,0.050802223,0.88400686
13648,B,B,0.16169587,0.5118529,0.32645124
13649,B,B,0.056204617,0.5254254,0.41837007
13650,C,C,0.030373102,0.08146039,0.8881665
13651,A,A,0.8154879,0.1511537,0.033358354
13652,B,B,0.18932974,0.5636163,0.24705397
13653,C,C,0.26587626,0.05076851,0.6833553
13654,C,C,0.07569786,0.048930958,0.8753712
13655,A,B,0.019700067,0.92468286,0.0556171
13656,C,C,0.16417886,0.3616801,0.474141
13657,C,A,0.6276362,0.070569925,0.30179393
13658,A,A,0.5887771,0.102886945,0.3083359
13659,C,C,0.0679416,0.15629123,0.7757672
13660,A,A,0.73834443,0.052735955,0.20891963
13661,A,A,0.8360605,0.025363129,0.13857631
13662,C,C,0.13535857,0.101030245,0.7636112
13663,C,C,0.101386875,0.115794554,0.7828185
13664,C,C,0.041231673,0.067143925,0.8916244
13665,A,A,0.76769334,0.06487679,0.16742982
13666,B,B,0.057741858,0.8117965,0.13046165
13667,B,B,0.40203315,0.5205793,0.07738761
13668,C,C,0.47355923,0.038403302,0.4880375
13669,B,B,0.07481208,0.8295538,0.095634155
13670,B,B,0.017693428,0.58378977,0.39851683
13671,A,A,0.8838377,0.037986286,0.07817609
13672,A,A,0.48490548,0.039215345,0.47587916
13673,B,C,0.024068255,0.40473932,0.57119244
13674,B,B,0.114620745,0.6108717,0.27450767
13675,B,B,0.03911298,0.9406639,0.02022311
13676,A,C,0.30288213,0.10495216,0.59216565
13677,B,B,0.016990378,0.8912554,0.09175421
13678,C,C,0.1295566,0.060157344,0.81028605
13679,C,C,0.41063052,0.05132833,0.53804123
13680,B,B,0.090384714,0.8211395,0.088475764
13681,C,C,0.06751231,0.068837285,0.86365044
13682,A,A,0.92025506,0.029904528,0.0498405
13683,B,B,0.14644861,0.44481006,0.40874135
13684,C,C,0.06920596,0.13424002,0.7965541
13685,A,C,0.38557842,0.07405026,0.54037136
13686,C,C,0.28640687,0.12833501,0.5852581
13687,B,C,0.07842207,0.2515305,0.67004746
13688,B,B,0.11852478,0.6556106,0.22586465
13689,B,B,0.18286274,0.6272259,0.1899114
13690,B,B,0.046069756,0.93968725,0.01424296
13691,C,C,0.04292974,0.06011681,0.8969534
13692,B,B,0.2338376,0.6007764,0.16538604
13693,B,B,0.08192586,0.8876299,0.030444205
13694,A,A,0.90193164,0.030197166,0.067871295
13695,A,A,0.6681302,0.05866893,0.27320087
13696,B,C,0.2347885,0.37305903,0.39215252
13697,A,A,0.97152877,0.011908658,0.016562462
13698,C,C,0.06643894,0.062055517,0.87150556
13699,C,C,0.43537515,0.04268924,0.5219356
13700,C,C,0.3067099,0.0596617,0.6336284
13701,C,C,0.0674481,0.04286748,0.8896844
13702,B,C,0.07758604,0.37358564,0.5488283
13703,C,A,0.62158376,0.03963106,0.33878514
13704,B,B,0.049790613,0.8501681,0.10004129
13705,B,B,0.39750656,0.52464503,0.07784836
13706,B,B,0.057702154,0.70241517,0.23988271
13707,A,A,0.76715463,0.024170345,0.20867498
13708,A,A,0.7824504,0.047081687,0.170468
13709,C,C,0.047237344,0.047408253,0.9053544
13710,C,C,0.16373649,0.08583723,0.7504263
13711,B,B,0.13811246,0.78940344,0.0724842
13712,B,C,0.28175586,0.21937945,0.49886468
13713,A,A,0.8791463,0.076328956,0.04452481
13714,A,A,0.91237766,0.06460663,0.023015736
13715,C,C,0.08793746,0.10433231,0.80773026
13716,C,C,0.06161644,0.059865575,0.878518
13717,B,C,0.13945909,0.3362455,0.52429545
13718,A,A,0.8834369,0.03643228,0.08013086
13719,B,B,0.039427727,0.85545665,0.10511559
13720,C,C,0.09010904,0.057546612,0.8523444
13721,A,C,0.35104698,0.24382603,0.405127
13722,B,C,0.059333812,0.16579929,0.7748669
13723,C,C,0.14846072,0.170874,0.6806653
13724,C,C,0.052027516,0.087430224,0.86054224
13725,B,B,0.029596224,0.88205993,0.0883439
13726,C,C,0.073394604,0.042599637,0.8840057
13727,A,A,0.9312989,0.033354476,0.03534662
13728,B,B,0.017952887,0.87358904,0.10845814
13729,B,B,0.10094322,0.81918633,0.079870485
13730,B,B,0.14176737,0.7126191,0.14561352
13731,A,A,0.92598385,0.023633188,0.050383016
13732,A,A,0.77816105,0.043592658,0.17824624
13733,B,C,0.28474566,0.32121995,0.39403442
13734,C,C,0.17524853,0.08033808,0.7444134
13735,A,A,0.9225184,0.04812586,0.02935581
13736,C,C,0.13298106,0.06798254,0.79903644
13737,B,B,0.05273717,0.7943501,0.15291274
13738,A,A,0.93056756,0.024115687,0.045316678
13739,A,A,0.8803205,0.05320214,0.066477425
13740,B,B,0.04467277,0.9282042,0.027123151
13741,A,A,0.769972,0.034555353,0.19547263
13742,A,A,0.67097086,0.099678025,0.22935106
13743,B,B,0.03344261,0.7728412,0.19371621
13744,C,C,0.08981574,0.028100405,0.8820839
13745,A,A,0.5564514,0.13471457,0.30883408
13746,B,B,0.30685934,0.62329006,0.06985064
13747,B,B,0.08265239,0.87765795,0.039689727
13748,B,B,0.018415244,0.9528699,0.028714884
13749,B,B,0.041259248,0.8808308,0.07791
13750,C,C,0.068928316,0.09415877,0.836913
13751,B,B,0.09221127,0.88809747,0.019691328
13752,C,A,0.76679075,0.062245186,0.17096403
13753,B,B,0.16263087,0.6605173,0.17685187
13754,C,C,0.084830195,0.118552186,0.7966176
13755,A,A,0.7845818,0.0635831,0.15183516
13756,B,B,0.07842475,0.8450906,0.076484635
13757,C,C,0.19293368,0.21083534,0.59623104
13758,A,A,0.65276533,0.17775421,0.16948035
13759,A,A,0.9170205,0.03797985,0.044999734
13760,C,B,0.11549828,0.6097692,0.27473253
13761,B,B,0.25599054,0.62843716,0.11557232
13762,C,C,0.055065136,0.07917473,0.86576015
13763,A,A,0.60289687,0.31207243,0.08503074
13764,B,B,0.12542394,0.81544894,0.059127145
13765,C,C,0.4102349,0.06990588,0.5198592
13766,C,C,0.10489082,0.039401874,0.8557073
13767,B,B,0.07264556,0.7088559,0.21849859
13768,B,B,0.3278154,0.58656275,0.085621834
13769,A,C,0.1848469,0.22036357,0.59478956
13770,A,A,0.81241953,0.09771546,0.089865044
13771,B,B,0.26406404,0.57302314,0.16291279
13772,C,C,0.025495458,0.18341485,0.7910897
13773,B,B,0.035782438,0.7912729,0.17294472
13774,A,A,0.8693399,0.029173398,0.101486705
13775,A,A,0.7942879,0.05031591,0.15539621
13776,B,B,0.044566873,0.93069243,0.024740802
13777,B,A,0.37398732,0.35358644,0.27242628
13778,C,C,0.17864935,0.13045374,0.6908969
13779,B,B,0.13847403,0.6185037,0.24302225
13780,C,C,0.13367127,0.046178203,0.82015055
13781,B,B,0.26373833,0.4717944,0.26446727
13782,C,C,0.13433056,0.081312686,0.7843568
13783,C,C,0.19363779,0.056883454,0.7494787
13784,C,C,0.32117698,0.05394648,0.6248765
13785,A,A,0.8728454,0.0139492,0.11320537
13786,C,C,0.06700032,0.15594538,0.7770543
13787,C,C,0.020615155,0.13264415,0.8467407
13788,C,C,0.05113112,0.022260923,0.92660797
13789,A,A,0.8482077,0.060397632,0.09139465
13790,C,C,0.024104763,0.10137644,0.87451875
13791,C,A,0.4729631,0.066567615,0.46046922
13792,C,C,0.040310036,0.05656281,0.90312713
13793,A,C,0.30525956,0.10324416,0.5914962
13794,A,A,0.8387307,0.022010893,0.13925843
13795,B,B,0.14328527,0.53114665,0.32556805
13796,B,A,0.8593834,0.06394604,0.07667051
13797,A,A,0.62210184,0.039186165,0.338712
13798,B,C,0.04256726,0.14101236,0.81642044
13799,A,A,0.47247225,0.12970982,0.3978179
13800,C,C,0.06284555,0.1232175,0.8139369
13801,B,B,0.06524395,0.5169331,0.4178229
13802,B,B,0.043316714,0.6668029,0.2898804
13803,A,A,0.91751844,0.03726742,0.0452142
13804,C,C,0.1735416,0.17329569,0.6531627
13805,C,C,0.020502906,0.028925108,0.950572
13806,C,B,0.34546274,0.56522804,0.08930926
13807,A,A,0.92431766,0.013236956,0.062445387
13808,C,A,0.61087316,0.07419584,0.31493104
13809,A,C,0.37442273,0.10135159,0.5242256
13810,B,C,0.05560997,0.37779984,0.56659025
13811,C,C,0.28196263,0.19834338,0.519694
13812,B,B,0.04064138,0.93596625,0.023392305
13813,C,C,0.03479394,0.038128756,0.9270773
13814,A,A,0.7850897,0.038908795,0.1760015
13815,B,B,0.029685106,0.9189219,0.051392972
13816,B,A,0.52470934,0.30205464,0.17323597
13817,C,A,0.4989567,0.14080064,0.36024266
13818,C,C,0.352413,0.07276286,0.57482415
13819,A,A,0.5555228,0.06812317,0.37635404
13820,B,B,0.067764744,0.8993532,0.032882106
13821,A,A,0.69278437,0.22245112,0.08476458
13822,A,B,0.17981142,0.5915879,0.2286007
13823,B,B,0.01627777,0.87921125,0.10451103
13824,C,C,0.08386706,0.029205423,0.8869275
13825,B,A,0.7039917,0.19408871,0.101919614
13826,A,A,0.7483069,0.052742217,0.19895096
13827,C,C,0.44761682,0.08241544,0.46996778
13828,C,A,0.6654276,0.047932085,0.28664035
13829,A,A,0.80138075,0.09071901,0.10790016
13830,B,B,0.34075898,0.60386527,0.055375725
13831,A,A,0.85921067,0.06981821,0.070971124
13832,A,A,0.97431517,0.01252147,0.013163281
13833,C,C,0.2788836,0.051086005,0.6700304
13834,C,C,0.3352247,0.065104626,0.5996707
13835,C,C,0.08879539,0.03216404,0.87904054
13836,B,A,0.51761943,0.3968652,0.08551537
13837,B,B,0.016272016,0.9681852,0.015542829
13838,B,B,0.08917444,0.6579773,0.2528483
13839,B,B,0.030196896,0.871652,0.098151095
13840,C,A,0.50090677,0.09515312,0.40394017
13841,B,B,0.24363577,0.5810518,0.17531243
13842,B,B,0.028421577,0.87811124,0.09346716
13843,B,B,0.04382276,0.8210426,0.13513462
13844,A,B,0.1883534,0.77457726,0.037069384
13845,A,A,0.59008276,0.14650543,0.26341185
13846,C,A,0.4864987,0.04370236,0.46979892
13847,C,C,0.096767396,0.05636888,0.84686375
13848,A,A,0.85263354,0.049303815,0.09806262
13849,A,C,0.44103667,0.06328932,0.49567398
13850,C,A,0.5351884,0.08681546,0.37799615
13851,A,A,0.93569285,0.013509384,0.050797787
13852,C,C,0.09324816,0.035955194,0.8707967
13853,B,B,0.27209446,0.6045677,0.12333789
13854,A,A,0.68321353,0.1187279,0.1980585
13855,A,A,0.83089715,0.037047833,0.13205504
13856,B,B,0.034461148,0.73593783,0.22960106
